sample_id,site_id,site_name,latitude,longitude,date,datetime_utc,enterococcus,ent_modifier,tide,unsafe
baccff0c-016f-4be9-aaa2-602e12b820e6,1195,North Oʻahu: Kahaone Place,21.58323,-158.1247,2026-09-06,2026-09-06T19:10:00.000Z,85,=,incoming,0
f60244e6-3c6f-4357-aa20-61a278577347,859,South Oʻahu: Magic Island Canoe Launch,21.28777,-157.844116,2026-09-06,2026-09-06T19:10:00.000Z,4611,=,incoming,1
d7ac771c-10eb-4761-a222-7ed87f5d5d6c,858,South Oʻahu: Magic Island Bowls,21.282953,-157.845657,2026-09-06,2026-09-06T19:00:00.000Z,327,=,incoming,1
3a827787-cee0-4294-8189-a9c8e9245e6b,979,East Oʻahu: Hakipuʻu Boat Ramp,21.506487,-157.85131,2026-09-06,2026-09-06T18:59:00.000Z,19863,=,incoming,1
ecb8b575-bcfd-4f9c-b8d8-1a2c128e29df,1197,North Oʻahu: Kaiaka Bay,21.5902778,-158.1191667,2026-09-06,2026-09-06T18:50:00.000Z,20,=,incoming,0
71536b0f-060e-4125-925d-3cc50767d7b3,1165,South Oʻahu: Wailupe Beach Park,21.27607,-157.76163,2026-09-06,2026-09-06T18:40:00.000Z,31,=,incoming,0
431a0fb5-a5cf-431a-a14d-71be73ff95fb,862,South Oʻahu: Kuliʻouʻou Stream,21.28369,-157.721654,2026-09-06,2026-09-06T18:05:00.000Z,24196,>,incoming,1
11d28250-2e4d-449e-a8b2-c937e99addf0,780,North Oʻahu: Pūpūkea tidepools,21.649846,-158.062988,2026-09-06,2026-09-06T18:00:00.000Z,98,=,incoming,0
1fdcbdae-eca8-4193-b12a-c9c845f6b1b2,9163,South Oʻahu: Hui Nalu Canoe Launch,21.28457,-157.71864,2026-09-06,2026-09-06T17:55:00.000Z,488,=,incoming,1
63221725-f3ef-47d8-8112-bed87e4690e9,9165,South Oʻahu: Kaimana Beach,21.26483,-157.82168,2026-09-06,2026-09-06T17:50:00.000Z,10,<,incoming,0
8fb98837-2a89-4bc8-a44f-5120a34a7257,9164,South Oʻahu: Makalei Beach Park,21.25779,-157.81696,2026-09-06,2026-09-06T17:38:00.000Z,10,<,incoming,0
483e53a9-ead9-4df7-b733-bda78dbe4aee,779,North Oʻahu: Chocolates,21.59493,-158.103673,2026-09-06,2026-09-06T17:30:00.000Z,213,=,incoming,1
5cd0965b-db92-46ad-a094-c11aa7cddb79,8894,East Oʻahu: Kailua Beach Park,21.397806,-157.726,2026-09-06,2026-09-06T17:00:00.000Z,20,=,incoming,0
529b44a0-ddd7-4c13-96fc-8213b09170f4,9083,East Oʻahu: Waimanalo Stream ,21.364982,-157.7102746,2026-09-06,2026-09-06T17:00:00.000Z,3076,=,incoming,1
fcf19fbb-bbe3-4825-817e-081d25870782,9220,North Oʻahu: Paumalū (Sunset Beach),21.664444,-158.051944,2026-09-06,2026-09-06T17:00:00.000Z,10,<,incoming,0
7491d271-419a-4c23-a726-48a1f109bef5,991,East Oʻahu: Kaimalino,21.425185,-157.740142,2026-09-06,2026-09-06T16:30:00.000Z,86,=,outgoing,0
8eb46d76-6a18-465a-ba6b-a69903bd37f5,1196,East Oʻahu: Heʻeia Stream,21.44035,-157.809708,2026-09-06,2026-09-06T16:30:00.000Z,441,=,incoming,1
13d4fd1e-4c92-4529-8485-d28ee774009b,777,East Oʻahu: Kahaluʻu Beach,21.46011,-157.839571,2026-09-06,2026-09-06T16:25:00.000Z,17329,=,incoming,1
afca7bfe-c57e-4ab8-809b-04019e0a91d0,906,East Oʻahu: South Kaneohe Bay,21.4259,-157.7656,2026-09-06,2026-09-06T16:15:00.000Z,959,=,incoming,1
40f87037-ceaf-4186-8a8d-10fdee7b3538,8924,West Oʻahu: Kaupuni Stream,21.4487068,-158.1897632,2026-09-01,2026-09-02T01:45:00.000Z,389,=,incoming,1
64ef2638-f53e-40db-a01e-e84cf2633049,9182,West Oʻahu: Ulehawa Canal,21.39236,-158.15714,2026-09-01,2026-09-01T15:45:00.000Z,364,=,outgoing,1
4475715b-7ce5-4a3a-8a23-fb0add6237bf,8916,West Oʻahu: Pōkaʻi Bay- Inside,21.4415602,-158.1907114,2026-09-01,2026-09-01T14:25:00.000Z,10,=,incoming,0
b2211d24-6811-4606-a652-dfd05c813c05,9016,West Oʻahu: Pililāʻau,21.448217,-158.192928,2026-09-01,2026-09-01T14:15:00.000Z,203,=,incoming,1
0051c01a-9df0-4423-9873-4a3587218559,9045,East Oʻahu: Punaluʻu Stream Beach (Chings),21.579,-157.885,2026-08-23,2026-08-23T19:00:00.000Z,591,=,outgoing,1
da2f2539-f96c-4b8b-a235-d72a81e74816,9046,East Oʻahu: Mākao,21.607,-157.906,2026-08-23,2026-08-23T19:00:00.000Z,10,<,outgoing,0
066665b3-ba29-473e-a922-3d4b296eefd6,9213,East Oʻahu: Kahana Stream,21.556,-157.869,2026-08-23,2026-08-23T19:00:00.000Z,448,=,outgoing,1
b8aa672e-e5d2-4806-a184-a64e1405b498,858,South Oʻahu: Magic Island Bowls,21.282953,-157.845657,2026-08-23,2026-08-23T19:00:00.000Z,738,=,incoming,1
4fa6d5d0-dcf7-487f-9937-f27cf6ba076d,859,South Oʻahu: Magic Island Canoe Launch,21.28777,-157.844116,2026-08-23,2026-08-23T18:45:00.000Z,563,=,incoming,1
f8dab44b-6dc4-4909-9b49-9eccc45acffc,9083,East Oʻahu: Waimanalo Stream ,21.364982,-157.7102746,2026-08-23,2026-08-23T18:40:00.000Z,1576,=,incoming,1
1269aced-39cf-4d6e-8113-cf85c9a62df2,1165,South Oʻahu: Wailupe Beach Park,21.27607,-157.76163,2026-08-23,2026-08-23T18:40:00.000Z,72,=,incoming,0
40290657-cd34-4135-92cc-8527f8756d62,1195,North Oʻahu: Kahaone Place,21.58323,-158.1247,2026-08-23,2026-08-23T18:40:00.000Z,256,=,outgoing,1
52b4564a-9ae6-4fb1-9fcd-9319888c026c,1197,North Oʻahu: Kaiaka Bay,21.5902778,-158.1191667,2026-08-23,2026-08-23T18:20:00.000Z,10,<,outgoing,0
e39fde20-7df2-46d1-9f71-97960aeb1d88,862,South Oʻahu: Kuliʻouʻou Stream,21.28369,-157.721654,2026-08-23,2026-08-23T18:15:00.000Z,5475,=,incoming,1
c606f166-8ba8-46ba-9594-53a2e8f4cf44,779,North Oʻahu: Chocolates,21.59493,-158.103673,2026-08-23,2026-08-23T18:10:00.000Z,359,=,outgoing,1
d0380184-f79c-4c4d-a415-16e266d87877,9165,South Oʻahu: Kaimana Beach,21.26483,-157.82168,2026-08-23,2026-08-23T18:00:00.000Z,10,<,incoming,0
609236e1-4226-4803-8b38-4a5878879de9,780,North Oʻahu: Pūpūkea tidepools,21.649846,-158.062988,2026-08-23,2026-08-23T17:55:00.000Z,581,=,outgoing,1
ac104ab8-0d35-44d3-980c-bb56b65475f7,9163,South Oʻahu: Hui Nalu Canoe Launch,21.28457,-157.71864,2026-08-23,2026-08-23T17:55:00.000Z,41,=,incoming,0
31435f87-9dfd-43fd-b6f1-9c89a2d1556e,9164,South Oʻahu: Makalei Beach Park,21.25779,-157.81696,2026-08-23,2026-08-23T17:50:00.000Z,10,<,incoming,0
7a19814c-5b62-4e30-a52b-f19106254ac8,9220,North Oʻahu: Paumalū (Sunset Beach),21.664444,-158.051944,2026-08-23,2026-08-23T17:20:00.000Z,173,=,incoming,1
ebbf975b-b3be-4f1e-8eda-374a78981afa,8894,East Oʻahu: Kailua Beach Park,21.397806,-157.726,2026-08-23,2026-08-23T17:00:00.000Z,31,=,incoming,0
e6869b65-cdb4-4141-82f4-749eacb9c4de,1196,East Oʻahu: Heʻeia Stream,21.44035,-157.809708,2026-08-23,2026-08-23T16:30:00.000Z,231,=,incoming,1
798a683d-bf33-482d-9d2b-b04649a8fb8d,777,East Oʻahu: Kahaluʻu Beach,21.46011,-157.839571,2026-08-23,2026-08-23T16:23:00.000Z,2481,=,outgoing,1
3bde878a-ed00-4795-8188-13442b85d13b,991,East Oʻahu: Kaimalino,21.425185,-157.740142,2026-08-23,2026-08-23T16:18:00.000Z,20,=,incoming,0
16a13940-19f6-4568-b069-0026c668a766,906,East Oʻahu: South Kaneohe Bay,21.4259,-157.7656,2026-08-23,2026-08-23T16:00:00.000Z,52,=,outgoing,0
f2d9afc5-8bf8-4cb0-b398-03c9cd2356ea,862,South Oʻahu: Kuliʻouʻou Stream,21.28369,-157.721654,2026-08-09,2026-08-09T19:10:00.000Z,3873,=,incoming,1
ca133da6-515d-4a54-8272-d79a18640e10,991,East Oʻahu: Kaimalino,21.425185,-157.740142,2026-08-09,2026-08-09T19:00:00.000Z,10,=,incoming,0
38401ae9-00b7-411e-ae52-3ee640093292,858,South Oʻahu: Magic Island Bowls,21.282953,-157.845657,2026-08-09,2026-08-09T18:45:00.000Z,10,=,incoming,0
5a4100d3-d847-4959-bd60-e269d9054b6b,979,East Oʻahu: Hakipuʻu Boat Ramp,21.506487,-157.85131,2026-08-09,2026-08-09T18:40:00.000Z,185,=,incoming,1
dd2a9154-cbb6-40a4-ba08-df2eb2bb1d14,779,North Oʻahu: Chocolates,21.59493,-158.103673,2026-08-09,2026-08-09T18:40:00.000Z,279,=,incoming,1
088a3f87-b1ea-43ab-807f-e1800beab437,1165,South Oʻahu: Wailupe Beach Park,21.27607,-157.76163,2026-08-09,2026-08-09T18:40:00.000Z,984,=,incoming,1
7f5bc9ee-6e61-4f08-90fd-3313c881dcae,9083,East Oʻahu: Waimanalo Stream ,21.364982,-157.7102746,2026-08-09,2026-08-09T18:33:00.000Z,311,=,incoming,1
2d9b2604-0386-4b0b-8914-3bd947c0e8ad,859,South Oʻahu: Magic Island Canoe Launch,21.28777,-157.844116,2026-08-09,2026-08-09T18:30:00.000Z,63,=,incoming,0
d9955a0f-3b8e-4a35-ba08-8203c55cef29,780,North Oʻahu: Pūpūkea tidepools,21.649846,-158.062988,2026-08-09,2026-08-09T18:20:00.000Z,41,=,incoming,0
0fdd40b8-bb23-4ff4-b1e6-1593aaaa6be6,9163,South Oʻahu: Hui Nalu Canoe Launch,21.28457,-157.71864,2026-08-09,2026-08-09T17:43:00.000Z,10,=,incoming,0
3554b785-052b-47f4-b766-b8b3ccba2cf4,9165,South Oʻahu: Kaimana Beach,21.26483,-157.82168,2026-08-09,2026-08-09T17:25:00.000Z,10,<,incoming,0
5c0e90b8-50b5-47a2-b625-8becc9b245f0,9164,South Oʻahu: Makalei Beach Park,21.25779,-157.81696,2026-08-09,2026-08-09T17:23:00.000Z,41,=,incoming,0
151ba692-5496-4866-bd2e-d3cd6b98f148,8894,East Oʻahu: Kailua Beach Park,21.397806,-157.726,2026-08-09,2026-08-09T17:00:00.000Z,10,=,incoming,0
7ada1fb2-1b9b-43a2-83b2-6af3b21f0e90,1196,East Oʻahu: Heʻeia Stream,21.44035,-157.809708,2026-08-09,2026-08-09T16:30:00.000Z,95,=,incoming,0
ece3686f-2ace-4463-8b31-eebc13f43562,777,East Oʻahu: Kahaluʻu Beach,21.46011,-157.839571,2026-08-09,2026-08-09T16:22:00.000Z,1430,=,incoming,1
143a21e9-c799-49da-a7ca-a2ac760c6853,1195,North Oʻahu: Kahaone Place,21.58323,-158.1247,2026-08-09,2026-08-09T16:00:00.000Z,428,=,incoming,1
17f85eec-70bf-4bdc-bd1f-6a1967b2668c,906,East Oʻahu: South Kaneohe Bay,21.4259,-157.7656,2026-08-09,2026-08-09T15:48:00.000Z,108,=,outgoing,0
fd7353fe-4292-454b-b94e-f2b97af8646e,9045,East Oʻahu: Punaluʻu Stream Beach (Chings),21.579,-157.885,2026-08-09,2026-08-09T15:35:00.000Z,368,=,incoming,1
624cabee-d161-4293-8f95-6eb1103e8eb9,9046,East Oʻahu: Mākao,21.607,-157.906,2026-08-09,2026-08-09T15:30:00.000Z,10,<,incoming,0
bb12c7b1-1e70-49e9-ba86-09f6aaba4505,9220,North Oʻahu: Paumalū (Sunset Beach),21.664444,-158.051944,2026-07-27,2026-07-27T17:15:00.000Z,31,=,incoming,0
a3012701-5251-4725-811d-bc2b350ed253,9165,South Oʻahu: Kaimana Beach,21.26483,-157.82168,2026-07-26,2026-07-26T20:10:00.000Z,10,<,incoming,0
5a9be261-507c-4bf9-9339-28dc4c7c9d88,9164,South Oʻahu: Makalei Beach Park,21.25779,-157.81696,2026-07-26,2026-07-26T20:00:00.000Z,10,<,incoming,0
cf873a86-3e70-4219-bd28-6c5185679158,991,East Oʻahu: Kaimalino,21.425185,-157.740142,2026-07-26,2026-07-26T19:00:00.000Z,10,<,incoming,0
0ca7f7fb-4742-4a29-b1d8-4ddca7880870,858,South Oʻahu: Magic Island Bowls,21.282953,-157.845657,2026-07-26,2026-07-26T18:45:00.000Z,52,=,incoming,0
a1d21a8f-ca69-482e-b865-6e47d25ee194,1165,South Oʻahu: Wailupe Beach Park,21.27607,-157.76163,2026-07-26,2026-07-26T18:40:00.000Z,10,<,incoming,0
61295a4e-ef97-440d-a1ca-b12fbc0e7abf,779,North Oʻahu: Chocolates,21.59493,-158.103673,2026-07-26,2026-07-26T18:30:00.000Z,86,=,incoming,0
8fe8bb94-df9d-47fe-beeb-585a45e2d005,979,East Oʻahu: Hakipuʻu Boat Ramp,21.506487,-157.85131,2026-07-26,2026-07-26T18:30:00.000Z,1396,=,incoming,1
e9c1ca97-3515-4fab-8c23-13442df5727e,859,South Oʻahu: Magic Island Canoe Launch,21.28777,-157.844116,2026-07-26,2026-07-26T18:30:00.000Z,52,=,incoming,0
a4ec1e36-7fcf-4d3e-a0b3-78073621949b,862,South Oʻahu: Kuliʻouʻou Stream,21.28369,-157.721654,2026-07-26,2026-07-26T18:10:00.000Z,609,=,incoming,1
50f98cfd-4b37-4ee2-93a5-c624cb01ac74,780,North Oʻahu: Pūpūkea tidepools,21.649846,-158.062988,2026-07-26,2026-07-26T18:00:00.000Z,10,=,incoming,0
64375993-fc11-4009-9610-d8489678649c,9163,South Oʻahu: Hui Nalu Canoe Launch,21.28457,-157.71864,2026-07-26,2026-07-26T17:50:00.000Z,20,=,incoming,0
603cc76c-ed92-4ac4-b703-c08abbc352ef,8894,East Oʻahu: Kailua Beach Park,21.397806,-157.726,2026-07-26,2026-07-26T17:00:00.000Z,10,<,incoming,0
dbfc5931-a8c5-47d8-8ffa-71a7e1db5943,9083,East Oʻahu: Waimanalo Stream ,21.364982,-157.7102746,2026-07-26,2026-07-26T16:50:00.000Z,168,=,incoming,1
1bf7e09e-5c69-4aa5-a652-5cdaeda09202,1196,East Oʻahu: Heʻeia Stream,21.44035,-157.809708,2026-07-26,2026-07-26T16:30:00.000Z,63,=,incoming,0
cde0a80f-2cdf-4814-8f29-7395de690251,906,East Oʻahu: South Kaneohe Bay,21.4259,-157.7656,2026-07-26,2026-07-26T16:16:00.000Z,41,=,incoming,0
07a55c60-8935-4747-a391-061347c12253,777,East Oʻahu: Kahaluʻu Beach,21.46011,-157.839571,2026-07-26,2026-07-26T16:10:00.000Z,650,=,outgoing,1
b638d3ff-add6-4f81-b046-86aa2d462f54,9213,East Oʻahu: Kahana Stream,21.556,-157.869,2026-07-26,2026-07-26T16:10:00.000Z,323,=,incoming,1
4fda79c5-94f0-480b-bdf1-225de2a4e326,9045,East Oʻahu: Punaluʻu Stream Beach (Chings),21.579,-157.885,2026-07-26,2026-07-26T16:00:00.000Z,318,=,incoming,1
33dbfaf1-a28a-4c46-8d1d-4d5e9a338e48,9046,East Oʻahu: Mākao,21.607,-157.906,2026-07-26,2026-07-26T15:45:00.000Z,10,<,incoming,0
637c9cf5-384e-4c47-8953-51691dee905c,1195,North Oʻahu: Kahaone Place,21.58323,-158.1247,2026-07-12,2026-07-12T19:10:00.000Z,10,=,incoming,0
ae19ab67-8253-4136-9da0-d84750bc8538,991,East Oʻahu: Kaimalino,21.425185,-157.740142,2026-07-12,2026-07-12T19:00:00.000Z,122,=,incoming,0
9397ffd6-4a95-43b0-bc4d-0bc3633e6a65,859,South Oʻahu: Magic Island Canoe Launch,21.28777,-157.844116,2026-07-12,2026-07-12T18:45:00.000Z,373,=,incoming,1
216c735d-7cc6-40dd-960d-2c59f7c024eb,1197,North Oʻahu: Kaiaka Bay,21.5902778,-158.1191667,2026-07-12,2026-07-12T18:45:00.000Z,10,=,incoming,0
d85a2cd2-14f2-4bef-9830-7f2bbe8f7927,1165,South Oʻahu: Wailupe Beach Park,21.27607,-157.76163,2026-07-12,2026-07-12T18:40:00.000Z,10,<,incoming,0
94b02234-df32-40d3-b502-c7ebdeb431e2,779,North Oʻahu: Chocolates,21.59493,-158.103673,2026-07-12,2026-07-12T18:35:00.000Z,98,=,incoming,0
d76b2fda-0a77-4972-996d-dbd94aab1350,858,South Oʻahu: Magic Island Bowls,21.282953,-157.845657,2026-07-12,2026-07-12T18:30:00.000Z,181,=,incoming,1
b80a2f3b-5805-4e93-89aa-8c00dc958566,780,North Oʻahu: Pūpūkea tidepools,21.649846,-158.062988,2026-07-12,2026-07-12T18:05:00.000Z,10,<,incoming,0
f80d0995-39b0-4bdc-b583-9c9e69970d79,862,South Oʻahu: Kuliʻouʻou Stream,21.28369,-157.721654,2026-07-12,2026-07-12T18:00:00.000Z,3255,=,incoming,1
1cd267e4-7ffc-4c6e-9da0-ae9f6d61142e,979,East Oʻahu: Hakipuʻu Boat Ramp,21.506487,-157.85131,2026-07-12,2026-07-12T17:53:00.000Z,776,=,incoming,1
387a2d5b-769b-45df-90f5-cfe6e7b7290c,9163,South Oʻahu: Hui Nalu Canoe Launch,21.28457,-157.71864,2026-07-12,2026-07-12T17:50:00.000Z,20,=,incoming,0
a2bf3c4e-11d2-41e9-932c-ab5ee0282484,9165,South Oʻahu: Kaimana Beach,21.26483,-157.82168,2026-07-12,2026-07-12T17:45:00.000Z,109,=,incoming,0
f59bcee2-23a8-48d2-bbec-3eb762f1261e,9164,South Oʻahu: Makalei Beach Park,21.25779,-157.81696,2026-07-12,2026-07-12T17:30:00.000Z,10,<,incoming,0
a2290ee5-ff60-4b32-a28c-844c17405e8f,9083,East Oʻahu: Waimanalo Stream ,21.364982,-157.7102746,2026-07-12,2026-07-12T17:25:00.000Z,134,=,incoming,1
db64b654-4c71-4420-8af9-7a80a44f6d94,8894,East Oʻahu: Kailua Beach Park,21.397806,-157.726,2026-07-12,2026-07-12T17:00:00.000Z,10,<,incoming,0
f5557b26-4073-4ceb-888e-ab62ce6887f8,1196,East Oʻahu: Heʻeia Stream,21.44035,-157.809708,2026-07-12,2026-07-12T16:30:00.000Z,160,=,outgoing,1
1112fe3f-af6d-47dd-b400-4f5ee0c7f341,777,East Oʻahu: Kahaluʻu Beach,21.46011,-157.839571,2026-07-12,2026-07-12T16:20:00.000Z,932,=,outgoing,1
9888e4f4-0521-4433-adbf-a0b28bba224f,906,East Oʻahu: South Kaneohe Bay,21.4259,-157.7656,2026-07-12,2026-07-12T16:01:00.000Z,97,=,incoming,0
fc0ac8ec-bcfc-4a9c-9204-666c1adcd6bd,9213,East Oʻahu: Kahana Stream,21.556,-157.869,2026-07-12,2026-07-12T15:45:00.000Z,119,=,outgoing,0
56ddd410-a337-4f81-859a-465b94fd2f05,9045,East Oʻahu: Punaluʻu Stream Beach (Chings),21.579,-157.885,2026-07-12,2026-07-12T15:36:00.000Z,288,=,outgoing,1
f0b9876c-0acf-44a9-94be-33ef69fc65fb,9046,East Oʻahu: Mākao,21.607,-157.906,2026-07-12,2026-07-12T15:30:00.000Z,10,<,outgoing,0
1494d8ba-fcf9-434c-8131-8cf5ea11eb74,9083,East Oʻahu: Waimanalo Stream ,21.364982,-157.7102746,2026-06-28,2026-06-28T19:20:00.000Z,488,=,incoming,1
31caed8f-6114-4d49-8648-d4b01bc06d9d,991,East Oʻahu: Kaimalino,21.425185,-157.740142,2026-06-28,2026-06-28T19:00:00.000Z,10,=,incoming,0
1320be1a-8cc3-463e-855d-20d84bf48046,9046,East Oʻahu: Mākao,21.607,-157.906,2026-06-28,2026-06-28T19:00:00.000Z,10,<,outgoing,0
495bb526-3d29-4804-9f92-8a870eba9df6,858,South Oʻahu: Magic Island Bowls,21.282953,-157.845657,2026-06-28,2026-06-28T18:45:00.000Z,10,=,incoming,0
998205d1-70ba-43bf-b940-0da4e0996c9c,1165,South Oʻahu: Wailupe Beach Park,21.27607,-157.76163,2026-06-28,2026-06-28T18:40:00.000Z,10,=,incoming,0
0037bd70-042b-4d1e-84d7-aae8ba29c4f8,859,South Oʻahu: Magic Island Canoe Launch,21.28777,-157.844116,2026-06-28,2026-06-28T18:30:00.000Z,441,=,incoming,1
9eecb191-929c-46c3-9c20-631af01760bf,979,East Oʻahu: Hakipuʻu Boat Ramp,21.506487,-157.85131,2026-06-28,2026-06-28T18:19:00.000Z,266,=,incoming,1
bd106fe0-5613-4e35-b92a-19d13ffa0562,862,South Oʻahu: Kuliʻouʻou Stream,21.28369,-157.721654,2026-06-28,2026-06-28T18:15:00.000Z,134,=,incoming,1
62637702-9ccf-4550-b7f0-ce8b78f30175,9163,South Oʻahu: Hui Nalu Canoe Launch,21.28457,-157.71864,2026-06-28,2026-06-28T17:45:00.000Z,41,=,incoming,0
c2653f44-d7eb-481f-85b0-f20a6903872c,9165,South Oʻahu: Kaimana Beach,21.26483,-157.82168,2026-06-28,2026-06-28T17:30:00.000Z,10,<,outgoing,0
ad1b3960-975b-4ca1-9425-743b7e76d609,9164,South Oʻahu: Makalei Beach Park,21.25779,-157.81696,2026-06-28,2026-06-28T17:00:00.000Z,10,<,outgoing,0
90ab7fbb-7f9d-4f1f-a931-f028652c4da7,779,North Oʻahu: Chocolates,21.59493,-158.103673,2026-06-28,2026-06-28T17:00:00.000Z,201,=,incoming,1
5224c254-f1ed-4847-829d-b6de1258aeda,9045,East Oʻahu: Punaluʻu Stream Beach (Chings),21.579,-157.885,2026-06-28,2026-06-28T17:00:00.000Z,183,=,outgoing,1
bc954573-ef85-4bb8-a2fd-56f06fd4890c,8894,East Oʻahu: Kailua Beach Park,21.397806,-157.726,2026-06-28,2026-06-28T17:00:00.000Z,10,<,outgoing,0
cffdd50e-0349-4ee7-8ec2-e1b517d045c3,777,East Oʻahu: Kahaluʻu Beach,21.46011,-157.839571,2026-06-28,2026-06-28T16:30:00.000Z,602,=,outgoing,1
1f946f00-dcc5-4b0a-b1e3-9e9b6bddcf74,780,North Oʻahu: Pūpūkea tidepools,21.649846,-158.062988,2026-06-28,2026-06-28T16:30:00.000Z,10,<,incoming,0
3ff05fcf-7431-46d3-9eaa-33aa19ada879,1196,East Oʻahu: Heʻeia Stream,21.44035,-157.809708,2026-06-28,2026-06-28T16:30:00.000Z,108,=,outgoing,0
e0cc29ea-8c05-4835-891f-4cc1c6101f81,906,East Oʻahu: South Kaneohe Bay,21.4259,-157.7656,2026-06-28,2026-06-28T16:18:00.000Z,132,=,outgoing,1
68b6dcf3-7116-4273-b6d7-21d57755dce5,9213,East Oʻahu: Kahana Stream,21.556,-157.869,2026-06-28,2026-06-28T16:00:00.000Z,218,=,outgoing,1
dce070cf-9bc1-4e0b-a551-e969c18dc0cc,9163,South Oʻahu: Hui Nalu Canoe Launch,21.28457,-157.71864,2026-06-14,2026-06-14T19:50:00.000Z,41,=,incoming,0
eb6aa8c7-245e-4d78-b83a-96f6acb3e772,858,South Oʻahu: Magic Island Bowls,21.282953,-157.845657,2026-06-14,2026-06-14T19:30:00.000Z,31,=,incoming,0
af3297ac-2a3a-43ea-bbd6-1f5caf994f40,9083,East Oʻahu: Waimanalo Stream ,21.364982,-157.7102746,2026-06-14,2026-06-14T19:05:00.000Z,399,=,incoming,1
babb69e2-0f67-48e2-a8b7-1f4f0e473b2a,859,South Oʻahu: Magic Island Canoe Launch,21.28777,-157.844116,2026-06-14,2026-06-14T19:00:00.000Z,199,=,incoming,1
21a5e512-664f-4ba8-83f2-c1c74227f0fb,1165,South Oʻahu: Wailupe Beach Park,21.27607,-157.76163,2026-06-14,2026-06-14T18:40:00.000Z,24196,>,incoming,1
cee534f3-0c8a-4bc2-bdd8-4d91429c8fe9,979,East Oʻahu: Hakipuʻu Boat Ramp,21.506487,-157.85131,2026-06-14,2026-06-14T18:33:00.000Z,583,=,incoming,1
14da32ce-333d-4283-809a-4cc7f3ce1e70,862,South Oʻahu: Kuliʻouʻou Stream,21.28369,-157.721654,2026-06-14,2026-06-14T18:00:00.000Z,24196,>,incoming,1
4dc7edd7-e3d1-45c0-99d9-4b1830b8e0af,9165,South Oʻahu: Kaimana Beach,21.26483,-157.82168,2026-06-14,2026-06-14T17:50:00.000Z,10,=,outgoing,0
896b2993-8940-4e32-9fa9-da72b13cf1ad,9164,South Oʻahu: Makalei Beach Park,21.25779,-157.81696,2026-06-14,2026-06-14T17:40:00.000Z,10,<,outgoing,0
739905f3-8f7f-458a-bbe2-5b2e75f3a7d9,8894,East Oʻahu: Kailua Beach Park,21.397806,-157.726,2026-06-14,2026-06-14T17:00:00.000Z,10,=,outgoing,0
94d9311d-15ad-42d3-b54e-721b63df3b36,1196,East Oʻahu: Heʻeia Stream,21.44035,-157.809708,2026-06-14,2026-06-14T16:30:00.000Z,148,=,outgoing,1
539dcb02-c718-41ef-afe9-aa5179cad6dd,777,East Oʻahu: Kahaluʻu Beach,21.46011,-157.839571,2026-06-14,2026-06-14T16:20:00.000Z,565,=,outgoing,1
1cfa5139-4616-464d-b042-69092733fa2f,991,East Oʻahu: Kaimalino,21.425185,-157.740142,2026-06-14,2026-06-14T16:10:00.000Z,10,<,outgoing,0
46291326-c6b3-4f02-8074-d0f11d1bbdb6,906,East Oʻahu: South Kaneohe Bay,21.4259,-157.7656,2026-06-14,2026-06-14T15:25:00.000Z,75,=,outgoing,0
d4c81a19-85cb-4738-a5d2-8388b25e7b2e,991,East Oʻahu: Kaimalino,21.425185,-157.740142,2026-05-31,2026-05-31T19:00:00.000Z,10,<,outgoing,0
14805d87-52ca-44cf-a72d-e376b362d2ec,779,North Oʻahu: Chocolates,21.59493,-158.103673,2026-05-31,2026-05-31T18:46:00.000Z,168,=,incoming,1
ea9d3517-04d8-4c17-8704-ccda149b6b49,1165,South Oʻahu: Wailupe Beach Park,21.27607,-157.76163,2026-05-31,2026-05-31T18:40:00.000Z,110,=,incoming,0
dc03a95e-924a-4408-959d-cde12bb0b6ae,780,North Oʻahu: Pūpūkea tidepools,21.649846,-158.062988,2026-05-31,2026-05-31T18:20:00.000Z,10,<,incoming,0
21b8789d-4ec9-4633-b733-14ec5939b5ef,979,East Oʻahu: Hakipuʻu Boat Ramp,21.506487,-157.85131,2026-05-31,2026-05-31T18:19:00.000Z,450,=,outgoing,1
2bcadd02-de8e-4744-bc84-331c9ea9a9f6,862,South Oʻahu: Kuliʻouʻou Stream,21.28369,-157.721654,2026-05-31,2026-05-31T18:00:00.000Z,17329,=,incoming,1
038c060d-d752-4f6a-9c19-dff0e8a42879,9165,South Oʻahu: Kaimana Beach,21.26483,-157.82168,2026-05-31,2026-05-31T17:50:00.000Z,10,<,outgoing,0
b762deb5-40c7-4009-9677-41c52b2040c9,9164,South Oʻahu: Makalei Beach Park,21.25779,-157.81696,2026-05-31,2026-05-31T17:36:00.000Z,10,<,outgoing,0
e27c37df-3320-4384-89a7-75a971ceabf5,9163,South Oʻahu: Hui Nalu Canoe Launch,21.28457,-157.71864,2026-05-31,2026-05-31T17:30:00.000Z,223,=,incoming,1
c401bf3e-e7d8-4f0c-93fd-ad52b165bc37,9083,East Oʻahu: Waimanalo Stream ,21.364982,-157.7102746,2026-05-31,2026-05-31T17:15:00.000Z,1918,=,incoming,1
bff955f4-aaa7-4e06-9d0f-5fd6d4be99c2,8894,East Oʻahu: Kailua Beach Park,21.397806,-157.726,2026-05-31,2026-05-31T17:00:00.000Z,41,=,outgoing,0
8bd786ea-5995-439a-8c96-5c3d5fb1a76e,1164,East Oʻahu: Waiāhole Beach Park,21.483904,-157.844949,2026-05-31,2026-05-31T16:30:00.000Z,62,=,outgoing,0
f328fbc8-2c66-4018-b015-4837bdee3513,777,East Oʻahu: Kahaluʻu Beach,21.46011,-157.839571,2026-05-31,2026-05-31T16:18:00.000Z,3255,=,outgoing,1
ecaeec24-1529-44e6-ab14-61d1d9bb76db,9045,East Oʻahu: Punaluʻu Stream Beach (Chings),21.579,-157.885,2026-05-31,2026-05-31T16:02:00.000Z,368,=,outgoing,1
cde4a4a3-dafc-42b6-a838-b1bc510258d2,9046,East Oʻahu: Mākao,21.607,-157.906,2026-05-31,2026-05-31T15:45:00.000Z,10,<,outgoing,0
a14085d0-fa33-4ef1-ac35-4142adf02676,906,East Oʻahu: South Kaneohe Bay,21.4259,-157.7656,2026-05-31,2026-05-31T15:42:00.000Z,31,=,outgoing,0
1f1637b1-fe3a-4e8f-9a14-25b8d30fbf86,858,South Oʻahu: Magic Island Bowls,21.282953,-157.845657,2026-05-17,2026-05-17T19:15:00.000Z,288,=,outgoing,1
07aad2cf-d626-4b58-9a35-30d5fe509413,991,East Oʻahu: Kaimalino,21.425185,-157.740142,2026-05-17,2026-05-17T19:00:00.000Z,842,=,outgoing,1
89febb4a-d95d-4bfa-b71b-b7fa8a4c383a,859,South Oʻahu: Magic Island Canoe Launch,21.28777,-157.844116,2026-05-17,2026-05-17T19:00:00.000Z,4106,=,outgoing,1
fdf51c22-e8fc-42a9-b77c-bd6bc0f28341,9045,East Oʻahu: Punaluʻu Stream Beach (Chings),21.579,-157.885,2026-05-17,2026-05-17T19:00:00.000Z,12033,=,outgoing,1
491a23b7-46c8-4256-bdc9-6d5c5d56b25e,1165,South Oʻahu: Wailupe Beach Park,21.27607,-157.76163,2026-05-17,2026-05-17T18:45:00.000Z,52,=,outgoing,0
2c2d01f4-ffaa-4424-a116-b71a6a4910ec,862,South Oʻahu: Kuliʻouʻou Stream,21.28369,-157.721654,2026-05-17,2026-05-17T18:00:00.000Z,882,=,outgoing,1
98f7cbae-7ead-4fe4-a8c5-97563e1d5d09,9083,East Oʻahu: Waimanalo Stream ,21.364982,-157.7102746,2026-05-17,2026-05-17T18:00:00.000Z,24196,>,incoming,1
5aa6f3f2-3b87-4622-960b-b849a9eacce8,9163,South Oʻahu: Hui Nalu Canoe Launch,21.28457,-157.71864,2026-05-17,2026-05-17T17:40:00.000Z,52,=,outgoing,0
941570b0-fa04-499d-ba9e-33fc07654141,9165,South Oʻahu: Kaimana Beach,21.26483,-157.82168,2026-05-17,2026-05-17T17:32:00.000Z,10,<,outgoing,0
352ff2aa-dae9-4214-ae7d-38b696ad169c,9164,South Oʻahu: Makalei Beach Park,21.25779,-157.81696,2026-05-17,2026-05-17T17:15:00.000Z,10,<,outgoing,0
871c3575-bf71-4d4f-a2f4-ff74530a825f,8894,East Oʻahu: Kailua Beach Park,21.397806,-157.726,2026-05-17,2026-05-17T17:00:00.000Z,2142,=,outgoing,1
1a75d719-7657-4637-9bb9-9bbcf52bb32b,1196,East Oʻahu: Heʻeia Stream,21.44035,-157.809708,2026-05-17,2026-05-17T16:30:00.000Z,1624,=,outgoing,1
de7f2723-6409-4a16-8699-29813b4fe78a,777,East Oʻahu: Kahaluʻu Beach,21.46011,-157.839571,2026-05-17,2026-05-17T16:10:00.000Z,14136,=,outgoing,1
bc556a26-cb2c-4034-ab0a-019702826c68,9046,East Oʻahu: Mākao,21.607,-157.906,2026-05-17,2026-05-17T16:00:00.000Z,10,<,outgoing,0
d9da2872-e9ee-484f-b4fb-20abd7f82c00,906,East Oʻahu: South Kaneohe Bay,21.4259,-157.7656,2026-05-17,2026-05-17T15:45:00.000Z,24196,>,outgoing,1
b0654b4e-e2cd-4d22-96f2-3127ac0bb819,8916,West Oʻahu: Pōkaʻi Bay- Inside,21.4415602,-158.1907114,2026-05-14,2026-05-14T16:40:00.000Z,10,=,outgoing,0
4dc41494-4504-4ab5-bbf2-2efadfe4e991,9016,West Oʻahu: Pililāʻau,21.448217,-158.192928,2026-05-14,2026-05-14T16:25:00.000Z,98,=,outgoing,0
95059e5d-aeab-4419-a1ac-336b6bcca1e6,8924,West Oʻahu: Kaupuni Stream,21.4487068,-158.1897632,2026-05-14,2026-05-14T16:15:00.000Z,320,=,outgoing,1
8cb22eba-39e5-4cc6-a599-38a27cba6bf0,9182,West Oʻahu: Ulehawa Canal,21.39236,-158.15714,2026-05-14,2026-05-14T16:00:00.000Z,292,=,outgoing,1
75b33047-1341-419f-b7d4-d75c3d76ee08,9164,South Oʻahu: Makalei Beach Park,21.25779,-157.81696,2026-05-03,2026-05-03T19:20:00.000Z,10,<,outgoing,0
e1278939-864a-4fc9-9813-0c7a144d0ce0,9165,South Oʻahu: Kaimana Beach,21.26483,-157.82168,2026-05-03,2026-05-03T19:15:00.000Z,10,<,outgoing,0
6c1570d1-b509-42c3-8bbd-db21acca76d6,858,South Oʻahu: Magic Island Bowls,21.282953,-157.845657,2026-05-03,2026-05-03T19:15:00.000Z,10,=,outgoing,0
7e6796fe-90ba-4ee0-88bd-9337ee3d61c6,1195,North Oʻahu: Kahaone Place,21.58323,-158.1247,2026-05-03,2026-05-03T19:10:00.000Z,20,=,incoming,0
5eb10364-15f1-458f-b4b5-b962ca99e999,859,South Oʻahu: Magic Island Canoe Launch,21.28777,-157.844116,2026-05-03,2026-05-03T19:00:00.000Z,63,=,outgoing,0
59dbaa52-46f8-457d-b96e-52aa106def5e,1197,North Oʻahu: Kaiaka Bay,21.5902778,-158.1191667,2026-05-03,2026-05-03T19:00:00.000Z,10,<,incoming,0
b8901a28-6f84-421b-9360-289c948682f0,991,East Oʻahu: Kaimalino,21.425185,-157.740142,2026-05-03,2026-05-03T19:00:00.000Z,31,=,outgoing,0
61a806a6-b98b-4f50-bbe9-10a6106fef95,779,North Oʻahu: Chocolates,21.59493,-158.103673,2026-05-03,2026-05-03T18:50:00.000Z,313,=,incoming,1
abe424f2-970b-4fe0-b5da-5feb847ebdd9,1165,South Oʻahu: Wailupe Beach Park,21.27607,-157.76163,2026-05-03,2026-05-03T18:40:00.000Z,20,=,outgoing,0
f0fb4ac4-4073-4756-8359-c4b5ed1940cc,979,East Oʻahu: Hakipuʻu Boat Ramp,21.506487,-157.85131,2026-05-03,2026-05-03T18:08:00.000Z,160,=,outgoing,1
fb8a72fe-7c6f-4a1b-a1ce-eb61ef666c2a,780,North Oʻahu: Pūpūkea tidepools,21.649846,-158.062988,2026-05-03,2026-05-03T18:00:00.000Z,10,<,incoming,0
8cf8003b-d972-4402-ac72-29ce7a70eca6,862,South Oʻahu: Kuliʻouʻou Stream,21.28369,-157.721654,2026-05-03,2026-05-03T18:00:00.000Z,880,=,outgoing,1
ea2b1d4e-361d-453d-bd76-250825748b38,9163,South Oʻahu: Hui Nalu Canoe Launch,21.28457,-157.71864,2026-05-03,2026-05-03T17:45:00.000Z,31,=,outgoing,0
65df948f-ab9d-4752-9862-82bca32f04f3,9083,East Oʻahu: Waimanalo Stream ,21.364982,-157.7102746,2026-05-03,2026-05-03T17:15:00.000Z,1019,=,outgoing,1
02e61e54-1174-43a6-b672-45d49291ca2e,8894,East Oʻahu: Kailua Beach Park,21.397806,-157.726,2026-05-03,2026-05-03T17:00:00.000Z,20,=,outgoing,0
e374bc98-cc88-48ff-8e66-9ddecae6b0d6,777,East Oʻahu: Kahaluʻu Beach,21.46011,-157.839571,2026-05-03,2026-05-03T16:20:00.000Z,727,=,outgoing,1
43505325-8d76-47a1-b121-8b27fa5fc15d,9045,East Oʻahu: Punaluʻu Stream Beach (Chings),21.579,-157.885,2026-05-03,2026-05-03T16:05:00.000Z,187,=,outgoing,1
d025834a-6df4-4cdb-94fd-1ebec422dd97,906,East Oʻahu: South Kaneohe Bay,21.4259,-157.7656,2026-05-03,2026-05-03T16:00:00.000Z,148,=,outgoing,1
f7dc51da-af2a-4fbc-8f2a-7ce4c4fc430f,9046,East Oʻahu: Mākao,21.607,-157.906,2026-05-03,2026-05-03T15:55:00.000Z,404,=,outgoing,1
b9d65eb8-0c90-4378-86f2-a408101837dc,1196,East Oʻahu: Heʻeia Stream,21.44035,-157.809708,2026-05-03,2026-05-03T15:30:00.000Z,393,=,outgoing,1
cf6dcb1d-2dc3-4c59-95a8-4210597e67c6,9083,East Oʻahu: Waimanalo Stream ,21.364982,-157.7102746,2026-04-19,2026-04-19T19:30:00.000Z,860,=,outgoing,1
93a074bc-aed9-40a6-91dc-8a1be1e28826,1164,East Oʻahu: Waiāhole Beach Park,21.483904,-157.844949,2026-04-19,2026-04-19T19:30:00.000Z,30,=,outgoing,0
d44624ae-4405-41e4-bcc0-343a03ada3cb,1195,North Oʻahu: Kahaone Place,21.58323,-158.1247,2026-04-19,2026-04-19T19:10:00.000Z,10,=,outgoing,0
b12a6d54-f5ad-4200-b4a0-d90ddd534e8a,858,South Oʻahu: Magic Island Bowls,21.282953,-157.845657,2026-04-19,2026-04-19T19:10:00.000Z,31,=,outgoing,0
8aa450e7-d2c7-46d2-96e9-17779f3d97dd,1197,North Oʻahu: Kaiaka Bay,21.5902778,-158.1191667,2026-04-19,2026-04-19T19:00:00.000Z,20,=,outgoing,0
7eefd52a-0fb4-4695-aeef-bb2be25dc7a8,859,South Oʻahu: Magic Island Canoe Launch,21.28777,-157.844116,2026-04-19,2026-04-19T19:00:00.000Z,31,=,outgoing,0
f329a77e-a8d8-4ae7-a21e-cb6cffa1d123,979,East Oʻahu: Hakipuʻu Boat Ramp,21.506487,-157.85131,2026-04-19,2026-04-19T18:58:00.000Z,185,=,outgoing,1
f38c2ad1-2093-4092-9b0d-b33f947d8dfc,779,North Oʻahu: Chocolates,21.59493,-158.103673,2026-04-19,2026-04-19T18:45:00.000Z,175,=,incoming,1
3d1c873d-2957-4c10-8693-a351b58b455e,1165,South Oʻahu: Wailupe Beach Park,21.27607,-157.76163,2026-04-19,2026-04-19T18:40:00.000Z,20,=,outgoing,0
a7fa34c7-3b21-412e-b7c1-6445bc1bf6f1,862,South Oʻahu: Kuliʻouʻou Stream,21.28369,-157.721654,2026-04-19,2026-04-19T18:15:00.000Z,2046,=,outgoing,1
3e8bdb9a-a78d-4400-8219-c1865de0c793,780,North Oʻahu: Pūpūkea tidepools,21.649846,-158.062988,2026-04-19,2026-04-19T18:10:00.000Z,41,=,outgoing,0
73c36b5a-afbc-4fab-ab95-0a5a13291309,776,South Oʻahu: Kaʻalāwai (Black Point/Cromwells),21.2574,-157.7968,2026-04-19,2026-04-19T18:00:00.000Z,10,<,outgoing,0
0ca511ae-5724-4f8d-9c85-03e3fd53dba9,9163,South Oʻahu: Hui Nalu Canoe Launch,21.28457,-157.71864,2026-04-19,2026-04-19T17:50:00.000Z,63,=,outgoing,0
9d3d64f3-5eb9-4d44-8e85-2f49498ee5a1,981,South Oʻahu: Kaʻalāwai (Black Point-East),21.259798,-157.789825,2026-04-19,2026-04-19T17:45:00.000Z,10,=,outgoing,0
29d897d7-7705-4788-a8af-b3a94fb5c96d,8894,East Oʻahu: Kailua Beach Park,21.397806,-157.726,2026-04-19,2026-04-19T17:00:00.000Z,10,=,outgoing,0
1e187b71-a679-48f0-8d24-6815d3ebe309,9164,South Oʻahu: Makalei Beach Park,21.25779,-157.81696,2026-04-19,2026-04-19T16:30:00.000Z,10,=,outgoing,0
9569c0d9-947f-4007-bec5-4053864e6617,1196,East Oʻahu: Heʻeia Stream,21.44035,-157.809708,2026-04-19,2026-04-19T16:30:00.000Z,135,=,outgoing,1
3775572c-d7fb-4727-9c74-38d9e3d9bcd8,9165,South Oʻahu: Kaimana Beach,21.26483,-157.82168,2026-04-19,2026-04-19T16:20:00.000Z,20,=,outgoing,0
0f7c55b4-ebd7-4e89-865d-5ba71856ee4b,777,East Oʻahu: Kahaluʻu Beach,21.46011,-157.839571,2026-04-19,2026-04-19T16:15:00.000Z,471,=,outgoing,1
a4eb2671-d9ae-470a-a664-a563735c19f6,991,East Oʻahu: Kaimalino,21.425185,-157.740142,2026-04-19,2026-04-19T16:05:00.000Z,41,=,outgoing,0
b965a0f7-0557-4155-9089-5d1ab3e696eb,906,East Oʻahu: South Kaneohe Bay,21.4259,-157.7656,2026-04-19,2026-04-19T15:43:00.000Z,145,=,outgoing,1
8f84278c-3b54-4821-951a-758998b8218a,8916,West Oʻahu: Pōkaʻi Bay- Inside,21.4415602,-158.1907114,2026-04-16,2026-04-16T18:50:00.000Z,10,<,outgoing,0
a5e0cf4e-95ee-48f8-8854-c497fe42a45a,9016,West Oʻahu: Pililāʻau,21.448217,-158.192928,2026-04-16,2026-04-16T18:30:00.000Z,101,=,outgoing,0
d7cf2822-fccc-45fd-afe0-8ff857ec8a7f,8924,West Oʻahu: Kaupuni Stream,21.4487068,-158.1897632,2026-04-16,2026-04-16T18:15:00.000Z,6586,=,outgoing,1
ec382082-d4ec-4b62-a134-92c68cf9c384,9182,West Oʻahu: Ulehawa Canal,21.39236,-158.15714,2026-04-16,2026-04-16T17:50:00.000Z,41,=,outgoing,0
5fbe9a7e-677f-4c7e-a796-0d843b1af43c,1197,North Oʻahu: Kaiaka Bay,21.5902778,-158.1191667,2026-04-05,2026-04-05T19:45:00.000Z,31,=,outgoing,0
0007eb36-bc9a-44db-b03d-7ebf5adba56a,9083,East Oʻahu: Waimanalo Stream ,21.364982,-157.7102746,2026-04-05,2026-04-05T19:10:00.000Z,275,=,incoming,1
d6e6aae1-4011-4de2-b4bd-0ba4109cd030,1195,North Oʻahu: Kahaone Place,21.58323,-158.1247,2026-04-05,2026-04-05T19:00:00.000Z,20,=,incoming,0
fadc644a-fdee-441c-a7f8-6ae9c7736667,991,East Oʻahu: Kaimalino,21.425185,-157.740142,2026-04-05,2026-04-05T19:00:00.000Z,75,=,outgoing,0
561fd192-9213-4f12-8af6-8ccc0cf66d6c,1165,South Oʻahu: Wailupe Beach Park,21.27607,-157.76163,2026-04-05,2026-04-05T18:40:00.000Z,10,<,outgoing,0
b9f60bd2-ea68-44a3-b978-6314e7eb1e69,779,North Oʻahu: Chocolates,21.59493,-158.103673,2026-04-05,2026-04-05T18:30:00.000Z,86,=,outgoing,0
b5fa72b4-2cd4-46b7-b785-79b2fe3c8ada,979,East Oʻahu: Hakipuʻu Boat Ramp,21.506487,-157.85131,2026-04-05,2026-04-05T18:18:00.000Z,121,=,outgoing,0
44067dc6-cf1e-47e6-a6e4-fe6b7354780a,862,South Oʻahu: Kuliʻouʻou Stream,21.28369,-157.721654,2026-04-05,2026-04-05T18:00:00.000Z,1187,=,outgoing,1
9fa90a68-706b-433b-b03f-62989d27a2b0,780,North Oʻahu: Pūpūkea tidepools,21.649846,-158.062988,2026-04-05,2026-04-05T18:00:00.000Z,31,=,outgoing,0
a31346cd-094a-4e7d-9ec8-f98d8e249f08,9163,South Oʻahu: Hui Nalu Canoe Launch,21.28457,-157.71864,2026-04-05,2026-04-05T17:45:00.000Z,31,=,outgoing,0
3a4e44d0-c682-48ac-97a0-16dbca369b2a,9165,South Oʻahu: Kaimana Beach,21.26483,-157.82168,2026-04-05,2026-04-05T17:20:00.000Z,10,<,outgoing,0
f5478289-404d-4e3d-9f3e-cb5ddf7358db,981,South Oʻahu: Kaʻalāwai (Black Point-East),21.259798,-157.789825,2026-04-05,2026-04-05T17:10:00.000Z,10,=,outgoing,0
f85560cd-5b51-4e63-b60c-84dca2f3048f,776,South Oʻahu: Kaʻalāwai (Black Point/Cromwells),21.2574,-157.7968,2026-04-05,2026-04-05T16:55:00.000Z,10,=,outgoing,0
da8c07c0-b62e-46b9-b5b5-eaf9e7d00c91,9164,South Oʻahu: Makalei Beach Park,21.25779,-157.81696,2026-04-05,2026-04-05T16:35:00.000Z,10,<,outgoing,0
7e691532-7fd9-4823-96a4-5e78dec28515,906,East Oʻahu: South Kaneohe Bay,21.4259,-157.7656,2026-04-05,2026-04-05T16:32:00.000Z,41,=,outgoing,0
e266ac3d-3974-4701-88cf-0a3d3281e1f4,8894,East Oʻahu: Kailua Beach Park,21.397806,-157.726,2026-04-05,2026-04-05T16:30:00.000Z,10,<,outgoing,0
0d9e9de4-66b6-4a0e-a087-a28db61e2785,777,East Oʻahu: Kahaluʻu Beach,21.46011,-157.839571,2026-04-05,2026-04-05T16:25:00.000Z,282,=,incoming,1
b4302178-f0c0-476a-a722-3cc31feb10b9,1195,North Oʻahu: Kahaone Place,21.58323,-158.1247,2026-03-28,2026-03-28T18:47:00.000Z,886,=,,1
9664ed8b-723b-4c44-9229-1bf3666f1bdc,1197,North Oʻahu: Kaiaka Bay,21.5902778,-158.1191667,2026-03-28,2026-03-28T18:36:00.000Z,2595,=,incoming,1
8616d04c-f7bf-4285-a8eb-cefd13225a42,9184,North O'ahu: Fresh Airs,21.591242,-158.110589,2026-03-28,2026-03-28T18:29:00.000Z,10,<,incoming,0
c4077f23-1c3a-49e4-ac59-538cf60411a9,779,North Oʻahu: Chocolates,21.59493,-158.103673,2026-03-28,2026-03-28T18:23:00.000Z,552,=,incoming,1
d07e4f81-ec63-47b7-ba5d-37c37ef41012,780,North Oʻahu: Pūpūkea tidepools,21.649846,-158.062988,2026-03-28,2026-03-28T18:06:00.000Z,30,=,incoming,0
9c90b9eb-52a4-4df3-b797-4c347e4da74c,9183,North O'ahu: Ehukai,21.665631,-158.051475,2026-03-28,2026-03-28T17:56:00.000Z,10,<,incoming,0
dfa0a658-5e41-48c2-9cd8-9cf92118d0e5,8924,West Oʻahu: Kaupuni Stream,21.4487068,-158.1897632,2026-03-24,2026-03-24T16:30:00.000Z,762,=,outgoing,1
ad9c3595-8e59-490d-95b2-47bfcecabfac,9016,West Oʻahu: Pililāʻau,21.448217,-158.192928,2026-03-24,2026-03-24T16:15:00.000Z,938,=,outgoing,1
7649c363-7a8c-4790-8817-ffa68f1a839d,8916,West Oʻahu: Pōkaʻi Bay- Inside,21.4415602,-158.1907114,2026-03-24,2026-03-24T16:05:00.000Z,481,=,outgoing,1
0a39c674-4471-452e-bd7c-fe2b249624ec,9182,West Oʻahu: Ulehawa Canal,21.39236,-158.15714,2026-03-24,2026-03-24T15:50:00.000Z,2230,=,outgoing,1
ee9fe3a5-59a1-402a-aa24-603ee8b8dafb,1195,North Oʻahu: Kahaone Place,21.58323,-158.1247,2026-03-23,2026-03-23T20:30:00.000Z,2924,=,outgoing,1
04e80780-3be9-4286-b509-bac4e0f694e1,779,North Oʻahu: Chocolates,21.59493,-158.103673,2026-03-23,2026-03-23T19:55:00.000Z,622,=,outgoing,1
e1e54d45-0ee2-4229-a943-5f0cc5e5ee5a,9183,North O'ahu: Ehukai,21.665631,-158.051475,2026-03-23,2026-03-23T19:30:00.000Z,1782,=,outgoing,1
80db8183-f674-447b-b553-e13e9d51370d,9184,North O'ahu: Fresh Airs,21.591242,-158.110589,2026-03-23,2026-03-23T19:30:00.000Z,74,=,outgoing,0
b15c139f-0c1f-42cd-997c-97c122cb777d,9083,East Oʻahu: Waimanalo Stream ,21.364982,-157.7102746,2026-03-22,2026-03-22T19:50:00.000Z,24196,=,incoming,1
6a064fc4-05e8-43b3-94d1-e06ad832d235,859,South Oʻahu: Magic Island Canoe Launch,21.28777,-157.844116,2026-03-22,2026-03-22T19:30:00.000Z,9804,=,outgoing,1
9bde7269-c236-4cfe-a2d5-f0128fc026a8,858,South Oʻahu: Magic Island Bowls,21.282953,-157.845657,2026-03-22,2026-03-22T19:15:00.000Z,2359,=,outgoing,1
4cc221fa-a7c5-49e5-b36b-a173f50c868f,9163,South Oʻahu: Hui Nalu Canoe Launch,21.28457,-157.71864,2026-03-22,2026-03-22T19:00:00.000Z,6488,=,outgoing,1
7bec8096-13ae-4c46-95b6-627ca92d5887,8894,East Oʻahu: Kailua Beach Park,21.397806,-157.726,2026-03-22,2026-03-22T19:00:00.000Z,1607,=,outgoing,1
81fad149-8d37-4b18-941d-6ba1fa7c3e78,979,East Oʻahu: Hakipuʻu Boat Ramp,21.506487,-157.85131,2026-03-22,2026-03-22T18:59:00.000Z,602,=,outgoing,1
ecfb328c-8a1f-47d1-8481-8bc6e117be5b,1165,South Oʻahu: Wailupe Beach Park,21.27607,-157.76163,2026-03-22,2026-03-22T18:40:00.000Z,767,=,outgoing,1
9581be1e-10db-4212-b9e9-2f37aea11d58,862,South Oʻahu: Kuliʻouʻou Stream,21.28369,-157.721654,2026-03-22,2026-03-22T18:10:00.000Z,5475,=,outgoing,1
178214c6-53a2-4c18-850d-35f40e2458d3,9164,South Oʻahu: Makalei Beach Park,21.25779,-157.81696,2026-03-22,2026-03-22T17:00:00.000Z,2909,=,outgoing,1
cc3ba645-7a96-4dca-b40c-52f81988e473,991,East Oʻahu: Kaimalino,21.425185,-157.740142,2026-03-22,2026-03-22T16:50:00.000Z,733,=,outgoing,1
7c14d219-34d5-4d58-be30-0a5d929dcebf,9165,South Oʻahu: Kaimana Beach,21.26483,-157.82168,2026-03-22,2026-03-22T16:45:00.000Z,41,=,outgoing,0
9bcf594e-e41d-4fc4-ad09-0727462a81cb,906,East Oʻahu: South Kaneohe Bay,21.4259,-157.7656,2026-03-22,2026-03-22T16:35:00.000Z,146,=,outgoing,1
6e08707a-8280-4e6c-9c29-482ae5ae6c1c,858,South Oʻahu: Magic Island Bowls,21.282953,-157.845657,2026-03-08,2026-03-08T19:45:00.000Z,10,<,outgoing,0
f87fd74b-01b5-4f04-abd4-a6a518e5dddd,859,South Oʻahu: Magic Island Canoe Launch,21.28777,-157.844116,2026-03-08,2026-03-08T19:30:00.000Z,10,=,outgoing,0
a80cfbf1-4d81-4aea-9b92-3cd074ad8003,862,South Oʻahu: Kuliʻouʻou Stream,21.28369,-157.721654,2026-03-08,2026-03-08T19:15:00.000Z,1014,=,outgoing,1
d2c120ea-1ec7-4a1d-bf5b-7ecb1818d32d,991,East Oʻahu: Kaimalino,21.425185,-157.740142,2026-03-08,2026-03-08T19:00:00.000Z,10,<,outgoing,0
07591e35-30c2-40de-a808-1143a65b0aeb,9083,East Oʻahu: Waimanalo Stream ,21.364982,-157.7102746,2026-03-08,2026-03-08T18:50:00.000Z,175,=,outgoing,1
4f497b4f-d6b7-4cf0-8319-b8ecb8ce462a,779,North Oʻahu: Chocolates,21.59493,-158.103673,2026-03-08,2026-03-08T18:45:00.000Z,327,=,outgoing,1
71f98f4a-2ae7-46fb-a9ea-ad8ff3d47904,776,South Oʻahu: Kaʻalāwai (Black Point/Cromwells),21.2574,-157.7968,2026-03-08,2026-03-08T18:25:00.000Z,21,=,outgoing,0
6eff0d65-7ae8-40fb-a2f1-9fa6ab5a1fbc,981,South Oʻahu: Kaʻalāwai (Black Point-East),21.259798,-157.789825,2026-03-08,2026-03-08T18:10:00.000Z,10,<,outgoing,0
b3a75998-2919-4a12-8949-cc16792f2ca6,780,North Oʻahu: Pūpūkea tidepools,21.649846,-158.062988,2026-03-08,2026-03-08T17:55:00.000Z,20,=,outgoing,0
7726459f-c643-4d70-80c6-69dd4250e62c,9163,South Oʻahu: Hui Nalu Canoe Launch,21.28457,-157.71864,2026-03-08,2026-03-08T17:50:00.000Z,31,=,outgoing,0
4253f77c-1201-481b-9575-b9c110df48cf,1165,South Oʻahu: Wailupe Beach Park,21.27607,-157.76163,2026-03-08,2026-03-08T17:40:00.000Z,10,=,outgoing,0
fc2b81ac-aa1f-4e06-94a6-b5b70c1c84bb,979,East Oʻahu: Hakipuʻu Boat Ramp,21.506487,-157.85131,2026-03-08,2026-03-08T17:18:00.000Z,191,=,outgoing,1
18c5f236-7c19-467f-af06-1a605a50b4df,1197,North Oʻahu: Kaiaka Bay,21.5902778,-158.1191667,2026-03-08,2026-03-08T17:16:00.000Z,85,=,outgoing,0
21bdcf05-0882-4cb9-8ac3-fda1c2df1dc9,1195,North Oʻahu: Kahaone Place,21.58323,-158.1247,2026-03-08,2026-03-08T17:02:00.000Z,20,=,outgoing,0
9fd0b3ed-b170-4a1a-af0d-d54fc9567f3e,8894,East Oʻahu: Kailua Beach Park,21.397806,-157.726,2026-03-08,2026-03-08T17:00:00.000Z,31,=,outgoing,0
06eefcae-fdb7-41e7-8c31-add001da1ca1,906,East Oʻahu: South Kaneohe Bay,21.4259,-157.7656,2026-03-08,2026-03-08T16:48:00.000Z,10,=,outgoing,0
d5916a2b-7af5-4b15-a7a4-d35df3054e41,9164,South Oʻahu: Makalei Beach Park,21.25779,-157.81696,2026-03-08,2026-03-08T16:45:00.000Z,10,<,outgoing,0
7553cd93-868e-416f-b638-f6a8176fe15a,777,East Oʻahu: Kahaluʻu Beach,21.46011,-157.839571,2026-03-08,2026-03-08T16:40:00.000Z,638,=,outgoing,1
773bc54c-2ec2-4421-a1b3-e9f5f7e997b9,9165,South Oʻahu: Kaimana Beach,21.26483,-157.82168,2026-03-08,2026-03-08T16:30:00.000Z,10,<,outgoing,0
7550e375-6a99-43ba-978b-6eee20eb5b14,1196,East Oʻahu: Heʻeia Stream,21.44035,-157.809708,2026-03-08,2026-03-08T16:30:00.000Z,63,=,outgoing,0
6e0e002f-3cbc-4c35-a72c-583735e5931e,9045,East Oʻahu: Punaluʻu Stream Beach (Chings),21.579,-157.885,2026-03-08,2026-03-08T16:05:00.000Z,96,=,outgoing,0
f0398fc4-0f15-4f28-8fc5-88a2c84702ad,9046,East Oʻahu: Mākao,21.607,-157.906,2026-03-08,2026-03-08T15:55:00.000Z,210,=,outgoing,1
c0ead1ea-c96c-4ae7-9a16-c32c212cc5cd,8916,West Oʻahu: Pōkaʻi Bay- Inside,21.4415602,-158.1907114,2026-02-25,2026-02-25T16:25:00.000Z,112,=,outgoing,0
fb2b6ff9-cfbb-41ca-b769-1bd989b1397a,9016,West Oʻahu: Pililāʻau,21.448217,-158.192928,2026-02-25,2026-02-25T16:10:00.000Z,365,=,outgoing,1
0a726a46-b747-429b-92c0-55c30f57947b,8924,West Oʻahu: Kaupuni Stream,21.4487068,-158.1897632,2026-02-25,2026-02-25T16:00:00.000Z,439,=,outgoing,1
97e06758-e180-4e9f-9a9e-7ff778718e1e,858,South Oʻahu: Magic Island Bowls,21.282953,-157.845657,2026-02-22,2026-02-22T19:15:00.000Z,910,=,outgoing,1
cba719bb-68d5-4cf1-8610-9961a860306b,979,East Oʻahu: Hakipuʻu Boat Ramp,21.506487,-157.85131,2026-02-22,2026-02-22T19:09:00.000Z,11199,=,outgoing,1
adf02def-83c2-47b5-bf76-a994ea47681d,906,East Oʻahu: South Kaneohe Bay,21.4259,-157.7656,2026-02-22,2026-02-22T19:00:00.000Z,2489,=,outgoing,1
9c8d94d6-0f5b-4fd9-ad9b-5c1d24dfff9d,859,South Oʻahu: Magic Island Canoe Launch,21.28777,-157.844116,2026-02-22,2026-02-22T19:00:00.000Z,5475,=,outgoing,1
8b27f19d-3e21-4400-b798-67d008aaec86,991,East Oʻahu: Kaimalino,21.425185,-157.740142,2026-02-22,2026-02-22T19:00:00.000Z,1989,=,outgoing,1
14336660-4c2e-4dd0-9573-44a0b3745f9c,862,South Oʻahu: Kuliʻouʻou Stream,21.28369,-157.721654,2026-02-22,2026-02-22T18:40:00.000Z,2282,=,outgoing,1
1619959e-67d9-4ba7-833d-1acfd9fda087,779,North Oʻahu: Chocolates,21.59493,-158.103673,2026-02-22,2026-02-22T18:40:00.000Z,488,=,outgoing,1
7636657b-ad3e-4c2e-89fa-6f5fa24f1fb0,776,South Oʻahu: Kaʻalāwai (Black Point/Cromwells),21.2574,-157.7968,2026-02-22,2026-02-22T18:35:00.000Z,20,=,outgoing,0
e8001b33-dbd6-462d-95ef-e573aeda56e7,9083,East Oʻahu: Waimanalo Stream ,21.364982,-157.7102746,2026-02-22,2026-02-22T18:35:00.000Z,24196,>,outgoing,1
6a52de01-a400-4fb6-83ae-94e1d855a54a,981,South Oʻahu: Kaʻalāwai (Black Point-East),21.259798,-157.789825,2026-02-22,2026-02-22T18:25:00.000Z,226,=,outgoing,1
3eea3425-8858-432f-a7c7-3354ebc8231f,1165,South Oʻahu: Wailupe Beach Park,21.27607,-157.76163,2026-02-22,2026-02-22T18:10:00.000Z,108,=,outgoing,0
17f3300f-a931-46b5-b12c-bf798be28e14,780,North Oʻahu: Pūpūkea tidepools,21.649846,-158.062988,2026-02-22,2026-02-22T18:00:00.000Z,20,=,outgoing,0
1071b2c4-765f-4c7b-b95c-8f27a990d202,9163,South Oʻahu: Hui Nalu Canoe Launch,21.28457,-157.71864,2026-02-22,2026-02-22T17:55:00.000Z,15531,=,outgoing,1
de456646-f583-4163-a828-61deda99953a,9164,South Oʻahu: Makalei Beach Park,21.25779,-157.81696,2026-02-22,2026-02-22T17:00:00.000Z,20,=,incoming,0
75a60d60-f699-41fa-9542-fcffb7b36f35,8894,East Oʻahu: Kailua Beach Park,21.397806,-157.726,2026-02-22,2026-02-22T17:00:00.000Z,10,=,outgoing,0
2e1c8acf-c565-44ef-b173-b1ca0ceb58a0,1195,North Oʻahu: Kahaone Place,21.58323,-158.1247,2026-02-22,2026-02-22T16:50:00.000Z,2142,=,outgoing,1
92dfe7f9-73dc-4c81-a777-91ac607406ca,9165,South Oʻahu: Kaimana Beach,21.26483,-157.82168,2026-02-22,2026-02-22T16:45:00.000Z,10,<,incoming,0
5ede87fc-e99b-4d00-9a56-80509752b96c,1197,North Oʻahu: Kaiaka Bay,21.5902778,-158.1191667,2026-02-22,2026-02-22T16:42:00.000Z,4352,=,outgoing,1
b6afa68b-b385-43ef-8709-ee82de847e8d,1196,East Oʻahu: Heʻeia Stream,21.44035,-157.809708,2026-02-22,2026-02-22T16:30:00.000Z,5475,=,outgoing,1
1fe2173b-162f-4fa7-a198-e4afcf01a608,777,East Oʻahu: Kahaluʻu Beach,21.46011,-157.839571,2026-02-22,2026-02-22T16:20:00.000Z,5475,=,outgoing,1
f7a07842-b066-4bc5-8c11-35794bf02e3e,1164,East Oʻahu: Waiāhole Beach Park,21.483904,-157.844949,2026-02-22,2026-02-22T16:15:00.000Z,1372,=,outgoing,1
5e066aa0-83fc-4b4f-af0c-4629821f2ab4,9045,East Oʻahu: Punaluʻu Stream Beach (Chings),21.579,-157.885,2026-02-22,2026-02-22T16:05:00.000Z,882,=,outgoing,1
614ebc28-c937-4e6d-9811-56be8a1a4672,9046,East Oʻahu: Mākao,21.607,-157.906,2026-02-22,2026-02-22T16:00:00.000Z,5475,=,outgoing,1
41bd2f22-925e-46a0-ade6-29cc11619581,858,South Oʻahu: Magic Island Bowls,21.282953,-157.845657,2026-02-08,2026-02-08T19:15:00.000Z,1178,=,outgoing,1
f67fb1a3-5516-4d03-9f17-6be34b7fda8b,859,South Oʻahu: Magic Island Canoe Launch,21.28777,-157.844116,2026-02-08,2026-02-08T19:00:00.000Z,6867,=,outgoing,1
c46282c3-8460-4756-bbb2-ea444f480cc3,979,East Oʻahu: Hakipuʻu Boat Ramp,21.506487,-157.85131,2026-02-08,2026-02-08T18:55:00.000Z,17329,=,outgoing,1
6262712b-dd68-40ec-9823-8f396a4ebd33,1165,South Oʻahu: Wailupe Beach Park,21.27607,-157.76163,2026-02-08,2026-02-08T18:30:00.000Z,1500,=,outgoing,1
deaee3ee-cfa7-4ac9-9c81-8d7e22245074,779,North Oʻahu: Chocolates,21.59493,-158.103673,2026-02-08,2026-02-08T18:21:00.000Z,2064,=,outgoing,1
08e2d75b-313b-4972-b97d-3c50a4532457,862,South Oʻahu: Kuliʻouʻou Stream,21.28369,-157.721654,2026-02-08,2026-02-08T18:00:00.000Z,24196,=,outgoing,1
79be2e68-dcb2-480c-b6cc-861495de2f4b,780,North Oʻahu: Pūpūkea tidepools,21.649846,-158.062988,2026-02-08,2026-02-08T18:00:00.000Z,10,=,outgoing,0
347cd04d-9f3f-483a-85f9-43d801cf230c,1195,North Oʻahu: Kahaone Place,21.58323,-158.1247,2026-02-08,2026-02-08T17:42:00.000Z,631,=,outgoing,1
ec14485f-5407-4b40-a2b4-c07649be2932,9163,South Oʻahu: Hui Nalu Canoe Launch,21.28457,-157.71864,2026-02-08,2026-02-08T17:40:00.000Z,2755,=,outgoing,1
1d114601-bacf-4d9c-91d2-57a9e2f7d27c,1197,North Oʻahu: Kaiaka Bay,21.5902778,-158.1191667,2026-02-08,2026-02-08T17:30:00.000Z,2333,=,outgoing,1
f43e07d8-9dab-4d7d-b429-6bf289b1302d,776,South Oʻahu: Kaʻalāwai (Black Point/Cromwells),21.2574,-157.7968,2026-02-08,2026-02-08T17:25:00.000Z,10,<,outgoing,0
3aeaeb15-b925-4121-a837-e34227916338,9083,East Oʻahu: Waimanalo Stream ,21.364982,-157.7102746,2026-02-08,2026-02-08T17:15:00.000Z,10462,=,outgoing,1
f8569210-66d9-4357-86b4-987b176fe532,981,South Oʻahu: Kaʻalāwai (Black Point-East),21.259798,-157.789825,2026-02-08,2026-02-08T17:10:00.000Z,75,=,outgoing,0
e231ffdd-76d7-4932-8eb0-e504e12717a3,8894,East Oʻahu: Kailua Beach Park,21.397806,-157.726,2026-02-08,2026-02-08T17:10:00.000Z,733,=,outgoing,1
f8a80255-21a3-4b64-9d25-b10dee78438d,9164,South Oʻahu: Makalei Beach Park,21.25779,-157.81696,2026-02-08,2026-02-08T17:00:00.000Z,20,=,incoming,0
89e1669d-2dac-437c-aafd-c27187b2e07c,9165,South Oʻahu: Kaimana Beach,21.26483,-157.82168,2026-02-08,2026-02-08T16:50:00.000Z,97,=,incoming,0
29e4112b-3319-4ea2-8d81-4d12eea9c7e1,991,East Oʻahu: Kaimalino,21.425185,-157.740142,2026-02-08,2026-02-08T16:40:00.000Z,2247,=,,1
2200fdfa-fbc9-4fd2-807b-6f093b1f279b,1196,East Oʻahu: Heʻeia Stream,21.44035,-157.809708,2026-02-08,2026-02-08T16:30:00.000Z,1374,=,outgoing,1
017e0b5c-2ceb-42d5-920b-05e458ca30af,777,East Oʻahu: Kahaluʻu Beach,21.46011,-157.839571,2026-02-08,2026-02-08T16:25:00.000Z,24196,>,outgoing,1
d6017719-fc45-44e2-8c6b-2c2822291801,906,East Oʻahu: South Kaneohe Bay,21.4259,-157.7656,2026-02-08,2026-02-08T16:15:00.000Z,563,=,outgoing,1
2341fb1f-1ef2-432c-8b43-153dcd9dfaae,858,South Oʻahu: Magic Island Bowls,21.282953,-157.845657,2026-01-25,2026-01-25T19:15:00.000Z,31,=,outgoing,0
bc97b5c2-41fe-448f-93bc-c08dc0ca707c,859,South Oʻahu: Magic Island Canoe Launch,21.28777,-157.844116,2026-01-25,2026-01-25T19:00:00.000Z,144,=,outgoing,1
99360b24-99a5-4b18-9fc5-0cd0b2c6d7b4,991,East Oʻahu: Kaimalino,21.425185,-157.740142,2026-01-25,2026-01-25T19:00:00.000Z,350,=,outgoing,1
5970d2e0-4007-418f-bd17-c29509367c42,979,East Oʻahu: Hakipuʻu Boat Ramp,21.506487,-157.85131,2026-01-25,2026-01-25T18:47:00.000Z,712,=,outgoing,1
dbed7e48-5812-4534-96b5-934e9ac849e1,1165,South Oʻahu: Wailupe Beach Park,21.27607,-157.76163,2026-01-25,2026-01-25T18:40:00.000Z,10,<,outgoing,0
2e27d3f7-447e-4cc2-a902-83b300c3fa35,776,South Oʻahu: Kaʻalāwai (Black Point/Cromwells),21.2574,-157.7968,2026-01-25,2026-01-25T18:35:00.000Z,10,<,outgoing,0
0bdec448-8b40-4be9-b12a-3c38d50242d4,981,South Oʻahu: Kaʻalāwai (Black Point-East),21.259798,-157.789825,2026-01-25,2026-01-25T18:35:00.000Z,10,<,outgoing,0
b6f9e37a-863f-4db8-86ee-21053d802763,862,South Oʻahu: Kuliʻouʻou Stream,21.28369,-157.721654,2026-01-25,2026-01-25T18:05:00.000Z,3654,=,outgoing,1
be86682d-c46b-4f49-8b2d-1a319f2adb60,9163,South Oʻahu: Hui Nalu Canoe Launch,21.28457,-157.71864,2026-01-25,2026-01-25T17:50:00.000Z,10,<,outgoing,0
b859abc6-1701-47de-bb0a-743c992c6928,9165,South Oʻahu: Kaimana Beach,21.26483,-157.82168,2026-01-25,2026-01-25T17:45:00.000Z,10,=,incoming,0
dc227c15-3380-47d3-bf51-53d30cf346e1,9083,East Oʻahu: Waimanalo Stream ,21.364982,-157.7102746,2026-01-25,2026-01-25T17:20:00.000Z,836,=,outgoing,1
4f5c6b03-d566-40dc-b761-6eeb336b0c67,8894,East Oʻahu: Kailua Beach Park,21.397806,-157.726,2026-01-25,2026-01-25T17:00:00.000Z,30,=,outgoing,0
d961f8be-0074-4d02-a2d3-a6a6ac027420,777,East Oʻahu: Kahaluʻu Beach,21.46011,-157.839571,2026-01-25,2026-01-25T16:26:00.000Z,31,=,outgoing,0
301ebfc3-ab94-4f67-8521-b0d3ee36b856,9045,East Oʻahu: Punaluʻu Stream Beach (Chings),21.579,-157.885,2026-01-25,2026-01-25T16:10:00.000Z,110,=,incoming,0
4e4ca8b3-443e-4ecf-9ef8-6adc1e9b7adb,9046,East Oʻahu: Mākao,21.607,-157.906,2026-01-25,2026-01-25T16:00:00.000Z,31,=,incoming,0
75b714fc-c7bf-4499-b3eb-7ce656cc3f7e,906,East Oʻahu: South Kaneohe Bay,21.4259,-157.7656,2026-01-25,2026-01-25T15:40:00.000Z,63,=,outgoing,0
61b027b2-846a-40e5-bfde-2ebe46ee1786,858,South Oʻahu: Magic Island Bowls,21.282953,-157.845657,2026-01-11,2026-01-11T19:15:00.000Z,10,<,outgoing,0
44d76bdb-2305-4c46-a718-4dae81542f7d,776,South Oʻahu: Kaʻalāwai (Black Point/Cromwells),21.2574,-157.7968,2026-01-11,2026-01-11T19:10:00.000Z,10,<,outgoing,0
46e4062c-6af5-49c8-aac8-ab4498a3431f,991,East Oʻahu: Kaimalino,21.425185,-157.740142,2026-01-11,2026-01-11T19:00:00.000Z,209,=,outgoing,1
ae48d189-4288-464c-926a-392cb32d87fb,859,South Oʻahu: Magic Island Canoe Launch,21.28777,-157.844116,2026-01-11,2026-01-11T19:00:00.000Z,146,=,incoming,1
df9afe96-8581-4793-9224-24897258f302,981,South Oʻahu: Kaʻalāwai (Black Point-East),21.259798,-157.789825,2026-01-11,2026-01-11T18:55:00.000Z,10,<,outgoing,0
92a8577b-8859-4317-8bec-6fe919acf412,1195,North Oʻahu: Kahaone Place,21.58323,-158.1247,2026-01-11,2026-01-11T18:45:00.000Z,20,=,outgoing,0
7cbd7dd1-cfb8-43af-beac-e308def7435e,1165,South Oʻahu: Wailupe Beach Park,21.27607,-157.76163,2026-01-11,2026-01-11T18:45:00.000Z,10,=,incoming,0
f1dbf275-a047-492b-8259-043e92135a14,1197,North Oʻahu: Kaiaka Bay,21.5902778,-158.1191667,2026-01-11,2026-01-11T18:30:00.000Z,10,<,,0
34665df3-7cea-4c48-9af7-1fa25626c08a,979,East Oʻahu: Hakipuʻu Boat Ramp,21.506487,-157.85131,2026-01-11,2026-01-11T18:27:00.000Z,450,=,outgoing,1
6ce0efc9-8079-4f6a-b1aa-c0126254ca08,9083,East Oʻahu: Waimanalo Stream ,21.364982,-157.7102746,2026-01-11,2026-01-11T18:20:00.000Z,906,=,incoming,1
5704c0fa-de88-4a10-9cb8-a4c9cade68c5,779,North Oʻahu: Chocolates,21.59493,-158.103673,2026-01-11,2026-01-11T18:15:00.000Z,216,=,,1
09c08656-29f5-48b2-9ee8-e7e090fcc23e,862,South Oʻahu: Kuliʻouʻou Stream,21.28369,-157.721654,2026-01-11,2026-01-11T18:15:00.000Z,8164,=,incoming,1
4651ca40-8784-46bc-a65e-8288140a6e73,9163,South Oʻahu: Hui Nalu Canoe Launch,21.28457,-157.71864,2026-01-11,2026-01-11T17:50:00.000Z,30,=,incoming,0
f3728935-31a3-474b-830c-b584190772a8,780,North Oʻahu: Pūpūkea tidepools,21.649846,-158.062988,2026-01-11,2026-01-11T17:40:00.000Z,86,=,outgoing,0
6e9b0d0f-8e59-4b0f-a542-323a8c1ec56e,906,East Oʻahu: South Kaneohe Bay,21.4259,-157.7656,2026-01-11,2026-01-11T17:30:00.000Z,175,=,outgoing,1
4b674398-b90f-4017-a1f5-32e409f529f8,9164,South Oʻahu: Makalei Beach Park,21.25779,-157.81696,2026-01-11,2026-01-11T17:15:00.000Z,10,<,incoming,0
25bb49e7-b317-4d12-aa37-55ad1d03ba15,8894,East Oʻahu: Kailua Beach Park,21.397806,-157.726,2026-01-11,2026-01-11T17:00:00.000Z,10,=,outgoing,0
2858626b-645d-4324-97c7-35e819ef8de7,9165,South Oʻahu: Kaimana Beach,21.26483,-157.82168,2026-01-11,2026-01-11T16:45:00.000Z,10,<,incoming,0
20ab24b2-29be-4e4c-8f45-f682f74d7fbd,777,East Oʻahu: Kahaluʻu Beach,21.46011,-157.839571,2026-01-11,2026-01-11T16:23:00.000Z,908,=,outgoing,1
8aea8b3c-096e-41d4-bcaf-b4a7033dc708,8916,West Oʻahu: Pōkaʻi Bay- Inside,21.4415602,-158.1907114,2026-01-08,2026-01-08T16:15:00.000Z,10,<,incoming,0
2e755b45-895a-40ca-a295-0ae651fb6631,8915,West Oʻahu: Pōkaʻi Bay- outside,21.4410874,-158.1908961,2026-01-08,2026-01-08T16:15:00.000Z,20,=,incoming,0
2bc999ef-9f85-49c4-885d-117d267bb63d,9016,West Oʻahu: Pililāʻau,21.448217,-158.192928,2026-01-08,2026-01-08T15:40:00.000Z,41,=,incoming,0
f49ea8ee-cd49-4024-84b0-3df1f0b21a1f,8924,West Oʻahu: Kaupuni Stream,21.4487068,-158.1897632,2026-01-08,2026-01-08T15:30:00.000Z,241,=,incoming,1
878975e8-9389-4b3e-a873-fd7f740d685a,859,South Oʻahu: Magic Island Canoe Launch,21.28777,-157.844116,2025-12-14,2025-12-14T19:15:00.000Z,24196,>,incoming,1
08d4bfe5-9a52-4c70-bfeb-979e9c31e124,776,South Oʻahu: Kaʻalāwai (Black Point/Cromwells),21.2574,-157.7968,2025-12-14,2025-12-14T19:00:00.000Z,10,=,incoming,0
b6c2736e-0e9b-4d63-96d3-c96eaa0b1572,979,East Oʻahu: Hakipuʻu Boat Ramp,21.506487,-157.85131,2025-12-14,2025-12-14T19:00:00.000Z,14136,=,incoming,1
63441cd7-24e5-41f6-90dd-43af6a06a39c,858,South Oʻahu: Magic Island Bowls,21.282953,-157.845657,2025-12-14,2025-12-14T19:00:00.000Z,12033,=,incoming,1
b2824b88-2300-4e2e-902c-a64ade2c112f,1165,South Oʻahu: Wailupe Beach Park,21.27607,-157.76163,2025-12-14,2025-12-14T18:45:00.000Z,31,=,incoming,0
42033862-93a1-464b-ba25-b46b52f812f4,779,North Oʻahu: Chocolates,21.59493,-158.103673,2025-12-14,2025-12-14T18:30:00.000Z,1989,=,outgoing,1
bec5a9a1-899c-4ba4-957f-e52206d3a93c,981,South Oʻahu: Kaʻalāwai (Black Point-East),21.259798,-157.789825,2025-12-14,2025-12-14T18:28:00.000Z,74,=,incoming,0
42127ad1-dfb8-4419-82b2-3091c48fcfca,780,North Oʻahu: Pūpūkea tidepools,21.649846,-158.062988,2025-12-14,2025-12-14T18:15:00.000Z,10,<,outgoing,0
43f15f36-ae3a-4e7f-846d-74b3ff1015b4,991,East Oʻahu: Kaimalino,21.425185,-157.740142,2025-12-14,2025-12-14T18:00:00.000Z,1467,=,incoming,1
5edc2d63-7fd8-4147-aa45-4246e034b429,8894,East Oʻahu: Kailua Beach Park,21.397806,-157.726,2025-12-14,2025-12-14T18:00:00.000Z,10,<,,0
f9cc0c75-48c9-4808-93bb-6d9d1b48ac64,862,South Oʻahu: Kuliʻouʻou Stream,21.28369,-157.721654,2025-12-14,2025-12-14T17:35:00.000Z,24196,>,incoming,1
47b08888-d322-4fa7-9693-f82af3d48343,1197,North Oʻahu: Kaiaka Bay,21.5902778,-158.1191667,2025-12-14,2025-12-14T17:35:00.000Z,457,=,incoming,1
a444a0fb-268a-429c-920d-d3f03e000e07,777,East Oʻahu: Kahaluʻu Beach,21.46011,-157.839571,2025-12-14,2025-12-14T17:26:00.000Z,17329,=,incoming,1
109ef2fe-5f30-4321-b1ea-c85cdc77a68f,1195,North Oʻahu: Kahaone Place,21.58323,-158.1247,2025-12-14,2025-12-14T17:24:00.000Z,63,=,incoming,0
461d7bb3-04c3-4292-92cf-4755de788009,9083,East Oʻahu: Waimanalo Stream ,21.364982,-157.7102746,2025-12-14,2025-12-14T17:20:00.000Z,98,=,incoming,0
515b8435-2d5d-4936-a710-779bcfc49221,1164,East Oʻahu: Waiāhole Beach Park,21.483904,-157.844949,2025-12-14,2025-12-14T17:20:00.000Z,1616,=,incoming,1
512d5432-2197-469c-9039-c0f7749fbae9,906,East Oʻahu: South Kaneohe Bay,21.4259,-157.7656,2025-12-14,2025-12-14T17:04:00.000Z,228,=,incoming,1
9694d293-c3a9-4208-ac4c-10baaeca29e2,9163,South Oʻahu: Hui Nalu Canoe Launch,21.28457,-157.71864,2025-12-14,2025-12-14T17:00:00.000Z,108,=,incoming,0
a07c34b8-a63d-4033-86e2-f9bfb9a497f7,9046,East Oʻahu: Mākao,21.607,-157.906,2025-12-14,2025-12-14T16:50:00.000Z,2755,=,incoming,1
7c056b5d-0a25-4c45-9864-4c3a7e79760c,9164,South Oʻahu: Makalei Beach Park,21.25779,-157.81696,2025-12-14,2025-12-14T16:45:00.000Z,10,<,outgoing,0
a3dda0ce-41d8-449e-939d-0601fce16dcf,9165,South Oʻahu: Kaimana Beach,21.26483,-157.82168,2025-12-14,2025-12-14T16:20:00.000Z,10,=,outgoing,0
d0d690b3-765f-4dcd-8929-f3f9ba57d03c,8915,West Oʻahu: Pōkaʻi Bay- outside,21.4410874,-158.1908961,2025-12-11,2025-12-11T16:50:00.000Z,20,=,incoming,0
ad83bffe-ff8d-4559-abb3-985c6c734e85,8916,West Oʻahu: Pōkaʻi Bay- Inside,21.4415602,-158.1907114,2025-12-11,2025-12-11T16:35:00.000Z,61,=,incoming,0
d1d15b19-6788-4797-9910-4b323270147f,9016,West Oʻahu: Pililāʻau,21.448217,-158.192928,2025-12-11,2025-12-11T16:25:00.000Z,41,=,incoming,0
5d1df753-3970-4015-88aa-550f33228515,8924,West Oʻahu: Kaupuni Stream,21.4487068,-158.1897632,2025-12-11,2025-12-11T16:10:00.000Z,4786,=,incoming,1
9fbe9d96-6b48-4417-be70-574ca3916cb2,858,South Oʻahu: Magic Island Bowls,21.282953,-157.845657,2025-11-30,2025-11-30T19:20:00.000Z,10,=,incoming,0
d21efea8-4ead-4b0d-82c6-7b5530d0af6e,859,South Oʻahu: Magic Island Canoe Launch,21.28777,-157.844116,2025-11-30,2025-11-30T19:15:00.000Z,20,=,incoming,0
15ba8196-e6da-4fb4-8c0d-22ebc679b18b,779,North Oʻahu: Chocolates,21.59493,-158.103673,2025-11-30,2025-11-30T19:00:00.000Z,171,=,outgoing,1
cc6a5f5a-60eb-45e5-94a6-181412e669a5,1165,South Oʻahu: Wailupe Beach Park,21.27607,-157.76163,2025-11-30,2025-11-30T18:40:00.000Z,10,<,incoming,0
7b1f61f6-5399-4a8f-b76e-4358dfefd116,862,South Oʻahu: Kuliʻouʻou Stream,21.28369,-157.721654,2025-11-30,2025-11-30T18:00:00.000Z,63,=,incoming,0
2ebe9bf3-2354-4d6c-b60c-16112e9763f9,9163,South Oʻahu: Hui Nalu Canoe Launch,21.28457,-157.71864,2025-11-30,2025-11-30T17:45:00.000Z,41,=,incoming,0
abfb7a17-fb92-402e-b854-db6f7c2f85b9,1197,North Oʻahu: Kaiaka Bay,21.5902778,-158.1191667,2025-11-30,2025-11-30T17:35:00.000Z,41,=,incoming,0
c0e16e2b-8d74-4b3b-b846-f587b53a6cab,1195,North Oʻahu: Kahaone Place,21.58323,-158.1247,2025-11-30,2025-11-30T17:23:00.000Z,31,=,incoming,0
499bb31b-e993-4522-a579-47d0a2c79e6f,9083,East Oʻahu: Waimanalo Stream ,21.364982,-157.7102746,2025-11-30,2025-11-30T17:10:00.000Z,74,=,incoming,0
c3c14e82-294d-4bf3-a5ce-d6b53067f4d0,8894,East Oʻahu: Kailua Beach Park,21.397806,-157.726,2025-11-30,2025-11-30T17:00:00.000Z,10,<,outgoing,0
0968b5e9-ea00-4668-91fa-19a35d3b29cb,991,East Oʻahu: Kaimalino,21.425185,-157.740142,2025-11-30,2025-11-30T16:30:00.000Z,10,<,incoming,0
866874b4-eae7-4dfd-ab92-b1f2ca3c1f1d,777,East Oʻahu: Kahaluʻu Beach,21.46011,-157.839571,2025-11-30,2025-11-30T16:25:00.000Z,121,=,incoming,0
d7e104f0-0543-448e-9faf-368ec1bdd9b5,906,East Oʻahu: South Kaneohe Bay,21.4259,-157.7656,2025-11-30,2025-11-30T15:53:00.000Z,31,=,incoming,0
329c754b-4c22-4e64-8bef-0ba96306168e,858,South Oʻahu: Magic Island Bowls,21.282953,-157.845657,2025-11-16,2025-11-16T19:15:00.000Z,10,<,incoming,0
b3c107a6-8763-4d8d-a824-2178e3e08b31,859,South Oʻahu: Magic Island Canoe Launch,21.28777,-157.844116,2025-11-16,2025-11-16T19:00:00.000Z,31,=,incoming,0
d4199371-1570-4824-8cdb-17638548c9cd,779,North Oʻahu: Chocolates,21.59493,-158.103673,2025-11-16,2025-11-16T18:45:00.000Z,160,=,incoming,1
d5a9929c-10a5-4680-b9e0-b761a9756db8,1165,South Oʻahu: Wailupe Beach Park,21.27607,-157.76163,2025-11-16,2025-11-16T18:45:00.000Z,10,=,incoming,0
1a60f1db-4df9-4e0e-a53c-3c6d83ad2f25,9083,East Oʻahu: Waimanalo Stream ,21.364982,-157.7102746,2025-11-16,2025-11-16T18:35:00.000Z,121,=,incoming,0
6c003343-ed60-44b4-ac0b-90be4e5949d0,979,East Oʻahu: Hakipuʻu Boat Ramp,21.506487,-157.85131,2025-11-16,2025-11-16T18:30:00.000Z,74,=,high,0
4c3d2ccc-8307-4d5b-9aed-17ebe8bc51a6,862,South Oʻahu: Kuliʻouʻou Stream,21.28369,-157.721654,2025-11-16,2025-11-16T18:00:00.000Z,805,=,incoming,1
c6fb3d30-9252-4748-83c8-907571b17563,780,North Oʻahu: Pūpūkea tidepools,21.649846,-158.062988,2025-11-16,2025-11-16T18:00:00.000Z,10,<,incoming,0
c1177f24-bb0e-40f7-8d96-644891de8ee2,9163,South Oʻahu: Hui Nalu Canoe Launch,21.28457,-157.71864,2025-11-16,2025-11-16T17:45:00.000Z,40,=,incoming,0
e4025341-fcff-4e8e-b456-0d7de81be62d,8894,East Oʻahu: Kailua Beach Park,21.397806,-157.726,2025-11-16,2025-11-16T17:00:00.000Z,146,=,incoming,1
af0ce827-97a8-406d-a1e9-1ac30ea69d11,1197,North Oʻahu: Kaiaka Bay,21.5902778,-158.1191667,2025-11-16,2025-11-16T17:00:00.000Z,160,=,incoming,1
1a2dcbc2-9355-4169-a664-31f7add9283b,9165,South Oʻahu: Kaimana Beach,21.26483,-157.82168,2025-11-16,2025-11-16T17:00:00.000Z,10,<,outgoing,0
986316d1-7f7f-4ee9-bb37-d81edc8db664,991,East Oʻahu: Kaimalino,21.425185,-157.740142,2025-11-16,2025-11-16T16:50:00.000Z,10,<,outgoing,0
694b5f11-ea95-4fa5-99e1-ba11189560f4,1195,North Oʻahu: Kahaone Place,21.58323,-158.1247,2025-11-16,2025-11-16T16:46:00.000Z,10,<,incoming,0
80feae09-6f94-4c07-bd3b-b771a2dfab3a,9164,South Oʻahu: Makalei Beach Park,21.25779,-157.81696,2025-11-16,2025-11-16T16:45:00.000Z,10,<,outgoing,0
82648846-5862-4e18-9783-345569704f22,1196,East Oʻahu: Heʻeia Stream,21.44035,-157.809708,2025-11-16,2025-11-16T16:30:00.000Z,135,=,outgoing,1
cb4c43d6-b9bb-456f-946d-db13ba61a94d,1164,East Oʻahu: Waiāhole Beach Park,21.483904,-157.844949,2025-11-16,2025-11-16T16:25:00.000Z,189,=,incoming,1
21efb96e-42ed-4172-834d-1793dcc90f71,777,East Oʻahu: Kahaluʻu Beach,21.46011,-157.839571,2025-11-16,2025-11-16T16:23:00.000Z,24196,>,outgoing,1
1b494902-b73c-4e70-8072-d7e27d3cd4a3,9045,East Oʻahu: Punaluʻu Stream Beach (Chings),21.579,-157.885,2025-11-16,2025-11-16T16:05:00.000Z,238,=,outgoing,1
a033818f-72b8-4e22-8aaf-9ea6a2e130d0,9046,East Oʻahu: Mākao,21.607,-157.906,2025-11-16,2025-11-16T15:50:00.000Z,10,=,outgoing,0
4e8ce074-4dfe-496d-987f-aca7ac4d66a2,906,East Oʻahu: South Kaneohe Bay,21.4259,-157.7656,2025-11-16,2025-11-16T15:18:00.000Z,20,=,outgoing,0
09b88d68-9577-48a4-8985-020b66884ca0,8915,West Oʻahu: Pōkaʻi Bay- outside,21.4410874,-158.1908961,2025-11-06,2025-11-06T16:30:00.000Z,10,=,outgoing,0
ed323dc1-4533-45d9-9ea1-e210ae856484,8916,West Oʻahu: Pōkaʻi Bay- Inside,21.4415602,-158.1907114,2025-11-06,2025-11-06T16:10:00.000Z,20,=,outgoing,0
de19f4b9-a2b8-418b-83ff-07f0803954fa,9016,West Oʻahu: Pililāʻau,21.448217,-158.192928,2025-11-06,2025-11-06T16:00:00.000Z,10,<,outgoing,0
3da7e31d-39f7-4848-800d-afcdfe4a6a63,8924,West Oʻahu: Kaupuni Stream,21.4487068,-158.1897632,2025-11-06,2025-11-06T15:45:00.000Z,528,=,outgoing,1
636377de-58c2-48f2-8b04-c8608cb44563,859,South Oʻahu: Magic Island Canoe Launch,21.28777,-157.844116,2025-11-02,2025-11-02T19:15:00.000Z,74,=,incoming,0
9cde43f2-0c38-42a0-be62-b5e1d001a4a3,858,South Oʻahu: Magic Island Bowls,21.282953,-157.845657,2025-11-02,2025-11-02T19:15:00.000Z,10,<,incoming,0
448df2c2-4f54-4fd6-be08-073772fc26ab,991,East Oʻahu: Kaimalino,21.425185,-157.740142,2025-11-02,2025-11-02T19:00:00.000Z,30,=,outgoing,0
338bfd99-3612-4fc7-9501-b2813c0c81d9,1165,South Oʻahu: Wailupe Beach Park,21.27607,-157.76163,2025-11-02,2025-11-02T18:40:00.000Z,10,<,incoming,0
1a2a3624-7dfd-4890-a810-70bde27d6aa7,779,North Oʻahu: Chocolates,21.59493,-158.103673,2025-11-02,2025-11-02T18:40:00.000Z,52,=,incoming,0
dd9c3e9e-bbf2-4c97-95f9-0553642005ed,9163,South Oʻahu: Hui Nalu Canoe Launch,21.28457,-157.71864,2025-11-02,2025-11-02T18:35:00.000Z,86,=,incoming,0
f9cf533e-e066-4708-9f53-ffafeaa3ebfc,979,East Oʻahu: Hakipuʻu Boat Ramp,21.506487,-157.85131,2025-11-02,2025-11-02T18:26:00.000Z,19863,=,incoming,1
9458403a-960b-4167-9368-754151f5ce8f,780,North Oʻahu: Pūpūkea tidepools,21.649846,-158.062988,2025-11-02,2025-11-02T18:20:00.000Z,63,=,incoming,0
26199576-01f8-401f-a87b-22eae85d48b1,862,South Oʻahu: Kuliʻouʻou Stream,21.28369,-157.721654,2025-11-02,2025-11-02T18:05:00.000Z,24196,>,incoming,1
07dd5765-67a2-43ef-8131-bf3efd1274f7,9083,East Oʻahu: Waimanalo Stream ,21.364982,-157.7102746,2025-11-02,2025-11-02T17:35:00.000Z,52,=,incoming,0
6063b586-7129-470a-8695-232aa5be51ab,1195,North Oʻahu: Kahaone Place,21.58323,-158.1247,2025-11-02,2025-11-02T17:24:00.000Z,10,=,incoming,0
48104da7-ef6c-4bd8-a654-2f525df7484d,9164,South Oʻahu: Makalei Beach Park,21.25779,-157.81696,2025-11-02,2025-11-02T17:10:00.000Z,10,<,outgoing,0
97239cfe-7f89-47fd-9020-4fd7214382ab,1197,North Oʻahu: Kaiaka Bay,21.5902778,-158.1191667,2025-11-02,2025-11-02T17:00:00.000Z,10,<,incoming,0
5f203d35-9dc6-4a35-ae75-aa946e5d62eb,8894,East Oʻahu: Kailua Beach Park,21.397806,-157.726,2025-11-02,2025-11-02T17:00:00.000Z,10,<,incoming,0
93745350-19dc-43c9-9b1f-723b091ea385,9165,South Oʻahu: Kaimana Beach,21.26483,-157.82168,2025-11-02,2025-11-02T16:50:00.000Z,10,<,outgoing,0
bffc16f4-260c-409d-a595-181d4654e250,1196,East Oʻahu: Heʻeia Stream,21.44035,-157.809708,2025-11-02,2025-11-02T16:30:00.000Z,481,=,incoming,1
de7bb59a-31eb-4fd2-a95f-775be2bcb669,1164,East Oʻahu: Waiāhole Beach Park,21.483904,-157.844949,2025-11-02,2025-11-02T16:30:00.000Z,246,=,incoming,1
c22562e0-cb1b-480a-b8bf-dd54c5a08c89,777,East Oʻahu: Kahaluʻu Beach,21.46011,-157.839571,2025-11-02,2025-11-02T16:23:00.000Z,594,=,incoming,1
44527c1e-cc98-4f3f-84a5-19f5e3003610,9045,East Oʻahu: Punaluʻu Stream Beach (Chings),21.579,-157.885,2025-11-02,2025-11-02T16:10:00.000Z,187,=,incoming,1
6ed09375-1a31-421a-b959-4528d4c52169,9046,East Oʻahu: Mākao,21.607,-157.906,2025-11-02,2025-11-02T15:55:00.000Z,10,=,incoming,0
a54f9ce5-62ea-4273-98f4-c37a9182efe2,906,East Oʻahu: South Kaneohe Bay,21.4259,-157.7656,2025-11-02,2025-11-02T15:10:00.000Z,85,=,outgoing,0
1cbbf636-91f9-4443-b2a1-cc6929ce22af,858,South Oʻahu: Magic Island Bowls,21.282953,-157.845657,2025-10-19,2025-10-19T19:15:00.000Z,41,=,outgoing,0
bb798303-f313-4106-ad09-a3bcdc0f1f7b,859,South Oʻahu: Magic Island Canoe Launch,21.28777,-157.844116,2025-10-19,2025-10-19T19:00:00.000Z,30,=,outgoing,0
fce7bcc9-8217-4f14-b428-1934a9b948e2,991,East Oʻahu: Kaimalino,21.425185,-157.740142,2025-10-19,2025-10-19T19:00:00.000Z,10,<,outgoing,0
3837f404-5ad7-45b7-9035-087d62706921,1165,South Oʻahu: Wailupe Beach Park,21.27607,-157.76163,2025-10-19,2025-10-19T18:40:00.000Z,30,=,incoming,0
cee29953-ad01-4d70-ab6e-5accb3997c9d,779,North Oʻahu: Chocolates,21.59493,-158.103673,2025-10-19,2025-10-19T18:35:00.000Z,41,=,outgoing,0
ca212043-0282-42a2-a322-6a3fc671712c,9163,South Oʻahu: Hui Nalu Canoe Launch,21.28457,-157.71864,2025-10-19,2025-10-19T18:35:00.000Z,30,=,incoming,0
fe0472cf-497b-4e82-881c-01f48dd70ad1,979,East Oʻahu: Hakipuʻu Boat Ramp,21.506487,-157.85131,2025-10-19,2025-10-19T18:21:00.000Z,2382,=,outgoing,1
15a4bcd9-a799-412a-9c1e-e121764ae80c,780,North Oʻahu: Pūpūkea tidepools,21.649846,-158.062988,2025-10-19,2025-10-19T18:05:00.000Z,10,<,incoming,0
f533a2b6-4278-430d-837d-32725722a371,862,South Oʻahu: Kuliʻouʻou Stream,21.28369,-157.721654,2025-10-19,2025-10-19T18:00:00.000Z,448,=,incoming,1
fe0e085e-73e5-41ff-a929-bfd5fc6ce3ea,1197,North Oʻahu: Kaiaka Bay,21.5902778,-158.1191667,2025-10-19,2025-10-19T17:50:00.000Z,10,<,outgoing,0
36399ac2-b7d0-4058-991c-b92c95a7da4f,1195,North Oʻahu: Kahaone Place,21.58323,-158.1247,2025-10-19,2025-10-19T17:30:00.000Z,10,<,outgoing,0
147dafa3-21ab-4724-b1e2-3610cdab21a4,9083,East Oʻahu: Waimanalo Stream ,21.364982,-157.7102746,2025-10-19,2025-10-19T17:20:00.000Z,10,<,incoming,0
1dd326de-049b-4f02-9ba6-c18f8cb0dd97,9164,South Oʻahu: Makalei Beach Park,21.25779,-157.81696,2025-10-19,2025-10-19T17:10:00.000Z,10,=,outgoing,0
62564251-af6e-473e-8ed9-53e663e59bec,8894,East Oʻahu: Kailua Beach Park,21.397806,-157.726,2025-10-19,2025-10-19T16:50:00.000Z,20,=,outgoing,0
77baafbe-d5b9-4c73-b62a-b1897725f3c9,9165,South Oʻahu: Kaimana Beach,21.26483,-157.82168,2025-10-19,2025-10-19T16:50:00.000Z,10,=,outgoing,0
c237be10-2fb7-4f24-bd10-e4ee0145d5f3,1196,East Oʻahu: Heʻeia Stream,21.44035,-157.809708,2025-10-19,2025-10-19T16:30:00.000Z,86,=,outgoing,0
c3c36e77-fa2f-4387-bafa-b6c750547e35,1164,East Oʻahu: Waiāhole Beach Park,21.483904,-157.844949,2025-10-19,2025-10-19T16:25:00.000Z,52,=,outgoing,0
bacd194f-756b-4c9b-9831-c974ec0a5555,777,East Oʻahu: Kahaluʻu Beach,21.46011,-157.839571,2025-10-19,2025-10-19T16:25:00.000Z,1850,=,outgoing,1
7c2c5ba8-7048-4293-9b1f-54f37337c68f,9045,East Oʻahu: Punaluʻu Stream Beach (Chings),21.579,-157.885,2025-10-19,2025-10-19T16:00:00.000Z,292,=,outgoing,1
19e33bdb-86fd-4dba-990b-7c236b29eba4,9046,East Oʻahu: Mākao,21.607,-157.906,2025-10-19,2025-10-19T15:50:00.000Z,10,<,outgoing,0
26e19c03-971c-4d89-a3c6-365950a80d5f,906,East Oʻahu: South Kaneohe Bay,21.4259,-157.7656,2025-10-19,2025-10-19T15:45:00.000Z,41,=,outgoing,0
90ebb03e-80a5-4b19-982c-b78e36006c9e,1165,South Oʻahu: Wailupe Beach Park,21.27607,-157.76163,2025-10-05,2025-10-05T19:45:00.000Z,10,=,incoming,0
8320fb04-8c69-49ab-b9da-f92fcde22f6f,858,South Oʻahu: Magic Island Bowls,21.282953,-157.845657,2025-10-05,2025-10-05T19:15:00.000Z,10,<,incoming,0
421cd04b-35d6-42a2-b7d2-0ae7a47ff63c,991,East Oʻahu: Kaimalino,21.425185,-157.740142,2025-10-05,2025-10-05T19:00:00.000Z,20,=,outgoing,0
cdc24d3e-1853-4f5c-bbe9-a0b40058abb6,859,South Oʻahu: Magic Island Canoe Launch,21.28777,-157.844116,2025-10-05,2025-10-05T19:00:00.000Z,10,=,incoming,0
2680f481-aab5-4212-a033-b582ba7cc01a,779,North Oʻahu: Chocolates,21.59493,-158.103673,2025-10-05,2025-10-05T18:40:00.000Z,63,=,incoming,0
950f9f63-5322-411e-a4e2-4af2d44e826d,9163,South Oʻahu: Hui Nalu Canoe Launch,21.28457,-157.71864,2025-10-05,2025-10-05T18:35:00.000Z,20,=,incoming,0
007f43cd-9f41-438c-9ab5-47cb3a898533,1197,North Oʻahu: Kaiaka Bay,21.5902778,-158.1191667,2025-10-05,2025-10-05T18:30:00.000Z,10,<,incoming,0
faa898bd-bbd8-47c3-b1e8-2ac16b22f47e,1195,North Oʻahu: Kahaone Place,21.58323,-158.1247,2025-10-05,2025-10-05T18:21:00.000Z,20,=,incoming,0
ec712b53-c083-48d2-af97-2c8f3bb5b27e,780,North Oʻahu: Pūpūkea tidepools,21.649846,-158.062988,2025-10-05,2025-10-05T18:15:00.000Z,323,=,incoming,1
b57b1cdf-861a-486f-abaf-444fa43aded0,862,South Oʻahu: Kuliʻouʻou Stream,21.28369,-157.721654,2025-10-05,2025-10-05T18:00:00.000Z,256,=,incoming,1
56dcec99-6a36-46b8-bf59-db696701958b,979,East Oʻahu: Hakipuʻu Boat Ramp,21.506487,-157.85131,2025-10-05,2025-10-05T17:48:00.000Z,488,=,incoming,1
7413605d-d21c-4694-b7ef-fcc16873c2f3,9083,East Oʻahu: Waimanalo Stream ,21.364982,-157.7102746,2025-10-05,2025-10-05T17:25:00.000Z,20,=,incoming,0
20999f5a-c4f5-490d-9c3e-23490acee821,9164,South Oʻahu: Makalei Beach Park,21.25779,-157.81696,2025-10-05,2025-10-05T17:10:00.000Z,10,<,outgoing,0
a0a00250-ce75-41cc-95c3-48e8339b666a,8894,East Oʻahu: Kailua Beach Park,21.397806,-157.726,2025-10-05,2025-10-05T17:00:00.000Z,10,<,outgoing,0
dfdeac5d-860c-4880-bcc7-066d1ec85064,9165,South Oʻahu: Kaimana Beach,21.26483,-157.82168,2025-10-05,2025-10-05T16:50:00.000Z,10,<,outgoing,0
dde0acd2-8787-4085-bc7a-5d306de5768d,1164,East Oʻahu: Waiāhole Beach Park,21.483904,-157.844949,2025-10-05,2025-10-05T16:30:00.000Z,52,=,outgoing,0
90f91ade-6ef7-40a6-846a-46efbf3b1214,777,East Oʻahu: Kahaluʻu Beach,21.46011,-157.839571,2025-10-05,2025-10-05T16:21:00.000Z,1081,=,outgoing,1
7967817e-1458-4e36-a4d4-1b115e12f676,9046,East Oʻahu: Mākao,21.607,-157.906,2025-10-05,2025-10-05T16:00:00.000Z,10,<,outgoing,0
e10c6362-1f5f-45b3-9810-ac69d304d444,9045,East Oʻahu: Punaluʻu Stream Beach (Chings),21.579,-157.885,2025-10-05,2025-10-05T16:00:00.000Z,471,=,outgoing,1
59ee3f01-31b8-449a-a478-1056cdf39f99,906,East Oʻahu: South Kaneohe Bay,21.4259,-157.7656,2025-10-05,2025-10-05T15:35:00.000Z,2909,=,outgoing,1
7b90d484-89c9-4b47-ac29-e033c2ebf6dd,8915,West Oʻahu: Pōkaʻi Bay- outside,21.4410874,-158.1908961,2025-09-24,2025-09-24T18:55:00.000Z,10,<,outgoing,0
14f961cd-b88a-44bb-b321-47a0f7dce2a7,8916,West Oʻahu: Pōkaʻi Bay- Inside,21.4415602,-158.1907114,2025-09-24,2025-09-24T18:50:00.000Z,10,<,outgoing,0
84b7d218-ec9b-4920-9959-e1565b55cec5,9016,West Oʻahu: Pililāʻau,21.448217,-158.192928,2025-09-24,2025-09-24T18:35:00.000Z,52,=,outgoing,0
a466200a-f000-4769-bc53-9e91d4a9923f,8924,West Oʻahu: Kaupuni Stream,21.4487068,-158.1897632,2025-09-24,2025-09-24T18:30:00.000Z,320,=,outgoing,1
c85a88ed-5637-4a7f-867e-1d49cd446ff5,858,South Oʻahu: Magic Island Bowls,21.282953,-157.845657,2025-09-21,2025-09-21T19:15:00.000Z,10,=,outgoing,0
be089345-9656-4a56-92f9-506d04eca62a,859,South Oʻahu: Magic Island Canoe Launch,21.28777,-157.844116,2025-09-21,2025-09-21T19:00:00.000Z,30,=,outgoing,0
12c29f8c-597a-4f30-950f-89cf823dadbb,779,North Oʻahu: Chocolates,21.59493,-158.103673,2025-09-21,2025-09-21T18:35:00.000Z,98,=,outgoing,0
3a1dc259-198a-4e6f-8af9-46bde8d7f17a,9163,South Oʻahu: Hui Nalu Canoe Launch,21.28457,-157.71864,2025-09-21,2025-09-21T18:35:00.000Z,10,=,outgoing,0
c9904996-296d-4a93-9d1d-ea581afdc060,1165,South Oʻahu: Wailupe Beach Park,21.27607,-157.76163,2025-09-21,2025-09-21T18:30:00.000Z,10,<,outgoing,0
367799af-42fe-4cd8-9fcf-64cf58c748aa,979,East Oʻahu: Hakipuʻu Boat Ramp,21.506487,-157.85131,2025-09-21,2025-09-21T18:22:00.000Z,959,=,incoming,1
e3385153-fe29-48cf-ac6e-d150c226df61,862,South Oʻahu: Kuliʻouʻou Stream,21.28369,-157.721654,2025-09-21,2025-09-21T18:05:00.000Z,41,=,outgoing,0
4cecc7b2-fc52-433a-a5b5-fdda68ae2f6f,780,North Oʻahu: Pūpūkea tidepools,21.649846,-158.062988,2025-09-21,2025-09-21T18:00:00.000Z,10,=,incoming,0
ce71f8c0-ba9f-4ebd-8526-ea06a97a8d0b,1197,North Oʻahu: Kaiaka Bay,21.5902778,-158.1191667,2025-09-21,2025-09-21T17:29:00.000Z,443,=,outgoing,1
75157093-3d2d-4594-869a-5153e9434d98,9083,East Oʻahu: Waimanalo Stream ,21.364982,-157.7102746,2025-09-21,2025-09-21T17:20:00.000Z,31,=,outgoing,0
024580e9-acf4-4622-bcc9-8b7565067160,1195,North Oʻahu: Kahaone Place,21.58323,-158.1247,2025-09-21,2025-09-21T17:15:00.000Z,41,=,outgoing,0
cda28fe1-adba-4f81-ae27-c96582950989,9164,South Oʻahu: Makalei Beach Park,21.25779,-157.81696,2025-09-21,2025-09-21T17:10:00.000Z,10,<,outgoing,0
0cc26744-2a3a-4088-8015-40475cfa0413,8894,East Oʻahu: Kailua Beach Park,21.397806,-157.726,2025-09-21,2025-09-21T17:00:00.000Z,10,<,outgoing,0
6ebd9a3e-c9e3-4aa5-bc70-8f70134061f8,9165,South Oʻahu: Kaimana Beach,21.26483,-157.82168,2025-09-21,2025-09-21T16:50:00.000Z,10,<,outgoing,0
31329bb8-59a0-47c2-91f0-c6d2a4460944,1164,East Oʻahu: Waiāhole Beach Park,21.483904,-157.844949,2025-09-21,2025-09-21T16:35:00.000Z,135,=,outgoing,1
ca53cbc1-5692-4dfd-ae3d-ac3ee2fc91b4,1196,East Oʻahu: Heʻeia Stream,21.44035,-157.809708,2025-09-21,2025-09-21T16:30:00.000Z,816,=,outgoing,1
92c29427-ab03-4887-adab-99334dfa33ae,777,East Oʻahu: Kahaluʻu Beach,21.46011,-157.839571,2025-09-21,2025-09-21T16:22:00.000Z,565,=,outgoing,1
40b88a97-9577-4ccf-8688-d07717e9766c,991,East Oʻahu: Kaimalino,21.425185,-157.740142,2025-09-21,2025-09-21T16:12:00.000Z,10,<,outgoing,0
edb1468b-bbdf-4cdd-b7dd-c0677be2a6d9,9045,East Oʻahu: Punaluʻu Stream Beach (Chings),21.579,-157.885,2025-09-21,2025-09-21T16:00:00.000Z,279,=,outgoing,1
23f672ab-21cd-4b06-aedd-518e7cb93ef1,9046,East Oʻahu: Mākao,21.607,-157.906,2025-09-21,2025-09-21T15:55:00.000Z,10,<,outgoing,0
a2fb8174-ed54-4226-b5a0-96163706bb03,906,East Oʻahu: South Kaneohe Bay,21.4259,-157.7656,2025-09-21,2025-09-21T15:40:00.000Z,86,=,outgoing,0
48891adb-a0d4-4353-b012-613b63543d43,8915,West Oʻahu: Pōkaʻi Bay- outside,21.4410874,-158.1908961,2025-09-10,2025-09-10T19:00:00.000Z,10,<,,0
97da9ee6-aa25-43b8-8087-9ac6e0c66613,8916,West Oʻahu: Pōkaʻi Bay- Inside,21.4415602,-158.1907114,2025-09-10,2025-09-10T18:55:00.000Z,41,=,,0
ec7c72ba-7c48-4c3a-aa6c-04d47f4de5f3,9016,West Oʻahu: Pililāʻau,21.448217,-158.192928,2025-09-10,2025-09-10T18:45:00.000Z,31,=,,0
22fcead5-dc35-48a6-9e23-697c06d77d67,8924,West Oʻahu: Kaupuni Stream,21.4487068,-158.1897632,2025-09-10,2025-09-10T18:35:00.000Z,52,=,,0
8e1b58e9-3f9f-4930-a8c4-b2a41ad78395,858,South Oʻahu: Magic Island Bowls,21.282953,-157.845657,2025-09-07,2025-09-07T19:20:00.000Z,10,=,outgoing,0
d57a581f-7293-4865-a33c-6e232e489718,859,South Oʻahu: Magic Island Canoe Launch,21.28777,-157.844116,2025-09-07,2025-09-07T19:15:00.000Z,158,=,outgoing,1
fd93f9a4-6315-4401-ad61-478e3af83dba,906,East Oʻahu: South Kaneohe Bay,21.4259,-157.7656,2025-09-07,2025-09-07T19:00:00.000Z,41,=,outgoing,0
5df535d1-34c2-4315-bdc5-794fb41570a8,991,East Oʻahu: Kaimalino,21.425185,-157.740142,2025-09-07,2025-09-07T19:00:00.000Z,10,<,outgoing,0
58e2c14b-8fbe-4050-b977-f7c00c2c77f6,1196,East Oʻahu: Heʻeia Stream,21.44035,-157.809708,2025-09-07,2025-09-07T19:00:00.000Z,122,=,outgoing,0
8500dc45-5607-4ba8-83fa-2c7b638ba354,1165,South Oʻahu: Wailupe Beach Park,21.27607,-157.76163,2025-09-07,2025-09-07T18:40:00.000Z,10,<,outgoing,0
557ebee2-f8e7-455c-92e7-5e64d5eb7689,9163,South Oʻahu: Hui Nalu Canoe Launch,21.28457,-157.71864,2025-09-07,2025-09-07T18:35:00.000Z,10,=,outgoing,0
07d5abb1-e11b-461f-b003-1b3482bbdc0f,780,North Oʻahu: Pūpūkea tidepools,21.649846,-158.062988,2025-09-07,2025-09-07T18:30:00.000Z,10,<,outgoing,0
42250688-8a5a-442d-8079-79994e84f044,979,East Oʻahu: Hakipuʻu Boat Ramp,21.506487,-157.85131,2025-09-07,2025-09-07T18:25:00.000Z,479,=,outgoing,1
d1c818dd-276e-47d7-b014-d5d8745e90fa,779,North Oʻahu: Chocolates,21.59493,-158.103673,2025-09-07,2025-09-07T18:16:00.000Z,10,<,outgoing,0
d6c3fc6c-e6fc-42f8-ae6e-4abedc4b9e5b,862,South Oʻahu: Kuliʻouʻou Stream,21.28369,-157.721654,2025-09-07,2025-09-07T18:15:00.000Z,98,=,outgoing,0
5c7d2085-e807-42c8-8eab-47ddc57ba8a3,9083,East Oʻahu: Waimanalo Stream ,21.364982,-157.7102746,2025-09-07,2025-09-07T17:50:00.000Z,85,=,outgoing,0
9162c97d-9667-477d-be1d-dae7f49340ad,9164,South Oʻahu: Makalei Beach Park,21.25779,-157.81696,2025-09-07,2025-09-07T17:10:00.000Z,10,<,outgoing,0
c55db78e-5d7c-4e90-b193-563edb4824de,8894,East Oʻahu: Kailua Beach Park,21.397806,-157.726,2025-09-07,2025-09-07T17:00:00.000Z,31,=,outgoing,0
273dd303-3ec3-43d4-9e6b-fd422db8ba34,9165,South Oʻahu: Kaimana Beach,21.26483,-157.82168,2025-09-07,2025-09-07T16:50:00.000Z,10,<,outgoing,0
9f81d05c-7cad-4d0a-bce8-962bcfeb9f32,1164,East Oʻahu: Waiāhole Beach Park,21.483904,-157.844949,2025-09-07,2025-09-07T16:25:00.000Z,10,<,outgoing,0
9e1040c7-f18b-4b17-96e0-bfea06585239,777,East Oʻahu: Kahaluʻu Beach,21.46011,-157.839571,2025-09-07,2025-09-07T16:15:00.000Z,10,=,outgoing,0
d0c949a6-f247-478f-b992-bdffa8faf1dd,9045,East Oʻahu: Punaluʻu Stream Beach (Chings),21.579,-157.885,2025-09-07,2025-09-07T16:00:00.000Z,253,=,outgoing,1
1ae747b6-7ec4-4142-8c5d-8c632cc43845,9046,East Oʻahu: Mākao,21.607,-157.906,2025-09-07,2025-09-07T15:50:00.000Z,10,<,outgoing,0
cdb44273-3411-4566-8627-d950e81b3637,858,South Oʻahu: Magic Island Bowls,21.282953,-157.845657,2025-08-24,2025-08-24T20:00:00.000Z,10,<,outgoing,0
0aad58d5-8b6d-475d-9bec-73e65ba308ee,859,South Oʻahu: Magic Island Canoe Launch,21.28777,-157.844116,2025-08-24,2025-08-24T19:50:00.000Z,10,=,outgoing,0
0901d251-d63b-4d3a-9f5b-cc70423699c4,9083,East Oʻahu: Waimanalo Stream ,21.364982,-157.7102746,2025-08-24,2025-08-24T19:35:00.000Z,20,=,incoming,0
3055d4ca-2ef0-44eb-ac8d-a3989b370f7b,991,East Oʻahu: Kaimalino,21.425185,-157.740142,2025-08-24,2025-08-24T19:00:00.000Z,10,<,outgoing,0
0dce5b64-9885-4e41-b625-908760f8533e,1165,South Oʻahu: Wailupe Beach Park,21.27607,-157.76163,2025-08-24,2025-08-24T18:40:00.000Z,10,<,outgoing,0
21c0d78e-3fc9-454b-8166-7cd67ee46661,9163,South Oʻahu: Hui Nalu Canoe Launch,21.28457,-157.71864,2025-08-24,2025-08-24T18:35:00.000Z,10,<,outgoing,0
01e6db8c-1794-400d-94f5-739c5e381ac6,979,East Oʻahu: Hakipuʻu Boat Ramp,21.506487,-157.85131,2025-08-24,2025-08-24T18:32:00.000Z,1119,=,outgoing,1
e343f9e3-bb62-4f14-b208-db0984de638f,862,South Oʻahu: Kuliʻouʻou Stream,21.28369,-157.721654,2025-08-24,2025-08-24T18:05:00.000Z,31,=,outgoing,0
a343ec4a-4e50-4947-99fe-c892fdb97b43,780,North Oʻahu: Pūpūkea tidepools,21.649846,-158.062988,2025-08-24,2025-08-24T18:01:00.000Z,10,<,outgoing,0
b5580bdf-58a6-456a-ba92-301aeb49055e,779,North Oʻahu: Chocolates,21.59493,-158.103673,2025-08-24,2025-08-24T18:00:00.000Z,51,=,outgoing,0
62482bbf-848c-450d-8058-31ed8a7b4e46,1197,North Oʻahu: Kaiaka Bay,21.5902778,-158.1191667,2025-08-24,2025-08-24T17:34:00.000Z,10,<,outgoing,0
81c908c6-19bc-4833-a3ad-aa13835c5420,1195,North Oʻahu: Kahaone Place,21.58323,-158.1247,2025-08-24,2025-08-24T17:15:00.000Z,10,=,outgoing,0
687968f5-4d05-4dc3-ab7b-b10c423c6fe7,9164,South Oʻahu: Makalei Beach Park,21.25779,-157.81696,2025-08-24,2025-08-24T17:10:00.000Z,10,<,outgoing,0
8a0297b5-1f01-4f8b-9173-6f2497b93f70,8894,East Oʻahu: Kailua Beach Park,21.397806,-157.726,2025-08-24,2025-08-24T17:00:00.000Z,10,<,outgoing,0
4abe2444-5400-42d7-af6f-2b1d5a89dd9e,9165,South Oʻahu: Kaimana Beach,21.26483,-157.82168,2025-08-24,2025-08-24T16:50:00.000Z,10,<,outgoing,0
5a8f09b6-a563-4c20-a658-69b8b943501f,1196,East Oʻahu: Heʻeia Stream,21.44035,-157.809708,2025-08-24,2025-08-24T16:30:00.000Z,233,=,outgoing,1
ce16246e-255e-49ce-9853-303b19afcaf9,777,East Oʻahu: Kahaluʻu Beach,21.46011,-157.839571,2025-08-24,2025-08-24T16:19:00.000Z,689,=,outgoing,1
40962e48-0b09-4cd0-a476-78f41267daac,906,East Oʻahu: South Kaneohe Bay,21.4259,-157.7656,2025-08-24,2025-08-24T16:04:00.000Z,10,<,outgoing,0
1fede1b0-2c40-474d-af42-01930ceaac69,8916,West Oʻahu: Pōkaʻi Bay- Inside,21.4415602,-158.1907114,2025-08-21,2025-08-21T16:35:00.000Z,10,<,outgoing,0
4962d75c-69b1-4375-9806-0fe36c3686b4,8915,West Oʻahu: Pōkaʻi Bay- outside,21.4410874,-158.1908961,2025-08-21,2025-08-21T16:30:00.000Z,10,<,outgoing,0
126f1777-94ff-439f-aee8-42f078f99a35,9016,West Oʻahu: Pililāʻau,21.448217,-158.192928,2025-08-21,2025-08-21T16:20:00.000Z,20,=,outgoing,0
1582ad0e-6390-4c5d-ba58-e524308fdeed,8924,West Oʻahu: Kaupuni Stream,21.4487068,-158.1897632,2025-08-21,2025-08-21T16:12:00.000Z,52,=,outgoing,0
46038426-0979-44f1-9a0b-0a7b06dffb12,1165,South Oʻahu: Wailupe Beach Park,21.27607,-157.76163,2025-08-10,2025-08-10T19:40:00.000Z,10,=,outgoing,0
40273487-7d95-41a4-8f14-5342999504f9,779,North Oʻahu: Chocolates,21.59493,-158.103673,2025-08-10,2025-08-10T19:00:00.000Z,52,=,incoming,0
1e3e3019-5755-4a24-b6a7-208517b8e5ae,9083,East Oʻahu: Waimanalo Stream ,21.364982,-157.7102746,2025-08-10,2025-08-10T19:00:00.000Z,41,=,incoming,0
f1234541-a67b-4228-9591-a73ed05744cf,776,South Oʻahu: Kaʻalāwai (Black Point/Cromwells),21.2574,-157.7968,2025-08-10,2025-08-10T18:55:00.000Z,10,<,outgoing,0
7691799f-0a53-42b7-9f72-47772ee9b855,981,South Oʻahu: Kaʻalāwai (Black Point-East),21.259798,-157.789825,2025-08-10,2025-08-10T18:45:00.000Z,10,<,outgoing,0
09bcb664-38d1-4b5b-9251-ced894804569,9163,South Oʻahu: Hui Nalu Canoe Launch,21.28457,-157.71864,2025-08-10,2025-08-10T18:35:00.000Z,51,=,outgoing,0
ad59710b-b30a-4ae1-8d92-6676549fa35c,861,South Oʻahu: Waialae Beach Park,21.26885,-157.77655,2025-08-10,2025-08-10T18:35:00.000Z,10,=,outgoing,0
9f89b820-50a9-4448-8584-c3a7aa4ee0c1,979,East Oʻahu: Hakipuʻu Boat Ramp,21.506487,-157.85131,2025-08-10,2025-08-10T18:23:00.000Z,216,=,outgoing,1
d6f68931-396b-4446-a1d2-947c44417612,862,South Oʻahu: Kuliʻouʻou Stream,21.28369,-157.721654,2025-08-10,2025-08-10T18:15:00.000Z,309,=,outgoing,1
ce08e54a-86e5-42cd-8322-ca3936f0fad2,1197,North Oʻahu: Kaiaka Bay,21.5902778,-158.1191667,2025-08-10,2025-08-10T18:00:00.000Z,450,=,outgoing,1
06e0c9ea-d3b7-4ac7-a104-19cfa18ade55,780,North Oʻahu: Pūpūkea tidepools,21.649846,-158.062988,2025-08-10,2025-08-10T18:00:00.000Z,10,<,incoming,0
7b002dca-55f9-4175-bb66-95c5c4d36f16,1195,North Oʻahu: Kahaone Place,21.58323,-158.1247,2025-08-10,2025-08-10T17:45:00.000Z,10,<,outgoing,0
916d1e9c-a097-4a09-9147-7ec45a53f705,8894,East Oʻahu: Kailua Beach Park,21.397806,-157.726,2025-08-10,2025-08-10T17:00:00.000Z,10,<,outgoing,0
51e4c8a2-983a-42eb-9595-43999f9a416f,777,East Oʻahu: Kahaluʻu Beach,21.46011,-157.839571,2025-08-10,2025-08-10T16:23:00.000Z,96,=,outgoing,0
29193da8-2885-4b77-b481-4d4d6d6bca05,1164,East Oʻahu: Waiāhole Beach Park,21.483904,-157.844949,2025-08-10,2025-08-10T16:20:00.000Z,30,=,outgoing,0
87c25ce6-8058-45cd-8d3d-3164094e69d0,9045,East Oʻahu: Punaluʻu Stream Beach (Chings),21.579,-157.885,2025-08-10,2025-08-10T16:00:00.000Z,364,=,outgoing,1
774dd763-2cb3-4f85-9dc2-e882bee8a915,991,East Oʻahu: Kaimalino,21.425185,-157.740142,2025-08-10,2025-08-10T16:00:00.000Z,52,=,outgoing,0
9a77f652-5c1d-4978-b1e0-4408e87afcb0,9046,East Oʻahu: Mākao,21.607,-157.906,2025-08-10,2025-08-10T15:50:00.000Z,10,<,outgoing,0
ff0c5490-8fd5-4a4d-a3f5-7e8ec40fe422,906,East Oʻahu: South Kaneohe Bay,21.4259,-157.7656,2025-08-10,2025-08-10T15:28:00.000Z,10,<,outgoing,0
b0936982-8699-48a6-9f12-c81b42286799,8924,West Oʻahu: Kaupuni Stream,21.4487068,-158.1897632,2025-08-07,2025-08-07T16:58:00.000Z,41,=,outgoing,0
67e9c49b-a070-4a81-ae31-4afe59041117,9016,West Oʻahu: Pililāʻau,21.448217,-158.192928,2025-08-07,2025-08-07T16:46:00.000Z,41,=,outgoing,0
17e86ab5-5ea8-4b75-abe0-b4aa57f52155,8916,West Oʻahu: Pōkaʻi Bay- Inside,21.4415602,-158.1907114,2025-08-07,2025-08-07T16:40:00.000Z,10,<,outgoing,0
8a46a51f-76a2-4de6-8a3c-297adb0b4573,8915,West Oʻahu: Pōkaʻi Bay- outside,21.4410874,-158.1908961,2025-08-07,2025-08-07T16:30:00.000Z,10,<,outgoing,0
c457cc0f-7c4f-43a2-bae3-54c6d8070987,8924,West Oʻahu: Kaupuni Stream,21.4487068,-158.1897632,2025-07-30,2025-07-30T17:10:00.000Z,119,=,incoming,0
faa7deea-cab5-4cb3-b205-d9daa4e53b0a,9016,West Oʻahu: Pililāʻau,21.448217,-158.192928,2025-07-30,2025-07-30T17:00:00.000Z,10,<,incoming,0
808d9876-194f-41d9-beb8-54b56d08fcf0,8915,West Oʻahu: Pōkaʻi Bay- outside,21.4410874,-158.1908961,2025-07-30,2025-07-30T16:45:00.000Z,10,<,incoming,0
27ea2706-3f25-41cf-9884-a711f2aacf64,8916,West Oʻahu: Pōkaʻi Bay- Inside,21.4415602,-158.1907114,2025-07-30,2025-07-30T16:40:00.000Z,63,=,incoming,0
d7d2c7cb-4109-4397-b234-80a490829f48,858,South Oʻahu: Magic Island Bowls,21.282953,-157.845657,2025-07-27,2025-07-27T19:15:00.000Z,10,<,outgoing,0
0cfb35ec-caec-4163-8c71-4773a682eb4a,779,North Oʻahu: Chocolates,21.59493,-158.103673,2025-07-27,2025-07-27T19:00:00.000Z,63,=,outgoing,0
f72d2327-87f8-4f8d-be79-eba1b2c1b9e0,859,South Oʻahu: Magic Island Canoe Launch,21.28777,-157.844116,2025-07-27,2025-07-27T19:00:00.000Z,121,=,outgoing,0
557d0c9b-7c1a-4c72-8ec3-3bee76f4f147,9045,East Oʻahu: Punaluʻu Stream Beach (Chings),21.579,-157.885,2025-07-27,2025-07-27T19:00:00.000Z,359,=,outgoing,1
ea5a53ec-fad6-4949-bce0-4e282f4e29c9,9046,East Oʻahu: Mākao,21.607,-157.906,2025-07-27,2025-07-27T19:00:00.000Z,10,<,outgoing,0
77fcd27c-e2a4-4bf6-8aca-16033254714f,1164,East Oʻahu: Waiāhole Beach Park,21.483904,-157.844949,2025-07-27,2025-07-27T19:00:00.000Z,226,=,outgoing,1
28a3db39-7d5f-40d9-9362-d7fa3742c6ea,776,South Oʻahu: Kaʻalāwai (Black Point/Cromwells),21.2574,-157.7968,2025-07-27,2025-07-27T18:50:00.000Z,156,=,outgoing,1
5fdd8342-d8f6-4fa0-ad56-f5755daf4bae,981,South Oʻahu: Kaʻalāwai (Black Point-East),21.259798,-157.789825,2025-07-27,2025-07-27T18:40:00.000Z,10,=,outgoing,0
7534d896-72cb-48ca-aad7-689cbdcf44e4,1165,South Oʻahu: Wailupe Beach Park,21.27607,-157.76163,2025-07-27,2025-07-27T18:40:00.000Z,10,<,outgoing,0
603540a8-f837-4da6-9c0a-9a6d0e4cf1a0,9163,South Oʻahu: Hui Nalu Canoe Launch,21.28457,-157.71864,2025-07-27,2025-07-27T18:35:00.000Z,31,=,outgoing,0
d659487f-7b6a-423e-911b-24f72de70f36,861,South Oʻahu: Waialae Beach Park,21.26885,-157.77655,2025-07-27,2025-07-27T18:30:00.000Z,10,<,outgoing,0
77c7b366-ba4f-4a84-bb74-17f5d8a5ca48,780,North Oʻahu: Pūpūkea tidepools,21.649846,-158.062988,2025-07-27,2025-07-27T18:00:00.000Z,10,<,incoming,0
2d861e26-675d-46c4-8057-dfdae482f33f,862,South Oʻahu: Kuliʻouʻou Stream,21.28369,-157.721654,2025-07-27,2025-07-27T17:55:00.000Z,98,=,outgoing,0
5f331872-26ed-4405-a2c2-256f1d3601e1,1197,North Oʻahu: Kaiaka Bay,21.5902778,-158.1191667,2025-07-27,2025-07-27T17:45:00.000Z,515,=,outgoing,1
86f3c681-39ea-4725-8a54-0206fdff9977,9083,East Oʻahu: Waimanalo Stream ,21.364982,-157.7102746,2025-07-27,2025-07-27T17:40:00.000Z,10,=,outgoing,0
fd805f77-9bb6-483c-a9db-6b9a988c5ffc,1195,North Oʻahu: Kahaone Place,21.58323,-158.1247,2025-07-27,2025-07-27T17:33:00.000Z,10,<,outgoing,0
c385b830-60c6-4157-935f-8bf45eeb59f2,8894,East Oʻahu: Kailua Beach Park,21.397806,-157.726,2025-07-27,2025-07-27T17:00:00.000Z,10,<,outgoing,0
a2849069-31e8-44fb-9935-67a0adcb7802,991,East Oʻahu: Kaimalino,21.425185,-157.740142,2025-07-27,2025-07-27T17:00:00.000Z,10,=,outgoing,0
b6e8aa48-1c16-4449-a98c-8e520334cf17,1196,East Oʻahu: Heʻeia Stream,21.44035,-157.809708,2025-07-27,2025-07-27T16:30:00.000Z,259,=,outgoing,1
4da88c1c-9d5f-4f9f-9558-7bc6360f1648,777,East Oʻahu: Kahaluʻu Beach,21.46011,-157.839571,2025-07-27,2025-07-27T16:21:00.000Z,2046,=,outgoing,1
0b17efc9-0e7e-459f-bc97-3a9d85cdbf05,906,East Oʻahu: South Kaneohe Bay,21.4259,-157.7656,2025-07-27,2025-07-27T15:40:00.000Z,109,=,outgoing,0
b7c5b65b-f2f0-4141-9dfb-35ac9f11b472,859,South Oʻahu: Magic Island Canoe Launch,21.28777,-157.844116,2025-07-13,2025-07-13T19:30:00.000Z,10,<,outgoing,0
58392477-1028-4b63-9647-adcfc11b4214,858,South Oʻahu: Magic Island Bowls,21.282953,-157.845657,2025-07-13,2025-07-13T19:10:00.000Z,10,=,outgoing,0
06d86263-f04e-4ac1-b17b-d80861124b08,906,East Oʻahu: South Kaneohe Bay,21.4259,-157.7656,2025-07-13,2025-07-13T19:00:00.000Z,63,=,outgoing,0
35419291-8cb5-4ada-911b-9294c0d45b98,991,East Oʻahu: Kaimalino,21.425185,-157.740142,2025-07-13,2025-07-13T19:00:00.000Z,31,=,outgoing,0
6b0d5d70-98b6-4e64-940d-fe67552dd357,776,South Oʻahu: Kaʻalāwai (Black Point/Cromwells),21.2574,-157.7968,2025-07-13,2025-07-13T18:55:00.000Z,10,<,outgoing,0
240195dc-7a75-4499-a930-70b31680ef7a,981,South Oʻahu: Kaʻalāwai (Black Point-East),21.259798,-157.789825,2025-07-13,2025-07-13T18:45:00.000Z,10,=,outgoing,0
badad990-267c-4720-893c-bcbc964b6cd6,1165,South Oʻahu: Wailupe Beach Park,21.27607,-157.76163,2025-07-13,2025-07-13T18:40:00.000Z,10,=,outgoing,0
4b8e92d9-fa03-4f5f-bd9d-9b3217bf7946,861,South Oʻahu: Waialae Beach Park,21.26885,-157.77655,2025-07-13,2025-07-13T18:35:00.000Z,10,=,outgoing,0
122cc983-959f-420a-8c8b-07fc7d22a05f,9163,South Oʻahu: Hui Nalu Canoe Launch,21.28457,-157.71864,2025-07-13,2025-07-13T18:35:00.000Z,20,=,outgoing,0
0ccd127d-4869-47e9-aff2-90f95ceb738f,9083,East Oʻahu: Waimanalo Stream ,21.364982,-157.7102746,2025-07-13,2025-07-13T18:15:00.000Z,179,=,outgoing,1
7ab4cf1c-2d22-4557-b3b1-04a1e42e953f,979,East Oʻahu: Hakipuʻu Boat Ramp,21.506487,-157.85131,2025-07-13,2025-07-13T18:10:00.000Z,455,=,outgoing,1
825ad0a4-c164-4c35-b09a-e3177ad4d539,862,South Oʻahu: Kuliʻouʻou Stream,21.28369,-157.721654,2025-07-13,2025-07-13T18:00:00.000Z,160,=,outgoing,1
9ce4b853-e3f4-4cb1-a064-2aa065333e9c,8894,East Oʻahu: Kailua Beach Park,21.397806,-157.726,2025-07-13,2025-07-13T17:00:00.000Z,10,<,outgoing,0
dce84dd4-196c-4546-b86a-e6ef55c55b92,1164,East Oʻahu: Waiāhole Beach Park,21.483904,-157.844949,2025-07-13,2025-07-13T16:15:00.000Z,75,=,outgoing,0
6858ab77-1a22-4e9f-a496-d570b53490b6,777,East Oʻahu: Kahaluʻu Beach,21.46011,-157.839571,2025-07-13,2025-07-13T16:00:00.000Z,934,=,outgoing,1
091d03c3-c05a-487e-84e0-cda8ce910072,858,South Oʻahu: Magic Island Bowls,21.282953,-157.845657,2025-06-29,2025-06-29T19:15:00.000Z,10,=,outgoing,0
dbfd76fc-08da-4aee-becc-3d388e75e954,859,South Oʻahu: Magic Island Canoe Launch,21.28777,-157.844116,2025-06-29,2025-06-29T19:00:00.000Z,31,=,outgoing,0
83f22868-401b-4a34-960f-be563a30ae4c,776,South Oʻahu: Kaʻalāwai (Black Point/Cromwells),21.2574,-157.7968,2025-06-29,2025-06-29T18:50:00.000Z,10,=,outgoing,0
26ce77ce-1585-4596-afb6-3665bfa60519,862,South Oʻahu: Kuliʻouʻou Stream,21.28369,-157.721654,2025-06-29,2025-06-29T18:40:00.000Z,624,=,outgoing,1
0b5d5b6b-bb4b-4a14-8241-97d379e83ccb,1165,South Oʻahu: Wailupe Beach Park,21.27607,-157.76163,2025-06-29,2025-06-29T18:40:00.000Z,10,<,outgoing,0
1ac71adb-76c5-47fb-ad39-e37baff91e2c,981,South Oʻahu: Kaʻalāwai (Black Point-East),21.259798,-157.789825,2025-06-29,2025-06-29T18:40:00.000Z,10,<,outgoing,0
035ca1c0-f25a-4dc9-8e38-e2c16f75933f,9163,South Oʻahu: Hui Nalu Canoe Launch,21.28457,-157.71864,2025-06-29,2025-06-29T18:35:00.000Z,10,=,outgoing,0
38c4a537-a945-4146-a20c-c6b73a2206b2,979,East Oʻahu: Hakipuʻu Boat Ramp,21.506487,-157.85131,2025-06-29,2025-06-29T18:32:00.000Z,110,=,outgoing,0
1374ff3a-25c8-45f8-b7e2-4b440d145403,861,South Oʻahu: Waialae Beach Park,21.26885,-157.77655,2025-06-29,2025-06-29T18:30:00.000Z,10,=,outgoing,0
9e265394-479b-4df2-af0b-b98a1b090c71,9083,East Oʻahu: Waimanalo Stream ,21.364982,-157.7102746,2025-06-29,2025-06-29T17:40:00.000Z,63,=,outgoing,0
b78c2dc9-2310-40ad-b84b-2d2c30f559ac,8894,East Oʻahu: Kailua Beach Park,21.397806,-157.726,2025-06-29,2025-06-29T17:00:00.000Z,10,<,outgoing,0
8527c71d-5c04-4374-8925-545f4e8ad437,991,East Oʻahu: Kaimalino,21.425185,-157.740142,2025-06-29,2025-06-29T16:50:00.000Z,10,<,outgoing,0
80901b2d-b9e4-4886-a1b1-f578920129fb,906,East Oʻahu: South Kaneohe Bay,21.4259,-157.7656,2025-06-29,2025-06-29T16:47:00.000Z,63,=,outgoing,0
579326aa-be9e-42e1-8f41-dc841a5f4134,1196,East Oʻahu: Heʻeia Stream,21.44035,-157.809708,2025-06-29,2025-06-29T16:30:00.000Z,98,=,outgoing,0
4583dfb4-6e52-4fb2-b0c6-35613a478353,1164,East Oʻahu: Waiāhole Beach Park,21.483904,-157.844949,2025-06-29,2025-06-29T16:25:00.000Z,31,=,outgoing,0
237b48dc-b0df-4298-8b8d-5a55c1be9da4,777,East Oʻahu: Kahaluʻu Beach,21.46011,-157.839571,2025-06-29,2025-06-29T16:22:00.000Z,345,=,outgoing,1
4a1b38da-223c-453f-99b1-5f6456614332,9045,East Oʻahu: Punaluʻu Stream Beach (Chings),21.579,-157.885,2025-06-29,2025-06-29T16:05:00.000Z,474,=,outgoing,1
0284c1bd-d716-4d59-8a20-a33a020b612b,9046,East Oʻahu: Mākao,21.607,-157.906,2025-06-29,2025-06-29T15:55:00.000Z,20,=,outgoing,0
3034838e-7d33-4892-a462-43303bea6644,8915,West Oʻahu: Pōkaʻi Bay- outside,21.4410874,-158.1908961,2025-06-25,2025-06-25T16:30:00.000Z,10,<,outgoing,0
b73bc490-2b9f-4ea2-916e-041c015ca381,8916,West Oʻahu: Pōkaʻi Bay- Inside,21.4415602,-158.1907114,2025-06-25,2025-06-25T16:27:00.000Z,10,<,outgoing,0
005b3ee1-7834-4009-94c9-b2256f6096c6,9016,West Oʻahu: Pililāʻau,21.448217,-158.192928,2025-06-25,2025-06-25T16:16:00.000Z,52,=,outgoing,0
7db06560-0775-420b-811e-e8f3d0fc2360,8924,West Oʻahu: Kaupuni Stream,21.4487068,-158.1897632,2025-06-25,2025-06-25T16:00:00.000Z,341,=,outgoing,1
e9043475-0c58-4da1-a77f-a2d72abcd181,858,South Oʻahu: Magic Island Bowls,21.282953,-157.845657,2025-06-15,2025-06-15T19:15:00.000Z,10,<,outgoing,0
4b23cd36-49d9-4cf7-aa5c-7b2c5804cfe6,859,South Oʻahu: Magic Island Canoe Launch,21.28777,-157.844116,2025-06-15,2025-06-15T19:00:00.000Z,20,=,outgoing,0
2d74f293-21e2-4b9b-902b-d6e48785a8c3,776,South Oʻahu: Kaʻalāwai (Black Point/Cromwells),21.2574,-157.7968,2025-06-15,2025-06-15T18:50:00.000Z,10,<,outgoing,0
73414de9-4582-4e81-9ee8-ac9115c6efc3,981,South Oʻahu: Kaʻalāwai (Black Point-East),21.259798,-157.789825,2025-06-15,2025-06-15T18:40:00.000Z,10,<,outgoing,0
cb124ab0-20ac-47e5-93b6-90cfe908508f,1165,South Oʻahu: Wailupe Beach Park,21.27607,-157.76163,2025-06-15,2025-06-15T18:40:00.000Z,10,<,outgoing,0
c4a4496d-2048-42e8-a20e-36525cca3d6a,9163,South Oʻahu: Hui Nalu Canoe Launch,21.28457,-157.71864,2025-06-15,2025-06-15T18:35:00.000Z,30,=,outgoing,0
f28678e2-c51a-44cf-a3f9-10da5fcf6c19,779,North Oʻahu: Chocolates,21.59493,-158.103673,2025-06-15,2025-06-15T18:30:00.000Z,20,=,incoming,0
f22b6ce9-a377-4172-aad9-da3b48b37bc6,862,South Oʻahu: Kuliʻouʻou Stream,21.28369,-157.721654,2025-06-15,2025-06-15T18:15:00.000Z,201,=,outgoing,1
7fc1d7db-488b-42d2-aa83-ac3852fe1930,979,East Oʻahu: Hakipuʻu Boat Ramp,21.506487,-157.85131,2025-06-15,2025-06-15T18:15:00.000Z,512,=,outgoing,1
9a011814-68ff-4f33-8a78-6073e4e19b9e,9083,East Oʻahu: Waimanalo Stream ,21.364982,-157.7102746,2025-06-15,2025-06-15T18:00:00.000Z,10,=,outgoing,0
95113a9a-6301-4652-aea5-48efee0d7261,780,North Oʻahu: Pūpūkea tidepools,21.649846,-158.062988,2025-06-15,2025-06-15T18:00:00.000Z,10,=,incoming,0
e76986d6-28c0-429d-90be-a410af323292,906,East Oʻahu: South Kaneohe Bay,21.4259,-157.7656,2025-06-15,2025-06-15T17:40:00.000Z,10,=,outgoing,0
2f907b7c-5a22-4d3a-aff3-bc774a0d2006,8894,East Oʻahu: Kailua Beach Park,21.397806,-157.726,2025-06-15,2025-06-15T17:00:00.000Z,10,<,outgoing,0
d4b4889c-c818-4756-9760-d2b5b1149d6e,991,East Oʻahu: Kaimalino,21.425185,-157.740142,2025-06-15,2025-06-15T17:00:00.000Z,10,=,outgoing,0
d1aa185d-f3cf-41d2-9350-82b2fc717fea,1195,North Oʻahu: Kahaone Place,21.58323,-158.1247,2025-06-15,2025-06-15T16:45:00.000Z,10,<,incoming,0
6e782781-481d-4692-8c6f-9194a467035a,1197,North Oʻahu: Kaiaka Bay,21.5902778,-158.1191667,2025-06-15,2025-06-15T16:30:00.000Z,259,=,incoming,1
1e8dd10a-8a12-4e28-9b45-a05d7e8257f8,1196,East Oʻahu: Heʻeia Stream,21.44035,-157.809708,2025-06-15,2025-06-15T16:30:00.000Z,74,=,outgoing,0
606764b0-8202-45c7-a233-bd5fa953b286,861,South Oʻahu: Waialae Beach Park,21.26885,-157.77655,2025-06-15,2025-06-15T16:15:00.000Z,10,<,outgoing,0
bbdd2971-a73b-4ea9-8d4a-0fe4fbb9d304,1164,East Oʻahu: Waiāhole Beach Park,21.483904,-157.844949,2025-06-15,2025-06-15T16:15:00.000Z,121,=,outgoing,0
0aba0399-1e35-4e67-b602-b2add813f663,777,East Oʻahu: Kahaluʻu Beach,21.46011,-157.839571,2025-06-15,2025-06-15T16:15:00.000Z,368,=,outgoing,1
33179773-85a5-4ce2-83c9-27fae98e2e8f,9045,East Oʻahu: Punaluʻu Stream Beach (Chings),21.579,-157.885,2025-06-15,2025-06-15T16:00:00.000Z,327,=,outgoing,1
ffd3f498-01eb-442d-b052-65ec82956f55,9046,East Oʻahu: Mākao,21.607,-157.906,2025-06-15,2025-06-15T15:50:00.000Z,10,<,outgoing,0
b3376884-91d5-4c3f-8af6-0797d884d290,8924,West Oʻahu: Kaupuni Stream,21.4487068,-158.1897632,2025-06-11,2025-06-11T17:55:00.000Z,368,=,outgoing,1
4e8aecc8-d562-4700-bf8f-953fc369e9c9,9016,West Oʻahu: Pililāʻau,21.448217,-158.192928,2025-06-11,2025-06-11T17:40:00.000Z,10,<,outgoing,0
e5b1d28b-ec27-4c24-9d92-717fbd02a29e,8915,West Oʻahu: Pōkaʻi Bay- outside,21.4410874,-158.1908961,2025-06-11,2025-06-11T17:30:00.000Z,31,=,outgoing,0
4d08d51a-024e-4e73-959f-b8cfb08a8bb8,8916,West Oʻahu: Pōkaʻi Bay- Inside,21.4415602,-158.1907114,2025-06-11,2025-06-11T17:25:00.000Z,10,=,outgoing,0
b4294acf-e63a-4341-be0e-c41589f219c9,858,South Oʻahu: Magic Island Bowls,21.282953,-157.845657,2025-06-01,2025-06-01T19:15:00.000Z,10,<,incoming,0
3235bd19-3676-4dcb-981a-0eb4efb72cf4,859,South Oʻahu: Magic Island Canoe Launch,21.28777,-157.844116,2025-06-01,2025-06-01T19:00:00.000Z,63,=,incoming,0
6982b698-a2c7-4dec-99e7-d5b7797f94f5,9045,East Oʻahu: Punaluʻu Stream Beach (Chings),21.579,-157.885,2025-06-01,2025-06-01T19:00:00.000Z,624,=,outgoing,1
0156b4b9-0db4-4f2a-bf4a-1e7a8127f004,1164,East Oʻahu: Waiāhole Beach Park,21.483904,-157.844949,2025-06-01,2025-06-01T19:00:00.000Z,228,=,outgoing,1
fe140896-928c-4fc9-8c66-0caf52b4c9a8,906,East Oʻahu: South Kaneohe Bay,21.4259,-157.7656,2025-06-01,2025-06-01T19:00:00.000Z,31,=,outgoing,0
ac4c4c76-dfb5-4517-be48-9ccc964ea60c,776,South Oʻahu: Kaʻalāwai (Black Point/Cromwells),21.2574,-157.7968,2025-06-01,2025-06-01T18:55:00.000Z,10,<,incoming,0
9533eddb-9bc3-4e06-b239-db2a2464fc83,981,South Oʻahu: Kaʻalāwai (Black Point-East),21.259798,-157.789825,2025-06-01,2025-06-01T18:45:00.000Z,10,<,incoming,0
70f0c250-7120-4f29-b464-f66018f14675,1165,South Oʻahu: Wailupe Beach Park,21.27607,-157.76163,2025-06-01,2025-06-01T18:45:00.000Z,10,<,incoming,0
1966d6d8-16af-4712-953b-390e1d3b39b2,779,North Oʻahu: Chocolates,21.59493,-158.103673,2025-06-01,2025-06-01T18:45:00.000Z,31,=,incoming,0
0aa9e627-c5af-4873-ac1e-929c3720df40,9046,East Oʻahu: Mākao,21.607,-157.906,2025-06-01,2025-06-01T18:45:00.000Z,10,<,outgoing,0
218a251c-2b44-4720-8965-b93d16c8ee6f,9163,South Oʻahu: Hui Nalu Canoe Launch,21.28457,-157.71864,2025-06-01,2025-06-01T18:35:00.000Z,10,=,incoming,0
c3962706-a281-45da-ba04-f1cb52464648,861,South Oʻahu: Waialae Beach Park,21.26885,-157.77655,2025-06-01,2025-06-01T18:35:00.000Z,10,<,incoming,0
833970bf-b5b9-4b4f-b5f0-42da0013dc4e,777,East Oʻahu: Kahaluʻu Beach,21.46011,-157.839571,2025-06-01,2025-06-01T18:15:00.000Z,171,=,outgoing,1
492c0252-5b58-4cf1-a1d5-5ad9a857b740,862,South Oʻahu: Kuliʻouʻou Stream,21.28369,-157.721654,2025-06-01,2025-06-01T18:15:00.000Z,253,=,incoming,1
2f5b8570-ac64-4eeb-afa9-7c238a408cb5,979,East Oʻahu: Hakipuʻu Boat Ramp,21.506487,-157.85131,2025-06-01,2025-06-01T18:08:00.000Z,2481,=,outgoing,1
dca16b49-9cd2-40d8-b613-0bfd605cb954,780,North Oʻahu: Pūpūkea tidepools,21.649846,-158.062988,2025-06-01,2025-06-01T18:00:00.000Z,10,<,incoming,0
f1469572-bc89-4201-ba4f-b6c8bfd7a9b8,1195,North Oʻahu: Kahaone Place,21.58323,-158.1247,2025-06-01,2025-06-01T17:45:00.000Z,10,<,incoming,0
be7363ad-94a8-4cce-9db7-04643fcab41d,1197,North Oʻahu: Kaiaka Bay,21.5902778,-158.1191667,2025-06-01,2025-06-01T17:30:00.000Z,52,=,incoming,0
c6ae9fd2-c498-4b1f-9722-a5310ac843fb,8894,East Oʻahu: Kailua Beach Park,21.397806,-157.726,2025-06-01,2025-06-01T17:00:00.000Z,20,=,outgoing,0
804116f4-3462-4f3d-b4d8-c705b7021a32,991,East Oʻahu: Kaimalino,21.425185,-157.740142,2025-06-01,2025-06-01T16:45:00.000Z,10,<,incoming,0
f0163835-bb9d-4482-a489-e0f22ee90ea5,1196,East Oʻahu: Heʻeia Stream,21.44035,-157.809708,2025-06-01,2025-06-01T16:30:00.000Z,97,=,outgoing,0
9f7c82b8-1e70-4161-97ae-27feb53f816b,8915,West Oʻahu: Pōkaʻi Bay- outside,21.4410874,-158.1908961,2025-05-28,2025-05-28T16:36:00.000Z,10,<,outgoing,0
ccea60c3-8d9e-44bf-a804-4cd2423cbdc3,8916,West Oʻahu: Pōkaʻi Bay- Inside,21.4415602,-158.1907114,2025-05-28,2025-05-28T16:31:00.000Z,10,<,outgoing,0
14a5c2c9-e725-4251-8cd3-5ee6d99c41fa,9016,West Oʻahu: Pililāʻau,21.448217,-158.192928,2025-05-28,2025-05-28T16:20:00.000Z,10,<,outgoing,0
624b6a7c-ccbe-4221-9af4-cabdbf36a736,8924,West Oʻahu: Kaupuni Stream,21.4487068,-158.1897632,2025-05-28,2025-05-28T16:10:00.000Z,341,=,outgoing,1
8a86507b-8aee-445f-beb7-6a9016bf50fc,858,South Oʻahu: Magic Island Bowls,21.282953,-157.845657,2025-05-18,2025-05-18T19:25:00.000Z,41,=,outgoing,0
569b3002-b3c3-430b-89ca-4870e787f5cc,859,South Oʻahu: Magic Island Canoe Launch,21.28777,-157.844116,2025-05-18,2025-05-18T19:15:00.000Z,96,=,outgoing,0
4ac96b78-8dd5-40a2-a2c1-a15f42b84362,776,South Oʻahu: Kaʻalāwai (Black Point/Cromwells),21.2574,-157.7968,2025-05-18,2025-05-18T18:50:00.000Z,10,<,incoming,0
27cbe015-6d07-4b16-aeb1-4fcbb6fe620a,1165,South Oʻahu: Wailupe Beach Park,21.27607,-157.76163,2025-05-18,2025-05-18T18:45:00.000Z,10,=,high,0
2ebb2ab0-b81c-42cd-8374-9ff7407d466f,981,South Oʻahu: Kaʻalāwai (Black Point-East),21.259798,-157.789825,2025-05-18,2025-05-18T18:40:00.000Z,259,=,incoming,1
67cc9756-74e7-479a-a274-8725b2c4cc00,9163,South Oʻahu: Hui Nalu Canoe Launch,21.28457,-157.71864,2025-05-18,2025-05-18T18:35:00.000Z,31,=,outgoing,0
927cbeb6-bc41-4127-8252-a335f1b7e358,861,South Oʻahu: Waialae Beach Park,21.26885,-157.77655,2025-05-18,2025-05-18T18:30:00.000Z,10,<,incoming,0
6a9f648d-f77a-41c1-af55-c26be8d3d4c0,979,East Oʻahu: Hakipuʻu Boat Ramp,21.506487,-157.85131,2025-05-18,2025-05-18T18:03:00.000Z,132,=,outgoing,1
3baa9deb-24c7-4442-ba41-7374e2bbfb17,862,South Oʻahu: Kuliʻouʻou Stream,21.28369,-157.721654,2025-05-18,2025-05-18T17:50:00.000Z,311,=,high,1
83b4610c-dba5-44a5-b6f7-3843a7d1cf79,9083,East Oʻahu: Waimanalo Stream ,21.364982,-157.7102746,2025-05-18,2025-05-18T17:45:00.000Z,168,=,outgoing,1
b721771d-6c26-476a-8f60-7b31bbff4370,8894,East Oʻahu: Kailua Beach Park,21.397806,-157.726,2025-05-18,2025-05-18T17:00:00.000Z,30,=,outgoing,0
d0e1331e-f390-4dde-959b-58ccbdea4a14,991,East Oʻahu: Kaimalino,21.425185,-157.740142,2025-05-18,2025-05-18T16:45:00.000Z,20,=,incoming,0
aefd4787-651b-4b01-90ca-3ad0ea1e3fda,1196,East Oʻahu: Heʻeia Stream,21.44035,-157.809708,2025-05-18,2025-05-18T16:30:00.000Z,84,=,outgoing,0
aa52b573-c179-4d9b-b18c-50762b5431de,1164,East Oʻahu: Waiāhole Beach Park,21.483904,-157.844949,2025-05-18,2025-05-18T16:20:00.000Z,10,<,outgoing,0
6674a110-6b94-44bd-be3d-df4a66c7f5b9,777,East Oʻahu: Kahaluʻu Beach,21.46011,-157.839571,2025-05-18,2025-05-18T16:15:00.000Z,855,=,outgoing,1
67b79446-b200-4f03-8cdb-ce91cfbe318e,906,East Oʻahu: South Kaneohe Bay,21.4259,-157.7656,2025-05-18,2025-05-18T16:10:00.000Z,74,=,outgoing,0
23ab8acc-f513-4f80-9046-5eb29ae50c95,9045,East Oʻahu: Punaluʻu Stream Beach (Chings),21.579,-157.885,2025-05-18,2025-05-18T16:05:00.000Z,496,=,outgoing,1
8824ee64-1cfc-46aa-841c-28ca96956863,9046,East Oʻahu: Mākao,21.607,-157.906,2025-05-18,2025-05-18T15:55:00.000Z,1467,=,outgoing,1
e6d703ef-6180-42fe-bdda-e0a17c3eefe5,8915,West Oʻahu: Pōkaʻi Bay- outside,21.4410874,-158.1908961,2025-05-14,2025-05-14T16:15:00.000Z,10,=,outgoing,0
60b273ef-f701-4f4f-bd28-0adc3bf414f6,8916,West Oʻahu: Pōkaʻi Bay- Inside,21.4415602,-158.1907114,2025-05-14,2025-05-14T16:05:00.000Z,10,<,outgoing,0
27f25abf-4897-4121-a51b-76244c3e2e8d,9016,West Oʻahu: Pililāʻau,21.448217,-158.192928,2025-05-14,2025-05-14T15:45:00.000Z,10,=,outgoing,0
3154f65d-f4fd-41d6-bdc3-450d6bdf6d31,8924,West Oʻahu: Kaupuni Stream,21.4487068,-158.1897632,2025-05-14,2025-05-14T15:40:00.000Z,187,=,outgoing,1
56a9473d-bd53-4638-bc47-51db4490340e,858,South Oʻahu: Magic Island Bowls,21.282953,-157.845657,2025-05-04,2025-05-04T19:15:00.000Z,63,=,incoming,0
74d2a4f6-00b6-42fb-bec8-021d24836b62,991,East Oʻahu: Kaimalino,21.425185,-157.740142,2025-05-04,2025-05-04T19:00:00.000Z,41,=,incoming,0
e449534f-023a-426e-a083-f36d77132ebb,906,East Oʻahu: South Kaneohe Bay,21.4259,-157.7656,2025-05-04,2025-05-04T19:00:00.000Z,63,=,incoming,0
62948ab7-a78e-4ee2-9bcf-74d4ebac058a,979,East Oʻahu: Hakipuʻu Boat Ramp,21.506487,-157.85131,2025-05-04,2025-05-04T19:00:00.000Z,41,=,incoming,0
1316e458-f6be-4c55-a36a-cdeeeb6b287a,859,South Oʻahu: Magic Island Canoe Launch,21.28777,-157.844116,2025-05-04,2025-05-04T19:00:00.000Z,158,=,incoming,1
0e9e7521-6fda-4850-a229-77d3d8a2ba5f,776,South Oʻahu: Kaʻalāwai (Black Point/Cromwells),21.2574,-157.7968,2025-05-04,2025-05-04T18:55:00.000Z,20,=,incoming,0
ec1e56d4-edd1-4fcb-92a6-a40dce6d72bc,981,South Oʻahu: Kaʻalāwai (Black Point-East),21.259798,-157.789825,2025-05-04,2025-05-04T18:45:00.000Z,110,=,incoming,0
f3402127-0338-4742-8d01-4a9ba00da83d,1165,South Oʻahu: Wailupe Beach Park,21.27607,-157.76163,2025-05-04,2025-05-04T18:45:00.000Z,10,=,incoming,0
2ab71a08-bdf1-4b2e-96ba-23a825d4d8f4,1164,East Oʻahu: Waiāhole Beach Park,21.483904,-157.844949,2025-05-04,2025-05-04T18:40:00.000Z,41,=,incoming,0
6106df3d-d0c0-4701-bc36-13c79ab75607,861,South Oʻahu: Waialae Beach Park,21.26885,-157.77655,2025-05-04,2025-05-04T18:35:00.000Z,20,=,incoming,0
590db59e-eaa1-4f2c-8609-7d3651ec31ba,9163,South Oʻahu: Hui Nalu Canoe Launch,21.28457,-157.71864,2025-05-04,2025-05-04T18:35:00.000Z,122,=,incoming,0
474c0721-8308-4c76-99d8-fb030c6c2b60,862,South Oʻahu: Kuliʻouʻou Stream,21.28369,-157.721654,2025-05-04,2025-05-04T18:00:00.000Z,2142,=,incoming,1
fbc082d4-8849-4efb-bbbd-b1c168f2c17a,9083,East Oʻahu: Waimanalo Stream ,21.364982,-157.7102746,2025-05-04,2025-05-04T17:20:00.000Z,299,=,incoming,1
455c8221-e91f-41fe-b4e1-1cecac5796ce,8894,East Oʻahu: Kailua Beach Park,21.397806,-157.726,2025-05-04,2025-05-04T17:00:00.000Z,10,<,incoming,0
7ddf1d47-5078-4c65-8225-3de3805b6840,1196,East Oʻahu: Heʻeia Stream,21.44035,-157.809708,2025-05-04,2025-05-04T16:15:00.000Z,228,=,outgoing,1
206d7f38-b318-48a4-87ba-6b1edb533e5a,777,East Oʻahu: Kahaluʻu Beach,21.46011,-157.839571,2025-05-04,2025-05-04T16:15:00.000Z,1985,=,outgoing,1
eb4db877-948a-446f-b5d8-23afda4b0dc2,9045,East Oʻahu: Punaluʻu Stream Beach (Chings),21.579,-157.885,2025-05-04,2025-05-04T16:10:00.000Z,266,=,incoming,1
4b1d75b7-11b1-4365-b675-cd13ef6125e3,9046,East Oʻahu: Mākao,21.607,-157.906,2025-05-04,2025-05-04T15:50:00.000Z,86,=,incoming,0
60c8a915-2f26-4783-9f47-cb3626eb9d4f,8915,West Oʻahu: Pōkaʻi Bay- outside,21.4410874,-158.1908961,2025-04-30,2025-04-30T16:45:00.000Z,10,=,outgoing,0
dce2804b-fed0-4ca6-9f5b-827ae37db74e,8916,West Oʻahu: Pōkaʻi Bay- Inside,21.4415602,-158.1907114,2025-04-30,2025-04-30T16:35:00.000Z,20,=,outgoing,0
fb504920-e199-42b4-b6de-8e741b7fd62e,9016,West Oʻahu: Pililāʻau,21.448217,-158.192928,2025-04-30,2025-04-30T16:23:00.000Z,10,=,outgoing,0
89efd6b9-ed7e-4b72-a85c-2598ed757300,8924,West Oʻahu: Kaupuni Stream,21.4487068,-158.1897632,2025-04-30,2025-04-30T16:15:00.000Z,7270,=,outgoing,1
3f4abbbf-1826-4aef-80f2-e53aba01bac0,858,South Oʻahu: Magic Island Bowls,21.282953,-157.845657,2025-04-20,2025-04-20T19:10:00.000Z,30,=,incoming,0
3fa03988-b5b4-4949-b7bc-0cd6c732b9fb,9046,East Oʻahu: Mākao,21.607,-157.906,2025-04-20,2025-04-20T19:00:00.000Z,309,=,outgoing,1
d8d075a3-ab37-4222-b4da-3fbfc746ab2d,991,East Oʻahu: Kaimalino,21.425185,-157.740142,2025-04-20,2025-04-20T19:00:00.000Z,147,=,outgoing,1
0a5b430e-7007-49a0-9f8a-05f5a99cc5a7,859,South Oʻahu: Magic Island Canoe Launch,21.28777,-157.844116,2025-04-20,2025-04-20T19:00:00.000Z,860,=,incoming,1
a6cba385-dc14-461b-9bb2-f7a21f772f08,9045,East Oʻahu: Punaluʻu Stream Beach (Chings),21.579,-157.885,2025-04-20,2025-04-20T19:00:00.000Z,613,=,outgoing,1
d45f286e-f83c-48cc-9de5-b35961e8b9bb,1164,East Oʻahu: Waiāhole Beach Park,21.483904,-157.844949,2025-04-20,2025-04-20T18:55:00.000Z,620,=,incoming,1
f23098ec-f186-481a-928c-c2d03ddb8a7c,776,South Oʻahu: Kaʻalāwai (Black Point/Cromwells),21.2574,-157.7968,2025-04-20,2025-04-20T18:50:00.000Z,10,=,outgoing,0
f4ddddc9-89e6-4077-a486-97b1b6d5f952,1165,South Oʻahu: Wailupe Beach Park,21.27607,-157.76163,2025-04-20,2025-04-20T18:45:00.000Z,259,=,incoming,1
aba7e2ef-9dee-45bc-be10-673553c36450,981,South Oʻahu: Kaʻalāwai (Black Point-East),21.259798,-157.789825,2025-04-20,2025-04-20T18:40:00.000Z,233,=,outgoing,1
4f416e7b-17d2-492e-8bc5-58d3cfadeb1d,9163,South Oʻahu: Hui Nalu Canoe Launch,21.28457,-157.71864,2025-04-20,2025-04-20T18:35:00.000Z,52,=,incoming,0
4fe16591-6479-4f00-a667-ffc3971339ff,861,South Oʻahu: Waialae Beach Park,21.26885,-157.77655,2025-04-20,2025-04-20T18:30:00.000Z,759,=,incoming,1
f7e1527d-143b-4f82-8b85-7ac724f44236,979,East Oʻahu: Hakipuʻu Boat Ramp,21.506487,-157.85131,2025-04-20,2025-04-20T18:01:00.000Z,259,=,outgoing,1
7fd3954a-cc76-49c1-adb8-9c96d73aad6a,780,North Oʻahu: Pūpūkea tidepools,21.649846,-158.062988,2025-04-20,2025-04-20T18:00:00.000Z,10,<,incoming,0
9588aa82-4776-4ce5-b94b-f6dceb0f09d4,862,South Oʻahu: Kuliʻouʻou Stream,21.28369,-157.721654,2025-04-20,2025-04-20T18:00:00.000Z,2187,=,incoming,1
a7501a2b-90b4-447f-88e5-231e439d53b7,9083,East Oʻahu: Waimanalo Stream ,21.364982,-157.7102746,2025-04-20,2025-04-20T17:40:00.000Z,301,=,outgoing,1
56b22bbc-359b-4580-9654-5b3dce0f3dd6,779,North Oʻahu: Chocolates,21.59493,-158.103673,2025-04-20,2025-04-20T17:30:00.000Z,420,=,incoming,1
85950716-4b02-4bf3-96d2-4958f562859e,1195,North Oʻahu: Kahaone Place,21.58323,-158.1247,2025-04-20,2025-04-20T17:16:00.000Z,74,=,incoming,0
07b9f540-3161-4106-ad92-54195cd873a8,1197,North Oʻahu: Kaiaka Bay,21.5902778,-158.1191667,2025-04-20,2025-04-20T17:02:00.000Z,414,=,incoming,1
a90c5d92-5912-4e0f-afa4-000f079e1ce7,8894,East Oʻahu: Kailua Beach Park,21.397806,-157.726,2025-04-20,2025-04-20T17:00:00.000Z,10,<,outgoing,0
04d71122-7b2b-4e49-b3ee-9758badf231b,906,East Oʻahu: South Kaneohe Bay,21.4259,-157.7656,2025-04-20,2025-04-20T16:32:00.000Z,97,=,outgoing,0
823d328e-f7c2-4f1f-8565-c2430f9e9760,1196,East Oʻahu: Heʻeia Stream,21.44035,-157.809708,2025-04-20,2025-04-20T16:30:00.000Z,545,=,outgoing,1
eb3f8d12-251f-4e12-9539-cdc017d20f94,777,East Oʻahu: Kahaluʻu Beach,21.46011,-157.839571,2025-04-20,2025-04-20T16:25:00.000Z,4106,=,outgoing,1
4920a76f-c9e0-45c4-8085-24636874cf2f,858,South Oʻahu: Magic Island Bowls,21.282953,-157.845657,2025-04-06,2025-04-06T19:15:00.000Z,10,=,incoming,0
65320eb9-3017-4333-afa3-558efcea1391,906,East Oʻahu: South Kaneohe Bay,21.4259,-157.7656,2025-04-06,2025-04-06T19:00:00.000Z,934,=,outgoing,1
a79de676-4b48-42c8-b402-ff4d4c78ceb9,859,South Oʻahu: Magic Island Canoe Launch,21.28777,-157.844116,2025-04-06,2025-04-06T19:00:00.000Z,10,=,incoming,0
dfb9b656-f74a-4214-9379-365d554e162d,991,East Oʻahu: Kaimalino,21.425185,-157.740142,2025-04-06,2025-04-06T19:00:00.000Z,20,=,outgoing,0
be742ded-3e4a-4c45-9ffb-376b3fb1bc8b,1164,East Oʻahu: Waiāhole Beach Park,21.483904,-157.844949,2025-04-06,2025-04-06T19:00:00.000Z,313,=,incoming,1
760f4d09-d7bb-4b05-92ce-32393886e327,9083,East Oʻahu: Waimanalo Stream ,21.364982,-157.7102746,2025-04-06,2025-04-06T18:50:00.000Z,148,=,incoming,1
2da2dfe8-1697-4cb9-b0b6-eea86a937380,776,South Oʻahu: Kaʻalāwai (Black Point/Cromwells),21.2574,-157.7968,2025-04-06,2025-04-06T18:50:00.000Z,10,<,incoming,0
6a7f049d-d4dc-4fe9-97a6-76a9c0ef7c41,1165,South Oʻahu: Wailupe Beach Park,21.27607,-157.76163,2025-04-06,2025-04-06T18:40:00.000Z,20,=,low,0
8896bacd-7e16-4b4f-9aee-4ffc65ebc010,9046,East Oʻahu: Mākao,21.607,-157.906,2025-04-06,2025-04-06T18:40:00.000Z,10,=,outgoing,0
f50fe342-0adf-4f4a-a575-a066b2c42991,9045,East Oʻahu: Punaluʻu Stream Beach (Chings),21.579,-157.885,2025-04-06,2025-04-06T18:40:00.000Z,399,=,outgoing,1
9131f5d5-9934-427a-869f-39f3cdbeed1f,981,South Oʻahu: Kaʻalāwai (Black Point-East),21.259798,-157.789825,2025-04-06,2025-04-06T18:40:00.000Z,10,<,incoming,0
a91c4baa-e3d5-4207-a44a-c8d0becee394,9163,South Oʻahu: Hui Nalu Canoe Launch,21.28457,-157.71864,2025-04-06,2025-04-06T18:35:00.000Z,97,=,outgoing,0
d87d75b1-83e8-4249-a51b-005f03cae0ab,779,North Oʻahu: Chocolates,21.59493,-158.103673,2025-04-06,2025-04-06T18:30:00.000Z,160,=,incoming,1
14e83789-b1ef-4afe-a946-ae85d4230689,861,South Oʻahu: Waialae Beach Park,21.26885,-157.77655,2025-04-06,2025-04-06T18:30:00.000Z,10,<,incoming,0
c1e26345-7c4a-49c0-afc9-65d3933f0066,780,North Oʻahu: Pūpūkea tidepools,21.649846,-158.062988,2025-04-06,2025-04-06T18:15:00.000Z,31,=,incoming,0
93aedb3d-dcbe-4df7-b05e-e6481846f5cf,862,South Oʻahu: Kuliʻouʻou Stream,21.28369,-157.721654,2025-04-06,2025-04-06T18:00:00.000Z,583,=,low,1
ddcd1b0d-3302-42ce-b24e-55aa522c440c,1197,North Oʻahu: Kaiaka Bay,21.5902778,-158.1191667,2025-04-06,2025-04-06T17:42:00.000Z,1236,=,incoming,1
4637f35e-4bad-4c09-ba6a-4cfcb4332a1c,1195,North Oʻahu: Kahaone Place,21.58323,-158.1247,2025-04-06,2025-04-06T17:15:00.000Z,20,=,incoming,0
0800f506-a486-4c19-a2e1-d62e76198503,8894,East Oʻahu: Kailua Beach Park,21.397806,-157.726,2025-04-06,2025-04-06T17:00:00.000Z,63,=,outgoing,0
44dd86e6-3e53-4688-aa69-8aabf2886bf4,1196,East Oʻahu: Heʻeia Stream,21.44035,-157.809708,2025-04-06,2025-04-06T16:30:00.000Z,52,=,outgoing,0
2ca96622-a726-4da6-be65-e0095b90101e,777,East Oʻahu: Kahaluʻu Beach,21.46011,-157.839571,2025-04-06,2025-04-06T16:23:00.000Z,1333,=,outgoing,1
c8d0b3ad-ed8a-4ce6-b4d5-cf41204b4377,979,East Oʻahu: Hakipuʻu Boat Ramp,21.506487,-157.85131,2025-04-06,2025-04-06T15:23:00.000Z,120,=,outgoing,0
09c9d711-fc6b-405f-8296-872d007895ac,1165,South Oʻahu: Wailupe Beach Park,21.27607,-157.76163,2025-03-23,2025-03-23T19:40:00.000Z,10,<,incoming,0
a9774260-3b88-4d6b-9206-17ac777d7655,1164,East Oʻahu: Waiāhole Beach Park,21.483904,-157.844949,2025-03-23,2025-03-23T19:15:00.000Z,563,=,incoming,1
5f6ef05d-9d23-4687-ac14-47255af3f581,858,South Oʻahu: Magic Island Bowls,21.282953,-157.845657,2025-03-23,2025-03-23T19:15:00.000Z,10,<,incoming,0
bd752f6b-98ce-4dd4-9f09-d1f57d0916c5,991,East Oʻahu: Kaimalino,21.425185,-157.740142,2025-03-23,2025-03-23T19:00:00.000Z,134,=,outgoing,1
c34855d0-8509-4d17-bfa2-fe8168545ff5,906,East Oʻahu: South Kaneohe Bay,21.4259,-157.7656,2025-03-23,2025-03-23T19:00:00.000Z,61,=,outgoing,0
ecc76136-8c55-4186-89b0-7c86dead9310,859,South Oʻahu: Magic Island Canoe Launch,21.28777,-157.844116,2025-03-23,2025-03-23T19:00:00.000Z,52,=,incoming,0
48360838-36b6-42ae-9f3c-e3c6a65a9a97,1196,East Oʻahu: Heʻeia Stream,21.44035,-157.809708,2025-03-23,2025-03-23T19:00:00.000Z,275,=,outgoing,1
7298bbe8-c324-49c6-b13b-cb487ce3868c,9083,East Oʻahu: Waimanalo Stream ,21.364982,-157.7102746,2025-03-23,2025-03-23T19:00:00.000Z,383,=,incoming,1
871505cf-f24d-4e74-9e48-022a609e4a8b,776,South Oʻahu: Kaʻalāwai (Black Point/Cromwells),21.2574,-157.7968,2025-03-23,2025-03-23T18:55:00.000Z,10,<,incoming,0
50192df4-e547-4e82-b2b4-072e2cf0f376,981,South Oʻahu: Kaʻalāwai (Black Point-East),21.259798,-157.789825,2025-03-23,2025-03-23T18:45:00.000Z,132,=,incoming,1
5ccefc0a-e9cc-435a-ad41-4d795e050899,779,North Oʻahu: Chocolates,21.59493,-158.103673,2025-03-23,2025-03-23T18:45:00.000Z,185,=,outgoing,1
f1ca0181-4c3d-4a3f-8f80-2ecc420fd0c5,861,South Oʻahu: Waialae Beach Park,21.26885,-157.77655,2025-03-23,2025-03-23T18:35:00.000Z,10,<,incoming,0
37bd8d1c-20f5-480f-88c5-6b638c2356f7,862,South Oʻahu: Kuliʻouʻou Stream,21.28369,-157.721654,2025-03-23,2025-03-23T18:10:00.000Z,3873,=,incoming,1
b554049d-d7a0-4f40-b5fc-adc956f333ac,979,East Oʻahu: Hakipuʻu Boat Ramp,21.506487,-157.85131,2025-03-23,2025-03-23T18:00:00.000Z,158,=,,1
39799b6e-e07d-4612-8d3a-41f90a7d6915,1197,North Oʻahu: Kaiaka Bay,21.5902778,-158.1191667,2025-03-23,2025-03-23T17:30:00.000Z,201,=,incoming,1
999a1d53-1c8c-47c8-b76d-d2a9185dcb00,1195,North Oʻahu: Kahaone Place,21.58323,-158.1247,2025-03-23,2025-03-23T17:30:00.000Z,74,=,incoming,0
860ee2c9-461e-4805-bda0-aec9ddf0bade,8894,East Oʻahu: Kailua Beach Park,21.397806,-157.726,2025-03-23,2025-03-23T17:00:00.000Z,10,=,outgoing,0
c83fa17c-decc-48ab-9b9b-72ce97030e89,777,East Oʻahu: Kahaluʻu Beach,21.46011,-157.839571,2025-03-23,2025-03-23T16:28:00.000Z,146,=,outgoing,1
f7b4ec00-37a9-4daa-9388-f82c5a5a5fef,780,North Oʻahu: Pūpūkea tidepools,21.649846,-158.062988,2025-03-23,2025-03-23T16:05:00.000Z,10,<,incoming,0
f6037db5-4e16-4b47-8d55-9c1fe1f16f1d,9046,East Oʻahu: Mākao,21.607,-157.906,2025-03-23,2025-03-23T16:05:00.000Z,109,=,outgoing,0
978ad6c6-5bde-4e1e-a14b-19d4f828fa35,9045,East Oʻahu: Punaluʻu Stream Beach (Chings),21.579,-157.885,2025-03-23,2025-03-23T15:15:00.000Z,160,=,outgoing,1
8d272c49-455f-4a3b-b43a-a961332219f6,779,North Oʻahu: Chocolates,21.59493,-158.103673,2025-03-09,2025-03-09T19:30:00.000Z,85,=,incoming,0
9ffef930-8284-4e11-8712-40679975d93e,858,South Oʻahu: Magic Island Bowls,21.282953,-157.845657,2025-03-09,2025-03-09T19:15:00.000Z,10,=,incoming,0
1bcf8428-0539-47d3-b14b-60155516e8d0,1164,East Oʻahu: Waiāhole Beach Park,21.483904,-157.844949,2025-03-09,2025-03-09T19:12:00.000Z,8880,=,incoming,1
24a450dd-4d5c-440f-bc16-7bd59dd5e33f,859,South Oʻahu: Magic Island Canoe Launch,21.28777,-157.844116,2025-03-09,2025-03-09T19:00:00.000Z,63,=,incoming,0
609e8abe-fd19-47b8-8fc7-4720f38e1287,776,South Oʻahu: Kaʻalāwai (Black Point/Cromwells),21.2574,-157.7968,2025-03-09,2025-03-09T18:55:00.000Z,30,=,incoming,0
b3320d0d-81c3-4a37-b0ce-408a3e5038c8,981,South Oʻahu: Kaʻalāwai (Black Point-East),21.259798,-157.789825,2025-03-09,2025-03-09T18:45:00.000Z,10,=,incoming,0
6616df39-9027-4490-bc60-97df9c00fa8c,1165,South Oʻahu: Wailupe Beach Park,21.27607,-157.76163,2025-03-09,2025-03-09T18:45:00.000Z,10,=,incoming,0
383c651b-44b0-4abc-a27a-987fb9d3b115,861,South Oʻahu: Waialae Beach Park,21.26885,-157.77655,2025-03-09,2025-03-09T18:35:00.000Z,265,=,incoming,1
012e0115-5834-4167-a285-be85a111f976,862,South Oʻahu: Kuliʻouʻou Stream,21.28369,-157.721654,2025-03-09,2025-03-09T18:25:00.000Z,8664,=,incoming,1
efb9a37b-8f5e-4ba8-ba35-f2c6ef225f9f,9083,East Oʻahu: Waimanalo Stream ,21.364982,-157.7102746,2025-03-09,2025-03-09T18:10:00.000Z,785,=,incoming,1
74e4b6a0-31de-4c57-a2c0-d898d253559e,979,East Oʻahu: Hakipuʻu Boat Ramp,21.506487,-157.85131,2025-03-09,2025-03-09T18:10:00.000Z,331,=,incoming,1
cada0b71-1a2c-4570-ab04-5082ff7a454f,780,North Oʻahu: Pūpūkea tidepools,21.649846,-158.062988,2025-03-09,2025-03-09T18:00:00.000Z,10,<,incoming,0
4f90dfb7-efbc-4eb8-b350-b728e857b3d9,1195,North Oʻahu: Kahaone Place,21.58323,-158.1247,2025-03-09,2025-03-09T17:30:00.000Z,10,=,outgoing,0
4e5b0283-022c-43f7-b5a5-a3f4cfbc3d5e,1197,North Oʻahu: Kaiaka Bay,21.5902778,-158.1191667,2025-03-09,2025-03-09T17:00:00.000Z,10,<,outgoing,0
b0b400cd-3198-4a7a-8936-6eb128a93b63,8894,East Oʻahu: Kailua Beach Park,21.397806,-157.726,2025-03-09,2025-03-09T17:00:00.000Z,10,=,outgoing,0
fd9c13d5-2b56-4225-b13c-6361988e766c,1196,East Oʻahu: Heʻeia Stream,21.44035,-157.809708,2025-03-09,2025-03-09T16:30:00.000Z,30,=,outgoing,0
e111850f-711f-4a78-8b27-651a9fd3acb0,777,East Oʻahu: Kahaluʻu Beach,21.46011,-157.839571,2025-03-09,2025-03-09T16:25:00.000Z,1374,=,outgoing,1
ecf37f4b-da94-4ab1-8589-cf84b17306c3,9045,East Oʻahu: Punaluʻu Stream Beach (Chings),21.579,-157.885,2025-03-09,2025-03-09T16:10:00.000Z,388,=,outgoing,1
90fd2c19-838b-46dd-99b9-fcaf6bc7be3d,9046,East Oʻahu: Mākao,21.607,-157.906,2025-03-09,2025-03-09T16:00:00.000Z,10,<,outgoing,0
9b75f243-c2b8-4636-b5de-d3d05c39d2d0,906,East Oʻahu: South Kaneohe Bay,21.4259,-157.7656,2025-03-09,2025-03-09T15:30:00.000Z,1106,=,incoming,1
62594b96-2d8a-4ed4-8a22-ac58a513d1df,8924,West Oʻahu: Kaupuni Stream,21.4487068,-158.1897632,2025-03-05,2025-03-05T19:35:00.000Z,1565,=,outgoing,1
50a21b72-0be8-459e-9739-4f86fd0b1187,9016,West Oʻahu: Pililāʻau,21.448217,-158.192928,2025-03-05,2025-03-05T19:05:00.000Z,10,<,incoming,0
6bed5299-5aba-4fb3-8691-f96991a3a6c5,8915,West Oʻahu: Pōkaʻi Bay- outside,21.4410874,-158.1908961,2025-03-05,2025-03-05T19:05:00.000Z,10,<,outgoing,0
2020a4d8-1e82-4420-afbb-f643b2349f9d,8916,West Oʻahu: Pōkaʻi Bay- Inside,21.4415602,-158.1907114,2025-03-05,2025-03-05T19:05:00.000Z,10,=,outgoing,0
5614ec84-8554-4b69-aa0c-d6b544c68963,858,South Oʻahu: Magic Island Bowls,21.282953,-157.845657,2025-02-23,2025-02-23T19:55:00.000Z,10,<,incoming,0
14fcd1e8-cca7-4108-b2ce-b5b8ead01d17,859,South Oʻahu: Magic Island Canoe Launch,21.28777,-157.844116,2025-02-23,2025-02-23T19:35:00.000Z,98,=,incoming,0
0f765769-751c-42b1-bee6-8c48fb2af1fe,991,East Oʻahu: Kaimalino,21.425185,-157.740142,2025-02-23,2025-02-23T19:00:00.000Z,327,=,outgoing,1
82d51127-9ef6-45b5-b49c-cf650742b642,779,North Oʻahu: Chocolates,21.59493,-158.103673,2025-02-23,2025-02-23T19:00:00.000Z,31,=,,0
27c7d8a8-a46d-49d3-a201-c9616f1a55d9,776,South Oʻahu: Kaʻalāwai (Black Point/Cromwells),21.2574,-157.7968,2025-02-23,2025-02-23T18:50:00.000Z,10,<,outgoing,0
6a5beccc-b062-4f1f-97fa-daccce7fbc41,1165,South Oʻahu: Wailupe Beach Park,21.27607,-157.76163,2025-02-23,2025-02-23T18:45:00.000Z,10,<,incoming,0
08f18927-1efc-4094-817b-541449e6e701,981,South Oʻahu: Kaʻalāwai (Black Point-East),21.259798,-157.789825,2025-02-23,2025-02-23T18:40:00.000Z,20,=,outgoing,0
4a4ff6ae-4589-4c82-a827-e440e5607bd0,861,South Oʻahu: Waialae Beach Park,21.26885,-157.77655,2025-02-23,2025-02-23T18:30:00.000Z,110,=,outgoing,0
356817b5-6395-49d8-88b3-d068f0daa94c,1164,East Oʻahu: Waiāhole Beach Park,21.483904,-157.844949,2025-02-23,2025-02-23T18:20:00.000Z,243,=,incoming,1
befd684c-4baa-487e-9bb2-610e2d8b539e,862,South Oʻahu: Kuliʻouʻou Stream,21.28369,-157.721654,2025-02-23,2025-02-23T18:15:00.000Z,2064,=,outgoing,1
c714d8e3-ad5a-4d28-b85c-297dfe27543b,780,North Oʻahu: Pūpūkea tidepools,21.649846,-158.062988,2025-02-23,2025-02-23T18:00:00.000Z,30,=,outgoing,0
8799d4a3-afec-4eed-aced-cdbd28a1bbad,1195,North Oʻahu: Kahaone Place,21.58323,-158.1247,2025-02-23,2025-02-23T17:40:00.000Z,10,<,outgoing,0
7e8c05c9-4e7a-4e10-b435-53affa1047d1,1197,North Oʻahu: Kaiaka Bay,21.5902778,-158.1191667,2025-02-23,2025-02-23T17:15:00.000Z,73,=,outgoing,0
0333dc81-1959-4bc4-8565-06905f2c9b53,9083,East Oʻahu: Waimanalo Stream ,21.364982,-157.7102746,2025-02-23,2025-02-23T17:15:00.000Z,836,=,outgoing,1
50a7338e-41ed-4f89-a1cb-51acc5aa9adf,8894,East Oʻahu: Kailua Beach Park,21.397806,-157.726,2025-02-23,2025-02-23T17:00:00.000Z,10,<,outgoing,0
10046c96-af58-4579-a05d-aa6c151a4011,1196,East Oʻahu: Heʻeia Stream,21.44035,-157.809708,2025-02-23,2025-02-23T16:30:00.000Z,158,=,outgoing,1
1b6584e3-fc38-4308-815d-a1f561c7e5d3,777,East Oʻahu: Kahaluʻu Beach,21.46011,-157.839571,2025-02-23,2025-02-23T16:20:00.000Z,84,=,outgoing,0
9b0340a7-5fde-4403-9236-f7664b685f62,9045,East Oʻahu: Punaluʻu Stream Beach (Chings),21.579,-157.885,2025-02-23,2025-02-23T16:00:00.000Z,480,=,outgoing,1
c4c0f311-f8d0-407a-8e0e-06683838ca62,9046,East Oʻahu: Mākao,21.607,-157.906,2025-02-23,2025-02-23T16:00:00.000Z,10,=,outgoing,0
d053b8b0-df93-4340-a20f-01d47dccabae,906,East Oʻahu: South Kaneohe Bay,21.4259,-157.7656,2025-02-23,2025-02-23T15:59:00.000Z,161,=,outgoing,1
d7fbadbc-30f4-4a16-a828-6ceec3924a16,858,South Oʻahu: Magic Island Bowls,21.282953,-157.845657,2025-02-09,2025-02-09T19:51:00.000Z,10,=,incoming,0
8cd2ca9d-a988-4b02-8ca1-99fe609aef6d,859,South Oʻahu: Magic Island Canoe Launch,21.28777,-157.844116,2025-02-09,2025-02-09T19:28:00.000Z,204,=,incoming,1
70cf1d87-57ed-4efa-b712-4ec241a0cdda,1164,East Oʻahu: Waiāhole Beach Park,21.483904,-157.844949,2025-02-09,2025-02-09T19:00:00.000Z,504,=,outgoing,1
071eb97d-30f9-4e85-8405-2125deb0c401,776,South Oʻahu: Kaʻalāwai (Black Point/Cromwells),21.2574,-157.7968,2025-02-09,2025-02-09T18:55:00.000Z,10,<,outgoing,0
e2e6055f-fe1a-4c2b-962d-99ad5da388fc,1165,South Oʻahu: Wailupe Beach Park,21.27607,-157.76163,2025-02-09,2025-02-09T18:45:00.000Z,31,=,outgoing,0
3664fced-b9ce-49c1-8625-2ee374e717e6,861,South Oʻahu: Waialae Beach Park,21.26885,-157.77655,2025-02-09,2025-02-09T18:35:00.000Z,2247,=,outgoing,1
7a693ce5-e902-470d-a132-7e77d8d1a068,779,North Oʻahu: Chocolates,21.59493,-158.103673,2025-02-09,2025-02-09T18:35:00.000Z,203,=,incoming,1
40adc932-0439-4c1c-94ae-cdb19b0bdfaf,981,South Oʻahu: Kaʻalāwai (Black Point-East),21.259798,-157.789825,2025-02-09,2025-02-09T18:25:00.000Z,31,=,outgoing,0
08e5f9ac-2a21-4f57-8019-d115ffd23d4e,862,South Oʻahu: Kuliʻouʻou Stream,21.28369,-157.721654,2025-02-09,2025-02-09T18:20:00.000Z,3076,=,outgoing,1
dd5de56d-d14f-4aec-b7bb-cac52e3b7644,780,North Oʻahu: Pūpūkea tidepools,21.649846,-158.062988,2025-02-09,2025-02-09T18:05:00.000Z,10,=,outgoing,0
c0feba45-90d0-4c5f-9703-4b3cd9e31ec2,979,East Oʻahu: Hakipuʻu Boat Ramp,21.506487,-157.85131,2025-02-09,2025-02-09T17:50:00.000Z,987,=,outgoing,1
a10e8a58-f80f-47fd-9e58-6c3bae7d56b7,1197,North Oʻahu: Kaiaka Bay,21.5902778,-158.1191667,2025-02-09,2025-02-09T17:46:00.000Z,132,=,outgoing,1
75d17e21-4918-44ee-b037-ad47336e26ea,9083,East Oʻahu: Waimanalo Stream ,21.364982,-157.7102746,2025-02-09,2025-02-09T17:45:00.000Z,3448,=,outgoing,1
a36578b3-f268-4369-b60d-fa10efc4839b,1195,North Oʻahu: Kahaone Place,21.58323,-158.1247,2025-02-09,2025-02-09T17:30:00.000Z,292,=,outgoing,1
2f1fa8af-a1e7-4d65-9987-7015d229e87a,991,East Oʻahu: Kaimalino,21.425185,-157.740142,2025-02-09,2025-02-09T17:00:00.000Z,295,=,outgoing,1
d74d145f-0b5c-47d5-819f-bf44ee7e0d8c,8894,East Oʻahu: Kailua Beach Park,21.397806,-157.726,2025-02-09,2025-02-09T17:00:00.000Z,10,<,outgoing,0
614758ac-fce5-4fae-9dc0-e01c9dc7cc91,1196,East Oʻahu: Heʻeia Stream,21.44035,-157.809708,2025-02-09,2025-02-09T16:30:00.000Z,723,=,outgoing,1
36e640d4-33e4-44f6-a1b9-9210958f1ee2,777,East Oʻahu: Kahaluʻu Beach,21.46011,-157.839571,2025-02-09,2025-02-09T16:22:00.000Z,231,=,outgoing,1
460bc63a-2bc1-481a-9efb-3015339e03cd,9045,East Oʻahu: Punaluʻu Stream Beach (Chings),21.579,-157.885,2025-02-09,2025-02-09T16:10:00.000Z,359,=,outgoing,1
595b9b40-f7f4-40a6-adfd-dd0a70a9ce2a,9046,East Oʻahu: Mākao,21.607,-157.906,2025-02-09,2025-02-09T16:00:00.000Z,504,=,outgoing,1
690dd4eb-c6d1-4a40-9db1-9d383bbcc41a,906,East Oʻahu: South Kaneohe Bay,21.4259,-157.7656,2025-02-09,2025-02-09T15:48:00.000Z,109,=,outgoing,0
4df0aac3-632d-49d2-88db-e66014087d8f,8915,West Oʻahu: Pōkaʻi Bay- outside,21.4410874,-158.1908961,2025-02-05,2025-02-05T19:35:00.000Z,10,<,outgoing,0
da6e612c-3436-4a87-b694-01811f6df29f,8916,West Oʻahu: Pōkaʻi Bay- Inside,21.4415602,-158.1907114,2025-02-05,2025-02-05T19:25:00.000Z,10,=,outgoing,0
9b512e61-ec3e-4c90-9f92-a94cc0703e8e,9016,West Oʻahu: Pililāʻau,21.448217,-158.192928,2025-02-05,2025-02-05T19:10:00.000Z,10,<,outgoing,0
3ae4192a-9151-47bc-9e5b-0657e81c29d7,8924,West Oʻahu: Kaupuni Stream,21.4487068,-158.1897632,2025-02-05,2025-02-05T18:55:00.000Z,298,=,outgoing,1
cdde65f1-36d8-4c16-b545-bed3029c615f,777,East Oʻahu: Kahaluʻu Beach,21.46011,-157.839571,2025-01-26,2025-01-26T19:20:00.000Z,933,=,outgoing,1
4aedd22b-0109-4db9-9499-9e55ece51f0c,858,South Oʻahu: Magic Island Bowls,21.282953,-157.845657,2025-01-26,2025-01-26T19:15:00.000Z,10,<,outgoing,0
0b9b0f64-e942-4b67-b285-a55f2028abde,859,South Oʻahu: Magic Island Canoe Launch,21.28777,-157.844116,2025-01-26,2025-01-26T19:00:00.000Z,10,=,outgoing,0
95f11a26-eaef-415f-b07e-b57888e64b11,1164,East Oʻahu: Waiāhole Beach Park,21.483904,-157.844949,2025-01-26,2025-01-26T19:00:00.000Z,373,=,outgoing,1
363b6760-4d44-4f78-b1b7-238684765ec9,776,South Oʻahu: Kaʻalāwai (Black Point/Cromwells),21.2574,-157.7968,2025-01-26,2025-01-26T18:55:00.000Z,31,=,outgoing,0
bea2b434-4b9f-42a2-993b-b8c9f38483cf,981,South Oʻahu: Kaʻalāwai (Black Point-East),21.259798,-157.789825,2025-01-26,2025-01-26T18:45:00.000Z,52,=,outgoing,0
45346cb5-596d-4054-a1bf-9bed9f072d16,1165,South Oʻahu: Wailupe Beach Park,21.27607,-157.76163,2025-01-26,2025-01-26T18:45:00.000Z,10,<,outgoing,0
84d2f33c-0523-4828-bec4-696fc4d285c2,861,South Oʻahu: Waialae Beach Park,21.26885,-157.77655,2025-01-26,2025-01-26T18:35:00.000Z,20,=,outgoing,0
0159b6b3-25fc-4ada-9b04-89d074a6f28d,779,North Oʻahu: Chocolates,21.59493,-158.103673,2025-01-26,2025-01-26T18:30:00.000Z,86,=,outgoing,0
c49bf44a-57ea-40fd-a3af-81952ba267aa,862,South Oʻahu: Kuliʻouʻou Stream,21.28369,-157.721654,2025-01-26,2025-01-26T18:15:00.000Z,479,=,outgoing,1
676e492d-7888-44dc-9eea-b3d3154034e7,979,East Oʻahu: Hakipuʻu Boat Ramp,21.506487,-157.85131,2025-01-26,2025-01-26T18:08:00.000Z,295,=,outgoing,1
35a582dc-531a-48c8-ab33-02d0433e93a6,780,North Oʻahu: Pūpūkea tidepools,21.649846,-158.062988,2025-01-26,2025-01-26T18:00:00.000Z,10,<,outgoing,0
2fe8b20c-9fc0-4297-946a-640b70450783,906,East Oʻahu: South Kaneohe Bay,21.4259,-157.7656,2025-01-26,2025-01-26T17:36:00.000Z,631,=,outgoing,1
ecc6c6a3-28f9-44a8-8699-e27aa61d5374,9083,East Oʻahu: Waimanalo Stream ,21.364982,-157.7102746,2025-01-26,2025-01-26T17:30:00.000Z,246,=,outgoing,1
4384c5ac-3bef-4d19-8ae8-007f32254153,1197,North Oʻahu: Kaiaka Bay,21.5902778,-158.1191667,2025-01-26,2025-01-26T17:00:00.000Z,31,=,outgoing,0
8156a2b6-70d7-45da-8c31-ad9fecdb2bff,8894,East Oʻahu: Kailua Beach Park,21.397806,-157.726,2025-01-26,2025-01-26T17:00:00.000Z,20,=,outgoing,0
ed2ad8ea-4d4b-42c4-83ee-34a0dc99cc0d,1195,North Oʻahu: Kahaone Place,21.58323,-158.1247,2025-01-26,2025-01-26T16:30:00.000Z,10,<,outgoing,0
98482d2f-2483-4a59-80e2-bcd69687b7bb,9045,East Oʻahu: Punaluʻu Stream Beach (Chings),21.579,-157.885,2025-01-26,2025-01-26T16:15:00.000Z,487,=,outgoing,1
c7cf5362-faac-4b27-94c0-501a746d0bd9,991,East Oʻahu: Kaimalino,21.425185,-157.740142,2025-01-26,2025-01-26T16:10:00.000Z,52,=,outgoing,0
6c6554fe-aa45-4137-8778-6e7059083b7b,9046,East Oʻahu: Mākao,21.607,-157.906,2025-01-26,2025-01-26T16:00:00.000Z,10,<,outgoing,0
7091464f-7f2d-4cdf-9094-44d34a063333,8924,West Oʻahu: Kaupuni Stream,21.4487068,-158.1897632,2025-01-22,2025-01-22T19:39:00.000Z,748,=,incoming,1
3bf47b63-6cda-4f55-ab96-e589908cc26b,9016,West Oʻahu: Pililāʻau,21.448217,-158.192928,2025-01-22,2025-01-22T19:35:00.000Z,10,=,incoming,0
210f04f0-30e6-4f8f-9384-bf6588ff44c8,8915,West Oʻahu: Pōkaʻi Bay- outside,21.4410874,-158.1908961,2025-01-22,2025-01-22T19:25:00.000Z,10,=,incoming,0
90eed492-2233-44a3-8f48-6005ebec7859,8916,West Oʻahu: Pōkaʻi Bay- Inside,21.4415602,-158.1907114,2025-01-22,2025-01-22T19:20:00.000Z,10,=,incoming,0
176cb0d5-bf75-48a1-b7ac-a309647e450c,858,South Oʻahu: Magic Island Bowls,21.282953,-157.845657,2025-01-12,2025-01-12T19:15:00.000Z,73,=,outgoing,0
cce5bdd6-9e42-474f-8417-e48cab0bf90e,991,East Oʻahu: Kaimalino,21.425185,-157.740142,2025-01-12,2025-01-12T19:00:00.000Z,41,=,outgoing,0
70a9d636-83e6-4a91-aea3-5a3f3e5a01b9,906,East Oʻahu: South Kaneohe Bay,21.4259,-157.7656,2025-01-12,2025-01-12T19:00:00.000Z,63,=,incoming,0
9c119c27-023c-462b-ae78-b2b2e81c7d96,859,South Oʻahu: Magic Island Canoe Launch,21.28777,-157.844116,2025-01-12,2025-01-12T19:00:00.000Z,441,=,outgoing,1
7fe09e0b-e726-402c-9657-e3944ab2c667,779,North Oʻahu: Chocolates,21.59493,-158.103673,2025-01-12,2025-01-12T19:00:00.000Z,110,=,outgoing,0
10fc2f8a-664e-4ff2-9733-c633e68c5beb,8894,East Oʻahu: Kailua Beach Park,21.397806,-157.726,2025-01-12,2025-01-12T19:00:00.000Z,52,=,outgoing,0
87ead502-20ce-43dd-8fb6-1d27bd0c0c87,776,South Oʻahu: Kaʻalāwai (Black Point/Cromwells),21.2574,-157.7968,2025-01-12,2025-01-12T18:50:00.000Z,341,=,outgoing,1
da636705-9ccc-4ebe-b8a8-7a541f82c86a,979,East Oʻahu: Hakipuʻu Boat Ramp,21.506487,-157.85131,2025-01-12,2025-01-12T18:43:00.000Z,539,=,outgoing,1
a6e5dc4d-9d26-4c05-815c-467d95628e58,1165,South Oʻahu: Wailupe Beach Park,21.27607,-157.76163,2025-01-12,2025-01-12T18:40:00.000Z,63,=,outgoing,0
6c4d43f2-07a8-4173-8c11-c2136fa270ab,1164,East Oʻahu: Waiāhole Beach Park,21.483904,-157.844949,2025-01-12,2025-01-12T18:40:00.000Z,573,=,outgoing,1
f0640f76-4f42-43c2-a002-dfafedef1211,981,South Oʻahu: Kaʻalāwai (Black Point-East),21.259798,-157.789825,2025-01-12,2025-01-12T18:30:00.000Z,341,=,outgoing,1
9690635e-a125-4ab6-a24b-296198f41096,861,South Oʻahu: Waialae Beach Park,21.26885,-157.77655,2025-01-12,2025-01-12T18:30:00.000Z,10,=,outgoing,0
6276be8c-4527-4e90-a676-4ebbb41085af,780,North Oʻahu: Pūpūkea tidepools,21.649846,-158.062988,2025-01-12,2025-01-12T18:30:00.000Z,10,<,outgoing,0
6e1505f0-9c2c-41cc-bde6-3cf18a7a7d12,862,South Oʻahu: Kuliʻouʻou Stream,21.28369,-157.721654,2025-01-12,2025-01-12T18:10:00.000Z,1198,=,outgoing,1
55c6b804-5c92-40ef-a4e6-4b235bbcda22,9083,East Oʻahu: Waimanalo Stream ,21.364982,-157.7102746,2025-01-12,2025-01-12T17:35:00.000Z,275,=,outgoing,1
cb92c08d-c497-4717-891a-525f0f0aced5,1197,North Oʻahu: Kaiaka Bay,21.5902778,-158.1191667,2025-01-12,2025-01-12T17:00:00.000Z,211,=,outgoing,1
fbcb5094-d164-413b-9dbf-c07699cb40cf,1196,East Oʻahu: Heʻeia Stream,21.44035,-157.809708,2025-01-12,2025-01-12T16:30:00.000Z,489,=,outgoing,1
d5df7f32-33b2-4170-9442-df95a6fff5f6,1195,North Oʻahu: Kahaone Place,21.58323,-158.1247,2025-01-12,2025-01-12T16:30:00.000Z,10,=,outgoing,0
327b5ad7-2b36-4310-b718-83e7734c45dc,777,East Oʻahu: Kahaluʻu Beach,21.46011,-157.839571,2025-01-12,2025-01-12T16:27:00.000Z,2142,=,outgoing,1
83833e53-fff0-4c62-a3f2-c8be3a87f49f,9016,West Oʻahu: Pililāʻau,21.448217,-158.192928,2025-01-08,2025-01-08T19:45:00.000Z,10,<,incoming,0
5026c20e-a08a-4d8e-901e-e522d66a778d,8924,West Oʻahu: Kaupuni Stream,21.4487068,-158.1897632,2025-01-08,2025-01-08T19:38:00.000Z,437,=,incoming,1
7a5363c2-372e-4595-8c2c-1c96007eedf6,8915,West Oʻahu: Pōkaʻi Bay- outside,21.4410874,-158.1908961,2025-01-08,2025-01-08T19:30:00.000Z,131,=,incoming,1
8c8bd6f4-c4ab-47ad-8ffc-828e5d35b831,8916,West Oʻahu: Pōkaʻi Bay- Inside,21.4415602,-158.1907114,2025-01-08,2025-01-08T19:15:00.000Z,262,=,incoming,1
cd240043-9637-4733-8177-0f46baee6330,1164,East Oʻahu: Waiāhole Beach Park,21.483904,-157.844949,2024-12-29,2024-12-29T19:40:00.000Z,1860,=,outgoing,1
f67ae0a7-22ee-44da-be61-c7d1117f4ce4,858,South Oʻahu: Magic Island Bowls,21.282953,-157.845657,2024-12-29,2024-12-29T19:15:00.000Z,10,=,outgoing,0
76311339-30eb-4b2a-b31e-251205093dac,859,South Oʻahu: Magic Island Canoe Launch,21.28777,-157.844116,2024-12-29,2024-12-29T19:00:00.000Z,862,=,outgoing,1
dc71363f-1493-483e-b183-3d80d57dddb2,9045,East Oʻahu: Punaluʻu Stream Beach (Chings),21.579,-157.885,2024-12-29,2024-12-29T19:00:00.000Z,789,=,outgoing,1
cc895bdc-46ac-472f-9a57-c036262ec1ef,9046,East Oʻahu: Mākao,21.607,-157.906,2024-12-29,2024-12-29T19:00:00.000Z,10,<,outgoing,0
ced0fa94-9c04-43a9-b8ef-beecd9251710,776,South Oʻahu: Kaʻalāwai (Black Point/Cromwells),21.2574,-157.7968,2024-12-29,2024-12-29T18:45:00.000Z,536,=,outgoing,1
54ddc299-0284-46aa-b1cc-130b98456938,1165,South Oʻahu: Wailupe Beach Park,21.27607,-157.76163,2024-12-29,2024-12-29T18:40:00.000Z,384,=,outgoing,1
313cbb59-6cec-4c3f-a995-ed41aef04eba,9083,East Oʻahu: Waimanalo Stream ,21.364982,-157.7102746,2024-12-29,2024-12-29T18:35:00.000Z,50,=,outgoing,0
c7b40335-d5c7-4fd6-aa5f-05085d335aee,981,South Oʻahu: Kaʻalāwai (Black Point-East),21.259798,-157.789825,2024-12-29,2024-12-29T18:35:00.000Z,3088,=,outgoing,1
cf7984f9-a864-4c95-8ab1-a438909df4ca,861,South Oʻahu: Waialae Beach Park,21.26885,-157.77655,2024-12-29,2024-12-29T18:25:00.000Z,459,=,outgoing,1
bfe957e4-3e2b-4aca-8202-9eed63a8a336,862,South Oʻahu: Kuliʻouʻou Stream,21.28369,-157.721654,2024-12-29,2024-12-29T18:20:00.000Z,24196,>,outgoing,1
bd585030-7cfa-4db9-8ee9-92dab8672fc8,979,East Oʻahu: Hakipuʻu Boat Ramp,21.506487,-157.85131,2024-12-29,2024-12-29T18:05:00.000Z,1607,=,outgoing,1
36fd45ec-2fab-4f77-9a1c-88f531d16050,779,North Oʻahu: Chocolates,21.59493,-158.103673,2024-12-29,2024-12-29T18:00:00.000Z,173,=,outgoing,1
89fdc803-ac73-464b-9531-66b16cd5e1ec,780,North Oʻahu: Pūpūkea tidepools,21.649846,-158.062988,2024-12-29,2024-12-29T17:50:00.000Z,10,<,outgoing,0
297c9ff0-d7f7-48fb-91d1-67a72d55cfc0,8894,East Oʻahu: Kailua Beach Park,21.397806,-157.726,2024-12-29,2024-12-29T17:00:00.000Z,10,=,outgoing,0
97799a56-d6ee-4c60-8bdc-eea8615207a9,777,East Oʻahu: Kahaluʻu Beach,21.46011,-157.839571,2024-12-29,2024-12-29T16:24:00.000Z,2098,=,outgoing,1
deac76db-3fd9-4ad4-84a4-1f5e9d36a9d3,906,East Oʻahu: South Kaneohe Bay,21.4259,-157.7656,2024-12-29,2024-12-29T15:30:00.000Z,288,=,outgoing,1
684aac00-17e4-4be8-9808-cabc018b300d,991,East Oʻahu: Kaimalino,21.425185,-157.740142,2024-12-29,2024-12-29T15:00:00.000Z,269,=,outgoing,1
aed0ec68-b1a1-4d6c-8552-958dd9eaf624,8924,West Oʻahu: Kaupuni Stream,21.4487068,-158.1897632,2024-12-11,2024-12-11T20:19:00.000Z,122,=,outgoing,0
e4a3c6cd-c16f-4356-9100-8721c42f7baa,8915,West Oʻahu: Pōkaʻi Bay- outside,21.4410874,-158.1908961,2024-12-11,2024-12-11T19:38:00.000Z,10,<,incoming,0
2e59d7d9-49aa-4970-9aa3-5cee7f615b5a,8916,West Oʻahu: Pōkaʻi Bay- Inside,21.4415602,-158.1907114,2024-12-11,2024-12-11T19:00:00.000Z,10,<,incoming,0
e8cdb583-7dd6-4e86-919f-ab9b927f375f,9016,West Oʻahu: Pililāʻau,21.448217,-158.192928,2024-12-11,2024-12-11T19:00:00.000Z,10,=,incoming,0
96ffb6d4-51fe-4db6-bd6c-6d0b7193f681,858,South Oʻahu: Magic Island Bowls,21.282953,-157.845657,2024-12-01,2024-12-01T20:25:00.000Z,10,=,outgoing,0
0170a708-39eb-425c-933f-dfab28543c71,859,South Oʻahu: Magic Island Canoe Launch,21.28777,-157.844116,2024-12-01,2024-12-01T20:05:00.000Z,96,=,outgoing,0
5cd2fe04-3052-488c-ba47-a1847c6831c4,1165,South Oʻahu: Wailupe Beach Park,21.27607,-157.76163,2024-12-01,2024-12-01T19:00:00.000Z,10,=,outgoing,0
3473108f-47d5-4dcb-9e70-989327a17e19,991,East Oʻahu: Kaimalino,21.425185,-157.740142,2024-12-01,2024-12-01T19:00:00.000Z,195,=,outgoing,1
a4fa7faa-c6a1-442d-8e9f-145e8437f1f0,776,South Oʻahu: Kaʻalāwai (Black Point/Cromwells),21.2574,-157.7968,2024-12-01,2024-12-01T19:00:00.000Z,20,=,outgoing,0
22b82c56-fcd6-4e98-917c-3e760d971976,981,South Oʻahu: Kaʻalāwai (Black Point-East),21.259798,-157.789825,2024-12-01,2024-12-01T18:45:00.000Z,10,<,outgoing,0
5f526f8a-cd6e-43ff-8acb-fbd1f50d6f29,779,North Oʻahu: Chocolates,21.59493,-158.103673,2024-12-01,2024-12-01T18:40:00.000Z,187,=,outgoing,1
ce0ff03a-6be6-4cd0-92ac-109886a807a5,1164,East Oʻahu: Waiāhole Beach Park,21.483904,-157.844949,2024-12-01,2024-12-01T18:30:00.000Z,146,=,outgoing,1
5577746e-805e-4938-b991-10c8a60571d2,861,South Oʻahu: Waialae Beach Park,21.26885,-157.77655,2024-12-01,2024-12-01T18:30:00.000Z,74,=,outgoing,0
26ca3df1-11e2-42b4-a318-8e75690b1a3f,979,East Oʻahu: Hakipuʻu Boat Ramp,21.506487,-157.85131,2024-12-01,2024-12-01T18:20:00.000Z,1281,=,outgoing,1
60ae7c9f-c145-45bb-8fa6-b23ccfc62fb3,780,North Oʻahu: Pūpūkea tidepools,21.649846,-158.062988,2024-12-01,2024-12-01T18:15:00.000Z,20,=,outgoing,0
c7b6db25-ce59-4b29-9fef-5a96a65de525,862,South Oʻahu: Kuliʻouʻou Stream,21.28369,-157.721654,2024-12-01,2024-12-01T18:10:00.000Z,473,=,outgoing,1
fcde08ba-db09-4659-a4fc-86055f86c3d0,1197,North Oʻahu: Kaiaka Bay,21.5902778,-158.1191667,2024-12-01,2024-12-01T17:46:00.000Z,97,=,outgoing,0
5274a03e-102f-4314-b7d8-b01df9b89b98,1195,North Oʻahu: Kahaone Place,21.58323,-158.1247,2024-12-01,2024-12-01T17:30:00.000Z,41,=,outgoing,0
db1354b6-c194-4b81-bda9-f44762342ed6,9083,East Oʻahu: Waimanalo Stream ,21.364982,-157.7102746,2024-12-01,2024-12-01T17:12:00.000Z,122,=,outgoing,0
18452497-4508-48d6-8b59-0fec3945ee63,8894,East Oʻahu: Kailua Beach Park,21.397806,-157.726,2024-12-01,2024-12-01T17:00:00.000Z,52,=,outgoing,0
1e19fa69-b9fd-4dd9-ba3f-f14761461966,1196,East Oʻahu: Heʻeia Stream,21.44035,-157.809708,2024-12-01,2024-12-01T16:30:00.000Z,63,=,outgoing,0
25c03e21-c2bd-4bd7-a088-202737cf9069,777,East Oʻahu: Kahaluʻu Beach,21.46011,-157.839571,2024-12-01,2024-12-01T16:15:00.000Z,74,=,outgoing,0
348dfb48-3c68-4eac-85ea-948ddd2acd23,906,East Oʻahu: South Kaneohe Bay,21.4259,-157.7656,2024-12-01,2024-12-01T15:37:00.000Z,41,=,outgoing,0
d4c02778-f586-4231-9758-d0d0aca56644,9016,West Oʻahu: Pililāʻau,21.448217,-158.192928,2024-11-25,2024-11-25T20:19:00.000Z,10,<,incoming,0
973dcf6c-9691-4495-b22b-c1aef20939c8,8916,West Oʻahu: Pōkaʻi Bay- Inside,21.4415602,-158.1907114,2024-11-25,2024-11-25T20:19:00.000Z,10,<,incoming,0
8c5a82b6-3153-4dcb-b081-99f363337e9f,8924,West Oʻahu: Kaupuni Stream,21.4487068,-158.1897632,2024-11-25,2024-11-25T20:19:00.000Z,62,=,incoming,0
840e9d9e-69c1-41d0-a932-433b5cf35014,8915,West Oʻahu: Pōkaʻi Bay- outside,21.4410874,-158.1908961,2024-11-25,2024-11-25T19:40:00.000Z,10,<,incoming,0
2f5d79fc-3375-4dca-b117-40ecf5706399,991,East Oʻahu: Kaimalino,21.425185,-157.740142,2024-11-17,2024-11-17T19:00:00.000Z,85,=,outgoing,0
ec30034c-941e-4dc3-82e4-7979db025a05,8894,East Oʻahu: Kailua Beach Park,21.397806,-157.726,2024-11-17,2024-11-17T19:00:00.000Z,20,=,outgoing,0
c0042ddf-2004-4bb2-a7de-476248da6aec,776,South Oʻahu: Kaʻalāwai (Black Point/Cromwells),21.2574,-157.7968,2024-11-17,2024-11-17T18:55:00.000Z,10,=,outgoing,0
f8d1b945-66be-4f30-9534-9f7a6d9759bd,862,South Oʻahu: Kuliʻouʻou Stream,21.28369,-157.721654,2024-11-17,2024-11-17T18:55:00.000Z,1314,=,outgoing,1
fb64b7ef-a314-4b78-a084-a0a12f307b0f,981,South Oʻahu: Kaʻalāwai (Black Point-East),21.259798,-157.789825,2024-11-17,2024-11-17T18:45:00.000Z,195,=,outgoing,1
a4bcf8d1-1b5c-4265-91f9-d320ca6ee0a8,1165,South Oʻahu: Wailupe Beach Park,21.27607,-157.76163,2024-11-17,2024-11-17T18:40:00.000Z,30,=,outgoing,0
c52a3892-75e2-4a63-8fda-bbd3a32d265d,861,South Oʻahu: Waialae Beach Park,21.26885,-157.77655,2024-11-17,2024-11-17T18:35:00.000Z,63,=,outgoing,0
d1f4bf29-be08-4cb5-b5ec-d3488c38f9e2,1164,East Oʻahu: Waiāhole Beach Park,21.483904,-157.844949,2024-11-17,2024-11-17T18:15:00.000Z,683,=,outgoing,1
2bd7d6f1-b2fb-4585-833d-82d69a8be7b9,979,East Oʻahu: Hakipuʻu Boat Ramp,21.506487,-157.85131,2024-11-17,2024-11-17T18:05:00.000Z,538,=,outgoing,1
9aa6611e-7a00-4a11-a815-641f8644fe51,779,North Oʻahu: Chocolates,21.59493,-158.103673,2024-11-17,2024-11-17T18:05:00.000Z,161,=,outgoing,1
5f6e495a-1c83-483e-b8ba-7de95748f465,780,North Oʻahu: Pūpūkea tidepools,21.649846,-158.062988,2024-11-17,2024-11-17T18:00:00.000Z,10,<,outgoing,0
e6ea0878-0659-44f6-942e-641def728a36,9083,East Oʻahu: Waimanalo Stream ,21.364982,-157.7102746,2024-11-17,2024-11-17T18:00:00.000Z,134,=,outgoing,1
06797fe9-50f0-4ab6-919b-97ffb3172435,1197,North Oʻahu: Kaiaka Bay,21.5902778,-158.1191667,2024-11-17,2024-11-17T17:32:00.000Z,350,=,outgoing,1
543c6e33-8ad2-4c3d-a354-dae54245bd1e,1195,North Oʻahu: Kahaone Place,21.58323,-158.1247,2024-11-17,2024-11-17T17:15:00.000Z,52,=,outgoing,0
db965058-b28c-4503-be26-89fecb453cd9,777,East Oʻahu: Kahaluʻu Beach,21.46011,-157.839571,2024-11-17,2024-11-17T16:38:00.000Z,1785,=,outgoing,1
9c7a3b0d-1042-42b0-858c-f002b28ecf29,1196,East Oʻahu: Heʻeia Stream,21.44035,-157.809708,2024-11-17,2024-11-17T16:30:00.000Z,84,=,outgoing,0
5d0d8ae6-8aab-4e1e-8dc7-69175802c09f,9045,East Oʻahu: Punaluʻu Stream Beach (Chings),21.579,-157.885,2024-11-17,2024-11-17T16:10:00.000Z,677,=,outgoing,1
7699f2e7-2c16-474a-bc04-481c7fd15db8,9046,East Oʻahu: Mākao,21.607,-157.906,2024-11-17,2024-11-17T16:00:00.000Z,41,=,outgoing,0
592ada4f-9e71-4ad5-8530-a3af5730cfb7,906,East Oʻahu: South Kaneohe Bay,21.4259,-157.7656,2024-11-17,2024-11-17T15:28:00.000Z,41,=,outgoing,0
60064725-c89c-4d33-8115-c91cc4c76ebb,858,South Oʻahu: Magic Island Bowls,21.282953,-157.845657,2024-11-16,2024-11-17T03:30:00.000Z,327,=,outgoing,1
034e4756-a99c-4aea-b728-bda854fbea1d,859,South Oʻahu: Magic Island Canoe Launch,21.28777,-157.844116,2024-11-16,2024-11-17T03:15:00.000Z,52,=,outgoing,0
2d144c90-a08c-41ba-ac3e-558a889e6f77,8916,West Oʻahu: Pōkaʻi Bay- Inside,21.4415602,-158.1907114,2024-11-07,2024-11-07T19:50:00.000Z,10,<,incoming,0
eb61c539-d4ee-4930-adad-7cc4e980e521,8915,West Oʻahu: Pōkaʻi Bay- outside,21.4410874,-158.1908961,2024-11-07,2024-11-07T19:45:00.000Z,10,<,incoming,0
8526f1ac-bca5-4541-909a-0460b64a5e49,9016,West Oʻahu: Pililāʻau,21.448217,-158.192928,2024-11-07,2024-11-07T19:25:00.000Z,20,=,incoming,0
fff5815a-d3b4-46d8-be27-714aa48bc99d,8924,West Oʻahu: Kaupuni Stream,21.4487068,-158.1897632,2024-11-07,2024-11-07T19:00:00.000Z,281,=,outgoing,1
3dffa1c7-a752-4905-a3e9-4d74e7cf2ee8,1195,North Oʻahu: Kahaone Place,21.58323,-158.1247,2024-11-03,2024-11-03T19:18:00.000Z,20,=,outgoing,0
16dd9c0a-daf7-4f26-aafe-df0c7d8a5c5f,858,South Oʻahu: Magic Island Bowls,21.282953,-157.845657,2024-11-03,2024-11-03T19:15:00.000Z,3609,=,outgoing,1
69686122-95fe-45ab-ac44-542fe97c7b5c,1197,North Oʻahu: Kaiaka Bay,21.5902778,-158.1191667,2024-11-03,2024-11-03T19:08:00.000Z,63,=,outgoing,0
fad5b344-08a1-438b-950f-c7bcdc95bfad,779,North Oʻahu: Chocolates,21.59493,-158.103673,2024-11-03,2024-11-03T19:00:00.000Z,233,=,outgoing,1
5f1fd17f-a1c8-456c-8bc8-1fda19f1c044,991,East Oʻahu: Kaimalino,21.425185,-157.740142,2024-11-03,2024-11-03T19:00:00.000Z,109,=,outgoing,0
6a790223-3cdb-4bf8-91d8-c305e3d2b85a,776,South Oʻahu: Kaʻalāwai (Black Point/Cromwells),21.2574,-157.7968,2024-11-03,2024-11-03T18:50:00.000Z,20,=,outgoing,0
52fa21db-de4f-4d56-b525-893dc614215c,780,North Oʻahu: Pūpūkea tidepools,21.649846,-158.062988,2024-11-03,2024-11-03T18:46:00.000Z,480,=,outgoing,1
c998b918-a0da-4e87-b4e8-8899fe894407,981,South Oʻahu: Kaʻalāwai (Black Point-East),21.259798,-157.789825,2024-11-03,2024-11-03T18:40:00.000Z,213,=,outgoing,1
5e8f6bdb-1280-493a-9652-4adc50e47318,1165,South Oʻahu: Wailupe Beach Park,21.27607,-157.76163,2024-11-03,2024-11-03T18:40:00.000Z,20,=,outgoing,0
21de3364-a957-460b-ba88-5a52d52875f7,861,South Oʻahu: Waialae Beach Park,21.26885,-157.77655,2024-11-03,2024-11-03T18:30:00.000Z,420,=,outgoing,1
52fb9e3b-80da-453d-b487-08270df7acc5,1164,East Oʻahu: Waiāhole Beach Park,21.483904,-157.844949,2024-11-03,2024-11-03T18:30:00.000Z,379,=,outgoing,1
791646f0-d893-4a02-a8f7-034bb89a4b95,862,South Oʻahu: Kuliʻouʻou Stream,21.28369,-157.721654,2024-11-03,2024-11-03T18:20:00.000Z,211,=,outgoing,1
0e5938ac-9ff2-47ed-98d9-4272c317438b,859,South Oʻahu: Magic Island Canoe Launch,21.28777,-157.844116,2024-11-03,2024-11-03T18:00:00.000Z,131,=,outgoing,1
23bec8ef-5fae-4d13-8a42-cb3d138bbc84,9083,East Oʻahu: Waimanalo Stream ,21.364982,-157.7102746,2024-11-03,2024-11-03T18:00:00.000Z,216,=,outgoing,1
35524b48-8311-4e8e-8e30-00150b97dcfb,979,East Oʻahu: Hakipuʻu Boat Ramp,21.506487,-157.85131,2024-11-03,2024-11-03T17:59:00.000Z,521,=,outgoing,1
c0a5d7b8-018e-4af3-9a8b-c4dc9a062c6f,8894,East Oʻahu: Kailua Beach Park,21.397806,-157.726,2024-11-03,2024-11-03T17:00:00.000Z,10,<,outgoing,0
8f49c067-0310-48ce-abed-ed76f0f6377c,906,East Oʻahu: South Kaneohe Bay,21.4259,-157.7656,2024-11-03,2024-11-03T15:20:00.000Z,30,=,outgoing,0
2534b017-b1eb-49fd-bf71-9714cdfa0481,858,South Oʻahu: Magic Island Bowls,21.282953,-157.845657,2024-10-20,2024-10-20T19:15:00.000Z,61,=,outgoing,0
3aab97eb-39f7-405b-b582-4d26d2173973,859,South Oʻahu: Magic Island Canoe Launch,21.28777,-157.844116,2024-10-20,2024-10-20T19:00:00.000Z,109,=,outgoing,0
60230c96-8c03-4d21-a565-a5562ff3f6b8,776,South Oʻahu: Kaʻalāwai (Black Point/Cromwells),21.2574,-157.7968,2024-10-20,2024-10-20T18:55:00.000Z,10,<,outgoing,0
3b10d0ad-ff1d-433e-b806-0b14249942aa,779,North Oʻahu: Chocolates,21.59493,-158.103673,2024-10-20,2024-10-20T18:45:00.000Z,134,=,outgoing,1
beb10ea1-080a-47b2-9dfc-8bb7ca3b4501,981,South Oʻahu: Kaʻalāwai (Black Point-East),21.259798,-157.789825,2024-10-20,2024-10-20T18:45:00.000Z,31,=,outgoing,0
7cc6dae1-5499-4983-8736-ffceac4fbdbb,1165,South Oʻahu: Wailupe Beach Park,21.27607,-157.76163,2024-10-20,2024-10-20T18:40:00.000Z,10,<,outgoing,0
3fc22302-b1de-41ab-8491-d43cece9b062,1164,East Oʻahu: Waiāhole Beach Park,21.483904,-157.844949,2024-10-20,2024-10-20T18:40:00.000Z,8390,=,outgoing,1
9fd77ccf-f59a-4242-afa0-dd558589749e,861,South Oʻahu: Waialae Beach Park,21.26885,-157.77655,2024-10-20,2024-10-20T18:35:00.000Z,30,=,outgoing,0
7ba2c151-21c0-4a3d-a764-a2bc310e3abe,862,South Oʻahu: Kuliʻouʻou Stream,21.28369,-157.721654,2024-10-20,2024-10-20T18:15:00.000Z,134,=,outgoing,1
b21d807e-6216-407f-964f-2ea182c7e475,991,East Oʻahu: Kaimalino,21.425185,-157.740142,2024-10-20,2024-10-20T18:15:00.000Z,10,=,outgoing,0
2b14b9ab-d622-4b98-926a-d4dfa756e3af,780,North Oʻahu: Pūpūkea tidepools,21.649846,-158.062988,2024-10-20,2024-10-20T18:00:00.000Z,10,<,outgoing,0
9d768060-9b02-4682-9586-b5989e58d533,1197,North Oʻahu: Kaiaka Bay,21.5902778,-158.1191667,2024-10-20,2024-10-20T17:45:00.000Z,63,=,outgoing,0
c228ca2e-9cfb-451c-a39d-a866727af834,979,East Oʻahu: Hakipuʻu Boat Ramp,21.506487,-157.85131,2024-10-20,2024-10-20T17:45:00.000Z,52,=,outgoing,0
890ed11d-935e-414a-814c-fa57f0f71158,1195,North Oʻahu: Kahaone Place,21.58323,-158.1247,2024-10-20,2024-10-20T17:30:00.000Z,10,<,outgoing,0
94324361-6a95-476a-92e0-aa64d59f5b10,9083,East Oʻahu: Waimanalo Stream ,21.364982,-157.7102746,2024-10-20,2024-10-20T17:20:00.000Z,31,=,outgoing,0
f30d35f5-73b1-4417-a498-bcaaa63be1b6,8894,East Oʻahu: Kailua Beach Park,21.397806,-157.726,2024-10-20,2024-10-20T17:00:00.000Z,20,=,outgoing,0
11c2676b-a9b1-4039-8d1e-12726eb9fcf1,777,East Oʻahu: Kahaluʻu Beach,21.46011,-157.839571,2024-10-20,2024-10-20T16:40:00.000Z,3873,=,outgoing,1
1d2cd80b-44e1-4cd2-9b00-4cffe11cb098,1196,East Oʻahu: Heʻeia Stream,21.44035,-157.809708,2024-10-20,2024-10-20T16:30:00.000Z,275,=,outgoing,1
773d8103-070e-4ea5-a4cf-76a638d576b7,9045,East Oʻahu: Punaluʻu Stream Beach (Chings),21.579,-157.885,2024-10-20,2024-10-20T16:10:00.000Z,481,=,outgoing,1
75046908-06fe-42e4-a64e-c86b0eb75f25,9046,East Oʻahu: Mākao,21.607,-157.906,2024-10-20,2024-10-20T15:55:00.000Z,10,<,outgoing,0
9698e7c4-e1e4-4e25-ae21-36dfdf2a0a2d,906,East Oʻahu: South Kaneohe Bay,21.4259,-157.7656,2024-10-20,2024-10-20T15:55:00.000Z,20,=,incoming,0
e7bf64cd-60cc-4ded-95a9-c5f9dfaed017,8915,West Oʻahu: Pōkaʻi Bay- outside,21.4410874,-158.1908961,2024-10-14,2024-10-14T19:45:00.000Z,10,<,incoming,0
926c6a25-16dd-4b7c-8860-87829230df3a,8916,West Oʻahu: Pōkaʻi Bay- Inside,21.4415602,-158.1907114,2024-10-14,2024-10-14T19:35:00.000Z,10,=,incoming,0
adad0440-fdb9-4e64-993e-92595557dbf5,9016,West Oʻahu: Pililāʻau,21.448217,-158.192928,2024-10-14,2024-10-14T19:15:00.000Z,10,=,incoming,0
bb3d9e2b-0c13-45d9-bede-be0291f6b5b8,8924,West Oʻahu: Kaupuni Stream,21.4487068,-158.1897632,2024-10-14,2024-10-14T19:00:00.000Z,256,=,incoming,1
9acf7166-246c-4e3f-ab21-4ccf9f4be0c3,1164,East Oʻahu: Waiāhole Beach Park,21.483904,-157.844949,2024-10-06,2024-10-06T19:55:00.000Z,620,=,outgoing,1
6a272819-3059-4275-8f64-487f73a9de76,858,South Oʻahu: Magic Island Bowls,21.282953,-157.845657,2024-10-06,2024-10-06T19:15:00.000Z,10,=,outgoing,0
449a7c64-e482-46b8-becc-3be42a5bad4e,861,South Oʻahu: Waialae Beach Park,21.26885,-157.77655,2024-10-06,2024-10-06T19:10:00.000Z,10,<,outgoing,0
286a4baf-90c4-4d0e-b4ce-e5e1565d2542,859,South Oʻahu: Magic Island Canoe Launch,21.28777,-157.844116,2024-10-06,2024-10-06T19:00:00.000Z,52,=,outgoing,0
ada1553d-1806-4740-8937-e193c54d8b6a,862,South Oʻahu: Kuliʻouʻou Stream,21.28369,-157.721654,2024-10-06,2024-10-06T18:30:00.000Z,10462,=,outgoing,1
7257999b-81cf-4b64-8e8d-60d25e4ada0a,779,North Oʻahu: Chocolates,21.59493,-158.103673,2024-10-06,2024-10-06T18:30:00.000Z,109,=,outgoing,0
ce1c8b71-d5ba-4125-a71f-a19c081372b6,981,South Oʻahu: Kaʻalāwai (Black Point-East),21.259798,-157.789825,2024-10-06,2024-10-06T18:15:00.000Z,10,<,outgoing,0
ad517a38-032b-4d45-9137-4a34640c2891,9083,East Oʻahu: Waimanalo Stream ,21.364982,-157.7102746,2024-10-06,2024-10-06T18:00:00.000Z,41,=,outgoing,0
0da33d3a-ce10-4508-a052-18a1871a5d49,1165,South Oʻahu: Wailupe Beach Park,21.27607,-157.76163,2024-10-06,2024-10-06T18:00:00.000Z,10,<,outgoing,0
6d73fddb-e36c-4d47-95f8-c9716e8223c3,776,South Oʻahu: Kaʻalāwai (Black Point/Cromwells),21.2574,-157.7968,2024-10-06,2024-10-06T18:00:00.000Z,10,<,outgoing,0
8d401c49-7075-49d2-b2ad-2e9fc9b88a26,780,North Oʻahu: Pūpūkea tidepools,21.649846,-158.062988,2024-10-06,2024-10-06T18:00:00.000Z,75,=,outgoing,0
6366195b-1cb9-40f1-b76d-012fdfdcdd22,979,East Oʻahu: Hakipuʻu Boat Ramp,21.506487,-157.85131,2024-10-06,2024-10-06T17:30:00.000Z,122,=,outgoing,0
d34da1d0-1f5f-4139-8d5f-92fdc8db7419,8894,East Oʻahu: Kailua Beach Park,21.397806,-157.726,2024-10-06,2024-10-06T17:00:00.000Z,97,=,outgoing,0
9873e379-8891-40ed-b21f-c2f32e39a8f7,1196,East Oʻahu: Heʻeia Stream,21.44035,-157.809708,2024-10-06,2024-10-06T16:30:00.000Z,10,=,outgoing,0
b7be3062-ee80-46a8-abf4-ce2a98c456b7,777,East Oʻahu: Kahaluʻu Beach,21.46011,-157.839571,2024-10-06,2024-10-06T16:20:00.000Z,1529,=,outgoing,1
bb9adbff-3d7c-498b-9338-cad8804570e2,991,East Oʻahu: Kaimalino,21.425185,-157.740142,2024-10-06,2024-10-06T15:30:00.000Z,20,=,outgoing,0
d6dd7f11-1d76-45f1-8f5c-67eaabdce784,1195,North Oʻahu: Kahaone Place,21.58323,-158.1247,2024-10-06,2024-10-06T15:25:00.000Z,10,=,outgoing,0
71b0b37c-26cb-41bd-b294-c6e79c2f1324,906,East Oʻahu: South Kaneohe Bay,21.4259,-157.7656,2024-10-06,2024-10-06T15:15:00.000Z,31,=,incoming,0
84700ab8-2e9c-4f05-b558-eab506c2d103,1197,North Oʻahu: Kaiaka Bay,21.5902778,-158.1191667,2024-10-06,2024-10-06T15:10:00.000Z,3873,=,outgoing,1
545d499c-3940-43ac-86db-de613d86aac5,8924,West Oʻahu: Kaupuni Stream,21.4487068,-158.1897632,2024-09-25,2024-09-25T19:15:00.000Z,1119,=,incoming,1
041177c0-b80d-41ed-8e21-391f5527067b,8915,West Oʻahu: Pōkaʻi Bay- outside,21.4410874,-158.1908961,2024-09-25,2024-09-25T17:20:00.000Z,10,=,incoming,0
7a1d4098-eb98-48e3-9e1b-911b7a21976a,8916,West Oʻahu: Pōkaʻi Bay- Inside,21.4415602,-158.1907114,2024-09-25,2024-09-25T17:10:00.000Z,20,=,incoming,0
af1d90e7-6c83-49cd-b83c-60d9d7d1a561,9016,West Oʻahu: Pililāʻau,21.448217,-158.192928,2024-09-25,2024-09-25T16:45:00.000Z,96,=,incoming,0
fca96c94-5029-4031-bdf1-f170cc05fa7b,858,South Oʻahu: Magic Island Bowls,21.282953,-157.845657,2024-09-22,2024-09-22T20:19:00.000Z,31,=,outgoing,0
b6fbee32-c204-4487-97ec-7cad36c76850,859,South Oʻahu: Magic Island Canoe Launch,21.28777,-157.844116,2024-09-22,2024-09-22T19:52:00.000Z,20,=,outgoing,0
293a101a-07fb-4a0c-af74-74126f78b94e,776,South Oʻahu: Kaʻalāwai (Black Point/Cromwells),21.2574,-157.7968,2024-09-22,2024-09-22T18:50:00.000Z,20,=,outgoing,0
8387ae03-acb2-4106-99a6-ca32145d8895,1164,East Oʻahu: Waiāhole Beach Park,21.483904,-157.844949,2024-09-22,2024-09-22T18:46:00.000Z,1222,=,outgoing,1
a4a0b5a4-e8df-4a94-a178-2dc33624b85e,981,South Oʻahu: Kaʻalāwai (Black Point-East),21.259798,-157.789825,2024-09-22,2024-09-22T18:40:00.000Z,346,=,outgoing,1
99c6eead-ceda-4eb0-924a-7cdf7188f690,1165,South Oʻahu: Wailupe Beach Park,21.27607,-157.76163,2024-09-22,2024-09-22T18:40:00.000Z,10,=,outgoing,0
a103525b-53a7-4c08-a0a8-340803b3c9b1,779,North Oʻahu: Chocolates,21.59493,-158.103673,2024-09-22,2024-09-22T18:30:00.000Z,120,=,outgoing,0
18688808-f168-4844-b60f-ba3aefa9b3cb,861,South Oʻahu: Waialae Beach Park,21.26885,-157.77655,2024-09-22,2024-09-22T18:30:00.000Z,10,=,outgoing,0
19b70639-5032-405f-b16f-1000225198fe,862,South Oʻahu: Kuliʻouʻou Stream,21.28369,-157.721654,2024-09-22,2024-09-22T18:15:00.000Z,121,=,outgoing,0
a241100b-5549-49ab-83cb-50d39ef1989b,9083,East Oʻahu: Waimanalo Stream ,21.364982,-157.7102746,2024-09-22,2024-09-22T18:00:00.000Z,41,=,outgoing,0
4944078a-6952-4c09-86ee-0514f939b122,780,North Oʻahu: Pūpūkea tidepools,21.649846,-158.062988,2024-09-22,2024-09-22T17:55:00.000Z,10,=,outgoing,0
90ad03d4-6fab-435c-9c7a-41938cacfac5,979,East Oʻahu: Hakipuʻu Boat Ramp,21.506487,-157.85131,2024-09-22,2024-09-22T17:52:00.000Z,10,=,outgoing,0
ecc07c06-a2e5-4e15-be2f-99d6b378fe70,8894,East Oʻahu: Kailua Beach Park,21.397806,-157.726,2024-09-22,2024-09-22T17:00:00.000Z,10,<,outgoing,0
7f36005d-adcc-438f-8576-eae4d9c4aa14,777,East Oʻahu: Kahaluʻu Beach,21.46011,-157.839571,2024-09-22,2024-09-22T16:20:00.000Z,862,=,incoming,1
8d769055-4910-4195-84c4-74b3ba6dfd3f,9045,East Oʻahu: Punaluʻu Stream Beach (Chings),21.579,-157.885,2024-09-22,2024-09-22T16:10:00.000Z,738,=,incoming,1
dceb99cb-da70-4426-ad8d-9dc549e6a663,9046,East Oʻahu: Mākao,21.607,-157.906,2024-09-22,2024-09-22T15:50:00.000Z,10,<,incoming,0
f3cbb158-46cc-4493-9490-c35d37a2c927,991,East Oʻahu: Kaimalino,21.425185,-157.740142,2024-09-22,2024-09-22T15:45:00.000Z,63,=,incoming,0
b07c27b4-b19a-42f3-9c0b-bfaa16542b42,1197,North Oʻahu: Kaiaka Bay,21.5902778,-158.1191667,2024-09-22,2024-09-22T15:15:00.000Z,727,=,incoming,1
1443d4ea-b343-4a22-a4b5-4629f24d481f,906,East Oʻahu: South Kaneohe Bay,21.4259,-157.7656,2024-09-22,2024-09-22T15:10:00.000Z,183,=,incoming,1
e1d285bb-e04d-484f-911c-106dca463b85,1195,North Oʻahu: Kahaone Place,21.58323,-158.1247,2024-09-22,2024-09-22T15:00:00.000Z,10,<,incoming,0
42e85928-a5a9-4f06-bb2b-3a74edf895e1,8916,West Oʻahu: Pōkaʻi Bay- Inside,21.4415602,-158.1907114,2024-09-10,2024-09-10T11:05:00.000Z,10,=,incoming,0
f0c52a30-f994-4aae-b2f7-43a06388db24,8915,West Oʻahu: Pōkaʻi Bay- outside,21.4410874,-158.1908961,2024-09-10,2024-09-10T11:00:00.000Z,10,<,incoming,0
b503ef62-d0d2-4162-b672-f8eabcc9c265,8924,West Oʻahu: Kaupuni Stream,21.4487068,-158.1897632,2024-09-10,2024-09-10T10:40:00.000Z,417,=,incoming,1
fb6c0d10-4cb9-4561-bef4-c821e7f924bb,9016,West Oʻahu: Pililāʻau,21.448217,-158.192928,2024-09-10,2024-09-10T10:30:00.000Z,10,<,incoming,0
9604c102-c96b-4e12-8cf6-bf43037fc425,858,South Oʻahu: Magic Island Bowls,21.282953,-157.845657,2024-09-08,2024-09-08T19:15:00.000Z,10,=,outgoing,0
d65fbefb-9c91-46d3-b8fb-a9d1862bcda6,991,East Oʻahu: Kaimalino,21.425185,-157.740142,2024-09-08,2024-09-08T19:00:00.000Z,10,<,outgoing,0
ba30093b-b13a-4a41-8fa6-6a7d6ed8ebe9,859,South Oʻahu: Magic Island Canoe Launch,21.28777,-157.844116,2024-09-08,2024-09-08T19:00:00.000Z,20,=,outgoing,0
892fa9b2-fbd0-4414-b1b3-0c21bf2bf68f,776,South Oʻahu: Kaʻalāwai (Black Point/Cromwells),21.2574,-157.7968,2024-09-08,2024-09-08T18:55:00.000Z,10,=,outgoing,0
f5043789-c418-4cad-82bc-526eb41378a0,981,South Oʻahu: Kaʻalāwai (Black Point-East),21.259798,-157.789825,2024-09-08,2024-09-08T18:45:00.000Z,20,=,outgoing,0
5bc42aae-f629-446a-92ec-d051e343c67e,1165,South Oʻahu: Wailupe Beach Park,21.27607,-157.76163,2024-09-08,2024-09-08T18:35:00.000Z,31,=,outgoing,0
aa35f611-a421-4f83-8478-3d32ce797ede,861,South Oʻahu: Waialae Beach Park,21.26885,-157.77655,2024-09-08,2024-09-08T18:35:00.000Z,10,<,outgoing,0
0e35d621-1928-4b4e-a1a7-b36b4187db07,1164,East Oʻahu: Waiāhole Beach Park,21.483904,-157.844949,2024-09-08,2024-09-08T18:20:00.000Z,173,=,outgoing,1
ad992615-7590-42d9-a336-2c02f3c3e90f,862,South Oʻahu: Kuliʻouʻou Stream,21.28369,-157.721654,2024-09-08,2024-09-08T18:15:00.000Z,96,=,outgoing,0
1a384abc-5698-44eb-9b3e-42cce3d2b7cc,9083,East Oʻahu: Waimanalo Stream ,21.364982,-157.7102746,2024-09-08,2024-09-08T18:00:00.000Z,20,=,outgoing,0
b0ff5501-06c4-43bd-96a7-aecb62d8b8f5,979,East Oʻahu: Hakipuʻu Boat Ramp,21.506487,-157.85131,2024-09-08,2024-09-08T17:25:00.000Z,633,=,outgoing,1
b96600a0-c355-4b98-9b98-3caeeb4f2928,8894,East Oʻahu: Kailua Beach Park,21.397806,-157.726,2024-09-08,2024-09-08T17:00:00.000Z,10,<,outgoing,0
172065d7-3141-4f2a-a934-f2b5dba33415,1196,East Oʻahu: Heʻeia Stream,21.44035,-157.809708,2024-09-08,2024-09-08T16:30:00.000Z,10,<,incoming,0
d473d13f-f0b1-45f1-b71a-a324c6ce8a76,777,East Oʻahu: Kahaluʻu Beach,21.46011,-157.839571,2024-09-08,2024-09-08T16:15:00.000Z,703,=,outgoing,1
5b90ce35-045d-45da-875f-104531b2181a,9045,East Oʻahu: Punaluʻu Stream Beach (Chings),21.579,-157.885,2024-09-08,2024-09-08T16:14:00.000Z,275,=,outgoing,1
711bd6b1-3b7b-4e12-8cc6-4b20bf50945f,9046,East Oʻahu: Mākao,21.607,-157.906,2024-09-08,2024-09-08T16:08:00.000Z,20,=,outgoing,0
324b7080-5e45-481c-805a-92b568e1048f,906,East Oʻahu: South Kaneohe Bay,21.4259,-157.7656,2024-09-08,2024-09-08T15:20:00.000Z,10,=,incoming,0
34ca3661-f2d5-4bd4-81b1-7724f5da10cf,8915,West Oʻahu: Pōkaʻi Bay- outside,21.4410874,-158.1908961,2024-08-26,2024-08-26T19:15:00.000Z,10,<,outgoing,0
e5045daa-72d5-4798-a8c2-7385805cb5d7,8916,West Oʻahu: Pōkaʻi Bay- Inside,21.4415602,-158.1907114,2024-08-26,2024-08-26T19:10:00.000Z,10,=,outgoing,0
11c90d01-d241-4f21-934b-9f3c2a7b7ba9,9016,West Oʻahu: Pililāʻau,21.448217,-158.192928,2024-08-26,2024-08-26T18:55:00.000Z,10,<,incoming,0
033d53ea-dfcc-4c68-93d0-11b8d0585ff6,8924,West Oʻahu: Kaupuni Stream,21.4487068,-158.1897632,2024-08-26,2024-08-26T18:45:00.000Z,223,=,incoming,1
e412956b-9ed6-46d6-baef-6f9803383421,1165,South Oʻahu: Wailupe Beach Park,21.27607,-157.76163,2024-08-25,2024-08-25T19:45:00.000Z,2613,=,incoming,1
2c4f9ba8-45b2-4ca7-8529-84c5a5c4cf87,858,South Oʻahu: Magic Island Bowls,21.282953,-157.845657,2024-08-25,2024-08-25T19:15:00.000Z,31,=,incoming,0
653f4c48-97fd-40bc-85ed-c53e52c505b2,1164,East Oʻahu: Waiāhole Beach Park,21.483904,-157.844949,2024-08-25,2024-08-25T19:10:00.000Z,857,=,incoming,1
77a3c6f3-5e90-4cb4-9cbb-bb2b72732d3d,859,South Oʻahu: Magic Island Canoe Launch,21.28777,-157.844116,2024-08-25,2024-08-25T19:00:00.000Z,292,=,incoming,1
15f558dc-3b8f-4700-8210-cc029be171bc,906,East Oʻahu: South Kaneohe Bay,21.4259,-157.7656,2024-08-25,2024-08-25T19:00:00.000Z,173,=,incoming,1
231bdf6a-42c8-41e0-8bdd-f23c70ba0afa,776,South Oʻahu: Kaʻalāwai (Black Point/Cromwells),21.2574,-157.7968,2024-08-25,2024-08-25T18:50:00.000Z,10,=,incoming,0
a5389877-0da8-43c3-a29b-3f8fa6ed702f,861,South Oʻahu: Waialae Beach Park,21.26885,-157.77655,2024-08-25,2024-08-25T18:30:00.000Z,10,=,incoming,0
f1d93b1f-f00f-4276-ba86-498ee9f69288,979,East Oʻahu: Hakipuʻu Boat Ramp,21.506487,-157.85131,2024-08-25,2024-08-25T18:25:00.000Z,121,=,incoming,0
df0bba2e-2291-4944-87e9-84ba13bf75f2,862,South Oʻahu: Kuliʻouʻou Stream,21.28369,-157.721654,2024-08-25,2024-08-25T18:15:00.000Z,14136,=,incoming,1
8583b91d-33f7-4e84-87e5-b8735fb20cb2,9083,East Oʻahu: Waimanalo Stream ,21.364982,-157.7102746,2024-08-25,2024-08-25T18:00:00.000Z,10,<,incoming,0
e49721c4-9f87-4ab1-9de5-c9a1965769cd,8894,East Oʻahu: Kailua Beach Park,21.397806,-157.726,2024-08-25,2024-08-25T17:00:00.000Z,41,=,incoming,0
dcf6507c-c55f-41ae-ba42-ccb1ae6994ec,991,East Oʻahu: Kaimalino,21.425185,-157.740142,2024-08-25,2024-08-25T17:00:00.000Z,73,=,incoming,0
683e5d2d-f46e-4494-980a-6e7944702178,1196,East Oʻahu: Heʻeia Stream,21.44035,-157.809708,2024-08-25,2024-08-25T16:30:00.000Z,20,=,incoming,0
4f6bb5be-3559-4685-b7ba-619f1c777336,777,East Oʻahu: Kahaluʻu Beach,21.46011,-157.839571,2024-08-25,2024-08-25T16:25:00.000Z,199,=,incoming,1
a16ca68c-12ba-4de2-a66d-174d9cca7559,979,East Oʻahu: Hakipuʻu Boat Ramp,21.506487,-157.85131,2024-08-11,2024-08-12T06:40:00.000Z,441,=,high,1
69544215-4d5e-4b9a-9b0e-b3c87d140219,1164,East Oʻahu: Waiāhole Beach Park,21.483904,-157.844949,2024-08-11,2024-08-11T19:30:00.000Z,30,=,outgoing,0
fce37788-6f53-44ff-a95e-3ce7d5f66043,858,South Oʻahu: Magic Island Bowls,21.282953,-157.845657,2024-08-11,2024-08-11T19:15:00.000Z,2247,=,incoming,1
14e85917-3c5f-4fd0-96ac-52e3d796027c,859,South Oʻahu: Magic Island Canoe Launch,21.28777,-157.844116,2024-08-11,2024-08-11T19:00:00.000Z,20,=,incoming,0
c07b0bf3-5658-41c0-9102-11f61ad5eb94,1165,South Oʻahu: Wailupe Beach Park,21.27607,-157.76163,2024-08-11,2024-08-11T18:50:00.000Z,161,=,incoming,1
8e25faa6-799e-416b-8198-deda018830b3,776,South Oʻahu: Kaʻalāwai (Black Point/Cromwells),21.2574,-157.7968,2024-08-11,2024-08-11T18:50:00.000Z,10,<,incoming,0
6f8de763-9b46-4c19-ba23-b26bace8a9ba,862,South Oʻahu: Kuliʻouʻou Stream,21.28369,-157.721654,2024-08-11,2024-08-11T18:45:00.000Z,75,=,incoming,0
15aea5aa-a601-4fc0-97b2-e9ede79a1e3e,981,South Oʻahu: Kaʻalāwai (Black Point-East),21.259798,-157.789825,2024-08-11,2024-08-11T18:40:00.000Z,200,=,incoming,1
117a35d6-ce65-4529-8e32-c5e3c583fcad,861,South Oʻahu: Waialae Beach Park,21.26885,-157.77655,2024-08-11,2024-08-11T18:30:00.000Z,63,=,incoming,0
a7584d24-fb49-4612-b3af-d5c6762670db,991,East Oʻahu: Kaimalino,21.425185,-157.740142,2024-08-11,2024-08-11T18:00:00.000Z,52,=,incoming,0
8a78503f-bea5-410c-ba8a-f894ddf7bb88,9083,East Oʻahu: Waimanalo Stream ,21.364982,-157.7102746,2024-08-11,2024-08-11T18:00:00.000Z,10,<,incoming,0
34eae17d-356b-4767-bedb-52dc40b455a2,8894,East Oʻahu: Kailua Beach Park,21.397806,-157.726,2024-08-11,2024-08-11T18:00:00.000Z,10,<,incoming,0
1c25e187-128c-4ce2-b617-1ea6f2ed1d27,1196,East Oʻahu: Heʻeia Stream,21.44035,-157.809708,2024-08-11,2024-08-11T16:30:00.000Z,63,=,incoming,0
2012d0e1-8aba-43b9-ad39-65fda790f398,777,East Oʻahu: Kahaluʻu Beach,21.46011,-157.839571,2024-08-11,2024-08-11T16:25:00.000Z,1616,=,incoming,1
6fb8ce6a-ce00-47d6-85be-d32c89c0caa4,906,East Oʻahu: South Kaneohe Bay,21.4259,-157.7656,2024-08-11,2024-08-11T15:45:00.000Z,1842,=,incoming,1
0f97b961-090a-4e0d-af0e-20fefa80dcee,858,South Oʻahu: Magic Island Bowls,21.282953,-157.845657,2024-07-28,2024-07-28T20:11:00.000Z,10,<,incoming,0
1c46ce77-730d-4eea-9d3e-e32428347c01,859,South Oʻahu: Magic Island Canoe Launch,21.28777,-157.844116,2024-07-28,2024-07-28T19:42:00.000Z,10,=,incoming,0
6016f560-9547-42d0-9b8d-d60213b1cd7b,8916,West Oʻahu: Pōkaʻi Bay- Inside,21.4415602,-158.1907114,2024-07-28,2024-07-28T19:15:00.000Z,31,=,incoming,0
7dea370d-49a7-476e-9859-dc5c5af7798a,991,East Oʻahu: Kaimalino,21.425185,-157.740142,2024-07-28,2024-07-28T19:00:00.000Z,20,=,incoming,0
4b79b93a-4e16-43d6-9549-c5d7f7990ca2,9016,West Oʻahu: Pililāʻau,21.448217,-158.192928,2024-07-28,2024-07-28T18:58:00.000Z,10,<,incoming,0
886e7523-1feb-4414-8160-64e191816d46,981,South Oʻahu: Kaʻalāwai (Black Point-East),21.259798,-157.789825,2024-07-28,2024-07-28T18:45:00.000Z,10,<,incoming,0
21aa09b0-6873-4edd-ba35-7c6778ce453f,8924,West Oʻahu: Kaupuni Stream,21.4487068,-158.1897632,2024-07-28,2024-07-28T18:45:00.000Z,20,=,outgoing,0
77b2f17c-aaac-475f-9f96-747d97ae7edd,1165,South Oʻahu: Wailupe Beach Park,21.27607,-157.76163,2024-07-28,2024-07-28T18:45:00.000Z,10,<,incoming,0
ea4fe5a1-a56c-44a3-91f4-539f1f3feb9e,1197,North Oʻahu: Kaiaka Bay,21.5902778,-158.1191667,2024-07-28,2024-07-28T18:45:00.000Z,10,=,incoming,0
a20dcb45-a680-4e1b-8137-0d11465d8760,9046,East Oʻahu: Mākao,21.607,-157.906,2024-07-28,2024-07-28T18:35:00.000Z,10,<,incoming,0
1472b8bb-2685-4fd5-85e6-28faf9871202,861,South Oʻahu: Waialae Beach Park,21.26885,-157.77655,2024-07-28,2024-07-28T18:35:00.000Z,10,<,incoming,0
3add6163-7d6b-4ad2-a21e-2ad8fdb59882,776,South Oʻahu: Kaʻalāwai (Black Point/Cromwells),21.2574,-157.7968,2024-07-28,2024-07-28T18:35:00.000Z,10,=,incoming,0
443d3f71-77f8-4887-ad01-051e7db4d585,1195,North Oʻahu: Kahaone Place,21.58323,-158.1247,2024-07-28,2024-07-28T18:30:00.000Z,10,=,incoming,0
63693367-b23b-4113-9a33-5bd2a2ea91e7,1164,East Oʻahu: Waiāhole Beach Park,21.483904,-157.844949,2024-07-28,2024-07-28T18:29:00.000Z,199,=,incoming,1
eeafd746-0637-4b59-80e1-22058bb0f27b,862,South Oʻahu: Kuliʻouʻou Stream,21.28369,-157.721654,2024-07-28,2024-07-28T18:15:00.000Z,51,=,incoming,0
b3939989-b3eb-405b-b20c-b25d13bafbb6,780,North Oʻahu: Pūpūkea tidepools,21.649846,-158.062988,2024-07-28,2024-07-28T18:00:00.000Z,10,=,incoming,0
8dcd0150-8c7d-4a58-b007-c882ab1e6037,9083,East Oʻahu: Waimanalo Stream ,21.364982,-157.7102746,2024-07-28,2024-07-28T18:00:00.000Z,216,=,incoming,1
78a5b4f0-5d78-4065-b354-76985fafb2b2,779,North Oʻahu: Chocolates,21.59493,-158.103673,2024-07-28,2024-07-28T18:00:00.000Z,62,=,incoming,0
8df1868f-0a78-4f99-835f-4787c5c71477,979,East Oʻahu: Hakipuʻu Boat Ramp,21.506487,-157.85131,2024-07-28,2024-07-28T17:50:00.000Z,63,=,incoming,0
d55f507a-adc5-4874-b2b8-19f632686e2e,8894,East Oʻahu: Kailua Beach Park,21.397806,-157.726,2024-07-28,2024-07-28T17:00:00.000Z,10,<,incoming,0
8db20574-32cb-4b1d-99a7-0849b2616779,8915,West Oʻahu: Pōkaʻi Bay- outside,21.4410874,-158.1908961,2024-07-28,2024-07-28T17:00:00.000Z,10,<,incoming,0
f6abd87a-bb60-4841-bc81-aea8cfbb3907,777,East Oʻahu: Kahaluʻu Beach,21.46011,-157.839571,2024-07-28,2024-07-28T16:25:00.000Z,487,=,incoming,1
d90055f3-0c22-4984-9372-24b7def6e14a,9045,East Oʻahu: Punaluʻu Stream Beach (Chings),21.579,-157.885,2024-07-28,2024-07-28T16:04:00.000Z,487,=,incoming,1
759f2465-abcf-4d0a-97a4-2a9860d87891,906,East Oʻahu: South Kaneohe Bay,21.4259,-157.7656,2024-07-28,2024-07-28T15:30:00.000Z,487,=,outgoing,1
b54c4642-4e30-4789-8b35-fe1705b6e3a6,858,South Oʻahu: Magic Island Bowls,21.282953,-157.845657,2024-07-14,2024-07-14T19:15:00.000Z,1510,=,incoming,1
cf13d2d5-834c-4c17-9e8f-b66110e88cd1,859,South Oʻahu: Magic Island Canoe Launch,21.28777,-157.844116,2024-07-14,2024-07-14T19:00:00.000Z,51,=,incoming,0
3ef39964-6796-451a-b500-995425cbe875,1164,East Oʻahu: Waiāhole Beach Park,21.483904,-157.844949,2024-07-14,2024-07-14T19:00:00.000Z,52,=,incoming,0
0609bc0a-c309-4c98-a381-8d566b805469,776,South Oʻahu: Kaʻalāwai (Black Point/Cromwells),21.2574,-157.7968,2024-07-14,2024-07-14T18:55:00.000Z,10,<,incoming,0
e410c3ec-9c1c-4a43-89ce-1a6e9613bf9d,1165,South Oʻahu: Wailupe Beach Park,21.27607,-157.76163,2024-07-14,2024-07-14T18:40:00.000Z,10,<,incoming,0
52ddad74-8b9d-46c9-8ee3-09d580d525c1,981,South Oʻahu: Kaʻalāwai (Black Point-East),21.259798,-157.789825,2024-07-14,2024-07-14T18:40:00.000Z,51,=,incoming,0
c0f87213-d4d9-43af-9928-660b9c0c5689,861,South Oʻahu: Waialae Beach Park,21.26885,-157.77655,2024-07-14,2024-07-14T18:30:00.000Z,10,<,incoming,0
abf13d83-7c41-4179-a051-064ed3d66bab,862,South Oʻahu: Kuliʻouʻou Stream,21.28369,-157.721654,2024-07-14,2024-07-14T18:10:00.000Z,272,=,incoming,1
6e8ec54c-c33c-490e-a81d-d6ab04c323c0,979,East Oʻahu: Hakipuʻu Boat Ramp,21.506487,-157.85131,2024-07-14,2024-07-14T18:05:00.000Z,161,=,incoming,1
7f0d700c-ce9f-4c66-bdb4-b4dcb3446b71,8953,Inoaole Stream ,21.351274,-157.70619,2024-07-14,2024-07-14T18:00:00.000Z,97,=,incoming,0
0bf932a5-4421-4f58-8f3d-3064ac666c44,779,North Oʻahu: Chocolates,21.59493,-158.103673,2024-07-14,2024-07-14T18:00:00.000Z,110,=,incoming,0
588a9e35-fbee-40aa-b394-55f0cb46be78,780,North Oʻahu: Pūpūkea tidepools,21.649846,-158.062988,2024-07-14,2024-07-14T18:00:00.000Z,10,<,incoming,0
4e620c7b-d106-4691-a930-16ffcc50f7d1,8894,East Oʻahu: Kailua Beach Park,21.397806,-157.726,2024-07-14,2024-07-14T17:50:00.000Z,10,<,incoming,0
a45a9fec-2604-407f-9c96-3c19e9d6fac2,1196,East Oʻahu: Heʻeia Stream,21.44035,-157.809708,2024-07-14,2024-07-14T16:35:00.000Z,10,<,incoming,0
6c64847b-c1f5-416d-a670-ebe06d68f7da,777,East Oʻahu: Kahaluʻu Beach,21.46011,-157.839571,2024-07-14,2024-07-14T16:22:00.000Z,203,=,incoming,1
221b18bd-379b-49be-9fce-dd3ed53b1466,1197,North Oʻahu: Kaiaka Bay,21.5902778,-158.1191667,2024-07-14,2024-07-14T15:45:00.000Z,51,=,incoming,0
3b379782-ebc0-4dda-9ee0-b23b5fd42f8c,1195,North Oʻahu: Kahaone Place,21.58323,-158.1247,2024-07-14,2024-07-14T15:30:00.000Z,10,<,incoming,0
c108b653-1d58-4a96-84a0-3ff57020c090,906,East Oʻahu: South Kaneohe Bay,21.4259,-157.7656,2024-07-14,2024-07-14T15:18:00.000Z,301,=,,1
5112f72b-51a3-4598-92e4-7b98e060b73f,991,East Oʻahu: Kaimalino,21.425185,-157.740142,2024-07-14,2024-07-14T15:01:00.000Z,31,=,outgoing,0
d74d5cfd-40f8-48db-91bf-d55c37184dce,858,South Oʻahu: Magic Island Bowls,21.282953,-157.845657,2024-06-30,2024-06-30T19:15:00.000Z,10,<,incoming,0
73ece406-823e-4cf0-b374-5bf4f0db0347,859,South Oʻahu: Magic Island Canoe Launch,21.28777,-157.844116,2024-06-30,2024-06-30T19:00:00.000Z,31,=,incoming,0
41f9f82f-ad98-4691-90aa-2eb9a1e2eea3,780,North Oʻahu: Pūpūkea tidepools,21.649846,-158.062988,2024-06-30,2024-06-30T18:55:00.000Z,10,<,incoming,0
e56099a3-bec4-42f4-a22c-7b57edb9f379,776,South Oʻahu: Kaʻalāwai (Black Point/Cromwells),21.2574,-157.7968,2024-06-30,2024-06-30T18:45:00.000Z,10,=,incoming,0
19038470-c57d-4aad-a53a-7ff4b5200530,981,South Oʻahu: Kaʻalāwai (Black Point-East),21.259798,-157.789825,2024-06-30,2024-06-30T18:35:00.000Z,10,<,incoming,0
b46385fd-1b71-40c8-986e-b0c3f1730100,1164,East Oʻahu: Waiāhole Beach Park,21.483904,-157.844949,2024-06-30,2024-06-30T18:35:00.000Z,110,=,incoming,0
a92f2b81-eece-4517-9421-ad2a06dc9afa,1165,South Oʻahu: Wailupe Beach Park,21.27607,-157.76163,2024-06-30,2024-06-30T18:31:00.000Z,61,=,incoming,0
e688a9b2-67a8-4de8-b2fb-f789f9e56fdd,1195,North Oʻahu: Kahaone Place,21.58323,-158.1247,2024-06-30,2024-06-30T18:30:00.000Z,10,<,incoming,0
06387dbf-f1ad-4f40-ad8b-32e309f29948,1197,North Oʻahu: Kaiaka Bay,21.5902778,-158.1191667,2024-06-30,2024-06-30T18:20:00.000Z,10,=,incoming,0
e0a07dff-6e72-45fa-9607-64c9fdf1539d,779,North Oʻahu: Chocolates,21.59493,-158.103673,2024-06-30,2024-06-30T18:10:00.000Z,73,=,incoming,0
89233fa2-7c57-411c-a95c-8b0d8c7f7b86,862,South Oʻahu: Kuliʻouʻou Stream,21.28369,-157.721654,2024-06-30,2024-06-30T18:10:00.000Z,809,=,incoming,1
0bb143a8-29d3-4015-acb3-fcd36bd3b3df,991,East Oʻahu: Kaimalino,21.425185,-157.740142,2024-06-30,2024-06-30T18:00:00.000Z,20,=,incoming,0
7e6edd14-b50a-4735-8724-6b9d0b4068d4,8953,Inoaole Stream ,21.351274,-157.70619,2024-06-30,2024-06-30T17:25:00.000Z,41,=,incoming,0
56832fd6-9b65-407a-a1c0-1aabbe392955,8894,East Oʻahu: Kailua Beach Park,21.397806,-157.726,2024-06-30,2024-06-30T17:00:00.000Z,10,<,incoming,0
6dea2ccb-afa5-4905-a80c-b67564a4e3b3,979,East Oʻahu: Hakipuʻu Boat Ramp,21.506487,-157.85131,2024-06-30,2024-06-30T17:00:00.000Z,350,=,incoming,1
4c42d41e-028f-46c9-96be-2fce350cf996,1196,East Oʻahu: Heʻeia Stream,21.44035,-157.809708,2024-06-30,2024-06-30T16:30:00.000Z,98,=,incoming,0
6eff75aa-0ec4-43de-9d01-6ce76ca88bec,777,East Oʻahu: Kahaluʻu Beach,21.46011,-157.839571,2024-06-30,2024-06-30T16:20:00.000Z,780,=,incoming,1
3bbbdab0-07e2-4ef9-b8b3-a74ac1f8a074,9045,East Oʻahu: Punaluʻu Stream Beach (Chings),21.579,-157.885,2024-06-30,2024-06-30T16:12:00.000Z,156,=,incoming,1
c920c531-a167-49e1-8c74-cb2356b13641,9046,East Oʻahu: Mākao,21.607,-157.906,2024-06-30,2024-06-30T16:05:00.000Z,189,=,incoming,1
e9caf8dd-4dcc-494d-b751-bbcae38e191a,906,East Oʻahu: South Kaneohe Bay,21.4259,-157.7656,2024-06-30,2024-06-30T15:35:00.000Z,10,=,outgoing,0
da89c08f-bfac-4049-b30c-de71e4490bb4,858,South Oʻahu: Magic Island Bowls,21.282953,-157.845657,2024-06-16,2024-06-16T19:15:00.000Z,10,=,incoming,0
474af180-99f2-4d0d-aa82-fa35f886943a,8915,West Oʻahu: Pōkaʻi Bay- outside,21.4410874,-158.1908961,2024-06-16,2024-06-16T19:05:00.000Z,10,<,incoming,0
3fb65975-9d68-479f-9a29-55d28a251c52,859,South Oʻahu: Magic Island Canoe Launch,21.28777,-157.844116,2024-06-16,2024-06-16T19:00:00.000Z,10,=,incoming,0
e0a37ffc-584f-4510-b075-7497cd31ca01,8916,West Oʻahu: Pōkaʻi Bay- Inside,21.4415602,-158.1907114,2024-06-16,2024-06-16T19:00:00.000Z,10,<,incoming,0
eef58b6e-6d7c-485a-a2a1-d9019fa0aad6,776,South Oʻahu: Kaʻalāwai (Black Point/Cromwells),21.2574,-157.7968,2024-06-16,2024-06-16T18:50:00.000Z,10,=,incoming,0
52f0cf55-b7d7-4892-a8a4-f507d035da32,9016,West Oʻahu: Pililāʻau,21.448217,-158.192928,2024-06-16,2024-06-16T18:45:00.000Z,10,=,outgoing,0
663f7d2e-c76b-4de8-8c75-2641106c922b,1165,South Oʻahu: Wailupe Beach Park,21.27607,-157.76163,2024-06-16,2024-06-16T18:40:00.000Z,173,=,incoming,1
deda3637-2bea-445a-bac5-091743ba0bfd,981,South Oʻahu: Kaʻalāwai (Black Point-East),21.259798,-157.789825,2024-06-16,2024-06-16T18:40:00.000Z,20,=,incoming,0
15707816-e1cc-4cc6-baa8-3740def286e9,1164,East Oʻahu: Waiāhole Beach Park,21.483904,-157.844949,2024-06-16,2024-06-16T18:30:00.000Z,63,=,incoming,0
0744a4f5-5041-4a7b-8a26-825601fc4d25,861,South Oʻahu: Waialae Beach Park,21.26885,-157.77655,2024-06-16,2024-06-16T18:30:00.000Z,20,=,incoming,0
3ead4d3b-b1b4-4748-824e-8d589cd03061,8924,West Oʻahu: Kaupuni Stream,21.4487068,-158.1897632,2024-06-16,2024-06-16T18:25:00.000Z,238,=,outgoing,1
2a8d7e9b-216e-49b3-8f80-c6bb1760b443,862,South Oʻahu: Kuliʻouʻou Stream,21.28369,-157.721654,2024-06-16,2024-06-16T18:15:00.000Z,146,=,incoming,1
0c947272-bc14-487f-9806-2df75c029774,979,East Oʻahu: Hakipuʻu Boat Ramp,21.506487,-157.85131,2024-06-16,2024-06-16T17:55:00.000Z,241,=,incoming,1
fd1bcd91-4811-468f-a17b-db7f17e0b08f,8953,Inoaole Stream ,21.351274,-157.70619,2024-06-16,2024-06-16T17:15:00.000Z,181,=,incoming,1
4a41cd66-7ced-4a19-a427-929f94696429,906,East Oʻahu: South Kaneohe Bay,21.4259,-157.7656,2024-06-16,2024-06-16T17:05:00.000Z,1119,=,outgoing,1
3e49da16-1efe-408d-b0c1-208b429a4d7f,991,East Oʻahu: Kaimalino,21.425185,-157.740142,2024-06-16,2024-06-16T17:00:00.000Z,10,<,incoming,0
284700b2-4465-4a6b-9889-5afcae89d9d3,8894,East Oʻahu: Kailua Beach Park,21.397806,-157.726,2024-06-16,2024-06-16T17:00:00.000Z,10,<,outgoing,0
116e8d21-f7b9-4ac4-85e2-31b09c163760,1196,East Oʻahu: Heʻeia Stream,21.44035,-157.809708,2024-06-16,2024-06-16T16:30:00.000Z,62,=,incoming,0
df043b54-3758-406f-9548-c4637b56b51b,9046,East Oʻahu: Mākao,21.607,-157.906,2024-06-16,2024-06-16T16:30:00.000Z,1467,=,incoming,1
b8833a77-569c-48ff-b282-4a20c5f46e26,777,East Oʻahu: Kahaluʻu Beach,21.46011,-157.839571,2024-06-16,2024-06-16T16:25:00.000Z,529,=,incoming,1
5e99f767-01d5-4ead-9521-c12105923eae,9045,East Oʻahu: Punaluʻu Stream Beach (Chings),21.579,-157.885,2024-06-16,2024-06-16T16:15:00.000Z,155,=,incoming,1
9eeeeb64-56d6-4141-af6d-9c3261982ff1,8924,West Oʻahu: Kaupuni Stream,21.4487068,-158.1897632,2024-06-03,2024-06-03T19:00:00.000Z,676,=,low,1
3f5be516-fc20-461c-9c17-02ed3a5be75f,8915,West Oʻahu: Pōkaʻi Bay- outside,21.4410874,-158.1908961,2024-06-03,2024-06-03T18:40:00.000Z,30,=,low,0
09b4b534-ca0d-47ee-952c-0f521125b0c1,8916,West Oʻahu: Pōkaʻi Bay- Inside,21.4415602,-158.1907114,2024-06-03,2024-06-03T18:30:00.000Z,499,=,low,1
0340d065-7705-44c8-a0de-c9adfbdb3cf3,9016,West Oʻahu: Pililāʻau,21.448217,-158.192928,2024-06-03,2024-06-03T18:15:00.000Z,10,<,low,0
aac79f7b-3b88-4d94-a3dd-2981daa03899,1196,East Oʻahu: Heʻeia Stream,21.44035,-157.809708,2024-06-02,2024-06-02T19:00:00.000Z,317,=,incoming,1
f14cbc0c-cab1-47e5-9c17-c0967502833c,776,South Oʻahu: Kaʻalāwai (Black Point/Cromwells),21.2574,-157.7968,2024-06-02,2024-06-02T18:52:00.000Z,10,=,incoming,0
83fd206f-4c6c-451c-ab74-7f59db1dad90,1165,South Oʻahu: Wailupe Beach Park,21.27607,-157.76163,2024-06-02,2024-06-02T18:40:00.000Z,10,<,incoming,0
66e72c11-0615-4fd6-b0a6-32a583fde607,981,South Oʻahu: Kaʻalāwai (Black Point-East),21.259798,-157.789825,2024-06-02,2024-06-02T18:40:00.000Z,10,<,incoming,0
a17a393d-875a-48a1-8579-7865e08b47cd,858,South Oʻahu: Magic Island Bowls,21.282953,-157.845657,2024-06-02,2024-06-02T18:35:00.000Z,10,<,incoming,0
83da105a-dd46-440c-b5cb-5545a14f98f9,1164,East Oʻahu: Waiāhole Beach Park,21.483904,-157.844949,2024-06-02,2024-06-02T18:30:00.000Z,84,=,incoming,0
fd324947-cade-4fb2-9d54-de428e962ae6,861,South Oʻahu: Waialae Beach Park,21.26885,-157.77655,2024-06-02,2024-06-02T18:25:00.000Z,10,<,incoming,0
b93b6a0e-7716-40c4-adeb-b3d747a17176,859,South Oʻahu: Magic Island Canoe Launch,21.28777,-157.844116,2024-06-02,2024-06-02T18:20:00.000Z,41,=,incoming,0
4ac97c04-74a6-4aed-ae81-94112e997d7f,862,South Oʻahu: Kuliʻouʻou Stream,21.28369,-157.721654,2024-06-02,2024-06-02T18:15:00.000Z,644,=,incoming,1
b70674cd-c49f-4bfb-90fa-2e2c2f66ffdb,991,East Oʻahu: Kaimalino,21.425185,-157.740142,2024-06-02,2024-06-02T18:00:00.000Z,10,=,incoming,0
e8e969e5-8db7-4edc-9a0e-b2f442b8dbe5,8953,Inoaole Stream ,21.351274,-157.70619,2024-06-02,2024-06-02T17:15:00.000Z,30,=,incoming,0
83be7e9b-db27-493b-8da3-42412f3b64a8,8894,East Oʻahu: Kailua Beach Park,21.397806,-157.726,2024-06-02,2024-06-02T17:00:00.000Z,10,<,incoming,0
7168e58d-8f9e-4c16-82bc-d13797a6d0da,777,East Oʻahu: Kahaluʻu Beach,21.46011,-157.839571,2024-06-02,2024-06-02T16:20:00.000Z,583,=,incoming,1
12e671c0-a586-439b-93ab-d69b370fa5bb,906,East Oʻahu: South Kaneohe Bay,21.4259,-157.7656,2024-06-02,2024-06-02T15:52:00.000Z,201,=,outgoing,1
cefa161f-2db4-49b1-9d77-0de969a5bffa,1165,South Oʻahu: Wailupe Beach Park,21.27607,-157.76163,2024-05-19,2024-05-20T06:35:00.000Z,256,=,incoming,1
afc381da-2567-40b7-9251-8cfc159be436,861,South Oʻahu: Waialae Beach Park,21.26885,-157.77655,2024-05-19,2024-05-20T06:35:00.000Z,1126,=,incoming,1
5a75c5fd-9fab-40a2-a65a-3f3d0b06d24a,1164,East Oʻahu: Waiāhole Beach Park,21.483904,-157.844949,2024-05-19,2024-05-20T06:20:00.000Z,496,=,incoming,1
db6f80b4-ea6a-4c6f-a085-e7f436afc326,906,East Oʻahu: South Kaneohe Bay,21.4259,-157.7656,2024-05-19,2024-05-20T03:05:00.000Z,364,=,outgoing,1
d0b85427-2b53-4210-ae11-14e3dd9b45b2,858,South Oʻahu: Magic Island Bowls,21.282953,-157.845657,2024-05-19,2024-05-19T19:15:00.000Z,1624,=,incoming,1
cd4440cd-1dc5-4292-b31d-85aa54998764,8915,West Oʻahu: Pōkaʻi Bay- outside,21.4410874,-158.1908961,2024-05-19,2024-05-19T19:05:00.000Z,41,=,low,0
510e2c2c-6cee-46ff-a280-f5a468a62cd9,859,South Oʻahu: Magic Island Canoe Launch,21.28777,-157.844116,2024-05-19,2024-05-19T19:00:00.000Z,6131,=,incoming,1
1c6938e4-a4a0-4496-9100-754ab15dcc92,776,South Oʻahu: Kaʻalāwai (Black Point/Cromwells),21.2574,-157.7968,2024-05-19,2024-05-19T19:00:00.000Z,31,=,incoming,0
dfdd3799-7501-429e-a7f2-e431c7ffd215,981,South Oʻahu: Kaʻalāwai (Black Point-East),21.259798,-157.789825,2024-05-19,2024-05-19T18:50:00.000Z,402,=,incoming,1
d7f1932b-c383-4c06-bcbe-25a93eea5da8,979,East Oʻahu: Hakipuʻu Boat Ramp,21.506487,-157.85131,2024-05-19,2024-05-19T18:50:00.000Z,465,=,incoming,1
07326d98-ddcc-4c56-b27c-601eecb4e823,862,South Oʻahu: Kuliʻouʻou Stream,21.28369,-157.721654,2024-05-19,2024-05-19T18:10:00.000Z,1723,=,incoming,1
4ebcadfe-00ec-4c67-ba11-fdb6847ac365,8916,West Oʻahu: Pōkaʻi Bay- Inside,21.4415602,-158.1907114,2024-05-19,2024-05-19T17:55:00.000Z,86,=,low,0
4ee9935f-61a0-4582-912e-8294a81edabf,8924,West Oʻahu: Kaupuni Stream,21.4487068,-158.1897632,2024-05-19,2024-05-19T17:20:00.000Z,24196,>,low,1
72bb7a85-55fe-4ca7-b804-a323b0440d7b,8953,Inoaole Stream ,21.351274,-157.70619,2024-05-19,2024-05-19T17:20:00.000Z,8664,=,incoming,1
6c83f20a-3039-43be-9def-685b022c4d24,8894,East Oʻahu: Kailua Beach Park,21.397806,-157.726,2024-05-19,2024-05-19T17:05:00.000Z,155,=,incoming,1
10ef35bb-daaf-4f6f-ba6e-44c5e9964be5,9016,West Oʻahu: Pililāʻau,21.448217,-158.192928,2024-05-19,2024-05-19T16:40:00.000Z,24196,>,low,1
95d5e4de-6e25-4f17-87c0-84b137602e87,1196,East Oʻahu: Heʻeia Stream,21.44035,-157.809708,2024-05-19,2024-05-19T16:30:00.000Z,299,=,outgoing,1
4f2e5a71-748a-467d-b3bc-9eadf68ab844,777,East Oʻahu: Kahaluʻu Beach,21.46011,-157.839571,2024-05-19,2024-05-19T16:20:00.000Z,776,=,incoming,1
4b509fe7-ee68-4373-aff4-2963f1c137f2,991,East Oʻahu: Kaimalino,21.425185,-157.740142,2024-05-19,2024-05-19T15:45:00.000Z,554,=,outgoing,1
f60a86c1-87ae-48f2-bcbb-67f3ec6463cd,858,South Oʻahu: Magic Island Bowls,21.282953,-157.845657,2024-05-05,2024-05-05T19:15:00.000Z,20,=,incoming,0
ca0c2167-3b0a-49d2-bef5-c20dd760e287,859,South Oʻahu: Magic Island Canoe Launch,21.28777,-157.844116,2024-05-05,2024-05-05T19:00:00.000Z,605,=,incoming,1
1910c1d9-8822-4033-a774-b010672a0ac9,776,South Oʻahu: Kaʻalāwai (Black Point/Cromwells),21.2574,-157.7968,2024-05-05,2024-05-05T19:00:00.000Z,10,<,incoming,0
aded3040-28d3-4a06-8183-591e6798e141,981,South Oʻahu: Kaʻalāwai (Black Point-East),21.259798,-157.789825,2024-05-05,2024-05-05T18:50:00.000Z,10,<,incoming,0
d7e9285f-616f-4d59-9415-556c437f513d,1165,South Oʻahu: Wailupe Beach Park,21.27607,-157.76163,2024-05-05,2024-05-05T18:40:00.000Z,63,=,incoming,0
9400e285-9010-407d-91d0-c6abbb70e0c8,861,South Oʻahu: Waialae Beach Park,21.26885,-157.77655,2024-05-05,2024-05-05T18:40:00.000Z,10,<,incoming,0
c45a5035-3b47-40c8-8a84-f053fb37aaef,906,East Oʻahu: South Kaneohe Bay,21.4259,-157.7656,2024-05-05,2024-05-05T18:30:00.000Z,10,<,outgoing,0
67546650-3887-4ba2-8219-278b9585bd4d,8915,West Oʻahu: Pōkaʻi Bay- outside,21.4410874,-158.1908961,2024-05-05,2024-05-05T18:30:00.000Z,10,=,incoming,0
d7dbcf5f-6d97-4dd8-8d0a-80a16a750f82,1164,East Oʻahu: Waiāhole Beach Park,21.483904,-157.844949,2024-05-05,2024-05-05T18:30:00.000Z,52,=,incoming,0
eba2f032-192a-492d-bfd4-0f4f8e2ece8c,8916,West Oʻahu: Pōkaʻi Bay- Inside,21.4415602,-158.1907114,2024-05-05,2024-05-05T18:25:00.000Z,86,=,incoming,0
728934b8-e7cf-40c9-87f1-14206e5252dd,862,South Oʻahu: Kuliʻouʻou Stream,21.28369,-157.721654,2024-05-05,2024-05-05T18:15:00.000Z,110,=,incoming,0
e05b90e4-f4cd-42c5-b7c6-3a7fd60269a4,9016,West Oʻahu: Pililāʻau,21.448217,-158.192928,2024-05-05,2024-05-05T18:10:00.000Z,10,<,incoming,0
d8d27eb1-8e04-4eaa-b278-2c10e5d11192,8924,West Oʻahu: Kaupuni Stream,21.4487068,-158.1897632,2024-05-05,2024-05-05T17:45:00.000Z,199,=,outgoing,1
18faea67-8918-4761-8133-5e68b9e04b62,8953,Inoaole Stream ,21.351274,-157.70619,2024-05-05,2024-05-05T17:15:00.000Z,41,=,outgoing,0
94f4d7c6-5ef0-4315-88de-0c1d44bbd4c4,8894,East Oʻahu: Kailua Beach Park,21.397806,-157.726,2024-05-05,2024-05-05T17:00:00.000Z,10,<,incoming,0
a85f21f8-32d4-4e99-9586-02b115e1cd83,991,East Oʻahu: Kaimalino,21.425185,-157.740142,2024-05-05,2024-05-05T17:00:00.000Z,10,=,outgoing,0
b2dadc3b-ff8f-4442-83fa-a05b82434d06,979,East Oʻahu: Hakipuʻu Boat Ramp,21.506487,-157.85131,2024-05-05,2024-05-05T16:55:00.000Z,213,=,incoming,1
de4f0f92-c263-490c-bf22-e83292c58544,777,East Oʻahu: Kahaluʻu Beach,21.46011,-157.839571,2024-05-05,2024-05-05T16:35:00.000Z,1960,=,outgoing,1
a7954597-c98b-4ab3-a4a5-08496f0f9acd,779,North Oʻahu: Chocolates,21.59493,-158.103673,2024-04-22,2024-04-22T18:30:00.000Z,860,=,incoming,1
8be6910e-2171-48fd-a40d-662c641c7d45,858,South Oʻahu: Magic Island Bowls,21.282953,-157.845657,2024-04-21,2024-04-21T19:15:00.000Z,10,<,incoming,0
77bb9fbd-d5f4-4308-acb5-3da84660f90e,859,South Oʻahu: Magic Island Canoe Launch,21.28777,-157.844116,2024-04-21,2024-04-21T19:00:00.000Z,70,=,incoming,0
15875fbb-b1c4-420f-9133-a872038ec573,776,South Oʻahu: Kaʻalāwai (Black Point/Cromwells),21.2574,-157.7968,2024-04-21,2024-04-21T18:50:00.000Z,41,=,incoming,0
31ab1d2b-a986-4183-b98d-3f32f0fd67a9,1165,South Oʻahu: Wailupe Beach Park,21.27607,-157.76163,2024-04-21,2024-04-21T18:40:00.000Z,10,=,incoming,0
0584d73a-37da-49ea-9cd0-d04c8b9a9b75,1164,East Oʻahu: Waiāhole Beach Park,21.483904,-157.844949,2024-04-21,2024-04-21T18:40:00.000Z,73,=,incoming,0
a56aaf80-b1d1-4f13-b679-a24917fcb328,981,South Oʻahu: Kaʻalāwai (Black Point-East),21.259798,-157.789825,2024-04-21,2024-04-21T18:40:00.000Z,41,=,incoming,0
65b9342d-d8ff-453f-a6cc-49ca69a7cdee,1195,North Oʻahu: Kahaone Place,21.58323,-158.1247,2024-04-21,2024-04-21T18:30:00.000Z,20,=,incoming,0
ed762af5-c596-4f5d-9eb7-503290f316fd,861,South Oʻahu: Waialae Beach Park,21.26885,-157.77655,2024-04-21,2024-04-21T18:30:00.000Z,10,<,incoming,0
e167a341-7e3b-49a8-a235-eee7bf45261c,862,South Oʻahu: Kuliʻouʻou Stream,21.28369,-157.721654,2024-04-21,2024-04-21T18:20:00.000Z,52,=,outgoing,0
e160b053-7c6c-467d-9004-06ba08e218ec,8916,West Oʻahu: Pōkaʻi Bay- Inside,21.4415602,-158.1907114,2024-04-21,2024-04-21T18:07:00.000Z,10,<,incoming,0
223ce0c5-4614-43e1-9858-6a7409c6d95b,8915,West Oʻahu: Pōkaʻi Bay- outside,21.4410874,-158.1908961,2024-04-21,2024-04-21T18:05:00.000Z,10,<,incoming,0
1b138a1c-6e06-4c90-aa97-1b269350289b,1197,North Oʻahu: Kaiaka Bay,21.5902778,-158.1191667,2024-04-21,2024-04-21T18:00:00.000Z,98,=,incoming,0
6dd90c4e-0298-4a65-b811-8afeaaacd1ca,8894,East Oʻahu: Kailua Beach Park,21.397806,-157.726,2024-04-21,2024-04-21T18:00:00.000Z,10,<,outgoing,0
68d5167c-ad4d-4f09-af95-602cec49c8ac,780,North Oʻahu: Pūpūkea tidepools,21.649846,-158.062988,2024-04-21,2024-04-21T18:00:00.000Z,10,=,incoming,0
bc618a3a-adbb-4d67-b484-662e100eb9e7,9016,West Oʻahu: Pililāʻau,21.448217,-158.192928,2024-04-21,2024-04-21T17:52:00.000Z,10,<,incoming,0
13d24e56-9957-40f6-8416-f6952e747850,8924,West Oʻahu: Kaupuni Stream,21.4487068,-158.1897632,2024-04-21,2024-04-21T17:33:00.000Z,374,=,outgoing,1
04a1665f-497e-4129-92c9-4ab3716af78d,979,East Oʻahu: Hakipuʻu Boat Ramp,21.506487,-157.85131,2024-04-21,2024-04-21T17:16:00.000Z,74,=,outgoing,0
9b4065ff-3e51-4dc5-af6c-ef683f6021d3,8953,Inoaole Stream ,21.351274,-157.70619,2024-04-21,2024-04-21T17:14:00.000Z,1421,=,incoming,1
f49c7894-46a8-43aa-a6ed-435a4e7c413d,1196,East Oʻahu: Heʻeia Stream,21.44035,-157.809708,2024-04-21,2024-04-21T16:30:00.000Z,40,=,outgoing,0
de5e31d3-1811-40b1-85bc-e8420475b9dc,777,East Oʻahu: Kahaluʻu Beach,21.46011,-157.839571,2024-04-21,2024-04-21T16:22:00.000Z,350,=,outgoing,1
fbe19df8-e514-4543-b355-16cf2eee1c11,991,East Oʻahu: Kaimalino,21.425185,-157.740142,2024-04-21,2024-04-21T15:55:00.000Z,10,=,,0
6bc4a010-a8c6-45f5-a75c-dda6b9f3abb4,906,East Oʻahu: South Kaneohe Bay,21.4259,-157.7656,2024-04-21,2024-04-21T15:25:00.000Z,63,=,outgoing,0
360ebc38-c644-4405-a60e-941e72e26172,776,South Oʻahu: Kaʻalāwai (Black Point/Cromwells),21.2574,-157.7968,2024-04-07,2024-04-07T18:45:00.000Z,175,=,outgoing,1
a064573d-403a-4051-9267-ce54e872b97b,1164,East Oʻahu: Waiāhole Beach Park,21.483904,-157.844949,2024-04-07,2024-04-07T18:45:00.000Z,455,=,incoming,1
3b1198ed-08ad-49db-a0af-1a8179dd4ae6,1165,South Oʻahu: Wailupe Beach Park,21.27607,-157.76163,2024-04-07,2024-04-07T18:40:00.000Z,95,=,outgoing,0
53649cce-46c8-444a-abe5-2e5b9d1b619a,8915,West Oʻahu: Pōkaʻi Bay- outside,21.4410874,-158.1908961,2024-04-07,2024-04-07T18:40:00.000Z,10,<,incoming,0
010b83da-a36f-45ed-8ef7-018d18fa4c57,981,South Oʻahu: Kaʻalāwai (Black Point-East),21.259798,-157.789825,2024-04-07,2024-04-07T18:35:00.000Z,4611,=,outgoing,1
020c9e69-7b4a-414b-b43c-20a88a971d0f,8916,West Oʻahu: Pōkaʻi Bay- Inside,21.4415602,-158.1907114,2024-04-07,2024-04-07T18:35:00.000Z,10,=,incoming,0
16ed8f55-e278-4eac-89b9-7c4785f6a87e,9016,West Oʻahu: Pililāʻau,21.448217,-158.192928,2024-04-07,2024-04-07T18:25:00.000Z,10,=,incoming,0
b64e8878-a7a6-408f-a6e6-ce5f1c61cc5c,861,South Oʻahu: Waialae Beach Park,21.26885,-157.77655,2024-04-07,2024-04-07T18:25:00.000Z,20,=,outgoing,0
14bab41f-5541-41df-87e7-91e10fbbd188,862,South Oʻahu: Kuliʻouʻou Stream,21.28369,-157.721654,2024-04-07,2024-04-07T18:15:00.000Z,12997,=,outgoing,1
1f1efd91-ad7a-4632-bfc3-9320af1bddbe,8924,West Oʻahu: Kaupuni Stream,21.4487068,-158.1897632,2024-04-07,2024-04-07T18:15:00.000Z,62,=,outgoing,0
6f3f2a61-7358-4186-8281-da95a91407b6,780,North Oʻahu: Pūpūkea tidepools,21.649846,-158.062988,2024-04-07,2024-04-07T18:00:00.000Z,10,<,outgoing,0
2dae61dc-1b4c-470a-bb06-3129c59614df,8953,Inoaole Stream ,21.351274,-157.70619,2024-04-07,2024-04-07T17:30:00.000Z,41,=,incoming,0
d713af1f-e8f1-4fea-a674-14c6447ad490,8894,East Oʻahu: Kailua Beach Park,21.397806,-157.726,2024-04-07,2024-04-07T17:00:00.000Z,10,<,outgoing,0
e132a4ae-1a86-4139-a408-5617baf528d3,991,East Oʻahu: Kaimalino,21.425185,-157.740142,2024-04-07,2024-04-07T17:00:00.000Z,743,=,outgoing,1
9b984758-501f-4bdf-9479-c2669cda7b46,1197,North Oʻahu: Kaiaka Bay,21.5902778,-158.1191667,2024-04-07,2024-04-07T17:00:00.000Z,199,=,outgoing,1
fe19ebbe-7054-49e0-8df0-b27b99c69ba3,1195,North Oʻahu: Kahaone Place,21.58323,-158.1247,2024-04-07,2024-04-07T16:30:00.000Z,41,=,outgoing,0
9fc82ac9-41d8-4a35-b10a-f9b83db3ea7f,1196,East Oʻahu: Heʻeia Stream,21.44035,-157.809708,2024-04-07,2024-04-07T16:30:00.000Z,120,=,high,0
2b4cc09c-d8b3-4ba2-90a1-0b4b1d13b286,777,East Oʻahu: Kahaluʻu Beach,21.46011,-157.839571,2024-04-07,2024-04-07T16:25:00.000Z,10462,=,outgoing,1
bff4941b-e776-4f52-8b54-7165dce8e072,906,East Oʻahu: South Kaneohe Bay,21.4259,-157.7656,2024-04-07,2024-04-07T15:45:00.000Z,41,=,outgoing,0
aacc6387-0b5a-4ab5-935b-b6251fd98287,858,South Oʻahu: Magic Island Bowls,21.282953,-157.845657,2024-03-24,2024-03-24T19:15:00.000Z,10,=,outgoing,0
7712ff56-6a4f-4ff1-9e2d-9335900ec42a,859,South Oʻahu: Magic Island Canoe Launch,21.28777,-157.844116,2024-03-24,2024-03-24T19:00:00.000Z,10,=,outgoing,0
a2f3c198-3528-4127-afc0-4afb952144d0,991,East Oʻahu: Kaimalino,21.425185,-157.740142,2024-03-24,2024-03-24T19:00:00.000Z,10,=,outgoing,0
d8ceffca-c4e9-43e1-9ee6-9b7ea05f06ac,776,South Oʻahu: Kaʻalāwai (Black Point/Cromwells),21.2574,-157.7968,2024-03-24,2024-03-24T18:55:00.000Z,10,<,outgoing,0
59665932-1659-4f0c-8634-c8e0725cb61a,981,South Oʻahu: Kaʻalāwai (Black Point-East),21.259798,-157.789825,2024-03-24,2024-03-24T18:45:00.000Z,20,=,outgoing,0
8fb8ec67-c7b4-4fb5-96b3-abdeba1b11a2,1165,South Oʻahu: Wailupe Beach Park,21.27607,-157.76163,2024-03-24,2024-03-24T18:40:00.000Z,10,<,outgoing,0
ae672936-8100-41c2-ae1c-903173e3c50c,861,South Oʻahu: Waialae Beach Park,21.26885,-157.77655,2024-03-24,2024-03-24T18:40:00.000Z,10,<,outgoing,0
e91a7f25-7cbf-4de6-9cf0-57ae845b3bb8,1164,East Oʻahu: Waiāhole Beach Park,21.483904,-157.844949,2024-03-24,2024-03-24T18:30:00.000Z,41,=,incoming,0
dd9eb9f6-32fa-4c2c-9732-47799d5f9773,779,North Oʻahu: Chocolates,21.59493,-158.103673,2024-03-24,2024-03-24T18:30:00.000Z,75,=,incoming,0
0bf9d9d7-421e-4ee6-af9e-e82cd50a200b,979,East Oʻahu: Hakipuʻu Boat Ramp,21.506487,-157.85131,2024-03-24,2024-03-24T18:24:00.000Z,420,=,outgoing,1
085280cd-95e1-4e8c-adaf-a119aab2fbc9,8915,West Oʻahu: Pōkaʻi Bay- outside,21.4410874,-158.1908961,2024-03-24,2024-03-24T18:19:00.000Z,10,=,incoming,0
98353786-dcb0-48df-afb6-418a00b95267,8916,West Oʻahu: Pōkaʻi Bay- Inside,21.4415602,-158.1907114,2024-03-24,2024-03-24T18:12:00.000Z,10,<,incoming,0
254cee3e-aa8b-4d02-aa87-291d191ce9f7,862,South Oʻahu: Kuliʻouʻou Stream,21.28369,-157.721654,2024-03-24,2024-03-24T18:10:00.000Z,85,=,outgoing,0
93a13a1b-0108-4c9a-b4e5-d47c8fde808e,9016,West Oʻahu: Pililāʻau,21.448217,-158.192928,2024-03-24,2024-03-24T17:56:00.000Z,52,=,incoming,0
cf6e7763-f857-438f-a0fd-e93971c55999,780,North Oʻahu: Pūpūkea tidepools,21.649846,-158.062988,2024-03-24,2024-03-24T17:55:00.000Z,10,<,incoming,0
ea12d295-d00e-4a9b-9f53-3a9fa747d4db,8924,West Oʻahu: Kaupuni Stream,21.4487068,-158.1897632,2024-03-24,2024-03-24T17:43:00.000Z,384,=,outgoing,1
71799459-f770-4460-b2e8-d6fae12055f7,8953,Inoaole Stream ,21.351274,-157.70619,2024-03-24,2024-03-24T17:00:00.000Z,86,=,outgoing,0
499f30fc-6ea2-45fe-885f-48693afc8414,8894,East Oʻahu: Kailua Beach Park,21.397806,-157.726,2024-03-24,2024-03-24T17:00:00.000Z,663,=,outgoing,1
c23caed6-c105-4912-b25c-68ad7a0681f2,1197,North Oʻahu: Kaiaka Bay,21.5902778,-158.1191667,2024-03-24,2024-03-24T16:50:00.000Z,1081,=,outgoing,1
07fae434-82fb-4b0c-aef4-9124908ff2f0,1195,North Oʻahu: Kahaone Place,21.58323,-158.1247,2024-03-24,2024-03-24T16:40:00.000Z,10,=,outgoing,0
485165fb-eca3-4ea8-b410-a2c17e5e2c56,1196,East Oʻahu: Heʻeia Stream,21.44035,-157.809708,2024-03-24,2024-03-24T16:30:00.000Z,72,=,outgoing,0
8c892a8d-fbda-4db4-9b55-9543c7973b66,777,East Oʻahu: Kahaluʻu Beach,21.46011,-157.839571,2024-03-24,2024-03-24T16:25:00.000Z,988,=,outgoing,1
f64899ff-7930-4355-80eb-be4fd56b5e7e,906,East Oʻahu: South Kaneohe Bay,21.4259,-157.7656,2024-03-24,2024-03-24T15:40:00.000Z,20,=,outgoing,0
606490ba-dcca-4eb4-b405-65089b6d8748,858,South Oʻahu: Magic Island Bowls,21.282953,-157.845657,2024-03-10,2024-03-10T20:15:00.000Z,51,=,outgoing,0
988959c4-4ad9-4315-ae87-35949bbc7344,979,East Oʻahu: Hakipuʻu Boat Ramp,21.506487,-157.85131,2024-03-10,2024-03-10T19:04:00.000Z,243,=,outgoing,1
a5c747a3-bf6f-473e-93ea-f9fe3254d8ab,859,South Oʻahu: Magic Island Canoe Launch,21.28777,-157.844116,2024-03-10,2024-03-10T19:00:00.000Z,122,=,outgoing,0
8a0554a5-7796-4c0c-a4ea-4a0b323835fb,776,South Oʻahu: Kaʻalāwai (Black Point/Cromwells),21.2574,-157.7968,2024-03-10,2024-03-10T18:50:00.000Z,30,=,outgoing,0
98f91ab3-c294-4140-a0a6-b16353f12d58,862,South Oʻahu: Kuliʻouʻou Stream,21.28369,-157.721654,2024-03-10,2024-03-10T18:50:00.000Z,272,=,outgoing,1
a3fdb8e9-f51a-4a3b-89c7-2d2039f59ce7,1164,East Oʻahu: Waiāhole Beach Park,21.483904,-157.844949,2024-03-10,2024-03-10T18:45:00.000Z,435,=,outgoing,1
16ce22f4-637c-4e89-a839-6ebb25cc8816,1165,South Oʻahu: Wailupe Beach Park,21.27607,-157.76163,2024-03-10,2024-03-10T18:40:00.000Z,160,=,outgoing,1
9409717d-6e33-4d07-be40-1e32cdd9332b,981,South Oʻahu: Kaʻalāwai (Black Point-East),21.259798,-157.789825,2024-03-10,2024-03-10T18:40:00.000Z,10,=,outgoing,0
55f49293-14f7-48f7-ba76-b05cb681e01b,861,South Oʻahu: Waialae Beach Park,21.26885,-157.77655,2024-03-10,2024-03-10T18:30:00.000Z,20,=,outgoing,0
9458abac-9e37-411a-b172-755b67f29bac,991,East Oʻahu: Kaimalino,21.425185,-157.740142,2024-03-10,2024-03-10T18:00:00.000Z,211,=,outgoing,1
9f32cd15-5b0c-4a87-91b7-3d5fa76a317b,906,East Oʻahu: South Kaneohe Bay,21.4259,-157.7656,2024-03-10,2024-03-10T18:00:00.000Z,51,=,outgoing,0
3b23480f-a3f9-4323-8a99-3308cd463060,8915,West Oʻahu: Pōkaʻi Bay- outside,21.4410874,-158.1908961,2024-03-10,2024-03-10T17:59:00.000Z,10,<,outgoing,0
ffe11f27-7d10-4b40-9639-0abe47ead48a,8916,West Oʻahu: Pōkaʻi Bay- Inside,21.4415602,-158.1907114,2024-03-10,2024-03-10T17:49:00.000Z,20,=,outgoing,0
23466c74-a256-4eed-b125-78c31be64a00,9016,West Oʻahu: Pililāʻau,21.448217,-158.192928,2024-03-10,2024-03-10T17:32:00.000Z,10,<,outgoing,0
41d21eb7-8a2e-45d3-b995-4070547e4117,8953,Inoaole Stream ,21.351274,-157.70619,2024-03-10,2024-03-10T17:25:00.000Z,120,=,outgoing,0
804f7ac1-57de-44f8-b67f-3c468a81026d,8924,West Oʻahu: Kaupuni Stream,21.4487068,-158.1897632,2024-03-10,2024-03-10T17:20:00.000Z,414,=,outgoing,1
637f2914-28e6-4447-a587-7559e2061ea4,8894,East Oʻahu: Kailua Beach Park,21.397806,-157.726,2024-03-10,2024-03-10T17:00:00.000Z,41,=,outgoing,0
c8c98577-6b46-4354-8a15-98e9b1b7d2d9,1196,East Oʻahu: Heʻeia Stream,21.44035,-157.809708,2024-03-10,2024-03-10T16:30:00.000Z,228,=,outgoing,1
6aed41e2-ea2f-404e-aba6-5808b867558b,777,East Oʻahu: Kahaluʻu Beach,21.46011,-157.839571,2024-03-10,2024-03-10T16:25:00.000Z,1497,=,outgoing,1
4f70142e-da6a-4b52-9c81-3a2089ef936e,858,South Oʻahu: Magic Island Bowls,21.282953,-157.845657,2024-02-25,2024-02-25T19:15:00.000Z,31,=,outgoing,0
50167679-391e-47ef-8e70-3193845e0234,779,North Oʻahu: Chocolates,21.59493,-158.103673,2024-02-25,2024-02-25T19:00:00.000Z,1664,=,outgoing,1
c0184d3f-5294-4374-8cea-65c5b67c65cc,780,North Oʻahu: Pūpūkea tidepools,21.649846,-158.062988,2024-02-25,2024-02-25T19:00:00.000Z,10,<,outgoing,0
2c632ae6-7654-4948-b228-7ea3245b012a,991,East Oʻahu: Kaimalino,21.425185,-157.740142,2024-02-25,2024-02-25T19:00:00.000Z,20,=,outgoing,0
1cc25714-c0bf-462d-947a-bbde8352e3a9,859,South Oʻahu: Magic Island Canoe Launch,21.28777,-157.844116,2024-02-25,2024-02-25T19:00:00.000Z,323,=,outgoing,1
a2be22b2-7232-492e-9579-370d318117b4,776,South Oʻahu: Kaʻalāwai (Black Point/Cromwells),21.2574,-157.7968,2024-02-25,2024-02-25T18:50:00.000Z,10,<,outgoing,0
f8fed000-8b15-4b60-bdb9-f5593d1f4157,981,South Oʻahu: Kaʻalāwai (Black Point-East),21.259798,-157.789825,2024-02-25,2024-02-25T18:45:00.000Z,10,=,outgoing,0
1ecdeabc-f55a-4766-9d97-da6559d97311,1165,South Oʻahu: Wailupe Beach Park,21.27607,-157.76163,2024-02-25,2024-02-25T18:40:00.000Z,122,=,outgoing,0
a2ba1ec0-292d-41d6-b14f-c40bcd184edd,1164,East Oʻahu: Waiāhole Beach Park,21.483904,-157.844949,2024-02-25,2024-02-25T18:35:00.000Z,727,=,outgoing,1
9ca57764-b6fc-4cdd-8397-1a38ce89501c,861,South Oʻahu: Waialae Beach Park,21.26885,-157.77655,2024-02-25,2024-02-25T18:35:00.000Z,10,<,outgoing,0
063b49e1-ae0a-480d-aa9c-2c16c7cc2dcf,8915,West Oʻahu: Pōkaʻi Bay- outside,21.4410874,-158.1908961,2024-02-25,2024-02-25T18:15:00.000Z,10,<,incoming,0
5f418107-20e6-4c56-8d59-315d6179f84e,8916,West Oʻahu: Pōkaʻi Bay- Inside,21.4415602,-158.1907114,2024-02-25,2024-02-25T18:10:00.000Z,20,=,incoming,0
ec45f1dd-f8f8-4300-8d9e-a4849afacafc,862,South Oʻahu: Kuliʻouʻou Stream,21.28369,-157.721654,2024-02-25,2024-02-25T18:10:00.000Z,1607,=,outgoing,1
7b1be115-f845-405d-a228-2fef16e7da33,1197,North Oʻahu: Kaiaka Bay,21.5902778,-158.1191667,2024-02-25,2024-02-25T17:25:00.000Z,309,=,outgoing,1
29a54df9-6a40-41fd-896e-58e671b14d3d,8953,Inoaole Stream ,21.351274,-157.70619,2024-02-25,2024-02-25T17:15:00.000Z,85,=,outgoing,0
b319bd4a-6385-488b-9ccb-8873c24d0585,9016,West Oʻahu: Pililāʻau,21.448217,-158.192928,2024-02-25,2024-02-25T17:10:00.000Z,10,<,incoming,0
7f6a2171-6516-49c4-ace7-fb341e881704,1195,North Oʻahu: Kahaone Place,21.58323,-158.1247,2024-02-25,2024-02-25T17:10:00.000Z,10,<,outgoing,0
5f263e87-1293-4c48-8fdd-f263625c5d55,8924,West Oʻahu: Kaupuni Stream,21.4487068,-158.1897632,2024-02-25,2024-02-25T17:00:00.000Z,175,=,incoming,1
461412bb-f93b-4dbc-a824-83c5e05af6cc,8894,East Oʻahu: Kailua Beach Park,21.397806,-157.726,2024-02-25,2024-02-25T17:00:00.000Z,20,=,outgoing,0
9c2383d5-d6b8-4380-a26e-3bb5e0c95fa4,1196,East Oʻahu: Heʻeia Stream,21.44035,-157.809708,2024-02-25,2024-02-25T16:30:00.000Z,74,=,outgoing,0
cb61e4c1-69ed-4a3e-8fdd-7e814d71f438,777,East Oʻahu: Kahaluʻu Beach,21.46011,-157.839571,2024-02-25,2024-02-25T16:25:00.000Z,1607,=,outgoing,1
5609c150-32ee-4db1-8852-01d2216f567d,906,East Oʻahu: South Kaneohe Bay,21.4259,-157.7656,2024-02-25,2024-02-25T15:30:00.000Z,189,=,outgoing,1
0fa7657d-9680-4ccb-8021-f42aca1c691b,991,East Oʻahu: Kaimalino,21.425185,-157.740142,2024-02-11,2024-02-11T19:00:00.000Z,315,=,outgoing,1
ba5052de-5dec-4ae8-9a5b-a66d057ab87b,1164,East Oʻahu: Waiāhole Beach Park,21.483904,-157.844949,2024-02-11,2024-02-11T19:00:00.000Z,193,=,outgoing,1
553ee6f4-f8fd-489a-80c4-1d5a2b0f71b0,780,North Oʻahu: Pūpūkea tidepools,21.649846,-158.062988,2024-02-11,2024-02-11T19:00:00.000Z,10,<,outgoing,0
34042b09-af86-48a2-975a-05f14cd9a002,779,North Oʻahu: Chocolates,21.59493,-158.103673,2024-02-11,2024-02-11T19:00:00.000Z,657,=,outgoing,1
42464762-dbc0-4e12-babd-91f7658cbc75,776,South Oʻahu: Kaʻalāwai (Black Point/Cromwells),21.2574,-157.7968,2024-02-11,2024-02-11T18:50:00.000Z,30,=,outgoing,0
aee77dfb-6bd8-45e1-a1a1-921c4230063c,1165,South Oʻahu: Wailupe Beach Park,21.27607,-157.76163,2024-02-11,2024-02-11T18:50:00.000Z,10,=,outgoing,0
8261cf5b-76d9-418e-a62e-b2d1c6e7a129,981,South Oʻahu: Kaʻalāwai (Black Point-East),21.259798,-157.789825,2024-02-11,2024-02-11T18:40:00.000Z,5504,=,outgoing,1
bd709b3f-867e-4c0f-a19c-d82ce0c1860e,861,South Oʻahu: Waialae Beach Park,21.26885,-157.77655,2024-02-11,2024-02-11T18:30:00.000Z,52,=,outgoing,0
e6130294-d684-479d-a486-043c05b0c164,862,South Oʻahu: Kuliʻouʻou Stream,21.28369,-157.721654,2024-02-11,2024-02-11T18:25:00.000Z,4541,=,outgoing,1
d112bdad-06ee-42e6-8294-a67ba1bfe7fa,8915,West Oʻahu: Pōkaʻi Bay- outside,21.4410874,-158.1908961,2024-02-11,2024-02-11T18:20:00.000Z,10,<,outgoing,0
0600425d-e48e-40d8-a622-9f7475ca29c9,8916,West Oʻahu: Pōkaʻi Bay- Inside,21.4415602,-158.1907114,2024-02-11,2024-02-11T18:05:00.000Z,120,=,outgoing,0
9eec0208-0114-43e0-abc7-53df2e6a8c6b,9016,West Oʻahu: Pililāʻau,21.448217,-158.192928,2024-02-11,2024-02-11T17:55:00.000Z,272,=,outgoing,1
e8f45ecb-4325-4931-855f-a7610920da81,1197,North Oʻahu: Kaiaka Bay,21.5902778,-158.1191667,2024-02-11,2024-02-11T17:42:00.000Z,122,=,outgoing,0
fcc81216-bdf6-4d96-afca-2aaef084d833,1195,North Oʻahu: Kahaone Place,21.58323,-158.1247,2024-02-11,2024-02-11T17:28:00.000Z,10,<,outgoing,0
1fab975a-0aa9-466a-ace3-3b62314eb679,8924,West Oʻahu: Kaupuni Stream,21.4487068,-158.1897632,2024-02-11,2024-02-11T17:25:00.000Z,771,=,outgoing,1
e3a2aded-0640-4141-b605-e8be2bff0d0f,8953,Inoaole Stream ,21.351274,-157.70619,2024-02-11,2024-02-11T17:15:00.000Z,31,=,outgoing,0
d5e715ca-bbba-4209-b370-92fd8dae578c,8894,East Oʻahu: Kailua Beach Park,21.397806,-157.726,2024-02-11,2024-02-11T17:00:00.000Z,10,<,outgoing,0
fc4e5686-305f-44ab-b6ac-edaf6c8deb05,1196,East Oʻahu: Heʻeia Stream,21.44035,-157.809708,2024-02-11,2024-02-11T16:30:00.000Z,173,=,outgoing,1
cb54e1dc-d8c5-44ad-a6f5-7f8a318bf530,777,East Oʻahu: Kahaluʻu Beach,21.46011,-157.839571,2024-02-11,2024-02-11T16:25:00.000Z,130,=,outgoing,0
0f78ccd2-82ad-431a-b65c-8c1ed7991028,906,East Oʻahu: South Kaneohe Bay,21.4259,-157.7656,2024-02-11,2024-02-11T15:25:00.000Z,135,=,outgoing,1
ac663d70-5fbf-46b8-8b46-83c418b6cf83,906,East Oʻahu: South Kaneohe Bay,21.4259,-157.7656,2024-01-28,2024-01-29T03:50:00.000Z,20,=,incoming,0
4330d693-321c-4bb5-b5f1-3a65cf637a26,858,South Oʻahu: Magic Island Bowls,21.282953,-157.845657,2024-01-28,2024-01-28T19:15:00.000Z,20,=,outgoing,0
703c7f13-d024-4795-8ae1-f951e75db9f1,859,South Oʻahu: Magic Island Canoe Launch,21.28777,-157.844116,2024-01-28,2024-01-28T19:00:00.000Z,63,=,outgoing,0
19fd393c-fc12-4c47-81ff-f36db603d0a4,776,South Oʻahu: Kaʻalāwai (Black Point/Cromwells),21.2574,-157.7968,2024-01-28,2024-01-28T19:00:00.000Z,10,=,outgoing,0
f9a2ad28-c8ab-4e0e-aa4a-0b85745e190b,8953,Inoaole Stream ,21.351274,-157.70619,2024-01-28,2024-01-28T18:45:00.000Z,243,=,outgoing,1
9c6643f0-3e53-462e-903b-c67867841977,1165,South Oʻahu: Wailupe Beach Park,21.27607,-157.76163,2024-01-28,2024-01-28T18:45:00.000Z,98,=,outgoing,0
42f77734-a270-4189-871c-149fa4a74ec0,861,South Oʻahu: Waialae Beach Park,21.26885,-157.77655,2024-01-28,2024-01-28T18:40:00.000Z,175,=,outgoing,1
94ff9878-2254-4a27-81c3-7a4f37d33609,8915,West Oʻahu: Pōkaʻi Bay- outside,21.4410874,-158.1908961,2024-01-28,2024-01-28T18:35:00.000Z,20,=,incoming,0
5033aa31-6719-4718-800c-05e614b1862c,1164,East Oʻahu: Waiāhole Beach Park,21.483904,-157.844949,2024-01-28,2024-01-28T18:35:00.000Z,2909,=,outgoing,1
8e4d5de4-a469-4b85-bb27-fd9b078e3ae0,979,East Oʻahu: Hakipuʻu Boat Ramp,21.506487,-157.85131,2024-01-28,2024-01-28T18:30:00.000Z,2224,=,outgoing,1
8b4b95b1-4ce0-4db7-844a-b47e5a3c3bbc,8916,West Oʻahu: Pōkaʻi Bay- Inside,21.4415602,-158.1907114,2024-01-28,2024-01-28T18:30:00.000Z,10,<,outgoing,0
662c91c4-18e7-455a-b56e-930cc1338255,9016,West Oʻahu: Pililāʻau,21.448217,-158.192928,2024-01-28,2024-01-28T18:05:00.000Z,20,=,incoming,0
7e0f218c-a335-4552-8e0d-0f7bdf460276,862,South Oʻahu: Kuliʻouʻou Stream,21.28369,-157.721654,2024-01-28,2024-01-28T17:50:00.000Z,776,=,outgoing,1
63df7fe7-74e0-448b-8a2b-ae759e7a75c6,8924,West Oʻahu: Kaupuni Stream,21.4487068,-158.1897632,2024-01-28,2024-01-28T17:50:00.000Z,521,=,incoming,1
c3e720bd-263c-43f9-8c06-43d19139a854,8894,East Oʻahu: Kailua Beach Park,21.397806,-157.726,2024-01-28,2024-01-28T17:10:00.000Z,10,=,outgoing,0
079bb44c-78a6-4866-9e83-777c9a188d02,1196,East Oʻahu: Heʻeia Stream,21.44035,-157.809708,2024-01-28,2024-01-28T16:30:00.000Z,359,=,outgoing,1
f91b397b-1f77-4c53-9af8-f7dd7543bd99,991,East Oʻahu: Kaimalino,21.425185,-157.740142,2024-01-28,2024-01-28T16:25:00.000Z,269,=,outgoing,1
08b35cda-3450-48fd-8e65-a8d3506a2324,777,East Oʻahu: Kahaluʻu Beach,21.46011,-157.839571,2024-01-28,2024-01-28T16:25:00.000Z,211,=,outgoing,1
c978074e-5fd0-4a2f-b154-2091b6a49708,858,South Oʻahu: Magic Island Bowls,21.282953,-157.845657,2024-01-14,2024-01-14T19:15:00.000Z,20,=,outgoing,0
ea6e5950-395c-47e0-ab05-b2bc21783638,776,South Oʻahu: Kaʻalāwai (Black Point/Cromwells),21.2574,-157.7968,2024-01-14,2024-01-14T19:05:00.000Z,41,=,outgoing,0
55806090-a037-42b1-a28f-409a2addb2ef,859,South Oʻahu: Magic Island Canoe Launch,21.28777,-157.844116,2024-01-14,2024-01-14T19:00:00.000Z,108,=,outgoing,0
0becf64a-cf89-4ed8-8f43-db1464ea4a71,981,South Oʻahu: Kaʻalāwai (Black Point-East),21.259798,-157.789825,2024-01-14,2024-01-14T18:55:00.000Z,226,=,outgoing,1
1c44aad1-fe3e-475f-a9d3-1fb549988eb3,1165,South Oʻahu: Wailupe Beach Park,21.27607,-157.76163,2024-01-14,2024-01-14T18:45:00.000Z,52,=,outgoing,0
ce9aac91-be9e-470b-84bd-7bf1ec340d08,861,South Oʻahu: Waialae Beach Park,21.26885,-157.77655,2024-01-14,2024-01-14T18:40:00.000Z,384,=,outgoing,1
6e009130-7b68-46f3-816d-1e6cb9d4adda,1164,East Oʻahu: Waiāhole Beach Park,21.483904,-157.844949,2024-01-14,2024-01-14T18:40:00.000Z,703,=,outgoing,1
50942c42-3bdf-4fa5-8bd5-40c835ca890f,979,East Oʻahu: Hakipuʻu Boat Ramp,21.506487,-157.85131,2024-01-14,2024-01-14T18:30:00.000Z,1354,=,outgoing,1
71fc6f71-f713-45ac-955a-a3c9ad9f0e0b,779,North Oʻahu: Chocolates,21.59493,-158.103673,2024-01-14,2024-01-14T18:30:00.000Z,933,=,outgoing,1
37454cc4-271d-4957-a5f6-cc300f678023,8915,West Oʻahu: Pōkaʻi Bay- outside,21.4410874,-158.1908961,2024-01-14,2024-01-14T18:30:00.000Z,41,=,outgoing,0
e5c6434c-0cc3-4bed-85e3-b0ade32def4b,8916,West Oʻahu: Pōkaʻi Bay- Inside,21.4415602,-158.1907114,2024-01-14,2024-01-14T18:20:00.000Z,31,=,outgoing,0
225e08d9-dacd-45a8-8a23-b9187b3184e4,862,South Oʻahu: Kuliʻouʻou Stream,21.28369,-157.721654,2024-01-14,2024-01-14T18:20:00.000Z,1046,=,outgoing,1
7aecc326-148a-4da2-9aad-c3af110ece61,9016,West Oʻahu: Pililāʻau,21.448217,-158.192928,2024-01-14,2024-01-14T18:10:00.000Z,733,=,outgoing,1
99a80bae-238b-4f8f-8432-ff39a52ecf62,780,North Oʻahu: Pūpūkea tidepools,21.649846,-158.062988,2024-01-14,2024-01-14T18:00:00.000Z,10,<,outgoing,0
d96f2cac-dff7-46a8-82cd-2f6a7b004059,906,East Oʻahu: South Kaneohe Bay,21.4259,-157.7656,2024-01-14,2024-01-14T18:00:00.000Z,74,=,outgoing,0
638e5681-3483-446b-92a0-982fd3dbcddc,8924,West Oʻahu: Kaupuni Stream,21.4487068,-158.1897632,2024-01-14,2024-01-14T17:55:00.000Z,12033,=,outgoing,1
ab161137-22be-41b1-a9c9-c958cf61c9f7,777,East Oʻahu: Kahaluʻu Beach,21.46011,-157.839571,2024-01-14,2024-01-14T17:20:00.000Z,1723,=,outgoing,1
8a267e8b-6cb8-4bf0-9128-517096ef5d95,8953,Inoaole Stream ,21.351274,-157.70619,2024-01-14,2024-01-14T17:20:00.000Z,272,=,outgoing,1
b459119f-9288-4296-a6ff-c28aded76072,8894,East Oʻahu: Kailua Beach Park,21.397806,-157.726,2024-01-14,2024-01-14T17:15:00.000Z,10,=,outgoing,0
94bff195-205d-49ff-ab86-ce4330d30d64,991,East Oʻahu: Kaimalino,21.425185,-157.740142,2024-01-14,2024-01-14T17:00:00.000Z,373,=,outgoing,1
a438b6b3-ad4f-4c86-8f97-f9a36024925a,1197,North Oʻahu: Kaiaka Bay,21.5902778,-158.1191667,2024-01-14,2024-01-14T16:50:00.000Z,305,=,outgoing,1
1bd11856-348a-4972-8da3-18bffb945b2d,1195,North Oʻahu: Kahaone Place,21.58323,-158.1247,2024-01-14,2024-01-14T16:40:00.000Z,41,=,outgoing,0
3afd0516-ff51-4c14-8ea9-686a2f29c10d,1196,East Oʻahu: Heʻeia Stream,21.44035,-157.809708,2024-01-14,2024-01-14T16:30:00.000Z,132,=,outgoing,1
065be51f-3f81-4c88-869f-4cd6ad332335,861,South Oʻahu: Waialae Beach Park,21.26885,-157.77655,2023-12-10,2023-12-10T19:05:00.000Z,201,=,outgoing,1
c216afa9-7291-420d-b0cf-a6426ed70f81,859,South Oʻahu: Magic Island Canoe Launch,21.28777,-157.844116,2023-12-10,2023-12-10T19:00:00.000Z,175,=,outgoing,1
6243fca2-accf-4204-90bc-3a8921cd6e4d,9016,West Oʻahu: Pililāʻau,21.448217,-158.192928,2023-12-10,2023-12-10T19:00:00.000Z,30,=,incoming,0
387b6c81-c6d7-4e03-9a25-c9f3b429957f,1165,South Oʻahu: Wailupe Beach Park,21.27607,-157.76163,2023-12-10,2023-12-10T18:40:00.000Z,10,=,outgoing,0
b957c209-77f5-44df-a8c5-427684f82e0e,8916,West Oʻahu: Pōkaʻi Bay- Inside,21.4415602,-158.1907114,2023-12-10,2023-12-10T18:25:00.000Z,144,=,incoming,1
44013a8c-f426-4d40-821d-b594a384f38b,906,East Oʻahu: South Kaneohe Bay,21.4259,-157.7656,2023-12-10,2023-12-10T18:15:00.000Z,74,=,outgoing,0
63d19065-22d4-4b17-871d-f73a8367958c,8915,West Oʻahu: Pōkaʻi Bay- outside,21.4410874,-158.1908961,2023-12-10,2023-12-10T18:15:00.000Z,10,<,incoming,0
890a796f-1f70-482c-a7e3-49bb0861f180,780,North Oʻahu: Pūpūkea tidepools,21.649846,-158.062988,2023-12-10,2023-12-10T18:15:00.000Z,10,<,incoming,0
969ff561-423e-4a7f-ad66-da3611bd1531,979,East Oʻahu: Hakipuʻu Boat Ramp,21.506487,-157.85131,2023-12-10,2023-12-10T18:00:00.000Z,175,=,outgoing,1
f82ee54b-ad2f-4b27-8658-98dec52242d5,776,South Oʻahu: Kaʻalāwai (Black Point/Cromwells),21.2574,-157.7968,2023-12-10,2023-12-10T17:50:00.000Z,10,=,outgoing,0
4da73e67-46e9-428b-8a86-d0e83bc08792,862,South Oʻahu: Kuliʻouʻou Stream,21.28369,-157.721654,2023-12-10,2023-12-10T17:50:00.000Z,2143,=,outgoing,1
0fbab988-4780-4b99-9baa-22fd1dc76303,858,South Oʻahu: Magic Island Bowls,21.282953,-157.845657,2023-12-10,2023-12-10T17:50:00.000Z,31,=,outgoing,0
cf5d1d4d-a41c-4098-a64d-46f302c8ff06,981,South Oʻahu: Kaʻalāwai (Black Point-East),21.259798,-157.789825,2023-12-10,2023-12-10T17:30:00.000Z,75,=,outgoing,0
e937352c-82f0-406a-979d-7654167688b6,1196,East Oʻahu: Heʻeia Stream,21.44035,-157.809708,2023-12-10,2023-12-10T17:30:00.000Z,305,=,outgoing,1
3b47d5f4-80e2-4b55-a36b-8c6064f5e8b1,8924,West Oʻahu: Kaupuni Stream,21.4487068,-158.1897632,2023-12-10,2023-12-10T17:30:00.000Z,839,=,incoming,1
57766df1-f753-438e-8971-e2899a195549,777,East Oʻahu: Kahaluʻu Beach,21.46011,-157.839571,2023-12-10,2023-12-10T17:20:00.000Z,17329,=,outgoing,1
9f6237e8-1844-4a2e-97cd-ddb4763dfbf7,991,East Oʻahu: Kaimalino,21.425185,-157.740142,2023-12-10,2023-12-10T17:15:00.000Z,145,=,outgoing,1
0673a3df-1ecf-407f-9552-24aca170d4fd,1164,East Oʻahu: Waiāhole Beach Park,21.483904,-157.844949,2023-12-10,2023-12-10T17:15:00.000Z,573,=,outgoing,1
dbdf2ebc-34d3-4702-819e-a778c9975ea6,8894,East Oʻahu: Kailua Beach Park,21.397806,-157.726,2023-12-10,2023-12-10T17:15:00.000Z,20,=,outgoing,0
4a4bf881-8659-41a4-8f43-df2476987ae5,1197,North Oʻahu: Kaiaka Bay,21.5902778,-158.1191667,2023-12-10,2023-12-10T17:00:00.000Z,96,=,outgoing,0
9a423e6d-03a8-4eb3-a823-fe9260ccaaff,1195,North Oʻahu: Kahaone Place,21.58323,-158.1247,2023-12-10,2023-12-10T16:50:00.000Z,20,=,outgoing,0
844778bf-a7f1-4e30-acc7-b6af7d170c5c,1165,South Oʻahu: Wailupe Beach Park,21.27607,-157.76163,2023-11-26,2023-11-26T18:40:00.000Z,262,=,outgoing,1
66ca68b6-8c87-4a11-888c-fe658ba33333,776,South Oʻahu: Kaʻalāwai (Black Point/Cromwells),21.2574,-157.7968,2023-11-26,2023-11-26T18:40:00.000Z,20,=,outgoing,0
3f19b2b8-c456-4dd9-b5b6-898fc2aa552c,8915,West Oʻahu: Pōkaʻi Bay- outside,21.4410874,-158.1908961,2023-11-26,2023-11-26T18:30:00.000Z,10,<,outgoing,0
ba985107-507e-48f9-b948-05a50c58343b,861,South Oʻahu: Waialae Beach Park,21.26885,-157.77655,2023-11-26,2023-11-26T18:30:00.000Z,1333,=,outgoing,1
a822240e-4b03-4122-bdd2-c96192532edb,8916,West Oʻahu: Pōkaʻi Bay- Inside,21.4415602,-158.1907114,2023-11-26,2023-11-26T18:20:00.000Z,10,<,outgoing,0
d7490657-6196-444c-a4c6-5ff84976d3f0,779,North Oʻahu: Chocolates,21.59493,-158.103673,2023-11-26,2023-11-26T18:20:00.000Z,408,=,outgoing,1
bbfa7275-f693-494b-ae52-454fabbe434a,779,North Oʻahu: Chocolates,21.59493,-158.103673,2023-11-26,2023-11-26T18:20:00.000Z,703,=,outgoing,1
10de2de8-ebb9-4c7f-b633-7a25ccd5b5f4,1164,East Oʻahu: Waiāhole Beach Park,21.483904,-157.844949,2023-11-26,2023-11-26T18:15:00.000Z,2035,=,outgoing,1
6a641fb5-2700-4e1c-bbc4-cae8e514002a,862,South Oʻahu: Kuliʻouʻou Stream,21.28369,-157.721654,2023-11-26,2023-11-26T18:15:00.000Z,5172,=,outgoing,1
75ee205b-3885-4952-b2ff-d35ee85e64cb,9016,West Oʻahu: Pililāʻau,21.448217,-158.192928,2023-11-26,2023-11-26T18:05:00.000Z,10,=,outgoing,0
d66ed051-b950-4c8d-a212-73e0e935bdd7,780,North Oʻahu: Pūpūkea tidepools,21.649846,-158.062988,2023-11-26,2023-11-26T18:00:00.000Z,20,=,outgoing,0
521c53ce-3168-45fd-ae87-8c0aa5f4d1bd,991,East Oʻahu: Kaimalino,21.425185,-157.740142,2023-11-26,2023-11-26T18:00:00.000Z,158,=,outgoing,1
0c103e0b-11e3-44c1-8257-34bca5421647,8924,West Oʻahu: Kaupuni Stream,21.4487068,-158.1897632,2023-11-26,2023-11-26T17:50:00.000Z,74,=,outgoing,0
d8248b77-bb15-4ad8-8ec3-b24f2173122a,8894,East Oʻahu: Kailua Beach Park,21.397806,-157.726,2023-11-26,2023-11-26T17:30:00.000Z,10,<,,0
43b7114c-973e-4c98-869d-f8c6fca8ebe6,979,East Oʻahu: Hakipuʻu Boat Ramp,21.506487,-157.85131,2023-11-26,2023-11-26T17:03:00.000Z,1515,=,outgoing,1
0e250841-c1a6-43da-bf35-a639566310cd,8953,Inoaole Stream ,21.351274,-157.70619,2023-11-26,2023-11-26T17:00:00.000Z,132,=,outgoing,1
dbcc8f22-b7ab-4283-bfbf-51223c889a66,1196,East Oʻahu: Heʻeia Stream,21.44035,-157.809708,2023-11-26,2023-11-26T16:30:00.000Z,908,=,outgoing,1
5c8ea6a9-27b5-4cd6-8f7e-825401fb6eb2,1197,North Oʻahu: Kaiaka Bay,21.5902778,-158.1191667,2023-11-26,2023-11-26T16:30:00.000Z,1076,=,outgoing,1
0399d150-ac6a-4576-9b71-1c9d3dbbade5,777,East Oʻahu: Kahaluʻu Beach,21.46011,-157.839571,2023-11-26,2023-11-26T16:25:00.000Z,2310,=,outgoing,1
c8db63cb-b7e5-47ab-809f-179f7fe6683d,1195,North Oʻahu: Kahaone Place,21.58323,-158.1247,2023-11-26,2023-11-26T16:20:00.000Z,95,=,outgoing,0
920f0e9b-7e7f-4479-a679-7d1c3937546b,906,East Oʻahu: South Kaneohe Bay,21.4259,-157.7656,2023-11-26,2023-11-26T15:42:00.000Z,173,=,outgoing,1
c196d23d-33eb-4517-9a0d-19ab1a1e50de,1164,East Oʻahu: Waiāhole Beach Park,21.483904,-157.844949,2023-11-12,2023-11-12T20:00:00.000Z,221,=,incoming,1
ebdbbcb3-d4df-4dbc-a2b0-a0c1c9c25e38,991,East Oʻahu: Kaimalino,21.425185,-157.740142,2023-11-12,2023-11-12T19:30:00.000Z,393,=,incoming,1
8d613ca6-a113-4403-915c-17f70c6ad851,858,South Oʻahu: Magic Island Bowls,21.282953,-157.845657,2023-11-12,2023-11-12T19:15:00.000Z,10,<,outgoing,0
3795fd40-e477-4c91-b104-aef2d7e30daa,8894,East Oʻahu: Kailua Beach Park,21.397806,-157.726,2023-11-12,2023-11-12T19:05:00.000Z,10,<,incoming,0
f213853d-93f3-4d3c-965d-df8d27999f65,859,South Oʻahu: Magic Island Canoe Launch,21.28777,-157.844116,2023-11-12,2023-11-12T19:00:00.000Z,10,=,outgoing,0
d0dc87c0-afb5-435e-9b90-f899190b322c,776,South Oʻahu: Kaʻalāwai (Black Point/Cromwells),21.2574,-157.7968,2023-11-12,2023-11-12T18:50:00.000Z,10,<,outgoing,0
16f24ef4-f91b-486e-82a4-b0f7171d75fd,979,East Oʻahu: Hakipuʻu Boat Ramp,21.506487,-157.85131,2023-11-12,2023-11-12T18:45:00.000Z,1046,=,incoming,1
ee202032-6141-4eea-a9cd-4a574da9940b,8953,Inoaole Stream ,21.351274,-157.70619,2023-11-12,2023-11-12T18:45:00.000Z,10,<,outgoing,0
1db560a8-aa12-4245-82db-e08aae0f9b1a,1165,South Oʻahu: Wailupe Beach Park,21.27607,-157.76163,2023-11-12,2023-11-12T18:40:00.000Z,10,<,outgoing,0
b9e1e287-1658-442b-a789-31e0ea7b4fed,8916,West Oʻahu: Pōkaʻi Bay- Inside,21.4415602,-158.1907114,2023-11-12,2023-11-12T18:40:00.000Z,85,=,outgoing,0
af03759f-a04e-4e67-a2e2-659d86bb4d49,8915,West Oʻahu: Pōkaʻi Bay- outside,21.4410874,-158.1908961,2023-11-12,2023-11-12T18:40:00.000Z,10,<,incoming,0
eba0c1d7-4c0b-46f2-9cdb-25398411afd7,981,South Oʻahu: Kaʻalāwai (Black Point-East),21.259798,-157.789825,2023-11-12,2023-11-12T18:40:00.000Z,20,=,outgoing,0
1aa748bf-1e6b-4026-ad9b-710684e07c39,906,East Oʻahu: South Kaneohe Bay,21.4259,-157.7656,2023-11-12,2023-11-12T18:40:00.000Z,41,=,outgoing,0
537ced64-22e5-4e88-b749-892457a7f9fd,861,South Oʻahu: Waialae Beach Park,21.26885,-157.77655,2023-11-12,2023-11-12T18:35:00.000Z,10,=,outgoing,0
20d0bc35-f0e3-4f94-9c3d-c91fbc13209e,9016,West Oʻahu: Pililāʻau,21.448217,-158.192928,2023-11-12,2023-11-12T18:25:00.000Z,10,<,incoming,0
87f16eeb-d601-4427-a32f-cfa576a0c903,862,South Oʻahu: Kuliʻouʻou Stream,21.28369,-157.721654,2023-11-12,2023-11-12T18:10:00.000Z,74,=,outgoing,0
5d3210d1-863e-44d0-9919-079ca0d434e7,8924,West Oʻahu: Kaupuni Stream,21.4487068,-158.1897632,2023-11-12,2023-11-12T18:05:00.000Z,86,=,outgoing,0
13b3dcc0-a803-4048-b9bb-574299ec87ad,777,East Oʻahu: Kahaluʻu Beach,21.46011,-157.839571,2023-11-12,2023-11-12T16:25:00.000Z,1267,=,outgoing,1
f9b70893-92bb-400f-85f8-71905622e3e3,859,South Oʻahu: Magic Island Canoe Launch,21.28777,-157.844116,2023-10-29,2023-10-29T20:25:00.000Z,74,=,outgoing,0
2b5e22df-d448-48be-a120-a54254088894,858,South Oʻahu: Magic Island Bowls,21.282953,-157.845657,2023-10-29,2023-10-29T20:15:00.000Z,10,=,outgoing,0
480e27b6-99ec-4f9b-95e7-4a2272f2a1fd,779,North Oʻahu: Chocolates,21.59493,-158.103673,2023-10-29,2023-10-29T18:50:00.000Z,41,=,outgoing,0
5d19a8eb-bdd5-48d1-bb8f-83904b835820,776,South Oʻahu: Kaʻalāwai (Black Point/Cromwells),21.2574,-157.7968,2023-10-29,2023-10-29T18:45:00.000Z,10,<,outgoing,0
1ba6bab1-a298-4f14-a016-153e0185a65c,1164,East Oʻahu: Waiāhole Beach Park,21.483904,-157.844949,2023-10-29,2023-10-29T18:40:00.000Z,74,=,outgoing,0
9ad416c6-0fa2-4676-918b-8e0b0eff1bd0,1165,South Oʻahu: Wailupe Beach Park,21.27607,-157.76163,2023-10-29,2023-10-29T18:40:00.000Z,20,=,outgoing,0
4e843fb7-af92-494c-9845-301014dbd955,8915,West Oʻahu: Pōkaʻi Bay- outside,21.4410874,-158.1908961,2023-10-29,2023-10-29T18:30:00.000Z,10,<,outgoing,0
117ae44a-8601-4ed7-a1c9-3c4df2641c99,861,South Oʻahu: Waialae Beach Park,21.26885,-157.77655,2023-10-29,2023-10-29T18:30:00.000Z,20,=,outgoing,0
47faa89a-f781-4b09-8fa1-bdc6686f17a7,981,South Oʻahu: Kaʻalāwai (Black Point-East),21.259798,-157.789825,2023-10-29,2023-10-29T18:25:00.000Z,10,=,outgoing,0
84c60508-530e-4939-9072-38ab98ed12c6,8916,West Oʻahu: Pōkaʻi Bay- Inside,21.4415602,-158.1907114,2023-10-29,2023-10-29T18:15:00.000Z,10,=,outgoing,0
badae386-c4ba-4f55-b03f-dc0fe7ab238b,862,South Oʻahu: Kuliʻouʻou Stream,21.28369,-157.721654,2023-10-29,2023-10-29T18:15:00.000Z,10,=,outgoing,0
da5ea60f-97ce-469e-81bd-83033d2a0cc6,979,East Oʻahu: Hakipuʻu Boat Ramp,21.506487,-157.85131,2023-10-29,2023-10-29T18:00:00.000Z,2755,=,outgoing,1
948e8a34-2fb2-4e4e-9afe-05e391813b4d,780,North Oʻahu: Pūpūkea tidepools,21.649846,-158.062988,2023-10-29,2023-10-29T18:00:00.000Z,10,=,outgoing,0
717b43d9-760d-4dba-9bbb-e5053366054f,9016,West Oʻahu: Pililāʻau,21.448217,-158.192928,2023-10-29,2023-10-29T18:00:00.000Z,10,<,outgoing,0
940c21a3-d675-4de0-9739-e2578a3bd471,906,East Oʻahu: South Kaneohe Bay,21.4259,-157.7656,2023-10-29,2023-10-29T18:00:00.000Z,683,=,outgoing,1
1de0f976-f770-4d90-99a6-620d86304b70,8924,West Oʻahu: Kaupuni Stream,21.4487068,-158.1897632,2023-10-29,2023-10-29T17:45:00.000Z,134,=,outgoing,1
1b8a588e-4493-4782-829c-cdb5aa30ab10,8953,Inoaole Stream ,21.351274,-157.70619,2023-10-29,2023-10-29T17:45:00.000Z,62,=,outgoing,0
8c55888a-6a92-4f6a-94e6-ae6595db47bf,991,East Oʻahu: Kaimalino,21.425185,-157.740142,2023-10-29,2023-10-29T17:00:00.000Z,20,=,outgoing,0
2a9f2caa-9c63-4f90-bb6a-7a770b2cdbd2,8894,East Oʻahu: Kailua Beach Park,21.397806,-157.726,2023-10-29,2023-10-29T17:00:00.000Z,10,=,outgoing,0
c2fc3d7e-8053-40b2-9185-fe2e6b138f47,1197,North Oʻahu: Kaiaka Bay,21.5902778,-158.1191667,2023-10-29,2023-10-29T17:00:00.000Z,10,=,outgoing,0
6ee3994e-e629-45d6-8711-211ac44bd302,1195,North Oʻahu: Kahaone Place,21.58323,-158.1247,2023-10-29,2023-10-29T16:50:00.000Z,10,<,outgoing,0
a6decfd9-888a-4b8a-8b38-cf9c97e14264,1196,East Oʻahu: Heʻeia Stream,21.44035,-157.809708,2023-10-29,2023-10-29T16:30:00.000Z,241,=,outgoing,1
d11514f8-3848-426d-a60c-05b8a6534e7a,777,East Oʻahu: Kahaluʻu Beach,21.46011,-157.839571,2023-10-29,2023-10-29T16:30:00.000Z,146,=,outgoing,1
f77e3c15-ab0c-4d7a-90d6-f58a82f0d5ff,861,South Oʻahu: Waialae Beach Park,21.26885,-157.77655,2023-10-15,2023-10-15T20:00:00.000Z,31,=,outgoing,0
313e85b2-38c4-4955-82f2-1e46f42f90d5,776,South Oʻahu: Kaʻalāwai (Black Point/Cromwells),21.2574,-157.7968,2023-10-15,2023-10-15T19:45:00.000Z,10,<,outgoing,0
7aaaca62-a2fe-4074-bd6e-ace5095337a8,981,South Oʻahu: Kaʻalāwai (Black Point-East),21.259798,-157.789825,2023-10-15,2023-10-15T19:20:00.000Z,10,=,outgoing,0
7569eeb0-9dc3-4ea1-912e-4ace474cfde5,8915,West Oʻahu: Pōkaʻi Bay- outside,21.4410874,-158.1908961,2023-10-15,2023-10-15T19:15:00.000Z,10,<,incoming,0
a73594c4-378d-4f44-b9d2-14bb5ccbee30,858,South Oʻahu: Magic Island Bowls,21.282953,-157.845657,2023-10-15,2023-10-15T19:15:00.000Z,1396,=,outgoing,1
b346766d-ece1-430b-a8de-5594efafde28,859,South Oʻahu: Magic Island Canoe Launch,21.28777,-157.844116,2023-10-15,2023-10-15T19:00:00.000Z,241,=,outgoing,1
b71dd208-2444-43a9-b794-209818fe05b1,8916,West Oʻahu: Pōkaʻi Bay- Inside,21.4415602,-158.1907114,2023-10-15,2023-10-15T18:50:00.000Z,10,<,incoming,0
bc3eacb8-b8f1-4df9-a9b2-35d77a9d0d0d,1164,East Oʻahu: Waiāhole Beach Park,21.483904,-157.844949,2023-10-15,2023-10-15T18:30:00.000Z,98,=,outgoing,0
3a53d5c6-3f7c-4b27-b178-5ec8d207dff8,1165,South Oʻahu: Wailupe Beach Park,21.27607,-157.76163,2023-10-15,2023-10-15T18:30:00.000Z,20,=,outgoing,0
39acbca1-a7ef-4b62-804d-60ed7d666aee,8924,West Oʻahu: Kaupuni Stream,21.4487068,-158.1897632,2023-10-15,2023-10-15T18:15:00.000Z,41,=,incoming,0
06236f06-fe7d-4e08-b190-8eaa5f00a7f9,8894,East Oʻahu: Kailua Beach Park,21.397806,-157.726,2023-10-15,2023-10-15T18:15:00.000Z,52,=,outgoing,0
62d6cc91-31a4-4630-868d-c791ccdf7c52,991,East Oʻahu: Kaimalino,21.425185,-157.740142,2023-10-15,2023-10-15T18:15:00.000Z,450,=,outgoing,1
17149faa-6c43-4d73-bb91-f371238f3abb,862,South Oʻahu: Kuliʻouʻou Stream,21.28369,-157.721654,2023-10-15,2023-10-15T18:05:00.000Z,63,=,outgoing,0
e9a3e9c1-093d-4485-9343-59f90d7ba377,779,North Oʻahu: Chocolates,21.59493,-158.103673,2023-10-15,2023-10-15T18:00:00.000Z,85,=,outgoing,0
255b2d8f-a31c-481e-8041-b9e3040bb049,780,North Oʻahu: Pūpūkea tidepools,21.649846,-158.062988,2023-10-15,2023-10-15T18:00:00.000Z,63,=,outgoing,0
e55868e1-cc04-4b8b-a0f8-f8139b619639,1195,North Oʻahu: Kahaone Place,21.58323,-158.1247,2023-10-15,2023-10-15T17:40:00.000Z,74,=,outgoing,0
a0848535-df3a-4995-97cd-14617b8c8f2e,1197,North Oʻahu: Kaiaka Bay,21.5902778,-158.1191667,2023-10-15,2023-10-15T17:15:00.000Z,20,=,outgoing,0
3afde97f-0324-4886-9b41-7184a07371a3,8953,Inoaole Stream ,21.351274,-157.70619,2023-10-15,2023-10-15T17:15:00.000Z,199,=,outgoing,1
57bf2066-ad24-4871-8bff-6eec0e855599,979,East Oʻahu: Hakipuʻu Boat Ramp,21.506487,-157.85131,2023-10-15,2023-10-15T16:45:00.000Z,1935,=,outgoing,1
ff783cbf-40a5-4f72-b9eb-91a5ec450531,906,East Oʻahu: South Kaneohe Bay,21.4259,-157.7656,2023-10-15,2023-10-15T15:30:00.000Z,171,=,outgoing,1
b67ca9a5-e49f-43d3-9f31-d8e1a5544f80,858,South Oʻahu: Magic Island Bowls,21.282953,-157.845657,2023-10-01,2023-10-01T19:15:00.000Z,10,<,outgoing,0
0c999f85-9aaa-4c10-aded-f93e70a99960,859,South Oʻahu: Magic Island Canoe Launch,21.28777,-157.844116,2023-10-01,2023-10-01T19:00:00.000Z,30,=,outgoing,0
775ab689-321a-47ce-a121-c6c8ac79541b,776,South Oʻahu: Kaʻalāwai (Black Point/Cromwells),21.2574,-157.7968,2023-10-01,2023-10-01T18:40:00.000Z,10,<,outgoing,0
93da8109-517c-4c35-bd73-578c1095f2f0,1165,South Oʻahu: Wailupe Beach Park,21.27607,-157.76163,2023-10-01,2023-10-01T18:40:00.000Z,51,=,outgoing,0
692ad759-7b5a-4c84-8d1f-e64e5aff7daf,780,North Oʻahu: Pūpūkea tidepools,21.649846,-158.062988,2023-10-01,2023-10-01T18:30:00.000Z,10,<,outgoing,0
80b43985-1a19-49f9-88bb-9c17bd1bbfef,861,South Oʻahu: Waialae Beach Park,21.26885,-157.77655,2023-10-01,2023-10-01T18:25:00.000Z,213,=,outgoing,1
c6652ade-7e1b-46dc-8f2f-919db51f986d,862,South Oʻahu: Kuliʻouʻou Stream,21.28369,-157.721654,2023-10-01,2023-10-01T18:15:00.000Z,135,=,outgoing,1
d1db853a-d6e3-461a-acba-d409ff424385,1164,East Oʻahu: Waiāhole Beach Park,21.483904,-157.844949,2023-10-01,2023-10-01T18:00:00.000Z,288,=,outgoing,1
758d8da5-838b-4a81-9de7-fe04304e8c28,8924,West Oʻahu: Kaupuni Stream,21.4487068,-158.1897632,2023-10-01,2023-10-01T18:00:00.000Z,86,=,outgoing,0
4501ed45-6bd8-4cf1-a7aa-e42675ec5bde,906,East Oʻahu: South Kaneohe Bay,21.4259,-157.7656,2023-10-01,2023-10-01T18:00:00.000Z,10,=,outgoing,0
6f8cc172-4c3e-4300-be0f-ce98a493c8eb,8916,West Oʻahu: Pōkaʻi Bay- Inside,21.4415602,-158.1907114,2023-10-01,2023-10-01T18:00:00.000Z,20,=,incoming,0
909e6bdd-cf35-48bd-966f-8c8553906b38,979,East Oʻahu: Hakipuʻu Boat Ramp,21.506487,-157.85131,2023-10-01,2023-10-01T18:00:00.000Z,1396,=,outgoing,1
6fc387bf-e07f-43f9-8f54-ee5f3a291d08,991,East Oʻahu: Kaimalino,21.425185,-157.740142,2023-10-01,2023-10-01T18:00:00.000Z,10,<,outgoing,0
4962353d-0199-4486-8493-0289dcdebb08,8953,Inoaole Stream ,21.351274,-157.70619,2023-10-01,2023-10-01T17:15:00.000Z,98,=,outgoing,0
1386b761-6235-44f4-9783-b786140f0b74,779,North Oʻahu: Chocolates,21.59493,-158.103673,2023-10-01,2023-10-01T17:15:00.000Z,556,=,outgoing,1
34186155-18ea-4b96-9b76-127945ff9233,1197,North Oʻahu: Kaiaka Bay,21.5902778,-158.1191667,2023-10-01,2023-10-01T17:08:00.000Z,10,<,outgoing,0
2e48477b-c22b-4e24-bbd1-b423f9d5af9a,8915,West Oʻahu: Pōkaʻi Bay- outside,21.4410874,-158.1908961,2023-10-01,2023-10-01T17:00:00.000Z,10,=,low,0
7a5a6b25-c6ee-4a3f-adac-c1c91b8daf64,1195,North Oʻahu: Kahaone Place,21.58323,-158.1247,2023-10-01,2023-10-01T17:00:00.000Z,10,<,outgoing,0
31ce23ee-dbb7-45b3-89cb-78dba306dd86,8894,East Oʻahu: Kailua Beach Park,21.397806,-157.726,2023-10-01,2023-10-01T17:00:00.000Z,31,=,outgoing,0
c1e40b3f-e062-493b-ac07-6c00ea0e93cb,981,South Oʻahu: Kaʻalāwai (Black Point-East),21.259798,-157.789825,2023-10-01,2023-10-01T16:50:00.000Z,10,<,outgoing,0
2cdf34c2-a609-407f-9f7d-6c94c9e440c5,1196,East Oʻahu: Heʻeia Stream,21.44035,-157.809708,2023-10-01,2023-10-01T16:30:00.000Z,195,=,outgoing,1
73ddba02-9fba-4e2d-aa36-a9df954634ab,777,East Oʻahu: Kahaluʻu Beach,21.46011,-157.839571,2023-10-01,2023-10-01T16:25:00.000Z,801,=,outgoing,1
9f62f63c-0b3d-4c54-be59-845456ce5a41,777,East Oʻahu: Kahaluʻu Beach,21.46011,-157.839571,2023-10-01,2023-10-01T16:25:00.000Z,1354,=,outgoing,1
cf875bc7-6def-4cd5-82b8-4be6510450fd,776,South Oʻahu: Kaʻalāwai (Black Point/Cromwells),21.2574,-157.7968,2023-09-17,2023-09-17T18:50:00.000Z,10,<,outgoing,0
40f601e5-5732-4b54-9841-c1593efca84c,1165,South Oʻahu: Wailupe Beach Park,21.27607,-157.76163,2023-09-17,2023-09-17T18:40:00.000Z,10,<,outgoing,0
3cc8a5ca-940c-4a66-9428-76aa278190eb,1164,East Oʻahu: Waiāhole Beach Park,21.483904,-157.844949,2023-09-17,2023-09-17T18:40:00.000Z,309,=,outgoing,1
38d36be5-0f22-4321-a469-03eedbc0e0b3,861,South Oʻahu: Waialae Beach Park,21.26885,-157.77655,2023-09-17,2023-09-17T18:35:00.000Z,10,<,outgoing,0
4a61751c-40b5-4066-9791-8d8719b00840,8915,West Oʻahu: Pōkaʻi Bay- outside,21.4410874,-158.1908961,2023-09-17,2023-09-17T18:27:00.000Z,10,<,outgoing,0
c311bedb-1077-416c-8a44-3549f10d2405,862,South Oʻahu: Kuliʻouʻou Stream,21.28369,-157.721654,2023-09-17,2023-09-17T18:15:00.000Z,63,=,outgoing,0
af1f3374-4800-479e-8a90-594a9abdd8e8,8916,West Oʻahu: Pōkaʻi Bay- Inside,21.4415602,-158.1907114,2023-09-17,2023-09-17T18:09:00.000Z,10,<,outgoing,0
aad6135d-14a8-44a2-81dc-0b3d68319227,991,East Oʻahu: Kaimalino,21.425185,-157.740142,2023-09-17,2023-09-17T18:00:00.000Z,10,<,outgoing,0
0af7393e-5ae6-4f70-92d1-e7369250622e,8953,Inoaole Stream ,21.351274,-157.70619,2023-09-17,2023-09-17T17:50:00.000Z,51,=,outgoing,0
7e990c13-7994-4584-bf51-7bb19714f3d5,8924,West Oʻahu: Kaupuni Stream,21.4487068,-158.1897632,2023-09-17,2023-09-17T17:23:00.000Z,74,=,outgoing,0
d60e8f36-0480-43cb-a184-8bd4df76c03a,8894,East Oʻahu: Kailua Beach Park,21.397806,-157.726,2023-09-17,2023-09-17T17:00:00.000Z,10,=,outgoing,0
73b48de1-8bf3-4c34-a29a-df9806e9a09a,979,East Oʻahu: Hakipuʻu Boat Ramp,21.506487,-157.85131,2023-09-17,2023-09-17T16:48:00.000Z,473,=,outgoing,1
023036b9-9caf-49b9-bec5-82870f840d6f,906,East Oʻahu: South Kaneohe Bay,21.4259,-157.7656,2023-09-17,2023-09-17T16:42:00.000Z,201,=,outgoing,1
9c3a5eb6-1639-4521-8002-527b5e21d7e8,1196,East Oʻahu: Heʻeia Stream,21.44035,-157.809708,2023-09-17,2023-09-17T16:30:00.000Z,134,=,outgoing,1
5c369b5d-d330-43f9-bdb6-1a8252d0ecf5,777,East Oʻahu: Kahaluʻu Beach,21.46011,-157.839571,2023-09-17,2023-09-17T16:25:00.000Z,11190,=,outgoing,1
9684f300-5843-4dcf-9a0a-5aac0b43bc70,777,East Oʻahu: Kahaluʻu Beach,21.46011,-157.839571,2023-09-17,2023-09-17T16:25:00.000Z,10710,=,outgoing,1
86126bcd-0148-48ff-b596-2a395729d8d8,858,South Oʻahu: Magic Island Bowls,21.282953,-157.845657,2023-09-03,2023-09-03T19:15:00.000Z,10,<,outgoing,0
da81f74f-2ca0-4b2b-96d2-84d229776fb5,859,South Oʻahu: Magic Island Canoe Launch,21.28777,-157.844116,2023-09-03,2023-09-03T19:00:00.000Z,10,=,outgoing,0
282d7608-320e-44ed-993f-0c9c06594a44,1195,North Oʻahu: Kahaone Place,21.58323,-158.1247,2023-09-03,2023-09-03T18:50:00.000Z,10,<,incoming,0
92d2f78a-df0d-405e-8b3d-2b09d9cf6c98,776,South Oʻahu: Kaʻalāwai (Black Point/Cromwells),21.2574,-157.7968,2023-09-03,2023-09-03T18:50:00.000Z,10,<,outgoing,0
c90ba391-f9c6-467d-9056-9f223a1925d4,1197,North Oʻahu: Kaiaka Bay,21.5902778,-158.1191667,2023-09-03,2023-09-03T18:40:00.000Z,10,<,incoming,0
1859155c-55ca-4928-a3e4-51ed78307033,1165,South Oʻahu: Wailupe Beach Park,21.27607,-157.76163,2023-09-03,2023-09-03T18:40:00.000Z,10,<,outgoing,0
2ac1991b-4959-46ce-afa9-a4607f1e34f1,861,South Oʻahu: Waialae Beach Park,21.26885,-157.77655,2023-09-03,2023-09-03T18:35:00.000Z,10,<,outgoing,0
fca80098-e321-4802-9521-a1042050bfd3,1164,East Oʻahu: Waiāhole Beach Park,21.483904,-157.844949,2023-09-03,2023-09-03T18:25:00.000Z,546,=,outgoing,1
a62c74f5-d107-4e85-b031-25cbb5fe71e7,981,South Oʻahu: Kaʻalāwai (Black Point-East),21.259798,-157.789825,2023-09-03,2023-09-03T18:10:00.000Z,10,<,outgoing,0
aac53b35-ebb6-4711-9166-84ed39bb3179,780,North Oʻahu: Pūpūkea tidepools,21.649846,-158.062988,2023-09-03,2023-09-03T18:05:00.000Z,20,=,incoming,0
54aa8e72-1098-4566-b35c-7193acc417d1,862,South Oʻahu: Kuliʻouʻou Stream,21.28369,-157.721654,2023-09-03,2023-09-03T18:05:00.000Z,189,=,outgoing,1
e0c26e0c-f715-4a44-8621-8de07367e9f6,779,North Oʻahu: Chocolates,21.59493,-158.103673,2023-09-03,2023-09-03T18:00:00.000Z,175,=,incoming,1
57a0687b-dc67-428e-8ec9-fcf7dafd27dd,8916,West Oʻahu: Pōkaʻi Bay- Inside,21.4415602,-158.1907114,2023-09-03,2023-09-03T17:40:00.000Z,10,<,incoming,0
bb42ab64-7533-4e6c-a305-0c0b82d508be,8915,West Oʻahu: Pōkaʻi Bay- outside,21.4410874,-158.1908961,2023-09-03,2023-09-03T17:35:00.000Z,171,=,incoming,1
b146a40a-3633-4607-9513-3d35870c4d45,8953,Inoaole Stream ,21.351274,-157.70619,2023-09-03,2023-09-03T17:25:00.000Z,20,=,outgoing,0
5708b234-188a-4c24-959e-853f72fd2a47,8924,West Oʻahu: Kaupuni Stream,21.4487068,-158.1897632,2023-09-03,2023-09-03T17:25:00.000Z,20,=,incoming,0
b7451558-2fd1-437d-ab27-45cbaeb27640,979,East Oʻahu: Hakipuʻu Boat Ramp,21.506487,-157.85131,2023-09-03,2023-09-03T17:00:00.000Z,20,=,outgoing,0
d8694af3-3bb0-452b-976d-4c71ab692a0a,991,East Oʻahu: Kaimalino,21.425185,-157.740142,2023-09-03,2023-09-03T17:00:00.000Z,10,<,outgoing,0
6b8f72f5-ece6-4812-8fee-5e0bec4e6345,8894,East Oʻahu: Kailua Beach Park,21.397806,-157.726,2023-09-03,2023-09-03T17:00:00.000Z,10,<,outgoing,0
95cdc238-8b06-4f38-937c-21a4d4725142,1196,East Oʻahu: Heʻeia Stream,21.44035,-157.809708,2023-09-03,2023-09-03T16:30:00.000Z,41,=,outgoing,0
ddd53811-4c80-4c76-9e63-9e6ee0df3782,777,East Oʻahu: Kahaluʻu Beach,21.46011,-157.839571,2023-09-03,2023-09-03T16:20:00.000Z,171,=,outgoing,1
79d537f6-d889-4a5f-885a-12a266f1b1aa,906,East Oʻahu: South Kaneohe Bay,21.4259,-157.7656,2023-09-03,2023-09-03T15:55:00.000Z,20,=,outgoing,0
e44b62c3-8673-461d-8d41-cd0f17b94164,1164,East Oʻahu: Waiāhole Beach Park,21.483904,-157.844949,2023-08-20,2023-08-20T19:30:00.000Z,789,=,outgoing,1
a4e2df03-193c-458b-82f9-454a6a9a21ca,858,South Oʻahu: Magic Island Bowls,21.282953,-157.845657,2023-08-20,2023-08-20T19:15:00.000Z,10,<,outgoing,0
6e13c701-9354-430a-a3dd-0d63c9fe211f,1195,North Oʻahu: Kahaone Place,21.58323,-158.1247,2023-08-20,2023-08-20T19:15:00.000Z,10,=,outgoing,0
e54f46ab-c0aa-44cf-9c59-74246bb33414,859,South Oʻahu: Magic Island Canoe Launch,21.28777,-157.844116,2023-08-20,2023-08-20T19:00:00.000Z,10,=,outgoing,0
743fa28c-9d92-417d-899b-16420b99cd6b,1197,North Oʻahu: Kaiaka Bay,21.5902778,-158.1191667,2023-08-20,2023-08-20T19:00:00.000Z,10,<,outgoing,0
0ad0cdbe-7083-4210-acb8-920455e7d783,776,South Oʻahu: Kaʻalāwai (Black Point/Cromwells),21.2574,-157.7968,2023-08-20,2023-08-20T18:50:00.000Z,10,=,outgoing,0
ab2f28f4-7e10-462f-88fe-8fdf572e7b99,779,North Oʻahu: Chocolates,21.59493,-158.103673,2023-08-20,2023-08-20T18:45:00.000Z,75,=,outgoing,0
3437f858-ead6-444b-b5d9-ff9803c9b6db,981,South Oʻahu: Kaʻalāwai (Black Point-East),21.259798,-157.789825,2023-08-20,2023-08-20T18:45:00.000Z,10,<,outgoing,0
b73e77a6-ec6b-4cb9-8841-521a18e92d7f,8924,West Oʻahu: Kaupuni Stream,21.4487068,-158.1897632,2023-08-20,2023-08-20T18:45:00.000Z,52,=,outgoing,0
2c6a364c-fe95-4415-bd25-6e60532835c2,862,South Oʻahu: Kuliʻouʻou Stream,21.28369,-157.721654,2023-08-20,2023-08-20T18:45:00.000Z,624,=,outgoing,1
c65b6292-a54f-44f2-b1ab-0aa4cdf84763,1165,South Oʻahu: Wailupe Beach Park,21.27607,-157.76163,2023-08-20,2023-08-20T18:40:00.000Z,10,=,outgoing,0
87dbd588-7c1f-400d-bc15-fc60f494b8b7,861,South Oʻahu: Waialae Beach Park,21.26885,-157.77655,2023-08-20,2023-08-20T18:35:00.000Z,10,<,outgoing,0
843f746b-f70e-4b4f-8ce7-9a2a52e234bc,8953,Inoaole Stream ,21.351274,-157.70619,2023-08-20,2023-08-20T18:20:00.000Z,41,=,outgoing,0
bbd420b2-f731-4e8e-8f2c-7cd4150a15cd,780,North Oʻahu: Pūpūkea tidepools,21.649846,-158.062988,2023-08-20,2023-08-20T18:00:00.000Z,10,<,outgoing,0
2742307d-234e-47ed-bff6-1ae5de3a56cb,8915,West Oʻahu: Pōkaʻi Bay- outside,21.4410874,-158.1908961,2023-08-20,2023-08-20T17:40:00.000Z,10,<,outgoing,0
900ce411-3464-490c-bcfc-efe91dcfbde8,8916,West Oʻahu: Pōkaʻi Bay- Inside,21.4415602,-158.1907114,2023-08-20,2023-08-20T17:30:00.000Z,10,=,outgoing,0
2bc9868e-b956-49f2-b6b8-8f2b26bb8b56,8894,East Oʻahu: Kailua Beach Park,21.397806,-157.726,2023-08-20,2023-08-20T17:00:00.000Z,10,<,outgoing,0
9b03db54-cb3d-4a47-ad21-cdb66ae389b5,991,East Oʻahu: Kaimalino,21.425185,-157.740142,2023-08-20,2023-08-20T17:00:00.000Z,20,=,outgoing,0
a683648f-2b1d-409e-9995-cd1e2164dc09,979,East Oʻahu: Hakipuʻu Boat Ramp,21.506487,-157.85131,2023-08-20,2023-08-20T17:00:00.000Z,130,=,outgoing,0
8632287f-263e-4ea7-ac62-30f23e96b1cd,1196,East Oʻahu: Heʻeia Stream,21.44035,-157.809708,2023-08-20,2023-08-20T16:40:00.000Z,121,=,outgoing,0
69e515e7-4d47-41d2-b91e-89c386a5215e,777,East Oʻahu: Kahaluʻu Beach,21.46011,-157.839571,2023-08-20,2023-08-20T16:20:00.000Z,173,=,outgoing,1
4e2372ce-a8dc-48fb-af83-6edd5c896499,906,East Oʻahu: South Kaneohe Bay,21.4259,-157.7656,2023-08-20,2023-08-20T16:00:00.000Z,31,=,outgoing,0
cdf340e4-cad1-45c6-8c33-f76761b19554,858,South Oʻahu: Magic Island Bowls,21.282953,-157.845657,2023-08-06,2023-08-06T19:15:00.000Z,10,<,outgoing,0
0c96f922-0395-444e-a49a-bdf3304c3f24,1195,North Oʻahu: Kahaone Place,21.58323,-158.1247,2023-08-06,2023-08-06T19:00:00.000Z,10,<,outgoing,0
413aaecb-8684-41f7-8552-ad3057f2c87c,859,South Oʻahu: Magic Island Canoe Launch,21.28777,-157.844116,2023-08-06,2023-08-06T19:00:00.000Z,20,=,outgoing,0
6691080b-30e1-4fb9-aa1d-b5da29515dc0,1165,South Oʻahu: Wailupe Beach Park,21.27607,-157.76163,2023-08-06,2023-08-06T18:50:00.000Z,10,=,outgoing,0
2840427a-6e28-42b7-9f57-e894c896702d,1197,North Oʻahu: Kaiaka Bay,21.5902778,-158.1191667,2023-08-06,2023-08-06T18:45:00.000Z,60,=,outgoing,0
9b808cdf-13f2-4e38-8509-c2919be1cb5a,776,South Oʻahu: Kaʻalāwai (Black Point/Cromwells),21.2574,-157.7968,2023-08-06,2023-08-06T18:40:00.000Z,10,<,outgoing,0
6a7b9403-a9f0-49d7-acdd-39beb12405b2,779,North Oʻahu: Chocolates,21.59493,-158.103673,2023-08-06,2023-08-06T18:30:00.000Z,740,=,outgoing,1
83454b5c-43d2-48bc-838c-d01104a63925,861,South Oʻahu: Waialae Beach Park,21.26885,-157.77655,2023-08-06,2023-08-06T18:25:00.000Z,10,<,outgoing,0
4f1ac9f2-2cea-4077-b15e-7242a80f37a7,1164,East Oʻahu: Waiāhole Beach Park,21.483904,-157.844949,2023-08-06,2023-08-06T18:20:00.000Z,187,=,outgoing,1
9140bebd-d59f-44c9-982e-335e117bcb6c,862,South Oʻahu: Kuliʻouʻou Stream,21.28369,-157.721654,2023-08-06,2023-08-06T18:20:00.000Z,473,=,outgoing,1
605b9ac5-0c29-44a9-aa0b-4a3615ae462b,780,North Oʻahu: Pūpūkea tidepools,21.649846,-158.062988,2023-08-06,2023-08-06T18:10:00.000Z,10,<,outgoing,0
8cd0b245-f3ab-4629-9992-eda9b8bc4fb9,8916,West Oʻahu: Pōkaʻi Bay- Inside,21.4415602,-158.1907114,2023-08-06,2023-08-06T18:02:00.000Z,20,=,incoming,0
315a718a-e04c-49d2-801b-a4074ff8c4e7,8915,West Oʻahu: Pōkaʻi Bay- outside,21.4410874,-158.1908961,2023-08-06,2023-08-06T17:59:00.000Z,10,<,incoming,0
c3b3f9b8-af57-4ad1-9e1e-64ea3ef9c989,8924,West Oʻahu: Kaupuni Stream,21.4487068,-158.1897632,2023-08-06,2023-08-06T17:49:00.000Z,41,=,incoming,0
2eecd487-84c1-4d86-97fb-e91f0a986dfc,8953,Inoaole Stream ,21.351274,-157.70619,2023-08-06,2023-08-06T17:15:00.000Z,10,=,outgoing,0
7a0c31d9-c2c0-40fb-9e31-f0d4da8f6762,981,South Oʻahu: Kaʻalāwai (Black Point-East),21.259798,-157.789825,2023-08-06,2023-08-06T17:15:00.000Z,10,=,incoming,0
8b00ae67-85bd-496c-94fa-8eb91bfe2360,8894,East Oʻahu: Kailua Beach Park,21.397806,-157.726,2023-08-06,2023-08-06T17:00:00.000Z,10,<,incoming,0
249c932e-6f62-4054-b553-bc3e80a82808,991,East Oʻahu: Kaimalino,21.425185,-157.740142,2023-08-06,2023-08-06T17:00:00.000Z,10,=,incoming,0
da60a7e4-03c0-4f14-ae98-ece257f4c648,979,East Oʻahu: Hakipuʻu Boat Ramp,21.506487,-157.85131,2023-08-06,2023-08-06T16:50:00.000Z,122,=,incoming,0
1a0cd4ad-7ba3-4c9e-9332-69e77c6daaf1,1196,East Oʻahu: Heʻeia Stream,21.44035,-157.809708,2023-08-06,2023-08-06T16:30:00.000Z,118,=,outgoing,0
a159fd9f-7e44-42b8-a7d7-11670ee9e149,777,East Oʻahu: Kahaluʻu Beach,21.46011,-157.839571,2023-08-06,2023-08-06T16:20:00.000Z,109,=,incoming,0
71a0e7d5-8b13-49d9-86ec-3446770f16a8,906,East Oʻahu: South Kaneohe Bay,21.4259,-157.7656,2023-08-06,2023-08-06T16:04:00.000Z,10,=,incoming,0
d0b2f8e1-119b-4a0c-bf04-a1300e60906e,858,South Oʻahu: Magic Island Bowls,21.282953,-157.845657,2023-07-23,2023-07-23T19:15:00.000Z,20,=,outgoing,0
e2d74fae-8035-43c4-9cc1-56f4db9fa8ce,906,East Oʻahu: South Kaneohe Bay,21.4259,-157.7656,2023-07-23,2023-07-23T19:00:00.000Z,295,=,outgoing,1
1e02edb8-0951-467e-8497-2fcef281c6dc,779,North Oʻahu: Chocolates,21.59493,-158.103673,2023-07-23,2023-07-23T18:45:00.000Z,816,=,outgoing,1
202a105c-dac6-4f02-98fb-e3c6feb8a153,1164,East Oʻahu: Waiāhole Beach Park,21.483904,-157.844949,2023-07-23,2023-07-23T18:45:00.000Z,657,=,outgoing,1
6ec2b70b-de52-48fe-b2e8-4890ba9f8985,776,South Oʻahu: Kaʻalāwai (Black Point/Cromwells),21.2574,-157.7968,2023-07-23,2023-07-23T18:40:00.000Z,52,=,outgoing,0
71091786-402b-4c55-ba24-cf6095bef604,861,South Oʻahu: Waialae Beach Park,21.26885,-157.77655,2023-07-23,2023-07-23T18:25:00.000Z,10,<,outgoing,0
ff2955e1-6dde-4f98-aee4-b831adeb9180,780,North Oʻahu: Pūpūkea tidepools,21.649846,-158.062988,2023-07-23,2023-07-23T18:05:00.000Z,10,<,incoming,0
2dd511ed-0c6d-4ca0-951f-1c8848a1fceb,1197,North Oʻahu: Kaiaka Bay,21.5902778,-158.1191667,2023-07-23,2023-07-23T18:05:00.000Z,52,=,outgoing,0
c5b819f3-80bd-4132-b3d6-c14075c100e8,1165,South Oʻahu: Wailupe Beach Park,21.27607,-157.76163,2023-07-23,2023-07-23T18:00:00.000Z,10,<,outgoing,0
477da719-f3de-4d8b-b91b-edccc9fd21fc,862,South Oʻahu: Kuliʻouʻou Stream,21.28369,-157.721654,2023-07-23,2023-07-23T18:00:00.000Z,24196,>,high,1
8e75f439-0bc8-4690-8a67-9a8efae78498,8953,Inoaole Stream ,21.351274,-157.70619,2023-07-23,2023-07-23T18:00:00.000Z,384,=,outgoing,1
0db0f256-6080-40f0-a2a4-2e891eda4e61,859,South Oʻahu: Magic Island Canoe Launch,21.28777,-157.844116,2023-07-23,2023-07-23T18:00:00.000Z,97,=,outgoing,0
69b02ebf-1eee-4fe9-9c12-b11c358682b8,1195,North Oʻahu: Kahaone Place,21.58323,-158.1247,2023-07-23,2023-07-23T17:55:00.000Z,10,<,outgoing,0
46b4e7e3-c20b-4f8b-8998-8db3e2bffd0c,981,South Oʻahu: Kaʻalāwai (Black Point-East),21.259798,-157.789825,2023-07-23,2023-07-23T17:15:00.000Z,4786,=,incoming,1
79432c2a-3b25-435c-bd0b-56ae68557a2c,991,East Oʻahu: Kaimalino,21.425185,-157.740142,2023-07-23,2023-07-23T17:00:00.000Z,90,=,incoming,0
8af399ed-580f-49aa-b9ef-d6987c251f92,8894,East Oʻahu: Kailua Beach Park,21.397806,-157.726,2023-07-23,2023-07-23T16:43:00.000Z,10,<,incoming,0
28938d71-7237-4852-9c82-cb3cdc941aa0,979,East Oʻahu: Hakipuʻu Boat Ramp,21.506487,-157.85131,2023-07-23,2023-07-23T16:43:00.000Z,1439,=,outgoing,1
5da46811-4e37-42c1-ab05-1e1e8dd9ef81,1196,East Oʻahu: Heʻeia Stream,21.44035,-157.809708,2023-07-23,2023-07-23T16:30:00.000Z,842,=,outgoing,1
5876d32e-2f23-4446-99f4-4df7bbc34ff3,777,East Oʻahu: Kahaluʻu Beach,21.46011,-157.839571,2023-07-23,2023-07-23T16:26:00.000Z,5475,=,outgoing,1
8118fcdb-673f-4d44-9b00-49831893a17c,777,East Oʻahu: Kahaluʻu Beach,21.46011,-157.839571,2023-07-23,2023-07-23T16:26:00.000Z,3654,=,outgoing,1
291fe09a-a55b-4adf-8ed4-5371d3a03f6c,858,South Oʻahu: Magic Island Bowls,21.282953,-157.845657,2023-07-09,2023-07-09T19:15:00.000Z,10,=,incoming,0
85d3e28e-d2cd-42d4-a3c6-309d3a4c1299,979,East Oʻahu: Hakipuʻu Boat Ramp,21.506487,-157.85131,2023-07-09,2023-07-09T19:00:00.000Z,166,=,incoming,1
3f49e753-f4ab-41a5-846d-c7a23b836eb0,779,North Oʻahu: Chocolates,21.59493,-158.103673,2023-07-09,2023-07-09T19:00:00.000Z,173,=,incoming,1
20647470-605e-4675-a144-cf8f531b7a3b,859,South Oʻahu: Magic Island Canoe Launch,21.28777,-157.844116,2023-07-09,2023-07-09T19:00:00.000Z,10,<,incoming,0
1237d60b-7d29-4c95-ac5a-fab3916615be,1164,East Oʻahu: Waiāhole Beach Park,21.483904,-157.844949,2023-07-09,2023-07-09T18:45:00.000Z,20,=,incoming,0
103da8c3-52f0-4274-a61e-13024b601076,776,South Oʻahu: Kaʻalāwai (Black Point/Cromwells),21.2574,-157.7968,2023-07-09,2023-07-09T18:45:00.000Z,10,<,incoming,0
617b6a79-6157-4926-9993-5776c2ad3177,906,East Oʻahu: South Kaneohe Bay,21.4259,-157.7656,2023-07-09,2023-07-09T18:45:00.000Z,10,<,outgoing,0
635d3922-31d8-411d-884c-3a8fe3c31f8c,1165,South Oʻahu: Wailupe Beach Park,21.27607,-157.76163,2023-07-09,2023-07-09T18:40:00.000Z,20,=,incoming,0
f25773ea-f4b9-4850-9be0-7bb4293a0d8b,861,South Oʻahu: Waialae Beach Park,21.26885,-157.77655,2023-07-09,2023-07-09T18:35:00.000Z,10,<,incoming,0
41c62572-a7bc-4d04-be25-79498ae41463,1197,North Oʻahu: Kaiaka Bay,21.5902778,-158.1191667,2023-07-09,2023-07-09T18:07:00.000Z,10,=,incoming,0
2505f8e6-8207-47b8-8b3e-2182ea02fc68,862,South Oʻahu: Kuliʻouʻou Stream,21.28369,-157.721654,2023-07-09,2023-07-09T18:00:00.000Z,497,=,incoming,1
544b7341-3216-416e-b19f-ef14703edd1b,780,North Oʻahu: Pūpūkea tidepools,21.649846,-158.062988,2023-07-09,2023-07-09T18:00:00.000Z,10,<,incoming,0
31b827ab-102e-4b43-859b-4d440f9e98a0,1195,North Oʻahu: Kahaone Place,21.58323,-158.1247,2023-07-09,2023-07-09T17:50:00.000Z,10,=,incoming,0
a8803b10-c6db-483f-bfc7-fb1d0e511156,8916,West Oʻahu: Pōkaʻi Bay- Inside,21.4415602,-158.1907114,2023-07-09,2023-07-09T17:32:00.000Z,10,<,outgoing,0
bf263501-8be9-4819-8d2e-ea308b1746c7,8915,West Oʻahu: Pōkaʻi Bay- outside,21.4410874,-158.1908961,2023-07-09,2023-07-09T17:28:00.000Z,10,<,outgoing,0
e819826c-4045-45e7-b171-930a1bff5171,981,South Oʻahu: Kaʻalāwai (Black Point-East),21.259798,-157.789825,2023-07-09,2023-07-09T17:20:00.000Z,10,<,incoming,0
71e85052-8cde-465e-983a-5e78d68709d3,8924,West Oʻahu: Kaupuni Stream,21.4487068,-158.1897632,2023-07-09,2023-07-09T17:17:00.000Z,75,=,outgoing,0
5790ba90-740b-40ca-9477-5fa328f2917b,8953,Inoaole Stream ,21.351274,-157.70619,2023-07-09,2023-07-09T17:15:00.000Z,31,=,incoming,0
a034f8c7-81f8-4e43-904e-a3637adb4e10,8894,East Oʻahu: Kailua Beach Park,21.397806,-157.726,2023-07-09,2023-07-09T17:00:00.000Z,10,<,incoming,0
a15b438b-c85d-461b-9925-f972e13e1bad,777,East Oʻahu: Kahaluʻu Beach,21.46011,-157.839571,2023-07-09,2023-07-09T16:27:00.000Z,1785,=,incoming,1
df81a321-baf8-4111-944a-c555a81ceb19,991,East Oʻahu: Kaimalino,21.425185,-157.740142,2023-07-09,2023-07-09T16:00:00.000Z,20,=,outgoing,0
2a349b4c-4160-4db7-969b-3b5d64647e22,779,North Oʻahu: Chocolates,21.59493,-158.103673,2023-06-25,2023-06-25T20:00:00.000Z,52,=,incoming,0
9efef0ad-cc98-46ca-99d7-8f1cefa102a9,858,South Oʻahu: Magic Island Bowls,21.282953,-157.845657,2023-06-25,2023-06-25T19:30:00.000Z,41,=,incoming,0
a018e08c-1270-46ad-8d42-bd4eaf79780b,859,South Oʻahu: Magic Island Canoe Launch,21.28777,-157.844116,2023-06-25,2023-06-25T19:15:00.000Z,10,=,incoming,0
5a41e723-094a-4096-bc0a-9262d5e602a3,991,East Oʻahu: Kaimalino,21.425185,-157.740142,2023-06-25,2023-06-25T19:00:00.000Z,10,<,incoming,0
8e4855f4-ff27-4f75-8008-d1262a544e08,8924,West Oʻahu: Kaupuni Stream,21.4487068,-158.1897632,2023-06-25,2023-06-25T18:45:00.000Z,121,=,outgoing,0
1ca15bf6-2ffe-4d0e-8938-517877420b4e,776,South Oʻahu: Kaʻalāwai (Black Point/Cromwells),21.2574,-157.7968,2023-06-25,2023-06-25T18:45:00.000Z,20,=,incoming,0
eaaffb4c-7209-4ae4-b60c-3a219d15c321,8915,West Oʻahu: Pōkaʻi Bay- outside,21.4410874,-158.1908961,2023-06-25,2023-06-25T18:40:00.000Z,10,<,outgoing,0
2fe341e0-90f1-4e92-a22e-db0536bcd3d4,8916,West Oʻahu: Pōkaʻi Bay- Inside,21.4415602,-158.1907114,2023-06-25,2023-06-25T18:40:00.000Z,10,<,outgoing,0
a1e19733-a885-4f90-95d7-370efce5f4ab,1165,South Oʻahu: Wailupe Beach Park,21.27607,-157.76163,2023-06-25,2023-06-25T18:40:00.000Z,10,<,incoming,0
2abac253-07d1-406e-a605-c62cb3bc8715,981,South Oʻahu: Kaʻalāwai (Black Point-East),21.259798,-157.789825,2023-06-25,2023-06-25T18:30:00.000Z,10,<,incoming,0
7ecd4947-ea19-4260-b413-58b91cfde443,861,South Oʻahu: Waialae Beach Park,21.26885,-157.77655,2023-06-25,2023-06-25T18:20:00.000Z,10,<,incoming,0
e5c9da6b-4dea-4502-a8ff-879e53cf5e77,862,South Oʻahu: Kuliʻouʻou Stream,21.28369,-157.721654,2023-06-25,2023-06-25T18:10:00.000Z,984,=,incoming,1
5957ae53-fda7-42a5-bb37-99e0906def89,1197,North Oʻahu: Kaiaka Bay,21.5902778,-158.1191667,2023-06-25,2023-06-25T18:02:00.000Z,10,<,incoming,0
6ee74091-f05d-4e42-832a-8b83d9af1013,8965,Iroquois Point - Kapilina,21.320556,-157.972778,2023-06-25,2023-06-25T18:00:00.000Z,10,<,incoming,0
3cfb4562-afcc-442e-aad5-559f7a7515bf,780,North Oʻahu: Pūpūkea tidepools,21.649846,-158.062988,2023-06-25,2023-06-25T18:00:00.000Z,10,<,incoming,0
c58cc98f-f426-416d-84db-379f914d1d15,1195,North Oʻahu: Kahaone Place,21.58323,-158.1247,2023-06-25,2023-06-25T17:50:00.000Z,10,<,incoming,0
68b1a51c-3e3b-4337-812a-e06651ea6f3b,8894,East Oʻahu: Kailua Beach Park,21.397806,-157.726,2023-06-25,2023-06-25T17:00:00.000Z,10,<,incoming,0
c2db49dd-6d63-4477-a28c-7f222cc19280,8953,Inoaole Stream ,21.351274,-157.70619,2023-06-25,2023-06-25T17:00:00.000Z,487,=,incoming,1
2db23750-17c8-4fe2-a221-f62505f0cd3b,979,East Oʻahu: Hakipuʻu Boat Ramp,21.506487,-157.85131,2023-06-25,2023-06-25T16:42:00.000Z,132,=,incoming,1
bd3365df-e77b-4fcf-a265-f986ad4d5c15,777,East Oʻahu: Kahaluʻu Beach,21.46011,-157.839571,2023-06-25,2023-06-25T16:36:00.000Z,959,=,incoming,1
af4c4dce-e47b-4a07-b72e-569454020985,906,East Oʻahu: South Kaneohe Bay,21.4259,-157.7656,2023-06-25,2023-06-25T16:10:00.000Z,10,=,outgoing,0
ebd57972-a163-4b83-906d-589b07a5d794,859,South Oʻahu: Magic Island Canoe Launch,21.28777,-157.844116,2023-06-11,2023-06-11T20:00:00.000Z,10,=,incoming,0
fe8689fe-8ce2-4cad-af92-a45d6cd0b48f,858,South Oʻahu: Magic Island Bowls,21.282953,-157.845657,2023-06-11,2023-06-11T19:40:00.000Z,10,=,incoming,0
cbbc4ea4-4252-42ed-bee8-58c818c2a05a,861,South Oʻahu: Waialae Beach Park,21.26885,-157.77655,2023-06-11,2023-06-11T18:45:00.000Z,10,<,incoming,0
41badbae-cf1a-4120-ac9a-c0db59d187f5,8924,West Oʻahu: Kaupuni Stream,21.4487068,-158.1897632,2023-06-11,2023-06-11T18:43:00.000Z,228,=,incoming,1
bbcd7b22-c185-4bb9-bb6a-88fb7c73f81d,779,North Oʻahu: Chocolates,21.59493,-158.103673,2023-06-11,2023-06-11T18:40:00.000Z,20,=,incoming,0
394f650d-a756-44a3-9274-404a05048336,1165,South Oʻahu: Wailupe Beach Park,21.27607,-157.76163,2023-06-11,2023-06-11T18:40:00.000Z,31,=,incoming,0
c74d1352-dcac-4939-9474-df51ff782b64,8916,West Oʻahu: Pōkaʻi Bay- Inside,21.4415602,-158.1907114,2023-06-11,2023-06-11T18:29:00.000Z,10,<,incoming,0
8bb571bc-8771-47ae-aa9f-fd658d2530bb,981,South Oʻahu: Kaʻalāwai (Black Point-East),21.259798,-157.789825,2023-06-11,2023-06-11T18:25:00.000Z,10,=,incoming,0
72bb11a4-ab5e-4584-afa6-06339c8725b2,8915,West Oʻahu: Pōkaʻi Bay- outside,21.4410874,-158.1908961,2023-06-11,2023-06-11T18:23:00.000Z,10,<,incoming,0
78b44d9b-6629-49d3-b553-653540236905,1197,North Oʻahu: Kaiaka Bay,21.5902778,-158.1191667,2023-06-11,2023-06-11T18:10:00.000Z,119,=,incoming,0
ca10fa14-5add-42a0-af30-11982c5d522f,862,South Oʻahu: Kuliʻouʻou Stream,21.28369,-157.721654,2023-06-11,2023-06-11T18:00:00.000Z,185,=,incoming,1
c11b286a-1ae4-4bdd-9f9d-807f194f0b2a,780,North Oʻahu: Pūpūkea tidepools,21.649846,-158.062988,2023-06-11,2023-06-11T18:00:00.000Z,10,=,incoming,0
6a45b0b4-c2cc-4ece-af5c-2398890b0d1e,1195,North Oʻahu: Kahaone Place,21.58323,-158.1247,2023-06-11,2023-06-11T17:56:00.000Z,20,=,incoming,0
f0dcb039-1c8b-49b2-89ec-2feae6439ee9,8965,Iroquois Point - Kapilina,21.320556,-157.972778,2023-06-11,2023-06-11T17:30:00.000Z,10,<,incoming,0
681072fb-9258-44d7-8bd3-dd3cfb7b9817,8894,East Oʻahu: Kailua Beach Park,21.397806,-157.726,2023-06-11,2023-06-11T17:00:00.000Z,10,<,incoming,0
3e300c89-302c-4d1e-ae4f-cf1b4abccc82,991,East Oʻahu: Kaimalino,21.425185,-157.740142,2023-06-11,2023-06-11T17:00:00.000Z,10,<,incoming,0
caf2d1e5-7f9c-4138-a1af-cdfafa9db680,1196,East Oʻahu: Heʻeia Stream,21.44035,-157.809708,2023-06-11,2023-06-11T16:30:00.000Z,146,=,incoming,1
fdde939f-221b-4483-8ddc-6d3415577aa1,979,East Oʻahu: Hakipuʻu Boat Ramp,21.506487,-157.85131,2023-06-11,2023-06-11T16:29:00.000Z,384,=,incoming,1
475a521e-1745-4a2d-b677-cdb520f16b28,777,East Oʻahu: Kahaluʻu Beach,21.46011,-157.839571,2023-06-11,2023-06-11T16:22:00.000Z,784,=,incoming,1
6561db54-5acc-4cd3-8bdf-bbc827780938,906,East Oʻahu: South Kaneohe Bay,21.4259,-157.7656,2023-06-11,2023-06-11T15:52:00.000Z,216,=,incoming,1
b976bd7d-57a2-41bc-ab4e-7caec670aa8f,858,South Oʻahu: Magic Island Bowls,21.282953,-157.845657,2023-05-28,2023-05-28T19:15:00.000Z,10,=,incoming,0
19f663c7-a988-4c12-acb2-13d1d2e418b9,859,South Oʻahu: Magic Island Canoe Launch,21.28777,-157.844116,2023-05-28,2023-05-28T19:00:00.000Z,10,=,incoming,0
9ce66272-100b-4eb6-a577-e8a6ba32737c,776,South Oʻahu: Kaʻalāwai (Black Point/Cromwells),21.2574,-157.7968,2023-05-28,2023-05-28T18:40:00.000Z,10,=,incoming,0
8eadfab5-f8af-487a-a721-ef841bfb0b8b,8915,West Oʻahu: Pōkaʻi Bay- outside,21.4410874,-158.1908961,2023-05-28,2023-05-28T18:35:00.000Z,10,<,outgoing,0
a1d3642a-24b2-4ec5-998b-aa6020f4a657,8916,West Oʻahu: Pōkaʻi Bay- Inside,21.4415602,-158.1907114,2023-05-28,2023-05-28T18:35:00.000Z,10,<,low,0
86621865-470b-4a51-a1e6-4a0d04fcdc84,1164,East Oʻahu: Waiāhole Beach Park,21.483904,-157.844949,2023-05-28,2023-05-28T18:35:00.000Z,122,=,low,0
3fea6fde-bb78-4fb9-8d7a-42b3084e5476,8965,Iroquois Point - Kapilina,21.320556,-157.972778,2023-05-28,2023-05-28T18:30:00.000Z,10,<,incoming,0
4da9c451-38bb-4b81-92a5-e35b51e368dc,1165,South Oʻahu: Wailupe Beach Park,21.27607,-157.76163,2023-05-28,2023-05-28T18:30:00.000Z,10,<,incoming,0
a8ce7f1a-7ee1-4a29-96a9-8ee4a1798cd9,991,East Oʻahu: Kaimalino,21.425185,-157.740142,2023-05-28,2023-05-28T18:30:00.000Z,41,=,low,0
faedbdbc-09f4-4d70-87c3-f2085160d9d0,779,North Oʻahu: Chocolates,21.59493,-158.103673,2023-05-28,2023-05-28T18:30:00.000Z,156,=,low,1
bb3d5128-a6d9-45b5-b4e0-bdbf20d095bb,861,South Oʻahu: Waialae Beach Park,21.26885,-157.77655,2023-05-28,2023-05-28T18:25:00.000Z,10,<,incoming,0
a42a0e75-12aa-48d5-ae95-b746509859c8,8924,West Oʻahu: Kaupuni Stream,21.4487068,-158.1897632,2023-05-28,2023-05-28T18:25:00.000Z,2143,=,low,1
901070ec-0837-4e44-8708-9500c1b695c0,1197,North Oʻahu: Kaiaka Bay,21.5902778,-158.1191667,2023-05-28,2023-05-28T18:15:00.000Z,10,=,low,0
9bae408b-bada-4c36-9264-c1b31d460a89,780,North Oʻahu: Pūpūkea tidepools,21.649846,-158.062988,2023-05-28,2023-05-28T18:00:00.000Z,10,<,low,0
bfe967ee-ae6e-4e03-8213-a08659bd089d,979,East Oʻahu: Hakipuʻu Boat Ramp,21.506487,-157.85131,2023-05-28,2023-05-28T18:00:00.000Z,10,=,low,0
982b6f42-be54-4b02-803e-3dbdba25fdef,1195,North Oʻahu: Kahaone Place,21.58323,-158.1247,2023-05-28,2023-05-28T18:00:00.000Z,10,<,low,0
2cf00374-e55f-4dd3-95ea-b2417965f0d4,862,South Oʻahu: Kuliʻouʻou Stream,21.28369,-157.721654,2023-05-28,2023-05-28T17:50:00.000Z,395,=,low,1
8701abdd-d9ca-4b13-9a05-e3b181434b28,8953,Inoaole Stream ,21.351274,-157.70619,2023-05-28,2023-05-28T17:10:00.000Z,155,=,incoming,1
0c742245-8b43-493c-828a-110591681946,981,South Oʻahu: Kaʻalāwai (Black Point-East),21.259798,-157.789825,2023-05-28,2023-05-28T17:05:00.000Z,10,<,low,0
c321f853-96b7-4737-87b5-cedc2881c371,8894,East Oʻahu: Kailua Beach Park,21.397806,-157.726,2023-05-28,2023-05-28T17:00:00.000Z,10,<,incoming,0
ea0f4845-2640-4c3d-888e-5ed1ce2464e7,906,East Oʻahu: South Kaneohe Bay,21.4259,-157.7656,2023-05-28,2023-05-28T16:45:00.000Z,63,=,low,0
cee515c7-e6d7-467c-9a32-0fcaf91a91b8,1196,East Oʻahu: Heʻeia Stream,21.44035,-157.809708,2023-05-28,2023-05-28T16:30:00.000Z,52,=,low,0
70c802b6-7b05-4005-80fe-67270c718a4a,777,East Oʻahu: Kahaluʻu Beach,21.46011,-157.839571,2023-05-28,2023-05-28T16:25:00.000Z,529,=,low,1
3f199d99-e86b-4fb8-a314-9c2ad54d7250,979,East Oʻahu: Hakipuʻu Boat Ramp,21.506487,-157.85131,2023-05-14,2023-05-15T05:00:00.000Z,504,=,incoming,1
d5244e0e-1838-4532-a8f5-6eae10136970,1196,East Oʻahu: Heʻeia Stream,21.44035,-157.809708,2023-05-14,2023-05-15T04:40:00.000Z,663,=,incoming,1
7eab94dd-693e-4d6d-8f1e-ac44bdaa4b6a,859,South Oʻahu: Magic Island Canoe Launch,21.28777,-157.844116,2023-05-14,2023-05-14T19:20:00.000Z,3076,=,incoming,1
89b5116a-d75f-40e8-a347-bdd4dc5c7041,776,South Oʻahu: Kaʻalāwai (Black Point/Cromwells),21.2574,-157.7968,2023-05-14,2023-05-14T19:00:00.000Z,4352,=,incoming,1
acc7501e-535c-4e9f-8d4a-17e5d64f0074,981,South Oʻahu: Kaʻalāwai (Black Point-East),21.259798,-157.789825,2023-05-14,2023-05-14T18:50:00.000Z,121,=,incoming,0
976782bb-42d5-4672-a12c-835675a9ab8c,858,South Oʻahu: Magic Island Bowls,21.282953,-157.845657,2023-05-14,2023-05-14T18:50:00.000Z,1785,=,incoming,1
92743b94-3de4-44dd-8705-070ecd29a2ca,1165,South Oʻahu: Wailupe Beach Park,21.27607,-157.76163,2023-05-14,2023-05-14T18:40:00.000Z,399,=,incoming,1
b9adcf58-9e40-48eb-9b19-34c5b13dd8ae,861,South Oʻahu: Waialae Beach Park,21.26885,-157.77655,2023-05-14,2023-05-14T18:30:00.000Z,4352,=,incoming,1
1e652fbf-4963-4e75-876a-3068bde3664a,779,North Oʻahu: Chocolates,21.59493,-158.103673,2023-05-14,2023-05-14T18:15:00.000Z,75,=,incoming,0
3fabed9b-d89c-4352-8efe-07d5b053adc3,1195,North Oʻahu: Kahaone Place,21.58323,-158.1247,2023-05-14,2023-05-14T18:05:00.000Z,20,=,incoming,0
034a5dd1-3777-4912-90ac-a60cd3297720,862,South Oʻahu: Kuliʻouʻou Stream,21.28369,-157.721654,2023-05-14,2023-05-14T18:05:00.000Z,2489,=,incoming,1
090224d9-9fdb-496b-807d-32423c64972c,780,North Oʻahu: Pūpūkea tidepools,21.649846,-158.062988,2023-05-14,2023-05-14T18:00:00.000Z,10,<,incoming,0
781d75d4-0d03-4256-a3d2-955830e14d38,8894,East Oʻahu: Kailua Beach Park,21.397806,-157.726,2023-05-14,2023-05-14T17:55:00.000Z,10,<,incoming,0
d09df0ff-3023-4edd-903b-958814954d52,991,East Oʻahu: Kaimalino,21.425185,-157.740142,2023-05-14,2023-05-14T17:55:00.000Z,31,=,incoming,0
52b35867-e556-49ff-aa5f-c80563201eba,1197,North Oʻahu: Kaiaka Bay,21.5902778,-158.1191667,2023-05-14,2023-05-14T17:55:00.000Z,379,=,incoming,1
f081a34d-0f06-450e-9d7b-79bdb3c27bb2,8953,Inoaole Stream ,21.351274,-157.70619,2023-05-14,2023-05-14T17:45:00.000Z,31,=,incoming,0
a07b2c80-c36c-4752-a97a-f8ed4e3c032a,8916,West Oʻahu: Pōkaʻi Bay- Inside,21.4415602,-158.1907114,2023-05-14,2023-05-14T17:15:00.000Z,10,=,outgoing,0
efd81fbf-c037-4d52-b89b-c80a6c912e8a,8915,West Oʻahu: Pōkaʻi Bay- outside,21.4410874,-158.1908961,2023-05-14,2023-05-14T17:10:00.000Z,10,<,outgoing,0
e22f4149-e650-4af0-bb63-108498aceff6,1164,East Oʻahu: Waiāhole Beach Park,21.483904,-157.844949,2023-05-14,2023-05-14T17:00:00.000Z,880,=,incoming,1
4e149312-5f53-4954-a5d9-a645100bfdf9,906,East Oʻahu: South Kaneohe Bay,21.4259,-157.7656,2023-05-14,2023-05-14T17:00:00.000Z,98,=,outgoing,0
c60fff0a-29cb-4f0e-9ffa-e3458db1648d,8924,West Oʻahu: Kaupuni Stream,21.4487068,-158.1897632,2023-05-14,2023-05-14T17:00:00.000Z,420,=,outgoing,1
21f9888c-d0bc-48ab-91ac-2f1ddc6ef0a7,777,East Oʻahu: Kahaluʻu Beach,21.46011,-157.839571,2023-05-14,2023-05-14T16:25:00.000Z,4106,=,incoming,1
6791322d-ecc7-4996-a8ca-5bc7ba665818,858,South Oʻahu: Magic Island Bowls,21.282953,-157.845657,2023-04-30,2023-04-30T19:15:00.000Z,20,=,incoming,0
d0522b47-98ed-45df-bcbd-0cc42a82fe5b,859,South Oʻahu: Magic Island Canoe Launch,21.28777,-157.844116,2023-04-30,2023-04-30T19:00:00.000Z,10,<,incoming,0
2f7c124f-8fe9-41ba-8572-64e4dd3496a0,1165,South Oʻahu: Wailupe Beach Park,21.27607,-157.76163,2023-04-30,2023-04-30T18:40:00.000Z,10,<,incoming,0
a4042cae-4d4f-49d0-8ad1-bb6f47b8afe2,861,South Oʻahu: Waialae Beach Park,21.26885,-157.77655,2023-04-30,2023-04-30T18:30:00.000Z,10,<,incoming,0
872d9aee-1639-4e5c-ac5d-81b1d6362d65,8916,West Oʻahu: Pōkaʻi Bay- Inside,21.4415602,-158.1907114,2023-04-30,2023-04-30T18:20:00.000Z,10,<,incoming,0
34027f99-c7e7-42fd-9f44-d09a8739f542,1164,East Oʻahu: Waiāhole Beach Park,21.483904,-157.844949,2023-04-30,2023-04-30T18:20:00.000Z,20,=,incoming,0
2bf52748-cf59-489c-87a7-25c20c9a0d48,776,South Oʻahu: Kaʻalāwai (Black Point/Cromwells),21.2574,-157.7968,2023-04-30,2023-04-30T18:15:00.000Z,10,=,incoming,0
37b52a84-e89f-4e3f-99e7-078de27e6755,981,South Oʻahu: Kaʻalāwai (Black Point-East),21.259798,-157.789825,2023-04-30,2023-04-30T18:15:00.000Z,10,<,incoming,0
78ee9644-6021-4928-b62a-5663178e10c8,862,South Oʻahu: Kuliʻouʻou Stream,21.28369,-157.721654,2023-04-30,2023-04-30T18:15:00.000Z,602,=,incoming,1
b0defe4b-1a19-4695-a6e4-49cf6f79da94,8915,West Oʻahu: Pōkaʻi Bay- outside,21.4410874,-158.1908961,2023-04-30,2023-04-30T18:15:00.000Z,10,<,incoming,0
0bbacf03-d451-4fe0-bbb7-f1886b0c0023,780,North Oʻahu: Pūpūkea tidepools,21.649846,-158.062988,2023-04-30,2023-04-30T18:00:00.000Z,10,<,incoming,0
5e055c34-e0c7-49ff-b07a-d676e75fd361,1197,North Oʻahu: Kaiaka Bay,21.5902778,-158.1191667,2023-04-30,2023-04-30T17:55:00.000Z,657,=,incoming,1
d53bcbe3-ed8a-4b7a-9302-e513f4d2baea,1195,North Oʻahu: Kahaone Place,21.58323,-158.1247,2023-04-30,2023-04-30T17:45:00.000Z,10,<,incoming,0
190251ee-a1e2-44ef-8315-097747493113,8953,Inoaole Stream ,21.351274,-157.70619,2023-04-30,2023-04-30T17:05:00.000Z,110,=,incoming,0
7112f3a5-6e7b-49ca-85db-73bb39e7fe73,991,East Oʻahu: Kaimalino,21.425185,-157.740142,2023-04-30,2023-04-30T17:00:00.000Z,315,=,incoming,1
8352d4a1-15a9-47e7-b613-14d0772cf752,8924,West Oʻahu: Kaupuni Stream,21.4487068,-158.1897632,2023-04-30,2023-04-30T17:00:00.000Z,504,=,incoming,1
a8f959c2-e742-40be-9012-31f879dee68c,8894,East Oʻahu: Kailua Beach Park,21.397806,-157.726,2023-04-30,2023-04-30T17:00:00.000Z,41,=,incoming,0
9155657f-56cf-44d9-a0f9-e250b860a552,979,East Oʻahu: Hakipuʻu Boat Ramp,21.506487,-157.85131,2023-04-30,2023-04-30T16:50:00.000Z,565,=,outgoing,1
a7786c22-1549-430e-b27b-62209d81c06d,8965,Iroquois Point - Kapilina,21.320556,-157.972778,2023-04-30,2023-04-30T16:30:00.000Z,10,<,outgoing,0
0fa8ca59-6293-40af-9872-55a973ed18f9,1196,East Oʻahu: Heʻeia Stream,21.44035,-157.809708,2023-04-30,2023-04-30T16:30:00.000Z,52,=,outgoing,0
58c7b1d1-1cb2-4070-a8c4-f2fda456278e,777,East Oʻahu: Kahaluʻu Beach,21.46011,-157.839571,2023-04-30,2023-04-30T16:20:00.000Z,1722,=,outgoing,1
812230d3-ed11-41c1-b66d-f761738987ba,906,East Oʻahu: South Kaneohe Bay,21.4259,-157.7656,2023-04-30,2023-04-30T16:00:00.000Z,20,=,outgoing,0
acae4d32-0f0b-43ca-87a7-da72ee32f07a,779,North Oʻahu: Chocolates,21.59493,-158.103673,2023-04-16,2023-04-17T06:30:00.000Z,20,=,incoming,0
eac294ba-8cea-49f7-b2be-0c454f8af0e5,981,South Oʻahu: Kaʻalāwai (Black Point-East),21.259798,-157.789825,2023-04-16,2023-04-17T04:25:00.000Z,10,=,outgoing,0
065dc8e2-ec34-41e8-bec6-ead89c813e08,858,South Oʻahu: Magic Island Bowls,21.282953,-157.845657,2023-04-16,2023-04-16T19:15:00.000Z,10,<,outgoing,0
a907139d-3abd-4e71-9a00-43e3ee8acfdd,859,South Oʻahu: Magic Island Canoe Launch,21.28777,-157.844116,2023-04-16,2023-04-16T19:15:00.000Z,31,=,outgoing,0
fb851757-df5d-4ba5-a9ba-2955d6d645e2,776,South Oʻahu: Kaʻalāwai (Black Point/Cromwells),21.2574,-157.7968,2023-04-16,2023-04-16T18:45:00.000Z,10,<,incoming,0
014a9e2c-f4f0-4f2b-87e9-ebaaac79fe5d,1165,South Oʻahu: Wailupe Beach Park,21.27607,-157.76163,2023-04-16,2023-04-16T18:40:00.000Z,10,<,incoming,0
84378b72-57d6-458b-89e6-cb861c5a8175,8916,West Oʻahu: Pōkaʻi Bay- Inside,21.4415602,-158.1907114,2023-04-16,2023-04-16T18:30:00.000Z,10,=,incoming,0
ad691084-4bb2-4704-902a-b12c6b56e270,861,South Oʻahu: Waialae Beach Park,21.26885,-157.77655,2023-04-16,2023-04-16T18:20:00.000Z,10,<,incoming,0
194e9071-6153-47bc-856b-6879e37d8e60,1164,East Oʻahu: Waiāhole Beach Park,21.483904,-157.844949,2023-04-16,2023-04-16T18:20:00.000Z,74,=,incoming,0
60020b1b-f418-4be2-900a-927153658df0,1197,North Oʻahu: Kaiaka Bay,21.5902778,-158.1191667,2023-04-16,2023-04-16T18:15:00.000Z,20,=,incoming,0
df34d890-a186-4d4d-88a8-e34b85902886,862,South Oʻahu: Kuliʻouʻou Stream,21.28369,-157.721654,2023-04-16,2023-04-16T18:10:00.000Z,1401,=,incoming,1
42f695a6-7ce9-499f-ac8f-9fe8caab71e0,780,North Oʻahu: Pūpūkea tidepools,21.649846,-158.062988,2023-04-16,2023-04-16T18:10:00.000Z,41,=,incoming,0
cbc952f3-d199-4aba-bead-6c5dc044d343,8915,West Oʻahu: Pōkaʻi Bay- outside,21.4410874,-158.1908961,2023-04-16,2023-04-16T18:00:00.000Z,10,<,incoming,0
b09a58a4-e73d-4832-9b46-431be982b15d,1195,North Oʻahu: Kahaone Place,21.58323,-158.1247,2023-04-16,2023-04-16T18:00:00.000Z,10,=,incoming,0
90437ce5-eb78-4424-bd4e-0b22bba753e8,8953,Inoaole Stream ,21.351274,-157.70619,2023-04-16,2023-04-16T17:25:00.000Z,233,=,incoming,1
c7a6fdd0-b45a-4a34-8c7e-1c972078c1e5,8924,West Oʻahu: Kaupuni Stream,21.4487068,-158.1897632,2023-04-16,2023-04-16T17:15:00.000Z,323,=,outgoing,1
1ab86ae1-3ad6-4a7a-9819-d36d523024d1,979,East Oʻahu: Hakipuʻu Boat Ramp,21.506487,-157.85131,2023-04-16,2023-04-16T17:10:00.000Z,880,=,outgoing,1
998670cc-6cec-49af-8837-fca0efc0a3ec,991,East Oʻahu: Kaimalino,21.425185,-157.740142,2023-04-16,2023-04-16T17:00:00.000Z,10,=,outgoing,0
6eff62f4-c185-4fde-bd31-032fe376d2af,8894,East Oʻahu: Kailua Beach Park,21.397806,-157.726,2023-04-16,2023-04-16T17:00:00.000Z,10,<,low,0
1b299694-5a2b-4ef8-9c33-c9d39d954c08,1196,East Oʻahu: Heʻeia Stream,21.44035,-157.809708,2023-04-16,2023-04-16T16:30:00.000Z,63,=,outgoing,0
c4402487-ac66-459c-80b0-1fb4f7cc60d5,777,East Oʻahu: Kahaluʻu Beach,21.46011,-157.839571,2023-04-16,2023-04-16T16:20:00.000Z,10,=,outgoing,0
092fa2e8-d0be-4110-8f73-99366a1786ca,906,East Oʻahu: South Kaneohe Bay,21.4259,-157.7656,2023-04-16,2023-04-16T16:10:00.000Z,63,=,outgoing,0
335d8d3e-6cf7-459f-946d-ba3d76caa135,8965,Iroquois Point - Kapilina,21.320556,-157.972778,2023-04-15,2023-04-16T00:40:00.000Z,10,<,outgoing,0
55994c2e-13fa-4ea5-9850-2840d6ff3953,862,South Oʻahu: Kuliʻouʻou Stream,21.28369,-157.721654,2023-04-02,2023-04-03T03:15:00.000Z,457,=,incoming,1
fe598ed0-263d-4519-90f9-e88bf2e5233d,858,South Oʻahu: Magic Island Bowls,21.282953,-157.845657,2023-04-02,2023-04-02T20:20:00.000Z,20,=,incoming,0
bbd8844c-e6b4-43ee-bec8-1dbe6d70e45f,859,South Oʻahu: Magic Island Canoe Launch,21.28777,-157.844116,2023-04-02,2023-04-02T20:10:00.000Z,52,=,incoming,0
0ed0a2bf-58c9-4a77-a370-452fd26b86a4,776,South Oʻahu: Kaʻalāwai (Black Point/Cromwells),21.2574,-157.7968,2023-04-02,2023-04-02T19:05:00.000Z,10,=,outgoing,0
5a386e94-1727-4de6-ba0c-3cdc00db0d2e,981,South Oʻahu: Kaʻalāwai (Black Point-East),21.259798,-157.789825,2023-04-02,2023-04-02T18:55:00.000Z,10,<,outgoing,0
fe0bd159-aa12-4ec9-b8e4-538fd044294f,779,North Oʻahu: Chocolates,21.59493,-158.103673,2023-04-02,2023-04-02T18:40:00.000Z,199,=,incoming,1
d6e79a46-9edf-43f4-beca-354018ec114f,861,South Oʻahu: Waialae Beach Park,21.26885,-157.77655,2023-04-02,2023-04-02T18:40:00.000Z,10,<,outgoing,0
1f99c939-773a-4245-b31a-6f57953457bc,1165,South Oʻahu: Wailupe Beach Park,21.27607,-157.76163,2023-04-02,2023-04-02T18:40:00.000Z,10,=,incoming,0
79ad39ef-68ac-4b9e-adf6-7428d327f93e,1164,East Oʻahu: Waiāhole Beach Park,21.483904,-157.844949,2023-04-02,2023-04-02T18:30:00.000Z,41,=,incoming,0
4ec91d56-599f-408f-935f-ad7c4a748e38,1197,North Oʻahu: Kaiaka Bay,21.5902778,-158.1191667,2023-04-02,2023-04-02T18:15:00.000Z,9804,=,incoming,1
b86dcdb1-9f67-44ad-bf54-ce7c00573358,8915,West Oʻahu: Pōkaʻi Bay- outside,21.4410874,-158.1908961,2023-04-02,2023-04-02T18:10:00.000Z,10,<,outgoing,0
7b127c3d-b320-46d3-94af-9ed2796771c2,780,North Oʻahu: Pūpūkea tidepools,21.649846,-158.062988,2023-04-02,2023-04-02T18:00:00.000Z,41,=,incoming,0
caa7d2bd-6b09-44c1-934b-1f6215216081,1195,North Oʻahu: Kahaone Place,21.58323,-158.1247,2023-04-02,2023-04-02T18:00:00.000Z,10,<,incoming,0
2fb9e329-a720-4c6d-9254-1a2467c74c81,8916,West Oʻahu: Pōkaʻi Bay- Inside,21.4415602,-158.1907114,2023-04-02,2023-04-02T18:00:00.000Z,10,=,outgoing,0
6ea99be8-d87f-48c2-8b71-1a920d58868f,8924,West Oʻahu: Kaupuni Stream,21.4487068,-158.1897632,2023-04-02,2023-04-02T17:45:00.000Z,813,=,outgoing,1
6e6b8216-3cbc-41b2-9102-05a80d65e390,8953,Inoaole Stream ,21.351274,-157.70619,2023-04-02,2023-04-02T17:15:00.000Z,20,=,incoming,0
4b520e89-d61e-4633-aeb2-2cb08108cdd3,991,East Oʻahu: Kaimalino,21.425185,-157.740142,2023-04-02,2023-04-02T17:00:00.000Z,31,=,outgoing,0
5129f259-e317-4ef3-b87b-3247a06bbeac,8894,East Oʻahu: Kailua Beach Park,21.397806,-157.726,2023-04-02,2023-04-02T17:00:00.000Z,10,<,outgoing,0
e474247e-1d9d-43c1-afd2-1709ac1f42c1,979,East Oʻahu: Hakipuʻu Boat Ramp,21.506487,-157.85131,2023-04-02,2023-04-02T16:45:00.000Z,384,=,outgoing,1
da7269d1-bdf6-4163-bc29-94712e19010f,1196,East Oʻahu: Heʻeia Stream,21.44035,-157.809708,2023-04-02,2023-04-02T16:30:00.000Z,183,=,outgoing,1
79e5c50e-3205-4ab3-beab-27bc4e2a4f97,777,East Oʻahu: Kahaluʻu Beach,21.46011,-157.839571,2023-04-02,2023-04-02T16:20:00.000Z,1541,=,outgoing,1
453435d5-a17e-4fb8-9735-0493c4510680,906,East Oʻahu: South Kaneohe Bay,21.4259,-157.7656,2023-04-02,2023-04-02T16:20:00.000Z,122,=,outgoing,0
cba0e921-9417-4463-a5d8-5f0ff9d146c0,858,South Oʻahu: Magic Island Bowls,21.282953,-157.845657,2023-03-19,2023-03-19T19:15:00.000Z,20,=,low,0
5edc3328-1cfd-4638-bd9f-7b8c25a3e9b0,776,South Oʻahu: Kaʻalāwai (Black Point/Cromwells),21.2574,-157.7968,2023-03-19,2023-03-19T19:10:00.000Z,10,<,low,0
c87edd6f-2643-4ffc-9ff8-a0bf81d96e56,1165,South Oʻahu: Wailupe Beach Park,21.27607,-157.76163,2023-03-19,2023-03-19T19:00:00.000Z,41,=,low,0
90ae6802-7ced-486c-8be2-fd564c6cd298,859,South Oʻahu: Magic Island Canoe Launch,21.28777,-157.844116,2023-03-19,2023-03-19T19:00:00.000Z,122,=,low,0
e2b89873-27df-48b7-bd61-73ea1710e566,1197,North Oʻahu: Kaiaka Bay,21.5902778,-158.1191667,2023-03-19,2023-03-19T19:00:00.000Z,41,=,low,0
993baece-044d-429b-97cf-37b98f4350de,861,South Oʻahu: Waialae Beach Park,21.26885,-157.77655,2023-03-19,2023-03-19T18:55:00.000Z,265,=,low,1
b3b80033-d808-4e28-a3b5-eb27919b0fa6,1164,East Oʻahu: Waiāhole Beach Park,21.483904,-157.844949,2023-03-19,2023-03-19T18:50:00.000Z,697,=,low,1
bf93f9f1-bc9c-4d5e-85b0-b9c18e38fce1,779,North Oʻahu: Chocolates,21.59493,-158.103673,2023-03-19,2023-03-19T18:45:00.000Z,860,=,low,1
79ec4195-34ae-442c-93a1-bf2916635b83,979,East Oʻahu: Hakipuʻu Boat Ramp,21.506487,-157.85131,2023-03-19,2023-03-19T18:35:00.000Z,20,=,low,0
b40fb6d6-6571-4d39-870d-073f24e6f0d6,862,South Oʻahu: Kuliʻouʻou Stream,21.28369,-157.721654,2023-03-19,2023-03-19T18:20:00.000Z,1450,=,low,1
626a0dd8-771c-4267-87ae-f27cdb1a896c,780,North Oʻahu: Pūpūkea tidepools,21.649846,-158.062988,2023-03-19,2023-03-19T18:00:00.000Z,75,=,low,0
bc0b2b63-985b-4ff3-9ac3-607536f7cf9d,1196,East Oʻahu: Heʻeia Stream,21.44035,-157.809708,2023-03-19,2023-03-19T18:00:00.000Z,305,=,outgoing,1
0ad174d9-b884-482b-b39e-0fbe2b3408ce,1195,North Oʻahu: Kahaone Place,21.58323,-158.1247,2023-03-19,2023-03-19T18:00:00.000Z,10,<,low,0
5e218d12-49f9-474c-ac53-28b2618102cd,8953,Inoaole Stream ,21.351274,-157.70619,2023-03-19,2023-03-19T17:45:00.000Z,63,=,incoming,0
dc626f06-5a26-4ae0-bd23-86201b20e75c,981,South Oʻahu: Kaʻalāwai (Black Point-East),21.259798,-157.789825,2023-03-19,2023-03-19T17:40:00.000Z,10,<,low,0
d0cefaba-e02c-43d0-97dd-283605a5d87b,991,East Oʻahu: Kaimalino,21.425185,-157.740142,2023-03-19,2023-03-19T17:40:00.000Z,644,=,low,1
2e4ccbec-1677-4e0c-a162-a580c667c921,8916,West Oʻahu: Pōkaʻi Bay- Inside,21.4415602,-158.1907114,2023-03-19,2023-03-19T17:40:00.000Z,10,<,outgoing,0
c6956dad-7441-48af-95d5-fe537fc4479f,8915,West Oʻahu: Pōkaʻi Bay- outside,21.4410874,-158.1908961,2023-03-19,2023-03-19T17:35:00.000Z,10,<,outgoing,0
13509951-4b1b-4111-a8d1-a048e5093b94,8924,West Oʻahu: Kaupuni Stream,21.4487068,-158.1897632,2023-03-19,2023-03-19T17:30:00.000Z,1539,=,outgoing,1
231fa5ab-759c-443d-8940-d39d04227f20,8894,East Oʻahu: Kailua Beach Park,21.397806,-157.726,2023-03-19,2023-03-19T17:10:00.000Z,10,=,low,0
d8ab825a-4b91-45a1-8fde-0406e59219c2,906,East Oʻahu: South Kaneohe Bay,21.4259,-157.7656,2023-03-19,2023-03-19T16:30:00.000Z,30,=,low,0
bc06a329-21f8-4a75-8ac2-14a847c99c1c,777,East Oʻahu: Kahaluʻu Beach,21.46011,-157.839571,2023-03-19,2023-03-19T16:25:00.000Z,331,=,low,1
9a67a60a-f039-4df7-927e-ba6d90cfb1b5,858,South Oʻahu: Magic Island Bowls,21.282953,-157.845657,2023-03-05,2023-03-05T20:25:00.000Z,10,<,outgoing,0
bf120c92-9875-46d5-a09d-eb77eb99c8aa,859,South Oʻahu: Magic Island Canoe Launch,21.28777,-157.844116,2023-03-05,2023-03-05T20:10:00.000Z,63,=,outgoing,0
619a7b67-d646-4b49-9fde-87cc79a2aab8,776,South Oʻahu: Kaʻalāwai (Black Point/Cromwells),21.2574,-157.7968,2023-03-05,2023-03-05T19:30:00.000Z,31,=,low,0
29049f7c-6c64-45ba-84aa-2c76b341dc6d,1164,East Oʻahu: Waiāhole Beach Park,21.483904,-157.844949,2023-03-05,2023-03-05T19:15:00.000Z,910,=,low,1
f429c87e-3068-4a10-ab25-f46c181d5507,861,South Oʻahu: Waialae Beach Park,21.26885,-157.77655,2023-03-05,2023-03-05T19:10:00.000Z,85,=,low,0
ebc8dc09-077f-4ff4-8f9f-708c39fbf2e7,981,South Oʻahu: Kaʻalāwai (Black Point-East),21.259798,-157.789825,2023-03-05,2023-03-05T19:06:00.000Z,327,=,low,1
c35942be-ab0b-4dd6-9b5e-3194c4156b9f,906,East Oʻahu: South Kaneohe Bay,21.4259,-157.7656,2023-03-05,2023-03-05T18:42:00.000Z,5012,=,low,1
f3e58074-c713-4810-9eed-557c58d4d200,1165,South Oʻahu: Wailupe Beach Park,21.27607,-157.76163,2023-03-05,2023-03-05T18:39:00.000Z,10,=,low,0
8206f37d-3c0f-4b4d-bcb6-3fa0dc1dae5e,979,East Oʻahu: Hakipuʻu Boat Ramp,21.506487,-157.85131,2023-03-05,2023-03-05T18:35:00.000Z,784,=,low,1
54d6745b-de9c-47f5-ae45-7eec0247e71d,991,East Oʻahu: Kaimalino,21.425185,-157.740142,2023-03-05,2023-03-05T18:10:00.000Z,9208,=,low,1
53186541-d6cd-4fa4-8d7b-5c020810a902,862,South Oʻahu: Kuliʻouʻou Stream,21.28369,-157.721654,2023-03-05,2023-03-05T18:10:00.000Z,7270,=,low,1
ee124fee-c75e-4a55-9bcc-a89434ab43cb,779,North Oʻahu: Chocolates,21.59493,-158.103673,2023-03-05,2023-03-05T18:00:00.000Z,272,=,outgoing,1
3746233c-501d-43a1-9172-58f0e8994e09,780,North Oʻahu: Pūpūkea tidepools,21.649846,-158.062988,2023-03-05,2023-03-05T17:55:00.000Z,41,=,outgoing,0
6bae9fa1-6221-4789-ac07-f1d05730d49c,1195,North Oʻahu: Kahaone Place,21.58323,-158.1247,2023-03-05,2023-03-05T17:45:00.000Z,10,=,low,0
424cc289-061a-4fe0-bf44-9ae951342fe4,8916,West Oʻahu: Pōkaʻi Bay- Inside,21.4415602,-158.1907114,2023-03-05,2023-03-05T17:43:00.000Z,10,<,incoming,0
775951d0-86e8-48ab-b6cc-ed90895e0c92,8915,West Oʻahu: Pōkaʻi Bay- outside,21.4410874,-158.1908961,2023-03-05,2023-03-05T17:39:00.000Z,10,<,incoming,0
7b721495-3ffa-443d-a542-c7384a54ba32,1197,North Oʻahu: Kaiaka Bay,21.5902778,-158.1191667,2023-03-05,2023-03-05T17:31:00.000Z,279,=,low,1
e2a71f0a-0247-476d-8252-2f6baf9c5a5f,8924,West Oʻahu: Kaupuni Stream,21.4487068,-158.1897632,2023-03-05,2023-03-05T17:28:00.000Z,1860,=,incoming,1
8718b9b2-863d-467f-9927-17fff97bf445,8953,Inoaole Stream ,21.351274,-157.70619,2023-03-05,2023-03-05T17:15:00.000Z,305,=,outgoing,1
618b3874-bb74-45ad-b8ba-e86874c88863,8894,East Oʻahu: Kailua Beach Park,21.397806,-157.726,2023-03-05,2023-03-05T17:10:00.000Z,10,<,outgoing,0
4ed54aa1-20ce-4c8b-869a-f48d3075bc03,777,East Oʻahu: Kahaluʻu Beach,21.46011,-157.839571,2023-03-05,2023-03-05T16:45:00.000Z,235,=,outgoing,1
1b362421-2e91-4f81-a550-bd03e24e8528,859,South Oʻahu: Magic Island Canoe Launch,21.28777,-157.844116,2023-02-19,2023-02-19T20:20:00.000Z,1296,=,outgoing,1
9f1b13bb-413c-4d54-8a4f-691ef5081257,776,South Oʻahu: Kaʻalāwai (Black Point/Cromwells),21.2574,-157.7968,2023-02-19,2023-02-19T18:55:00.000Z,52,=,outgoing,0
7c380d14-95a3-4c6b-937d-9e3b73f5203b,1165,South Oʻahu: Wailupe Beach Park,21.27607,-157.76163,2023-02-19,2023-02-19T18:40:00.000Z,85,=,outgoing,0
7491efd8-c2e1-430a-824b-748014814552,861,South Oʻahu: Waialae Beach Park,21.26885,-157.77655,2023-02-19,2023-02-19T18:35:00.000Z,5794,=,outgoing,1
6ac1860f-841c-4461-b174-2ce3a3864c22,979,East Oʻahu: Hakipuʻu Boat Ramp,21.506487,-157.85131,2023-02-19,2023-02-19T18:25:00.000Z,160,=,outgoing,1
e25f5874-6214-4b9b-b57a-06fd24b66741,1195,North Oʻahu: Kahaone Place,21.58323,-158.1247,2023-02-19,2023-02-19T18:20:00.000Z,1014,=,outgoing,1
9a046bb5-8383-4c82-9989-43f056d1cb66,1197,North Oʻahu: Kaiaka Bay,21.5902778,-158.1191667,2023-02-19,2023-02-19T18:20:00.000Z,9606,=,outgoing,1
9f287838-6722-4bd7-9eb4-d0505d308331,862,South Oʻahu: Kuliʻouʻou Stream,21.28369,-157.721654,2023-02-19,2023-02-19T18:15:00.000Z,24196,=,outgoing,1
0f1831dd-5eb7-41b4-9eb7-7d8d936ebbd9,858,South Oʻahu: Magic Island Bowls,21.282953,-157.845657,2023-02-19,2023-02-19T18:15:00.000Z,464,=,outgoing,1
1e61453a-e388-4e15-864f-9dd89486fc4a,8915,West Oʻahu: Pōkaʻi Bay- outside,21.4410874,-158.1908961,2023-02-19,2023-02-19T18:00:00.000Z,10,=,outgoing,0
31b7ce34-5dad-43fb-92ac-3a06aac8e075,8916,West Oʻahu: Pōkaʻi Bay- Inside,21.4415602,-158.1907114,2023-02-19,2023-02-19T18:00:00.000Z,10,<,outgoing,0
8c6c123d-c82a-4a1e-b467-c68fd1d15075,981,South Oʻahu: Kaʻalāwai (Black Point-East),21.259798,-157.789825,2023-02-19,2023-02-19T18:00:00.000Z,74,=,outgoing,0
cfa8215c-38a9-4f41-8093-077565a57c1f,906,East Oʻahu: South Kaneohe Bay,21.4259,-157.7656,2023-02-19,2023-02-19T17:55:00.000Z,85,=,outgoing,0
c44497df-987e-4c4b-9e5b-b7d738ab6f96,1164,East Oʻahu: Waiāhole Beach Park,21.483904,-157.844949,2023-02-19,2023-02-19T17:55:00.000Z,624,=,outgoing,1
ba23aa92-bebb-4db5-998d-8fea64748e26,779,North Oʻahu: Chocolates,21.59493,-158.103673,2023-02-19,2023-02-19T17:30:00.000Z,231,=,outgoing,1
e0c47866-9bff-4d26-8e7c-69f9c384dbe7,8953,Inoaole Stream ,21.351274,-157.70619,2023-02-19,2023-02-19T17:10:00.000Z,52,=,outgoing,0
2dbbfe3d-f7f7-4bc0-bf34-68f70b8b7906,8894,East Oʻahu: Kailua Beach Park,21.397806,-157.726,2023-02-19,2023-02-19T17:00:00.000Z,265,=,outgoing,1
53d7a8aa-06cd-4bbd-82c1-3f09c006ac8e,8924,West Oʻahu: Kaupuni Stream,21.4487068,-158.1897632,2023-02-19,2023-02-19T17:00:00.000Z,6867,=,outgoing,1
5c3e3160-1f62-4253-b10e-9a05760595d9,991,East Oʻahu: Kaimalino,21.425185,-157.740142,2023-02-19,2023-02-19T17:00:00.000Z,323,=,outgoing,1
dab15d0e-e019-4c9c-9b4f-774c35a27651,780,North Oʻahu: Pūpūkea tidepools,21.649846,-158.062988,2023-02-19,2023-02-19T16:55:00.000Z,10,=,outgoing,0
dff3f0d3-5e0e-49ec-aa22-829ba5edd9b9,1196,East Oʻahu: Heʻeia Stream,21.44035,-157.809708,2023-02-19,2023-02-19T16:30:00.000Z,399,=,outgoing,1
70c4ab00-1f51-40c0-82d7-9577e80ed009,777,East Oʻahu: Kahaluʻu Beach,21.46011,-157.839571,2023-02-19,2023-02-19T16:25:00.000Z,213,=,outgoing,1
2455d1ad-6b29-4bd4-9258-6aa2998695f5,991,East Oʻahu: Kaimalino,21.425185,-157.740142,2023-02-05,2023-02-05T19:00:00.000Z,1333,=,outgoing,1
e9d7df59-a321-4757-99fa-f8c8bed707ba,859,South Oʻahu: Magic Island Canoe Launch,21.28777,-157.844116,2023-02-05,2023-02-05T19:00:00.000Z,397,=,high,1
06b6b34d-def4-4659-873f-888e0bb9afc4,861,South Oʻahu: Waialae Beach Park,21.26885,-157.77655,2023-02-05,2023-02-05T19:00:00.000Z,960,=,outgoing,1
b335b2db-9fcd-4901-8c02-641251980b4f,858,South Oʻahu: Magic Island Bowls,21.282953,-157.845657,2023-02-05,2023-02-05T19:00:00.000Z,216,=,high,1
cbe5b3b3-4a8e-4a43-91d3-b59194c2fcd3,979,East Oʻahu: Hakipuʻu Boat Ramp,21.506487,-157.85131,2023-02-05,2023-02-05T18:55:00.000Z,1259,=,outgoing,1
5d779da3-3bb5-4801-b8b5-1a9a447f2ea4,1164,East Oʻahu: Waiāhole Beach Park,21.483904,-157.844949,2023-02-05,2023-02-05T18:30:00.000Z,5475,=,outgoing,1
82c9191b-7587-482e-a33d-efdb452acab9,862,South Oʻahu: Kuliʻouʻou Stream,21.28369,-157.721654,2023-02-05,2023-02-05T18:15:00.000Z,2755,=,outgoing,1
997eea95-8a26-409a-b6f7-f97ca38b1226,8953,Inoaole Stream ,21.351274,-157.70619,2023-02-05,2023-02-05T18:00:00.000Z,399,=,outgoing,1
0f6c6b34-7d84-4861-bea4-798914bc2708,1197,North Oʻahu: Kaiaka Bay,21.5902778,-158.1191667,2023-02-05,2023-02-05T18:00:00.000Z,24196,>,low,1
4ca5a4c4-159c-444d-8ec9-9441dda41067,1195,North Oʻahu: Kahaone Place,21.58323,-158.1247,2023-02-05,2023-02-05T17:45:00.000Z,311,=,low,1
19796c54-81b3-4f7d-98ff-7863403e3e7b,1165,South Oʻahu: Wailupe Beach Park,21.27607,-157.76163,2023-02-05,2023-02-05T17:40:00.000Z,441,=,outgoing,1
93089c82-2357-456f-9ed7-6e08f6026aa5,8894,East Oʻahu: Kailua Beach Park,21.397806,-157.726,2023-02-05,2023-02-05T17:10:00.000Z,228,=,outgoing,1
d4180637-fce9-4c34-91c5-3a5f2a4f15d0,8916,West Oʻahu: Pōkaʻi Bay- Inside,21.4415602,-158.1907114,2023-02-05,2023-02-05T17:10:00.000Z,85,=,low,0
2d89e17d-ed36-4b68-bc55-d2d8dbc30b58,8915,West Oʻahu: Pōkaʻi Bay- outside,21.4410874,-158.1908961,2023-02-05,2023-02-05T17:05:00.000Z,20,=,low,0
c7cd3271-42a3-4fbf-b10a-42cd72e2067d,779,North Oʻahu: Chocolates,21.59493,-158.103673,2023-02-05,2023-02-05T17:05:00.000Z,1187,=,low,1
061132f3-bb56-4214-acde-a13510961749,8924,West Oʻahu: Kaupuni Stream,21.4487068,-158.1897632,2023-02-05,2023-02-05T16:55:00.000Z,24196,>,low,1
448136a2-4fc3-4841-8ca1-af900e2342a4,906,East Oʻahu: South Kaneohe Bay,21.4259,-157.7656,2023-02-05,2023-02-05T16:50:00.000Z,355,=,outgoing,1
8c12e460-68e5-4d57-a458-f62c0cfcbc42,777,East Oʻahu: Kahaluʻu Beach,21.46011,-157.839571,2023-02-05,2023-02-05T16:30:00.000Z,19863,=,outgoing,1
a7ad73ed-4bc8-48dc-8de1-d000851c1c9b,1196,East Oʻahu: Heʻeia Stream,21.44035,-157.809708,2023-02-05,2023-02-05T16:30:00.000Z,8164,=,high,1
c8d76ced-e198-4969-8f2d-09d48789c3ab,858,South Oʻahu: Magic Island Bowls,21.282953,-157.845657,2023-01-22,2023-01-22T19:00:00.000Z,30,=,incoming,0
805a5fc1-0f6a-42d2-9d11-3c2926e914c6,981,South Oʻahu: Kaʻalāwai (Black Point-East),21.259798,-157.789825,2023-01-22,2023-01-22T19:00:00.000Z,10,<,outgoing,0
914e6e29-cf09-4423-b007-66586e42c3a5,859,South Oʻahu: Magic Island Canoe Launch,21.28777,-157.844116,2023-01-22,2023-01-22T19:00:00.000Z,231,=,incoming,1
fccbb778-9768-466b-ae20-7f7b55a22b59,776,South Oʻahu: Kaʻalāwai (Black Point/Cromwells),21.2574,-157.7968,2023-01-22,2023-01-22T18:35:00.000Z,10,=,outgoing,0
917d861e-018c-44bc-a089-dd966601711b,1164,East Oʻahu: Waiāhole Beach Park,21.483904,-157.844949,2023-01-22,2023-01-22T18:35:00.000Z,209,=,high,1
791a5e4e-7505-4418-a650-db0d275ae7cf,8915,West Oʻahu: Pōkaʻi Bay- outside,21.4410874,-158.1908961,2023-01-22,2023-01-22T18:30:00.000Z,148,=,outgoing,1
0d73257f-922c-4e56-b3a2-65a300226d26,861,South Oʻahu: Waialae Beach Park,21.26885,-157.77655,2023-01-22,2023-01-22T18:20:00.000Z,683,=,outgoing,1
d51c752a-bbb6-47d2-911d-1f32465c760a,8916,West Oʻahu: Pōkaʻi Bay- Inside,21.4415602,-158.1907114,2023-01-22,2023-01-22T18:20:00.000Z,332,=,outgoing,1
c878d632-5e8c-479c-8a37-37743c2deba2,8924,West Oʻahu: Kaupuni Stream,21.4487068,-158.1897632,2023-01-22,2023-01-22T18:10:00.000Z,1012,=,outgoing,1
69cb71fa-dd82-44ed-ad57-2711e4d2b9ed,991,East Oʻahu: Kaimalino,21.425185,-157.740142,2023-01-22,2023-01-22T18:00:00.000Z,10,<,outgoing,0
724d6d66-8c29-4e6e-8712-2e78e891572e,8953,Inoaole Stream ,21.351274,-157.70619,2023-01-22,2023-01-22T17:15:00.000Z,565,=,outgoing,1
8f230009-df13-4e7b-8f32-4c2eae3e9780,1165,South Oʻahu: Wailupe Beach Park,21.27607,-157.76163,2023-01-22,2023-01-22T17:00:00.000Z,85,=,outgoing,0
04609978-46c8-488a-a745-e0605d28600d,8894,East Oʻahu: Kailua Beach Park,21.397806,-157.726,2023-01-22,2023-01-22T17:00:00.000Z,52,=,outgoing,0
e9a23e44-2568-42ea-b631-0aa791ec231c,862,South Oʻahu: Kuliʻouʻou Stream,21.28369,-157.721654,2023-01-22,2023-01-22T16:50:00.000Z,5794,=,outgoing,1
de559bb9-ef17-4aa6-a044-09bf4c87c400,906,East Oʻahu: South Kaneohe Bay,21.4259,-157.7656,2023-01-22,2023-01-22T16:50:00.000Z,85,=,outgoing,0
9dee86a2-a62b-4049-aaee-e2a6c72741a3,1196,East Oʻahu: Heʻeia Stream,21.44035,-157.809708,2023-01-22,2023-01-22T16:30:00.000Z,364,=,high,1
f1a053ad-21e6-4109-ab6a-daac6c2347e1,777,East Oʻahu: Kahaluʻu Beach,21.46011,-157.839571,2023-01-22,2023-01-22T16:30:00.000Z,173,=,outgoing,1
76e934e6-69f7-4031-bef5-5b37a1b9da81,776,South Oʻahu: Kaʻalāwai (Black Point/Cromwells),21.2574,-157.7968,2023-01-08,2023-01-09T06:50:00.000Z,10,<,outgoing,0
a47f9b89-95cb-4627-bf95-9e5a1a2d3b2b,779,North Oʻahu: Chocolates,21.59493,-158.103673,2023-01-08,2023-01-09T06:50:00.000Z,173,=,outgoing,1
ee89502f-0458-4c59-9ac6-f7eab12f99e8,979,East Oʻahu: Hakipuʻu Boat Ramp,21.506487,-157.85131,2023-01-08,2023-01-09T06:50:00.000Z,3076,=,outgoing,1
45f0f9c1-d897-4d95-ba45-a6941bff88f2,859,South Oʻahu: Magic Island Canoe Launch,21.28777,-157.844116,2023-01-08,2023-01-08T20:50:00.000Z,201,=,outgoing,1
2f688a5d-a400-4713-8c37-6f32b1a5f5fb,858,South Oʻahu: Magic Island Bowls,21.282953,-157.845657,2023-01-08,2023-01-08T20:20:00.000Z,10,=,outgoing,0
9d7df4fc-525f-43bf-ab4d-e0ee852b0bd2,8953,Inoaole Stream ,21.351274,-157.70619,2023-01-08,2023-01-08T19:00:00.000Z,85,=,outgoing,0
f8315c7d-081b-4aed-a659-a9f2c34a712d,1164,East Oʻahu: Waiāhole Beach Park,21.483904,-157.844949,2023-01-08,2023-01-08T18:45:00.000Z,86,=,outgoing,0
9b0cce25-71fb-4752-9cbe-9cb832e139f9,1165,South Oʻahu: Wailupe Beach Park,21.27607,-157.76163,2023-01-08,2023-01-08T18:45:00.000Z,10,<,outgoing,0
1502f1c0-7e97-48b3-a23d-797d47b9780e,861,South Oʻahu: Waialae Beach Park,21.26885,-157.77655,2023-01-08,2023-01-08T18:30:00.000Z,98,=,outgoing,0
85fe17c9-55d9-4c2b-af10-9dfde820cf1b,8915,West Oʻahu: Pōkaʻi Bay- outside,21.4410874,-158.1908961,2023-01-08,2023-01-08T18:25:00.000Z,10,<,outgoing,0
2632c747-b2df-4c08-a8b7-1dac7188d2b7,8916,West Oʻahu: Pōkaʻi Bay- Inside,21.4415602,-158.1907114,2023-01-08,2023-01-08T18:25:00.000Z,10,<,outgoing,0
7940b6ea-254f-4f0a-a0fb-7f7f1836d3f4,862,South Oʻahu: Kuliʻouʻou Stream,21.28369,-157.721654,2023-01-08,2023-01-08T18:15:00.000Z,2909,=,outgoing,1
c3580122-9920-433e-9d45-bd8338e002a4,8924,West Oʻahu: Kaupuni Stream,21.4487068,-158.1897632,2023-01-08,2023-01-08T18:10:00.000Z,213,=,outgoing,1
8e6e95c0-be3c-40ef-9ffb-1e741411060c,8923,Kawela Bay,21.6961378,-158.0116569,2023-01-08,2023-01-08T18:10:00.000Z,10,<,outgoing,0
838f00b5-e58c-4940-9f2f-ba61975c00d4,1197,North Oʻahu: Kaiaka Bay,21.5902778,-158.1191667,2023-01-08,2023-01-08T18:00:00.000Z,10,<,outgoing,0
15b9f1d6-4f7b-4be7-8530-9394731df6ec,780,North Oʻahu: Pūpūkea tidepools,21.649846,-158.062988,2023-01-08,2023-01-08T18:00:00.000Z,10,<,outgoing,0
cbf1a761-015f-453f-b925-8cc03f413df5,1195,North Oʻahu: Kahaone Place,21.58323,-158.1247,2023-01-08,2023-01-08T17:50:00.000Z,10,<,outgoing,0
0cb8c947-b107-43c3-887f-8844f93af590,981,South Oʻahu: Kaʻalāwai (Black Point-East),21.259798,-157.789825,2023-01-08,2023-01-08T17:45:00.000Z,41,=,outgoing,0
f09f838b-68f8-4906-9643-279c90717bb9,8894,East Oʻahu: Kailua Beach Park,21.397806,-157.726,2023-01-08,2023-01-08T17:00:00.000Z,10,<,outgoing,0
4aaf500a-f6da-4941-bd52-a9cb09be2c31,991,East Oʻahu: Kaimalino,21.425185,-157.740142,2023-01-08,2023-01-08T17:00:00.000Z,295,=,outgoing,1
c85e7dac-3d3d-467f-951c-a9f17a569925,906,East Oʻahu: South Kaneohe Bay,21.4259,-157.7656,2023-01-08,2023-01-08T16:45:00.000Z,10,=,outgoing,0
df74d1bf-c24a-43f1-988e-3e677442aeaf,1196,East Oʻahu: Heʻeia Stream,21.44035,-157.809708,2023-01-08,2023-01-08T16:30:00.000Z,341,=,outgoing,1
49c94774-4ba1-4bfd-8cf3-08a12d592379,777,East Oʻahu: Kahaluʻu Beach,21.46011,-157.839571,2023-01-08,2023-01-08T16:25:00.000Z,110,=,outgoing,0
647f5597-cb14-4e0c-ac40-46aac886a329,8953,Inoaole Stream ,21.351274,-157.70619,2022-12-12,2022-12-12T19:00:00.000Z,52,=,outgoing,0
0175b0c3-0029-4f30-a4a1-255829c040e2,859,South Oʻahu: Magic Island Canoe Launch,21.28777,-157.844116,2022-12-11,2022-12-11T19:30:00.000Z,10,=,outgoing,0
be7ec326-10dd-45cf-8b7c-37ee3aa7b80c,858,South Oʻahu: Magic Island Bowls,21.282953,-157.845657,2022-12-11,2022-12-11T19:25:00.000Z,10,<,outgoing,0
f41e4bb9-c3d6-40ca-96d4-f61bc7609307,981,South Oʻahu: Kaʻalāwai (Black Point-East),21.259798,-157.789825,2022-12-11,2022-12-11T18:55:00.000Z,8704,=,high,1
1101dcc0-81b6-4ed2-a5df-c90716a8e590,1165,South Oʻahu: Wailupe Beach Park,21.27607,-157.76163,2022-12-11,2022-12-11T18:50:00.000Z,457,=,high,1
d8a098a5-0b1c-4cc3-bafe-3944ad218956,779,North Oʻahu: Chocolates,21.59493,-158.103673,2022-12-11,2022-12-11T18:45:00.000Z,341,=,outgoing,1
7f1d899e-9953-4e11-90bb-c31294ffe0c7,979,East Oʻahu: Hakipuʻu Boat Ramp,21.506487,-157.85131,2022-12-11,2022-12-11T18:45:00.000Z,52,=,high,0
bf39990d-29f0-4b92-997b-130edf6b320e,1164,East Oʻahu: Waiāhole Beach Park,21.483904,-157.844949,2022-12-11,2022-12-11T18:30:00.000Z,1112,=,outgoing,1
c6af3f14-01e5-499b-8f4e-ff2cd0d53876,776,South Oʻahu: Kaʻalāwai (Black Point/Cromwells),21.2574,-157.7968,2022-12-11,2022-12-11T18:30:00.000Z,10,<,high,0
ef18974c-d7fd-4334-9e9b-d9c4a0031dce,8924,West Oʻahu: Kaupuni Stream,21.4487068,-158.1897632,2022-12-11,2022-12-11T18:25:00.000Z,393,=,high,1
238e3119-5a00-49a2-86eb-c35c24d6dca2,862,South Oʻahu: Kuliʻouʻou Stream,21.28369,-157.721654,2022-12-11,2022-12-11T18:25:00.000Z,984,=,high,1
268af55a-7128-405d-aaf4-24322c6d820c,1197,North Oʻahu: Kaiaka Bay,21.5902778,-158.1191667,2022-12-11,2022-12-11T18:20:00.000Z,171,=,outgoing,1
f8e66601-5b0b-40a3-aee7-7e1a403ba7b4,8915,West Oʻahu: Pōkaʻi Bay- outside,21.4410874,-158.1908961,2022-12-11,2022-12-11T18:15:00.000Z,10,<,incoming,0
ea78f508-da4c-49c3-8c7e-489c09675f58,991,East Oʻahu: Kaimalino,21.425185,-157.740142,2022-12-11,2022-12-11T18:15:00.000Z,31,=,outgoing,0
b84bbb43-1c66-4c6e-98f8-cacef4d8d896,1195,North Oʻahu: Kahaone Place,21.58323,-158.1247,2022-12-11,2022-12-11T18:00:00.000Z,3448,=,outgoing,1
074e6b6c-d6f0-4b7b-8f5a-b3ef77cf7384,8916,West Oʻahu: Pōkaʻi Bay- Inside,21.4415602,-158.1907114,2022-12-11,2022-12-11T18:00:00.000Z,10,<,incoming,0
c7806b5d-de43-4112-8827-9bedc8f40a14,8923,Kawela Bay,21.6961378,-158.0116569,2022-12-11,2022-12-11T18:00:00.000Z,10,=,outgoing,0
ea8be44e-a25b-463d-8ac0-6cce1d1c60c0,780,North Oʻahu: Pūpūkea tidepools,21.649846,-158.062988,2022-12-11,2022-12-11T18:00:00.000Z,20,=,outgoing,0
7083f712-d792-4aea-b484-136b5e3181fd,8894,East Oʻahu: Kailua Beach Park,21.397806,-157.726,2022-12-11,2022-12-11T17:00:00.000Z,10,=,high,0
1b984754-3a51-4267-b70d-d3251a23a3dc,906,East Oʻahu: South Kaneohe Bay,21.4259,-157.7656,2022-12-11,2022-12-11T16:45:00.000Z,97,=,high,0
45ab5745-acab-4924-9ab3-049d862cb021,1196,East Oʻahu: Heʻeia Stream,21.44035,-157.809708,2022-12-11,2022-12-11T16:30:00.000Z,31,=,high,0
acd43601-b77e-4d21-833a-bc972577c52c,777,East Oʻahu: Kahaluʻu Beach,21.46011,-157.839571,2022-12-11,2022-12-11T16:30:00.000Z,676,=,high,1
cf8feeab-1566-4551-9601-7377a9920443,779,North Oʻahu: Chocolates,21.59493,-158.103673,2022-11-27,2022-11-27T18:50:00.000Z,120,=,high,0
fb3da2b3-909e-480e-9c2e-63691c2d6fb7,8924,West Oʻahu: Kaupuni Stream,21.4487068,-158.1897632,2022-11-27,2022-11-27T18:45:00.000Z,556,=,high,1
6b721996-6e5a-479b-9fdc-895e2c6fbf68,861,South Oʻahu: Waialae Beach Park,21.26885,-157.77655,2022-11-27,2022-11-27T18:45:00.000Z,96,=,high,0
df8e7de3-2f7c-4847-abdc-b959a2caeb24,8916,West Oʻahu: Pōkaʻi Bay- Inside,21.4415602,-158.1907114,2022-11-27,2022-11-27T18:35:00.000Z,30,=,high,0
5049f8c2-e978-4f41-a06a-74cb79763330,780,North Oʻahu: Pūpūkea tidepools,21.649846,-158.062988,2022-11-27,2022-11-27T18:30:00.000Z,988,=,high,1
e68df0c2-1560-4ef6-8c2c-8fdefb506874,991,East Oʻahu: Kaimalino,21.425185,-157.740142,2022-11-27,2022-11-27T18:30:00.000Z,121,=,high,0
b750bc90-dd58-4426-9c2c-928169c815dc,858,South Oʻahu: Magic Island Bowls,21.282953,-157.845657,2022-11-27,2022-11-27T18:30:00.000Z,10,=,outgoing,0
cec3660b-f7f1-444b-8ff9-12cabf384dc3,8915,West Oʻahu: Pōkaʻi Bay- outside,21.4410874,-158.1908961,2022-11-27,2022-11-27T18:30:00.000Z,10,<,high,0
84f91b1b-dfbd-40dc-9bf4-27e90014400f,859,South Oʻahu: Magic Island Canoe Launch,21.28777,-157.844116,2022-11-27,2022-11-27T18:30:00.000Z,168,=,outgoing,1
94f5367e-938e-4326-b930-ea7620d7ea43,1164,East Oʻahu: Waiāhole Beach Park,21.483904,-157.844949,2022-11-27,2022-11-27T18:15:00.000Z,218,=,outgoing,1
5fa736da-635e-4088-91b3-de63fcb5f5eb,979,East Oʻahu: Hakipuʻu Boat Ramp,21.506487,-157.85131,2022-11-27,2022-11-27T18:15:00.000Z,216,=,high,1
e6c7841c-499b-4271-a40e-2243a4882479,862,South Oʻahu: Kuliʻouʻou Stream,21.28369,-157.721654,2022-11-27,2022-11-27T18:10:00.000Z,1054,=,high,1
71814906-6c72-4063-9d6e-1bb4e156c19f,1197,North Oʻahu: Kaiaka Bay,21.5902778,-158.1191667,2022-11-27,2022-11-27T18:00:00.000Z,10,<,high,0
ff34b6f5-2e2b-4344-969d-c74df8cf6dc7,1195,North Oʻahu: Kahaone Place,21.58323,-158.1247,2022-11-27,2022-11-27T17:45:00.000Z,41,=,high,0
b40027b6-d14e-462b-a160-f801384f47e0,8923,Kawela Bay,21.6961378,-158.0116569,2022-11-27,2022-11-27T17:30:00.000Z,52,=,high,0
c358e219-f00a-49c2-98d0-58e8ff1e581e,8894,East Oʻahu: Kailua Beach Park,21.397806,-157.726,2022-11-27,2022-11-27T17:00:00.000Z,31,=,outgoing,0
a03dfda7-e1c2-4405-ace4-e35309c1f087,1196,East Oʻahu: Heʻeia Stream,21.44035,-157.809708,2022-11-27,2022-11-27T16:30:00.000Z,52,=,high,0
54ca9408-9118-44da-accd-326b5132b973,906,East Oʻahu: South Kaneohe Bay,21.4259,-157.7656,2022-11-27,2022-11-27T16:30:00.000Z,109,=,high,0
93c58536-eee9-4370-bfc2-319d0d624712,777,East Oʻahu: Kahaluʻu Beach,21.46011,-157.839571,2022-11-27,2022-11-27T16:25:00.000Z,265,=,high,1
a877352d-68e5-4f6b-83b2-bbf568ec5146,525,Point Panic - Stairs,21.290516,-157.860975,2022-11-13,2022-11-13T19:00:00.000Z,105,=,outgoing,0
9aa7dc7e-31fd-4f59-be78-8e9a93622154,858,South Oʻahu: Magic Island Bowls,21.282953,-157.845657,2022-11-13,2022-11-13T19:00:00.000Z,41,=,high,0
5201c784-c2e8-4cbd-8294-46c8be6814c9,776,South Oʻahu: Kaʻalāwai (Black Point/Cromwells),21.2574,-157.7968,2022-11-13,2022-11-13T18:55:00.000Z,749,=,high,1
9d145e78-b8ea-4cf1-b942-12aeccf133ca,859,South Oʻahu: Magic Island Canoe Launch,21.28777,-157.844116,2022-11-13,2022-11-13T18:50:00.000Z,3076,=,high,1
498f0097-ccd8-4035-b932-922e47313712,981,South Oʻahu: Kaʻalāwai (Black Point-East),21.259798,-157.789825,2022-11-13,2022-11-13T18:45:00.000Z,10,=,high,0
3280bbb5-84a3-46c9-80ad-fd3fffc442a9,1165,South Oʻahu: Wailupe Beach Park,21.27607,-157.76163,2022-11-13,2022-11-13T18:40:00.000Z,657,=,high,1
11e087a6-14bb-480d-bed2-17c76e461b2d,779,North Oʻahu: Chocolates,21.59493,-158.103673,2022-11-13,2022-11-13T18:30:00.000Z,292,=,high,1
44ffe3e7-7926-4319-8d08-291854aa8db5,861,South Oʻahu: Waialae Beach Park,21.26885,-157.77655,2022-11-13,2022-11-13T18:30:00.000Z,74,=,high,0
9ccf02f9-f05a-4418-b7a8-e534bd052bf0,550,Waimānalo Bay Beach Park,21.342058,-157.699493,2022-11-13,2022-11-13T18:30:00.000Z,10,=,outgoing,0
5b109f9b-9632-425c-87df-4042c79a76a5,862,South Oʻahu: Kuliʻouʻou Stream,21.28369,-157.721654,2022-11-13,2022-11-13T18:15:00.000Z,1529,=,high,1
58887158-2bd6-49e8-b39a-988a0c7f212e,1197,North Oʻahu: Kaiaka Bay,21.5902778,-158.1191667,2022-11-13,2022-11-13T18:00:00.000Z,573,=,high,1
8eb70413-05f6-4ab5-a4d1-9ec64ae909ff,906,East Oʻahu: South Kaneohe Bay,21.4259,-157.7656,2022-11-13,2022-11-13T18:00:00.000Z,86,=,high,0
8a459d98-c535-4e99-9cf6-89a5ecd29dec,1164,East Oʻahu: Waiāhole Beach Park,21.483904,-157.844949,2022-11-13,2022-11-13T18:00:00.000Z,1723,=,outgoing,1
60913daf-3236-419f-8a37-388d89af24af,780,North Oʻahu: Pūpūkea tidepools,21.649846,-158.062988,2022-11-13,2022-11-13T18:00:00.000Z,171,=,high,1
859acbd4-ecf5-462f-8866-5ce76b37d84d,8915,West Oʻahu: Pōkaʻi Bay- outside,21.4410874,-158.1908961,2022-11-13,2022-11-13T17:35:00.000Z,10,<,high,0
36312784-ba60-4f32-ad6c-cdc8d7d96f60,8916,West Oʻahu: Pōkaʻi Bay- Inside,21.4415602,-158.1907114,2022-11-13,2022-11-13T17:30:00.000Z,20,=,high,0
d9658d7b-5f14-496d-9f3c-f1ab08050e70,8924,West Oʻahu: Kaupuni Stream,21.4487068,-158.1897632,2022-11-13,2022-11-13T17:25:00.000Z,275,=,high,1
2327229e-b903-4bae-8105-fcf37c8b8951,1195,North Oʻahu: Kahaone Place,21.58323,-158.1247,2022-11-13,2022-11-13T17:15:00.000Z,464,=,high,1
00687218-6fe8-44be-b25f-ab5a2a892a8f,8923,Kawela Bay,21.6961378,-158.0116569,2022-11-13,2022-11-13T17:10:00.000Z,51,=,high,0
282db184-7341-4259-ad92-0f88d424cb06,8894,East Oʻahu: Kailua Beach Park,21.397806,-157.726,2022-11-13,2022-11-13T17:10:00.000Z,10,<,high,0
01b5c4db-49f8-4101-83f5-a89c5a703ca5,991,East Oʻahu: Kaimalino,21.425185,-157.740142,2022-11-13,2022-11-13T17:10:00.000Z,185,=,high,1
38b0c79e-c2df-49d2-b73b-b3afc4196123,1196,East Oʻahu: Heʻeia Stream,21.44035,-157.809708,2022-11-13,2022-11-13T16:30:00.000Z,20,=,high,0
754400f0-73be-4678-b8bb-6b242ca1fa1e,777,East Oʻahu: Kahaluʻu Beach,21.46011,-157.839571,2022-11-13,2022-11-13T16:25:00.000Z,1565,=,high,1
b08dcc3c-643c-4f09-bc73-a8c7b577e586,8924,West Oʻahu: Kaupuni Stream,21.4487068,-158.1897632,2022-10-30,2022-10-30T19:20:00.000Z,364,=,high,1
f0687610-051a-4aee-ae48-3101fca5068c,525,Point Panic - Stairs,21.290516,-157.860975,2022-10-30,2022-10-30T19:15:00.000Z,10,=,high,0
0b115513-dc0f-4fdf-8ab5-67cb8de35362,1164,East Oʻahu: Waiāhole Beach Park,21.483904,-157.844949,2022-10-30,2022-10-30T19:10:00.000Z,1081,=,high,1
04327c1b-2f3e-46ba-9052-4f8464229dc3,858,South Oʻahu: Magic Island Bowls,21.282953,-157.845657,2022-10-30,2022-10-30T19:10:00.000Z,52,=,high,0
da203a90-33f0-4403-9ecc-4fac5202fe0c,776,South Oʻahu: Kaʻalāwai (Black Point/Cromwells),21.2574,-157.7968,2022-10-30,2022-10-30T18:45:00.000Z,120,=,high,0
bc8c459c-3a2b-4567-8547-03d5507f91f6,859,South Oʻahu: Magic Island Canoe Launch,21.28777,-157.844116,2022-10-30,2022-10-30T18:45:00.000Z,209,=,high,1
aedc6d0d-8c67-4dfb-87cf-64339b3ca6b7,779,North Oʻahu: Chocolates,21.59493,-158.103673,2022-10-30,2022-10-30T18:40:00.000Z,529,=,high,1
3c076d11-0d52-41b7-ab8e-8bfcb6f2045a,981,South Oʻahu: Kaʻalāwai (Black Point-East),21.259798,-157.789825,2022-10-30,2022-10-30T18:35:00.000Z,51,=,high,0
2875d1f4-f461-4542-b2cb-a8147392ccb2,1165,South Oʻahu: Wailupe Beach Park,21.27607,-157.76163,2022-10-30,2022-10-30T18:25:00.000Z,97,=,high,0
fe6e1e0e-5325-4f19-9d15-3233a45bc74d,861,South Oʻahu: Waialae Beach Park,21.26885,-157.77655,2022-10-30,2022-10-30T18:25:00.000Z,52,=,high,0
62f31626-8b58-49a4-8eda-6736f330ad0a,550,Waimānalo Bay Beach Park,21.342058,-157.699493,2022-10-30,2022-10-30T18:20:00.000Z,10,<,high,0
e361418d-d687-48bb-993f-43142596f975,979,East Oʻahu: Hakipuʻu Boat Ramp,21.506487,-157.85131,2022-10-30,2022-10-30T18:15:00.000Z,52,=,high,0
1837623e-5fce-47a8-8d04-b5a67aff1c68,862,South Oʻahu: Kuliʻouʻou Stream,21.28369,-157.721654,2022-10-30,2022-10-30T18:15:00.000Z,473,=,high,1
283fd26c-ca7a-4cba-9648-4ea116344858,8916,West Oʻahu: Pōkaʻi Bay- Inside,21.4415602,-158.1907114,2022-10-30,2022-10-30T18:15:00.000Z,10,<,incoming,0
1bb966b1-9c19-4e7e-b27f-8c36eecc826e,8915,West Oʻahu: Pōkaʻi Bay- outside,21.4410874,-158.1908961,2022-10-30,2022-10-30T18:15:00.000Z,10,<,incoming,0
34d692e1-8caa-411f-973b-fd0d01d8a9af,780,North Oʻahu: Pūpūkea tidepools,21.649846,-158.062988,2022-10-30,2022-10-30T18:10:00.000Z,52,=,high,0
b708b354-cf8b-4eda-bdf1-a539818143b4,906,East Oʻahu: South Kaneohe Bay,21.4259,-157.7656,2022-10-30,2022-10-30T18:10:00.000Z,86,=,high,0
5512916b-eae3-44f3-a9be-822f0de5de5d,8923,Kawela Bay,21.6961378,-158.0116569,2022-10-30,2022-10-30T18:05:00.000Z,52,=,high,0
a008a88a-8a33-4b8c-851d-3d15fa0d2036,1197,North Oʻahu: Kaiaka Bay,21.5902778,-158.1191667,2022-10-30,2022-10-30T18:00:00.000Z,323,=,high,1
fb18226c-20f9-446a-aa5a-f0c1a1a8262d,991,East Oʻahu: Kaimalino,21.425185,-157.740142,2022-10-30,2022-10-30T18:00:00.000Z,20,=,high,0
1c7543de-3559-47bc-91ee-c6dcbe41be6d,1195,North Oʻahu: Kahaone Place,21.58323,-158.1247,2022-10-30,2022-10-30T17:45:00.000Z,10,=,high,0
c0649db3-0974-4c36-ad38-3850dc26c503,8894,East Oʻahu: Kailua Beach Park,21.397806,-157.726,2022-10-30,2022-10-30T17:10:00.000Z,20,=,high,0
d9d68246-da2d-4970-835f-6ad8571ae6ce,1196,East Oʻahu: Heʻeia Stream,21.44035,-157.809708,2022-10-30,2022-10-30T16:30:00.000Z,30,=,high,0
21e9df8b-ed1f-4a8d-aaae-80c88f6ebb0d,777,East Oʻahu: Kahaluʻu Beach,21.46011,-157.839571,2022-10-30,2022-10-30T16:25:00.000Z,905,=,high,1
e86660cf-2c7d-4bb1-b759-8cdc4862628d,525,Point Panic - Stairs,21.290516,-157.860975,2022-10-16,2022-10-16T19:15:00.000Z,20,=,high,0
220d1ff9-43be-4660-beb6-b4001bc5b684,776,South Oʻahu: Kaʻalāwai (Black Point/Cromwells),21.2574,-157.7968,2022-10-16,2022-10-16T18:55:00.000Z,20,=,high,0
fb616448-5524-49bd-b9d1-27bdac07fa4f,981,South Oʻahu: Kaʻalāwai (Black Point-East),21.259798,-157.789825,2022-10-16,2022-10-16T18:45:00.000Z,1354,=,high,1
a0a14ac4-b86e-4425-af26-acb2ecfdbc17,779,North Oʻahu: Chocolates,21.59493,-158.103673,2022-10-16,2022-10-16T18:40:00.000Z,199,=,high,1
c6c1bda5-60ca-48e2-81be-94f6c41ddc31,979,East Oʻahu: Hakipuʻu Boat Ramp,21.506487,-157.85131,2022-10-16,2022-10-16T18:40:00.000Z,31,=,high,0
a72ea215-7b42-46be-b815-6f8ef596dd1d,861,South Oʻahu: Waialae Beach Park,21.26885,-157.77655,2022-10-16,2022-10-16T18:30:00.000Z,10,=,high,0
558a3007-6196-4c31-92c3-bd1c211ae6e4,1165,South Oʻahu: Wailupe Beach Park,21.27607,-157.76163,2022-10-16,2022-10-16T18:30:00.000Z,10,=,high,0
d6a58b03-2d68-4f52-af76-2b058aea5d6b,1164,East Oʻahu: Waiāhole Beach Park,21.483904,-157.844949,2022-10-16,2022-10-16T18:15:00.000Z,738,=,high,1
cadbd87d-43cd-4f07-b566-7473118672a0,858,South Oʻahu: Magic Island Bowls,21.282953,-157.845657,2022-10-16,2022-10-16T18:15:00.000Z,10,=,high,0
991d93db-e81a-432d-968d-b018b03c75bb,859,South Oʻahu: Magic Island Canoe Launch,21.28777,-157.844116,2022-10-16,2022-10-16T18:15:00.000Z,97,=,high,0
24b782f8-bc49-4c40-b1e1-507ecfabb693,862,South Oʻahu: Kuliʻouʻou Stream,21.28369,-157.721654,2022-10-16,2022-10-16T18:15:00.000Z,1674,=,high,1
00a478fa-a09a-4e1f-a230-085fec2e85fd,550,Waimānalo Bay Beach Park,21.342058,-157.699493,2022-10-16,2022-10-16T18:10:00.000Z,10,<,high,0
68061227-c40e-4fdb-8954-c9b208f5a6da,780,North Oʻahu: Pūpūkea tidepools,21.649846,-158.062988,2022-10-16,2022-10-16T18:00:00.000Z,10,<,high,0
6d7fcc62-5d9a-437d-9a01-5e9a71b51459,8924,West Oʻahu: Kaupuni Stream,21.4487068,-158.1897632,2022-10-16,2022-10-16T18:00:00.000Z,650,=,incoming,1
52856481-2727-4184-917d-41102f5620d2,8923,Kawela Bay,21.6961378,-158.0116569,2022-10-16,2022-10-16T18:00:00.000Z,10,=,incoming,0
7ce3917f-7376-44a2-b79f-89cb245327fe,1197,North Oʻahu: Kaiaka Bay,21.5902778,-158.1191667,2022-10-16,2022-10-16T17:55:00.000Z,10,=,high,0
ddc6f0c9-be37-4b8a-9957-9df18ceaaab1,8916,West Oʻahu: Pōkaʻi Bay- Inside,21.4415602,-158.1907114,2022-10-16,2022-10-16T17:45:00.000Z,10,=,incoming,0
f07a6c37-b786-4604-b6cd-a0b72a4e7040,1195,North Oʻahu: Kahaone Place,21.58323,-158.1247,2022-10-16,2022-10-16T17:40:00.000Z,10,<,high,0
42c4f673-cbbe-4afd-82d9-ee88981f7d5a,8894,East Oʻahu: Kailua Beach Park,21.397806,-157.726,2022-10-16,2022-10-16T17:25:00.000Z,10,=,high,0
fccd47df-b7c9-4051-bfca-fe0817718db5,1196,East Oʻahu: Heʻeia Stream,21.44035,-157.809708,2022-10-16,2022-10-16T16:30:00.000Z,359,=,high,1
35a3f22e-4bb0-40d6-be01-22332b78be39,777,East Oʻahu: Kahaluʻu Beach,21.46011,-157.839571,2022-10-16,2022-10-16T16:20:00.000Z,2613,=,incoming,1
cf4d9b88-75bf-436d-b58f-e9a90f48c985,906,East Oʻahu: South Kaneohe Bay,21.4259,-157.7656,2022-10-16,2022-10-16T16:15:00.000Z,20,=,incoming,0
cd485024-cdaf-44c3-9118-33a144a6f278,525,Point Panic - Stairs,21.290516,-157.860975,2022-10-02,2022-10-02T19:30:00.000Z,10,<,incoming,0
eeed0417-eb78-47ab-b413-67d29b1a4519,859,South Oʻahu: Magic Island Canoe Launch,21.28777,-157.844116,2022-10-02,2022-10-02T19:00:00.000Z,75,=,high,0
d892e078-614b-4629-8810-83e65270f2c2,858,South Oʻahu: Magic Island Bowls,21.282953,-157.845657,2022-10-02,2022-10-02T18:50:00.000Z,10,<,high,0
553fcfa2-974f-4187-8345-422d0fc7cf64,776,South Oʻahu: Kaʻalāwai (Black Point/Cromwells),21.2574,-157.7968,2022-10-02,2022-10-02T18:45:00.000Z,20,=,high,0
c0443795-ad54-4237-8470-c753c5a87e3c,1165,South Oʻahu: Wailupe Beach Park,21.27607,-157.76163,2022-10-02,2022-10-02T18:45:00.000Z,259,=,high,1
5c7aaf93-3e15-47ea-a4ad-d3c58be1ef75,981,South Oʻahu: Kaʻalāwai (Black Point-East),21.259798,-157.789825,2022-10-02,2022-10-02T18:35:00.000Z,20,=,high,0
c796e5ee-d81b-4ec4-92bf-14b2daca0412,1164,East Oʻahu: Waiāhole Beach Park,21.483904,-157.844949,2022-10-02,2022-10-02T18:30:00.000Z,1019,=,high,1
21463759-cade-4cc9-9d90-5db915da0266,979,East Oʻahu: Hakipuʻu Boat Ramp,21.506487,-157.85131,2022-10-02,2022-10-02T18:30:00.000Z,784,=,high,1
42cea4c9-d333-4ae1-9584-7e364d75c889,861,South Oʻahu: Waialae Beach Park,21.26885,-157.77655,2022-10-02,2022-10-02T18:25:00.000Z,20,=,high,0
26578fa2-cccb-468e-bb69-0681228d6eba,780,North Oʻahu: Pūpūkea tidepools,21.649846,-158.062988,2022-10-02,2022-10-02T18:15:00.000Z,754,=,high,1
ca2822fa-91c8-4571-9b9e-560f9d5e48b2,862,South Oʻahu: Kuliʻouʻou Stream,21.28369,-157.721654,2022-10-02,2022-10-02T18:15:00.000Z,84,=,high,0
fc776cdd-6652-495a-b807-8ed3154ab01c,779,North Oʻahu: Chocolates,21.59493,-158.103673,2022-10-02,2022-10-02T18:00:00.000Z,213,=,high,1
721f713f-fc9d-41f3-8f72-be713a590aec,8924,West Oʻahu: Kaupuni Stream,21.4487068,-158.1897632,2022-10-02,2022-10-02T17:55:00.000Z,63,=,incoming,0
75be6410-b9ea-423c-bffa-1095179fd3ee,8923,Kawela Bay,21.6961378,-158.0116569,2022-10-02,2022-10-02T17:50:00.000Z,10,=,high,0
a5e02d2c-683e-47ce-8251-8391d98a4903,906,East Oʻahu: South Kaneohe Bay,21.4259,-157.7656,2022-10-02,2022-10-02T17:45:00.000Z,20,=,incoming,0
f2edb206-bbaf-4592-9fa7-b7963f208fc3,1195,North Oʻahu: Kahaone Place,21.58323,-158.1247,2022-10-02,2022-10-02T17:40:00.000Z,122,=,high,0
18694c45-f5b0-4bba-98d7-7f65f7572285,1197,North Oʻahu: Kaiaka Bay,21.5902778,-158.1191667,2022-10-02,2022-10-02T17:40:00.000Z,84,=,high,0
69c87f75-6e25-4e08-b4e1-9e6f17a29665,8915,West Oʻahu: Pōkaʻi Bay- outside,21.4410874,-158.1908961,2022-10-02,2022-10-02T17:35:00.000Z,10,<,incoming,0
9889da64-f1f5-4098-be68-bdba154c83ba,8916,West Oʻahu: Pōkaʻi Bay- Inside,21.4415602,-158.1907114,2022-10-02,2022-10-02T17:35:00.000Z,10,=,incoming,0
26eed67e-2274-4b0f-bfeb-5e9d8c4cc20d,550,Waimānalo Bay Beach Park,21.342058,-157.699493,2022-10-02,2022-10-02T17:20:00.000Z,10,<,incoming,0
228e55ef-64d0-42d1-9989-f552a5d8c293,991,East Oʻahu: Kaimalino,21.425185,-157.740142,2022-10-02,2022-10-02T17:10:00.000Z,10,=,incoming,0
9e2d6942-beb7-4296-a5b1-4acab77a2052,8894,East Oʻahu: Kailua Beach Park,21.397806,-157.726,2022-10-02,2022-10-02T17:10:00.000Z,10,=,incoming,0
b21da66e-6654-4c45-bacc-8d9302ee91a5,777,East Oʻahu: Kahaluʻu Beach,21.46011,-157.839571,2022-10-02,2022-10-02T16:30:00.000Z,63,=,incoming,0
a39f5fdc-e7bd-424d-8973-4a0a5f25c5b9,525,Point Panic - Stairs,21.290516,-157.860975,2022-09-18,2022-09-18T19:35:00.000Z,20,=,high,0
89f214a5-a95a-439e-9572-069e49707e6b,1165,South Oʻahu: Wailupe Beach Park,21.27607,-157.76163,2022-09-18,2022-09-18T19:00:00.000Z,41,=,high,0
c9f84708-6e86-4246-a9fc-e1416ce69255,776,South Oʻahu: Kaʻalāwai (Black Point/Cromwells),21.2574,-157.7968,2022-09-18,2022-09-18T18:55:00.000Z,52,=,high,0
952b6a88-0773-40a2-814a-a42efa3966c6,858,South Oʻahu: Magic Island Bowls,21.282953,-157.845657,2022-09-18,2022-09-18T18:55:00.000Z,10,=,high,0
785a40b2-4328-4efe-b1ee-39a1af476b75,8915,West Oʻahu: Pōkaʻi Bay- outside,21.4410874,-158.1908961,2022-09-18,2022-09-18T18:45:00.000Z,10,<,low,0
48313cff-9379-4850-812d-238194c1ad3d,859,South Oʻahu: Magic Island Canoe Launch,21.28777,-157.844116,2022-09-18,2022-09-18T18:45:00.000Z,63,=,high,0
b9a850d4-fb24-4d55-a5f7-b2ebbc881fe1,979,East Oʻahu: Hakipuʻu Boat Ramp,21.506487,-157.85131,2022-09-18,2022-09-18T18:45:00.000Z,41,=,incoming,0
82b4497b-8813-4fba-9c60-5e6d2957e8d0,981,South Oʻahu: Kaʻalāwai (Black Point-East),21.259798,-157.789825,2022-09-18,2022-09-18T18:45:00.000Z,24196,>,incoming,1
fa904336-74f7-4dfc-8f05-739d24dc7c30,861,South Oʻahu: Waialae Beach Park,21.26885,-157.77655,2022-09-18,2022-09-18T18:35:00.000Z,10,<,high,0
04d0ab97-3575-4580-b4b6-14b65d5b49c6,779,North Oʻahu: Chocolates,21.59493,-158.103673,2022-09-18,2022-09-18T18:34:00.000Z,305,=,low,1
0cb8dcfa-f460-482a-a042-5d624c656ceb,8924,West Oʻahu: Kaupuni Stream,21.4487068,-158.1897632,2022-09-18,2022-09-18T18:30:00.000Z,98,=,low,0
bf311683-7db3-4ece-b907-7fe0dfb0710d,991,East Oʻahu: Kaimalino,21.425185,-157.740142,2022-09-18,2022-09-18T18:30:00.000Z,30,=,incoming,0
ec22747e-2d5e-477b-9863-d3d100bc7810,862,South Oʻahu: Kuliʻouʻou Stream,21.28369,-157.721654,2022-09-18,2022-09-18T18:15:00.000Z,203,=,incoming,1
a4a1f388-cf2c-45bf-9d5e-65eae1450268,780,North Oʻahu: Pūpūkea tidepools,21.649846,-158.062988,2022-09-18,2022-09-18T18:10:00.000Z,10,<,high,0
81402756-8930-4b54-9d9f-881741750b30,906,East Oʻahu: South Kaneohe Bay,21.4259,-157.7656,2022-09-18,2022-09-18T18:00:00.000Z,20,=,low,0
72adfa0d-586f-4a6b-8498-47d4de35f527,1197,North Oʻahu: Kaiaka Bay,21.5902778,-158.1191667,2022-09-18,2022-09-18T17:51:00.000Z,10,=,high,0
683a25fa-7b84-45b9-b752-05000eb33975,1195,North Oʻahu: Kahaone Place,21.58323,-158.1247,2022-09-18,2022-09-18T17:38:00.000Z,10,=,high,0
15fcb4ed-f330-450c-ba4e-04911fed12b0,1164,East Oʻahu: Waiāhole Beach Park,21.483904,-157.844949,2022-09-18,2022-09-18T17:30:00.000Z,364,=,incoming,1
575a2a94-4bba-48f1-906a-504b73e7a582,550,Waimānalo Bay Beach Park,21.342058,-157.699493,2022-09-18,2022-09-18T17:30:00.000Z,10,<,incoming,0
b2b6c89d-fea0-4d14-b1ae-29fa87a7a283,8916,West Oʻahu: Pōkaʻi Bay- Inside,21.4415602,-158.1907114,2022-09-18,2022-09-18T17:30:00.000Z,10,<,low,0
1c54252f-b0d2-49fe-b1c2-566bd10b0735,8894,East Oʻahu: Kailua Beach Park,21.397806,-157.726,2022-09-18,2022-09-18T17:15:00.000Z,10,<,incoming,0
91956078-90c8-46cc-87ee-75b7cd0e58d8,1196,East Oʻahu: Heʻeia Stream,21.44035,-157.809708,2022-09-18,2022-09-18T16:30:00.000Z,512,=,incoming,1
f2f31c66-c29f-4b58-963f-44e7ac7c2259,777,East Oʻahu: Kahaluʻu Beach,21.46011,-157.839571,2022-09-18,2022-09-18T16:30:00.000Z,933,=,incoming,1
5a6dd000-d061-4b48-87cf-829e5ee24169,858,South Oʻahu: Magic Island Bowls,21.282953,-157.845657,2022-09-04,2022-09-04T19:10:00.000Z,63,=,incoming,0
e6273bdc-45a8-47a5-bd5b-7a2fef574ea5,979,East Oʻahu: Hakipuʻu Boat Ramp,21.506487,-157.85131,2022-09-04,2022-09-04T19:10:00.000Z,161,=,incoming,1
b19596bf-25f2-4f30-9f85-d70c06974fe4,1164,East Oʻahu: Waiāhole Beach Park,21.483904,-157.844949,2022-09-04,2022-09-04T19:00:00.000Z,789,=,incoming,1
848ad6bb-3386-4550-9b57-a1014873ee4a,525,Point Panic - Stairs,21.290516,-157.860975,2022-09-04,2022-09-04T19:00:00.000Z,10,<,incoming,0
418b49c9-91b4-4999-86b5-89f30a013031,1165,South Oʻahu: Wailupe Beach Park,21.27607,-157.76163,2022-09-04,2022-09-04T19:00:00.000Z,31,=,incoming,0
7621943d-f713-458e-b97b-7e92653f2d8e,859,South Oʻahu: Magic Island Canoe Launch,21.28777,-157.844116,2022-09-04,2022-09-04T19:00:00.000Z,216,=,incoming,1
3110baff-a455-4b63-a585-58b10cef53fc,776,South Oʻahu: Kaʻalāwai (Black Point/Cromwells),21.2574,-157.7968,2022-09-04,2022-09-04T18:40:00.000Z,10,<,incoming,0
7c6bb3cc-9724-4dbb-8adf-add4e95ce26e,981,South Oʻahu: Kaʻalāwai (Black Point-East),21.259798,-157.789825,2022-09-04,2022-09-04T18:30:00.000Z,10,<,incoming,0
d1c6286a-6fa4-483f-a027-be1b7e90f3fb,861,South Oʻahu: Waialae Beach Park,21.26885,-157.77655,2022-09-04,2022-09-04T18:15:00.000Z,41,=,incoming,0
06663d00-a0f7-4714-9731-25a82e3dc750,862,South Oʻahu: Kuliʻouʻou Stream,21.28369,-157.721654,2022-09-04,2022-09-04T18:15:00.000Z,717,=,incoming,1
4179b954-55f6-4f3b-826b-fb7bc1a60c04,550,Waimānalo Bay Beach Park,21.342058,-157.699493,2022-09-04,2022-09-04T18:10:00.000Z,10,<,incoming,0
f43ba2d6-9ac6-4e54-9eb1-0baeb58839b6,8924,West Oʻahu: Kaupuni Stream,21.4487068,-158.1897632,2022-09-04,2022-09-04T17:45:00.000Z,52,=,incoming,0
7dda6c86-8c14-4d97-8b33-5e091d355510,8916,West Oʻahu: Pōkaʻi Bay- Inside,21.4415602,-158.1907114,2022-09-04,2022-09-04T17:35:00.000Z,51,=,incoming,0
3aff2ab7-2047-46b0-bf04-a332328b834d,8915,West Oʻahu: Pōkaʻi Bay- outside,21.4410874,-158.1908961,2022-09-04,2022-09-04T17:35:00.000Z,41,=,incoming,0
02d24d59-3615-4b63-b794-56fa4baefe31,8894,East Oʻahu: Kailua Beach Park,21.397806,-157.726,2022-09-04,2022-09-04T17:00:00.000Z,10,<,incoming,0
8b6b79d4-dc26-4aef-8172-79a52adabd71,991,East Oʻahu: Kaimalino,21.425185,-157.740142,2022-09-04,2022-09-04T17:00:00.000Z,10,<,incoming,0
7f9364dc-ae0c-48c4-a0df-abb8c141d38c,777,East Oʻahu: Kahaluʻu Beach,21.46011,-157.839571,2022-09-04,2022-09-04T16:35:00.000Z,11199,=,incoming,1
d1c7b9d1-3b1f-4566-adf8-4a6abc3378b8,1196,East Oʻahu: Heʻeia Stream,21.44035,-157.809708,2022-09-04,2022-09-04T16:30:00.000Z,171,=,incoming,1
c6d2806b-fb55-435e-8311-8746815ab397,906,East Oʻahu: South Kaneohe Bay,21.4259,-157.7656,2022-09-04,2022-09-04T16:15:00.000Z,20,=,incoming,0
eb1c6f9f-5194-4006-b2b3-21c4b507a63d,8923,Kawela Bay,21.6961378,-158.0116569,2022-08-21,2022-08-21T19:30:00.000Z,10,<,incoming,0
30edd3ed-1a1c-44e5-94fc-996297be797b,525,Point Panic - Stairs,21.290516,-157.860975,2022-08-21,2022-08-21T19:00:00.000Z,10,<,incoming,0
6ad0f7b7-b1bc-4875-9842-3bfc0d4e2857,1165,South Oʻahu: Wailupe Beach Park,21.27607,-157.76163,2022-08-21,2022-08-21T19:00:00.000Z,10,<,incoming,0
56f8e08d-8742-40a1-a6b5-5b942eb62303,1164,East Oʻahu: Waiāhole Beach Park,21.483904,-157.844949,2022-08-21,2022-08-21T18:30:00.000Z,110,=,incoming,0
acbf0eac-9c37-4d58-b9fa-ad61dc35a0bd,859,South Oʻahu: Magic Island Canoe Launch,21.28777,-157.844116,2022-08-21,2022-08-21T18:30:00.000Z,20,=,incoming,0
5fade58b-e1ac-42e0-a2e4-c39027148332,858,South Oʻahu: Magic Island Bowls,21.282953,-157.845657,2022-08-21,2022-08-21T18:30:00.000Z,10,<,incoming,0
fb21785c-e61b-4287-93dc-845c88403e3c,779,North Oʻahu: Chocolates,21.59493,-158.103673,2022-08-21,2022-08-21T18:13:00.000Z,84,=,incoming,0
81e20965-5f80-4b6b-a1b4-fa4e4cbe4b61,1197,North Oʻahu: Kaiaka Bay,21.5902778,-158.1191667,2022-08-21,2022-08-21T18:05:00.000Z,10,<,incoming,0
62a419f6-0046-40b8-811f-3b6065c367f3,780,North Oʻahu: Pūpūkea tidepools,21.649846,-158.062988,2022-08-21,2022-08-21T18:05:00.000Z,161,=,incoming,1
74cbaf84-43f3-4f90-a6b7-00974e2df594,550,Waimānalo Bay Beach Park,21.342058,-157.699493,2022-08-21,2022-08-21T18:00:00.000Z,10,<,incoming,0
8b29dfe4-23ae-47e4-bfb8-d9550258e860,8916,West Oʻahu: Pōkaʻi Bay- Inside,21.4415602,-158.1907114,2022-08-21,2022-08-21T18:00:00.000Z,10,<,low,0
90d26617-f1f7-4a7f-b503-4f8bc9b179bf,862,South Oʻahu: Kuliʻouʻou Stream,21.28369,-157.721654,2022-08-21,2022-08-21T18:00:00.000Z,253,=,low,1
1282e663-c442-403a-946f-0d8e64311942,8924,West Oʻahu: Kaupuni Stream,21.4487068,-158.1897632,2022-08-21,2022-08-21T18:00:00.000Z,63,=,outgoing,0
0c789ccc-711c-4363-899e-2ab2c5b9923d,8915,West Oʻahu: Pōkaʻi Bay- outside,21.4410874,-158.1908961,2022-08-21,2022-08-21T18:00:00.000Z,20,=,low,0
cf2cb1f1-7911-434d-8652-981a5e77525b,979,East Oʻahu: Hakipuʻu Boat Ramp,21.506487,-157.85131,2022-08-21,2022-08-21T18:00:00.000Z,30,=,low,0
11158361-a144-4826-bf09-84d6aebd05d6,1195,North Oʻahu: Kahaone Place,21.58323,-158.1247,2022-08-21,2022-08-21T17:50:00.000Z,10,<,incoming,0
d946ed86-fb4e-4818-a0c6-5648777a5e82,991,East Oʻahu: Kaimalino,21.425185,-157.740142,2022-08-21,2022-08-21T17:30:00.000Z,10,<,incoming,0
95770f5e-4849-47ed-9bb7-6e297b90b355,8894,East Oʻahu: Kailua Beach Park,21.397806,-157.726,2022-08-21,2022-08-21T17:15:00.000Z,10,<,incoming,0
e6d86595-0dfd-4b24-9b00-688e6bbe06c7,1196,East Oʻahu: Heʻeia Stream,21.44035,-157.809708,2022-08-21,2022-08-21T16:30:00.000Z,98,=,low,0
038a41c0-ff9b-4eec-9ab5-3b70449b1ad0,777,East Oʻahu: Kahaluʻu Beach,21.46011,-157.839571,2022-08-21,2022-08-21T16:28:00.000Z,384,=,low,1
8f2844c3-b8f8-4920-82dd-b58dfac2ca39,906,East Oʻahu: South Kaneohe Bay,21.4259,-157.7656,2022-08-21,2022-08-21T16:24:00.000Z,30,=,low,0
dc3a1bd1-ed5e-459d-994f-ab52218631c1,525,Point Panic - Stairs,21.290516,-157.860975,2022-08-07,2022-08-07T19:30:00.000Z,10,<,incoming,0
bd63d63e-47f0-4d58-ab96-a7f64d9ece58,858,South Oʻahu: Magic Island Bowls,21.282953,-157.845657,2022-08-07,2022-08-07T19:10:00.000Z,10,<,incoming,0
18b11968-a00c-46dd-b86e-75cd49616b66,8916,West Oʻahu: Pōkaʻi Bay- Inside,21.4415602,-158.1907114,2022-08-07,2022-08-07T19:10:00.000Z,10,<,low,0
6fdc46e0-202f-42da-b734-ae5b45cc5052,859,South Oʻahu: Magic Island Canoe Launch,21.28777,-157.844116,2022-08-07,2022-08-07T19:00:00.000Z,441,=,incoming,1
839fe3a2-8cca-4ee8-9483-c492a9a40a64,776,South Oʻahu: Kaʻalāwai (Black Point/Cromwells),21.2574,-157.7968,2022-08-07,2022-08-07T18:50:00.000Z,30,=,incoming,0
c9c663c4-f83f-4c05-9bc3-95abec009714,1164,East Oʻahu: Waiāhole Beach Park,21.483904,-157.844949,2022-08-07,2022-08-07T18:30:00.000Z,359,=,incoming,1
ab4b7180-5565-4fff-a4f8-b44706e47e44,1165,South Oʻahu: Wailupe Beach Park,21.27607,-157.76163,2022-08-07,2022-08-07T18:30:00.000Z,10,=,incoming,0
297dbd84-a58e-4128-9cac-cd8c50815833,861,South Oʻahu: Waialae Beach Park,21.26885,-157.77655,2022-08-07,2022-08-07T18:30:00.000Z,20,=,incoming,0
fb6fcffc-8ffa-452a-ab17-ae6cdd54376e,8915,West Oʻahu: Pōkaʻi Bay- outside,21.4410874,-158.1908961,2022-08-07,2022-08-07T18:30:00.000Z,10,<,low,0
3b82503a-0978-4d85-aa05-90a938310b3f,979,East Oʻahu: Hakipuʻu Boat Ramp,21.506487,-157.85131,2022-08-07,2022-08-07T18:30:00.000Z,906,=,incoming,1
41c0a420-0ea5-4646-9c6f-e988ed419a00,8894,East Oʻahu: Kailua Beach Park,21.397806,-157.726,2022-08-07,2022-08-07T18:00:00.000Z,10,<,incoming,0
8dd5a17f-7269-449e-80bc-f18f676345b9,862,South Oʻahu: Kuliʻouʻou Stream,21.28369,-157.721654,2022-08-07,2022-08-07T18:00:00.000Z,110,=,low,0
7f732d1c-8afd-471f-9296-c76724d7faac,550,Waimānalo Bay Beach Park,21.342058,-157.699493,2022-08-07,2022-08-07T17:30:00.000Z,10,=,incoming,0
466a7f85-4c72-4499-a1ed-20480835124c,991,East Oʻahu: Kaimalino,21.425185,-157.740142,2022-08-07,2022-08-07T17:15:00.000Z,30,=,low,0
ffa63c6d-6131-4563-b1d6-c8e0ed3ce085,981,South Oʻahu: Kaʻalāwai (Black Point-East),21.259798,-157.789825,2022-08-07,2022-08-07T17:15:00.000Z,171,=,incoming,1
0b40359c-4309-419c-a2da-da5e3bee6d51,1196,East Oʻahu: Heʻeia Stream,21.44035,-157.809708,2022-08-07,2022-08-07T16:30:00.000Z,195,=,low,1
b8e77d58-e3ba-487f-b20d-dd13e6beae4a,906,East Oʻahu: South Kaneohe Bay,21.4259,-157.7656,2022-08-07,2022-08-07T16:30:00.000Z,10,<,low,0
1d3b5d46-6749-4517-a348-6a9dafac4c77,777,East Oʻahu: Kahaluʻu Beach,21.46011,-157.839571,2022-08-07,2022-08-07T16:25:00.000Z,3255,=,incoming,1
ed8926f4-4a75-4547-8f65-b69457012dd7,525,Point Panic - Stairs,21.290516,-157.860975,2022-07-24,2022-07-24T19:25:00.000Z,10,<,incoming,0
0207f700-651c-46b3-aeb5-32b6f4399659,858,South Oʻahu: Magic Island Bowls,21.282953,-157.845657,2022-07-24,2022-07-24T19:05:00.000Z,10,<,incoming,0
472a07c1-d9da-4df8-8930-862cded5d092,1165,South Oʻahu: Wailupe Beach Park,21.27607,-157.76163,2022-07-24,2022-07-24T19:00:00.000Z,10,=,incoming,0
d8310ee1-b5e9-4d0e-9b3c-2872f27ae970,859,South Oʻahu: Magic Island Canoe Launch,21.28777,-157.844116,2022-07-24,2022-07-24T18:50:00.000Z,52,=,incoming,0
af2a0e65-a466-46bf-a0f6-7c28d050a0f9,776,South Oʻahu: Kaʻalāwai (Black Point/Cromwells),21.2574,-157.7968,2022-07-24,2022-07-24T18:45:00.000Z,10,=,incoming,0
354267f4-5494-49d8-b398-c117feddcf9c,979,East Oʻahu: Hakipuʻu Boat Ramp,21.506487,-157.85131,2022-07-24,2022-07-24T18:40:00.000Z,120,=,incoming,0
0ef8588e-5a6a-4a0c-a297-6c9b354fc556,981,South Oʻahu: Kaʻalāwai (Black Point-East),21.259798,-157.789825,2022-07-24,2022-07-24T18:35:00.000Z,10,<,incoming,0
713e48e0-d9bc-411a-a1c0-d0a2b01ecb49,1164,East Oʻahu: Waiāhole Beach Park,21.483904,-157.844949,2022-07-24,2022-07-24T18:35:00.000Z,74,=,incoming,0
7369a15b-e0cf-4733-9bd0-912521a9bb18,861,South Oʻahu: Waialae Beach Park,21.26885,-157.77655,2022-07-24,2022-07-24T18:25:00.000Z,10,<,incoming,0
d40236c8-a810-4122-b014-86843cfd19ac,862,South Oʻahu: Kuliʻouʻou Stream,21.28369,-157.721654,2022-07-24,2022-07-24T18:15:00.000Z,166,=,incoming,1
b480d1d5-c4df-41d3-b301-83ba03320989,8915,West Oʻahu: Pōkaʻi Bay- outside,21.4410874,-158.1908961,2022-07-24,2022-07-24T18:15:00.000Z,10,<,low,0
d990021a-f2d9-418b-9dd3-baa936c81c65,8916,West Oʻahu: Pōkaʻi Bay- Inside,21.4415602,-158.1907114,2022-07-24,2022-07-24T18:10:00.000Z,10,<,low,0
95c4dd05-4231-4478-a77e-6eb7c55b1a8e,779,North Oʻahu: Chocolates,21.59493,-158.103673,2022-07-24,2022-07-24T18:05:00.000Z,98,=,incoming,0
bbaabf60-d8bf-46da-bbb7-e347a361229d,780,North Oʻahu: Pūpūkea tidepools,21.649846,-158.062988,2022-07-24,2022-07-24T18:05:00.000Z,1246,=,incoming,1
fe360bdb-712a-43fe-b8ea-64625e50defa,1197,North Oʻahu: Kaiaka Bay,21.5902778,-158.1191667,2022-07-24,2022-07-24T17:50:00.000Z,146,=,incoming,1
286d2051-26e2-4832-a7d6-f386dee32a72,1195,North Oʻahu: Kahaone Place,21.58323,-158.1247,2022-07-24,2022-07-24T17:40:00.000Z,10,<,incoming,0
d0efec3b-e078-4394-90ca-a009dee78209,550,Waimānalo Bay Beach Park,21.342058,-157.699493,2022-07-24,2022-07-24T17:20:00.000Z,10,<,incoming,0
ee9e29e3-6dc4-468d-a629-07f0ef266f07,991,East Oʻahu: Kaimalino,21.425185,-157.740142,2022-07-24,2022-07-24T17:05:00.000Z,10,=,incoming,0
1b0407f5-5400-4fdb-a7ee-c1b5f8287a61,8894,East Oʻahu: Kailua Beach Park,21.397806,-157.726,2022-07-24,2022-07-24T17:05:00.000Z,74,=,incoming,0
2cc11ea4-df28-4c8b-b57c-0eace231946f,777,East Oʻahu: Kahaluʻu Beach,21.46011,-157.839571,2022-07-24,2022-07-24T16:35:00.000Z,621,=,outgoing,1
b6a4ae2c-034e-4656-97db-0be73c4934ca,906,East Oʻahu: South Kaneohe Bay,21.4259,-157.7656,2022-07-24,2022-07-24T16:30:00.000Z,20,=,incoming,0
eb3f0fdd-306b-4601-8da0-2d2473670e26,525,Point Panic - Stairs,21.290516,-157.860975,2022-07-10,2022-07-10T19:15:00.000Z,10,<,incoming,0
d1808447-5ab6-4582-8a9d-f3aac2bc8647,1195,North Oʻahu: Kahaone Place,21.58323,-158.1247,2022-07-10,2022-07-10T19:05:00.000Z,5475,=,incoming,1
448efa46-f7c7-4e89-b5d5-c96aa19a4444,858,South Oʻahu: Magic Island Bowls,21.282953,-157.845657,2022-07-10,2022-07-10T19:05:00.000Z,10,=,incoming,0
dfd4f60b-0c27-4fc9-85cb-46ed93b507aa,991,East Oʻahu: Kaimalino,21.425185,-157.740142,2022-07-10,2022-07-10T19:00:00.000Z,10,<,incoming,0
8ffb9f4e-b46f-477a-a5ed-2d23ee3c6345,779,North Oʻahu: Chocolates,21.59493,-158.103673,2022-07-10,2022-07-10T19:00:00.000Z,10462,=,incoming,1
246df0f1-44e4-45e4-8194-282c830b7fe7,1197,North Oʻahu: Kaiaka Bay,21.5902778,-158.1191667,2022-07-10,2022-07-10T18:50:00.000Z,8164,=,incoming,1
a0437a48-8768-4b7d-8fc9-7fa2c8f3f18a,776,South Oʻahu: Kaʻalāwai (Black Point/Cromwells),21.2574,-157.7968,2022-07-10,2022-07-10T18:50:00.000Z,10,=,incoming,0
264b9182-bdce-4002-915c-3f2b083491e9,1165,South Oʻahu: Wailupe Beach Park,21.27607,-157.76163,2022-07-10,2022-07-10T18:45:00.000Z,20,=,incoming,0
39aa067e-c2ee-4fcf-bed8-58c483180a19,859,South Oʻahu: Magic Island Canoe Launch,21.28777,-157.844116,2022-07-10,2022-07-10T18:45:00.000Z,108,=,incoming,0
c3435235-900c-4f2a-9efe-36d067479f2e,979,East Oʻahu: Hakipuʻu Boat Ramp,21.506487,-157.85131,2022-07-10,2022-07-10T18:40:00.000Z,52,=,incoming,0
8728f456-05f4-439e-9fe8-aceb909e0664,981,South Oʻahu: Kaʻalāwai (Black Point-East),21.259798,-157.789825,2022-07-10,2022-07-10T18:40:00.000Z,10,=,incoming,0
51c512f1-6255-4d5b-865a-11cd217b99eb,1164,East Oʻahu: Waiāhole Beach Park,21.483904,-157.844949,2022-07-10,2022-07-10T18:25:00.000Z,109,=,incoming,0
4e7f7d71-630e-43f8-9385-1782ce288a3b,780,North Oʻahu: Pūpūkea tidepools,21.649846,-158.062988,2022-07-10,2022-07-10T18:20:00.000Z,1529,=,incoming,1
e9d0ab16-f0d5-4b42-8158-f391b9a843ff,861,South Oʻahu: Waialae Beach Park,21.26885,-157.77655,2022-07-10,2022-07-10T18:15:00.000Z,10,<,incoming,0
85e61680-f36c-4a38-ad9c-4efcc6209172,862,South Oʻahu: Kuliʻouʻou Stream,21.28369,-157.721654,2022-07-10,2022-07-10T18:00:00.000Z,295,=,incoming,1
5d7f0896-3f93-428f-8e15-be480b7b563a,8894,East Oʻahu: Kailua Beach Park,21.397806,-157.726,2022-07-10,2022-07-10T17:15:00.000Z,10,<,incoming,0
985ede06-e6f3-4eb8-9c8f-4dcbc90761d0,550,Waimānalo Bay Beach Park,21.342058,-157.699493,2022-07-10,2022-07-10T17:15:00.000Z,10,<,incoming,0
d125fd8a-adb5-4504-8920-0a9b780f5416,777,East Oʻahu: Kahaluʻu Beach,21.46011,-157.839571,2022-07-10,2022-07-10T16:30:00.000Z,908,=,incoming,1
442ae541-21cf-4013-a5a8-4dbbbf360bcb,1196,East Oʻahu: Heʻeia Stream,21.44035,-157.809708,2022-07-10,2022-07-10T16:30:00.000Z,397,=,incoming,1
d5f1a38f-c544-4c44-9baf-985019a13964,906,East Oʻahu: South Kaneohe Bay,21.4259,-157.7656,2022-07-10,2022-07-10T16:15:00.000Z,173,=,outgoing,1
c9cae2e0-9a9e-41f1-ae9c-02110b66b309,1165,South Oʻahu: Wailupe Beach Park,21.27607,-157.76163,2022-06-26,2022-06-26T18:45:00.000Z,5794,=,low,1
0a802c9f-0acb-4360-a910-bcfbe4f56803,776,South Oʻahu: Kaʻalāwai (Black Point/Cromwells),21.2574,-157.7968,2022-06-26,2022-06-26T18:40:00.000Z,10,<,low,0
7516e574-34e2-4ec1-900d-08dbbd0ae5e2,779,North Oʻahu: Chocolates,21.59493,-158.103673,2022-06-26,2022-06-26T18:40:00.000Z,63,=,incoming,0
42fde9e4-3a7e-4fe9-b100-17e82dd1c153,861,South Oʻahu: Waialae Beach Park,21.26885,-157.77655,2022-06-26,2022-06-26T18:25:00.000Z,10,<,low,0
0a4074ca-80aa-4d4a-8538-4859df11b463,979,East Oʻahu: Hakipuʻu Boat Ramp,21.506487,-157.85131,2022-06-26,2022-06-26T18:25:00.000Z,20,=,low,0
6e036df9-0e32-4101-89cc-092b09de5f9b,859,South Oʻahu: Magic Island Canoe Launch,21.28777,-157.844116,2022-06-26,2022-06-26T18:25:00.000Z,20,=,low,0
b3821ef9-9282-488c-ac0b-5f28a2e5a273,1164,East Oʻahu: Waiāhole Beach Park,21.483904,-157.844949,2022-06-26,2022-06-26T18:15:00.000Z,52,=,low,0
47948219-c061-4a08-9224-22373a827323,862,South Oʻahu: Kuliʻouʻou Stream,21.28369,-157.721654,2022-06-26,2022-06-26T18:15:00.000Z,24196,>,incoming,1
86f0b3fa-7d0c-483d-994c-cf7c50fddcca,1197,North Oʻahu: Kaiaka Bay,21.5902778,-158.1191667,2022-06-26,2022-06-26T18:00:00.000Z,10,=,low,0
bfb3f243-4d17-4a62-b8ff-220bb6ba1ac8,525,Point Panic - Stairs,21.290516,-157.860975,2022-06-26,2022-06-26T18:00:00.000Z,10,=,incoming,0
19963ef4-acad-4c5b-b2a4-4af1a0359b3e,780,North Oʻahu: Pūpūkea tidepools,21.649846,-158.062988,2022-06-26,2022-06-26T18:00:00.000Z,10,<,low,0
e5b0b9b3-06ed-423c-b43b-29f2e5cd75f2,858,South Oʻahu: Magic Island Bowls,21.282953,-157.845657,2022-06-26,2022-06-26T18:00:00.000Z,41,=,incoming,0
ce3bffc7-52d3-453c-9a58-4db5e489e563,1195,North Oʻahu: Kahaone Place,21.58323,-158.1247,2022-06-26,2022-06-26T18:00:00.000Z,10,<,low,0
72ebf203-519a-4117-9d23-dc746708de51,906,East Oʻahu: South Kaneohe Bay,21.4259,-157.7656,2022-06-26,2022-06-26T18:00:00.000Z,50,=,low,0
f10704d2-7c66-4885-ba28-bbeab3ec22e5,8894,East Oʻahu: Kailua Beach Park,21.397806,-157.726,2022-06-26,2022-06-26T18:00:00.000Z,10,<,low,0
5074b3b4-1d08-49c2-b91d-5b5301f79b4f,991,East Oʻahu: Kaimalino,21.425185,-157.740142,2022-06-26,2022-06-26T18:00:00.000Z,10,<,low,0
be4b4436-de50-4864-9b74-78dfcfda95b7,550,Waimānalo Bay Beach Park,21.342058,-157.699493,2022-06-26,2022-06-26T17:10:00.000Z,10,<,low,0
4ec5bb6d-8936-4677-9840-18ee09d9993a,1196,East Oʻahu: Heʻeia Stream,21.44035,-157.809708,2022-06-26,2022-06-26T16:30:00.000Z,74,=,low,0
f587bc98-512b-4c4c-afdb-d6a4af1f98ac,777,East Oʻahu: Kahaluʻu Beach,21.46011,-157.839571,2022-06-26,2022-06-26T16:26:00.000Z,1086,=,low,1
b9a66572-bcb9-490f-a214-5f1abf8d2086,776,South Oʻahu: Kaʻalāwai (Black Point/Cromwells),21.2574,-157.7968,2022-06-12,2022-06-12T19:00:00.000Z,10,=,incoming,0
e29dfb7a-d6f6-4776-ba17-c1a512021b1f,1197,North Oʻahu: Kaiaka Bay,21.5902778,-158.1191667,2022-06-12,2022-06-12T19:00:00.000Z,10,<,incoming,0
38f41625-3b82-47bd-9496-eb31e6fdd81e,979,East Oʻahu: Hakipuʻu Boat Ramp,21.506487,-157.85131,2022-06-12,2022-06-12T19:00:00.000Z,31,=,incoming,0
970d9db3-1a9b-4fd3-bc79-5bb36e0f664e,862,South Oʻahu: Kuliʻouʻou Stream,21.28369,-157.721654,2022-06-12,2022-06-12T19:00:00.000Z,97,=,incoming,0
9f2f9ace-952f-426f-b9fb-b573a992d295,777,East Oʻahu: Kahaluʻu Beach,21.46011,-157.839571,2022-06-12,2022-06-12T19:00:00.000Z,798,=,outgoing,1
fe95d487-1df8-43c1-9d45-0fb2d5cfd5e4,525,Point Panic - Stairs,21.290516,-157.860975,2022-06-12,2022-06-12T19:00:00.000Z,10,<,incoming,0
6d93e7ad-f1d8-454e-94c3-3baa2f111537,981,South Oʻahu: Kaʻalāwai (Black Point-East),21.259798,-157.789825,2022-06-12,2022-06-12T19:00:00.000Z,10,<,incoming,0
68300326-f77c-4d86-8820-372be483b9b4,859,South Oʻahu: Magic Island Canoe Launch,21.28777,-157.844116,2022-06-12,2022-06-12T19:00:00.000Z,20,<,incoming,0
61c2540b-5554-4a48-803b-a10bc2da29aa,1195,North Oʻahu: Kahaone Place,21.58323,-158.1247,2022-06-12,2022-06-12T19:00:00.000Z,10,=,incoming,0
e9e81674-42cd-458b-b626-e0fccfe986cf,779,North Oʻahu: Chocolates,21.59493,-158.103673,2022-06-12,2022-06-12T19:00:00.000Z,96,=,incoming,0
74563465-0230-40e5-a99a-a2d64e82e21f,8894,East Oʻahu: Kailua Beach Park,21.397806,-157.726,2022-06-12,2022-06-12T19:00:00.000Z,10,<,incoming,0
d04757d4-3f6b-4a7b-a5fe-c00d641b1663,991,East Oʻahu: Kaimalino,21.425185,-157.740142,2022-06-12,2022-06-12T19:00:00.000Z,762,=,incoming,1
cfcee268-6f34-43c8-ab70-af32c7f569e8,780,North Oʻahu: Pūpūkea tidepools,21.649846,-158.062988,2022-06-12,2022-06-12T19:00:00.000Z,10,<,incoming,0
97e50048-f56b-4043-bdb5-d91725c1f859,858,South Oʻahu: Magic Island Bowls,21.282953,-157.845657,2022-06-12,2022-06-12T19:00:00.000Z,10,=,incoming,0
50e2c3d1-4f26-48c2-990a-044ffaea53fa,1165,South Oʻahu: Wailupe Beach Park,21.27607,-157.76163,2022-06-12,2022-06-12T19:00:00.000Z,10,<,incoming,0
0dfffd8d-bf89-42ce-b3ab-b30abdc2088e,906,East Oʻahu: South Kaneohe Bay,21.4259,-157.7656,2022-06-12,2022-06-12T19:00:00.000Z,41,=,outgoing,0
f5bd22b2-c9f7-467d-8a7a-f14b8f28f6d4,1196,East Oʻahu: Heʻeia Stream,21.44035,-157.809708,2022-06-12,2022-06-12T19:00:00.000Z,75,=,outgoing,0
e9435ede-ef08-4e8a-b7ad-b76494044f58,861,South Oʻahu: Waialae Beach Park,21.26885,-157.77655,2022-06-12,2022-06-12T19:00:00.000Z,10,=,incoming,0
a0a788dc-cd63-49dc-86e9-c16e2025d04b,525,Point Panic - Stairs,21.290516,-157.860975,2022-05-29,2022-05-29T19:50:00.000Z,10,=,low,0
a3cb753e-1b2a-47d9-9109-fd8a110782bf,861,South Oʻahu: Waialae Beach Park,21.26885,-157.77655,2022-05-29,2022-05-29T19:10:00.000Z,10,=,low,0
b163a0a6-ef32-473a-b4b5-eca9bc644571,1195,North Oʻahu: Kahaone Place,21.58323,-158.1247,2022-05-29,2022-05-29T19:10:00.000Z,10,=,low,0
fc53a480-b385-4f63-a6c4-bdadbcfefc6d,906,East Oʻahu: South Kaneohe Bay,21.4259,-157.7656,2022-05-29,2022-05-29T19:00:00.000Z,193,=,low,1
4ea1eeef-d9b7-480e-91a5-113b41dcaa4a,981,South Oʻahu: Kaʻalāwai (Black Point-East),21.259798,-157.789825,2022-05-29,2022-05-29T19:00:00.000Z,63,=,low,0
6dd7e7d8-e2ec-4310-848f-9c2f87b18294,1197,North Oʻahu: Kaiaka Bay,21.5902778,-158.1191667,2022-05-29,2022-05-29T18:50:00.000Z,10,=,low,0
4d980814-d91d-4583-a99b-af6f7de08901,779,North Oʻahu: Chocolates,21.59493,-158.103673,2022-05-29,2022-05-29T18:45:00.000Z,135,=,low,1
c8ddec67-0cdb-49b4-896e-e39680294b67,991,East Oʻahu: Kaimalino,21.425185,-157.740142,2022-05-29,2022-05-29T18:45:00.000Z,120,=,low,0
7cb92213-0b85-4161-afee-ad5cc46e003a,1165,South Oʻahu: Wailupe Beach Park,21.27607,-157.76163,2022-05-29,2022-05-29T18:40:00.000Z,10,<,low,0
0f51ea24-23b4-4955-b09a-3e2fe9d26621,776,South Oʻahu: Kaʻalāwai (Black Point/Cromwells),21.2574,-157.7968,2022-05-29,2022-05-29T18:35:00.000Z,259,=,low,1
24bd1d1e-9959-4ed9-9afa-cacade8a5f3d,979,East Oʻahu: Hakipuʻu Boat Ramp,21.506487,-157.85131,2022-05-29,2022-05-29T18:30:00.000Z,7701,=,low,1
195bce56-7b57-4ef9-bd90-e3390b890f04,8894,East Oʻahu: Kailua Beach Park,21.397806,-157.726,2022-05-29,2022-05-29T18:25:00.000Z,20,=,low,0
749639e9-f61a-4436-905b-4bb54945169c,1164,East Oʻahu: Waiāhole Beach Park,21.483904,-157.844949,2022-05-29,2022-05-29T18:20:00.000Z,6131,=,low,1
c602f010-4d64-4432-ba5e-057ead78dae3,858,South Oʻahu: Magic Island Bowls,21.282953,-157.845657,2022-05-29,2022-05-29T18:15:00.000Z,10,<,low,0
b22e19ad-9ae7-4667-87af-fd210e836a59,862,South Oʻahu: Kuliʻouʻou Stream,21.28369,-157.721654,2022-05-29,2022-05-29T18:15:00.000Z,1553,=,low,1
48797d2f-d255-4dd0-819b-2c232b363316,859,South Oʻahu: Magic Island Canoe Launch,21.28777,-157.844116,2022-05-29,2022-05-29T18:05:00.000Z,97,=,low,0
8ca0a282-ca5d-43f0-9075-9c4922554638,780,North Oʻahu: Pūpūkea tidepools,21.649846,-158.062988,2022-05-29,2022-05-29T18:00:00.000Z,132,=,low,1
d7eab558-a2db-4aa9-948f-54816d597d59,777,East Oʻahu: Kahaluʻu Beach,21.46011,-157.839571,2022-05-29,2022-05-29T17:50:00.000Z,24196,>,low,1
e7dd8956-1e28-460c-8a32-2719db49380d,550,Waimānalo Bay Beach Park,21.342058,-157.699493,2022-05-29,2022-05-29T17:40:00.000Z,20,=,low,0
992ef77d-23f6-42fe-82b5-03b7cdb8fd39,525,Point Panic - Stairs,21.290516,-157.860975,2022-05-15,2022-05-15T19:30:00.000Z,10,<,low,0
f4ec26bb-7f47-43fe-84ec-e74902edc428,859,South Oʻahu: Magic Island Canoe Launch,21.28777,-157.844116,2022-05-15,2022-05-15T19:00:00.000Z,20,=,low,0
2b299248-db80-40af-b17c-c8d511c7af3a,981,South Oʻahu: Kaʻalāwai (Black Point-East),21.259798,-157.789825,2022-05-15,2022-05-15T19:00:00.000Z,10,<,low,0
8091d8d3-9bea-4d19-8557-8154a1e0864e,776,South Oʻahu: Kaʻalāwai (Black Point/Cromwells),21.2574,-157.7968,2022-05-15,2022-05-15T18:50:00.000Z,10,<,low,0
e2c42c6d-13cb-4a3f-92b0-fd058c0dcef2,858,South Oʻahu: Magic Island Bowls,21.282953,-157.845657,2022-05-15,2022-05-15T18:40:00.000Z,10,<,low,0
4e7d7e42-d514-44ca-b2df-df465e2f1ba8,779,North Oʻahu: Chocolates,21.59493,-158.103673,2022-05-15,2022-05-15T18:30:00.000Z,63,=,low,0
700878e2-01b4-4774-9699-624f9e7c8cc4,8894,East Oʻahu: Kailua Beach Park,21.397806,-157.726,2022-05-15,2022-05-15T18:30:00.000Z,10,<,low,0
82bb0b21-f191-4940-a6e2-93e219e0014c,979,East Oʻahu: Hakipuʻu Boat Ramp,21.506487,-157.85131,2022-05-15,2022-05-15T18:30:00.000Z,189,=,low,1
8556c337-5455-49f4-8ee1-4e89003e8367,1165,South Oʻahu: Wailupe Beach Park,21.27607,-157.76163,2022-05-15,2022-05-15T18:30:00.000Z,10,<,low,0
9c649f4a-c918-4f96-bcc8-bc3c620ba2ec,861,South Oʻahu: Waialae Beach Park,21.26885,-157.77655,2022-05-15,2022-05-15T18:30:00.000Z,10,<,low,0
10d3303a-8c90-43de-b9a3-d21079b4fa42,1164,East Oʻahu: Waiāhole Beach Park,21.483904,-157.844949,2022-05-15,2022-05-15T18:15:00.000Z,146,=,low,1
d7714afe-ff98-4f9d-b058-7828982f2673,862,South Oʻahu: Kuliʻouʻou Stream,21.28369,-157.721654,2022-05-15,2022-05-15T18:00:00.000Z,109,=,low,0
25345661-83fc-4deb-b77f-b29f6f1fb9b7,780,North Oʻahu: Pūpūkea tidepools,21.649846,-158.062988,2022-05-15,2022-05-15T17:55:00.000Z,10,<,low,0
1db12dfd-53c0-4144-a4bb-b5f7e07798d1,1197,North Oʻahu: Kaiaka Bay,21.5902778,-158.1191667,2022-05-15,2022-05-15T17:41:00.000Z,10,<,low,0
24190989-365f-45b8-a157-8e91067620e6,550,Waimānalo Bay Beach Park,21.342058,-157.699493,2022-05-15,2022-05-15T17:30:00.000Z,10,<,low,0
761ecb35-3daa-4c3e-ba7f-ad6127cb8baa,1195,North Oʻahu: Kahaone Place,21.58323,-158.1247,2022-05-15,2022-05-15T17:24:00.000Z,10,<,low,0
087a0fe2-1d03-4eaa-99bf-6b8ea80a3ec9,991,East Oʻahu: Kaimalino,21.425185,-157.740142,2022-05-15,2022-05-15T16:50:00.000Z,10,<,low,0
db1fbc6b-4bd9-4519-9002-c9e793778c2c,1196,East Oʻahu: Heʻeia Stream,21.44035,-157.809708,2022-05-15,2022-05-15T16:30:00.000Z,41,=,low,0
72ccf67b-dee5-4f0c-861f-5423a745a39d,906,East Oʻahu: South Kaneohe Bay,21.4259,-157.7656,2022-05-15,2022-05-15T16:30:00.000Z,31,=,low,0
643adbb9-ab19-450f-8622-e04d36cca816,777,East Oʻahu: Kahaluʻu Beach,21.46011,-157.839571,2022-05-15,2022-05-15T16:30:00.000Z,2603,=,low,1
854b1855-9387-43da-b4fb-4f2af463cc2e,981,South Oʻahu: Kaʻalāwai (Black Point-East),21.259798,-157.789825,2022-05-01,2022-05-01T19:30:00.000Z,10,<,low,0
96d50343-40d1-4d60-93b0-82336fee9737,862,South Oʻahu: Kuliʻouʻou Stream,21.28369,-157.721654,2022-05-01,2022-05-01T19:20:00.000Z,5794,=,low,1
70991523-ac50-4910-b8bc-5c7c88745c6a,858,South Oʻahu: Magic Island Bowls,21.282953,-157.845657,2022-05-01,2022-05-01T19:10:00.000Z,86,=,low,0
7a8c87f6-e093-4bcc-95d5-9a9d3b4f7be7,525,Point Panic - Stairs,21.290516,-157.860975,2022-05-01,2022-05-01T19:00:00.000Z,10,<,outgoing,0
ebbb3036-a62f-40e3-96e2-c57c8b023d62,991,East Oʻahu: Kaimalino,21.425185,-157.740142,2022-05-01,2022-05-01T19:00:00.000Z,10,<,low,0
6ee4aa4d-de50-4d67-9848-17fcb70ad1f3,859,South Oʻahu: Magic Island Canoe Launch,21.28777,-157.844116,2022-05-01,2022-05-01T18:55:00.000Z,228,=,low,1
a0ce2a16-8d58-4a65-aac5-267bba1af3ff,1165,South Oʻahu: Wailupe Beach Park,21.27607,-157.76163,2022-05-01,2022-05-01T18:45:00.000Z,285,=,low,1
461a569d-0443-4037-8d50-b94c75c86513,776,South Oʻahu: Kaʻalāwai (Black Point/Cromwells),21.2574,-157.7968,2022-05-01,2022-05-01T18:35:00.000Z,10,<,low,0
908cc3d2-d16e-4b1f-9350-5f24eacab3e0,779,North Oʻahu: Chocolates,21.59493,-158.103673,2022-05-01,2022-05-01T18:30:00.000Z,84,=,low,0
bce74e57-607d-4816-b057-a612355cd66b,1164,East Oʻahu: Waiāhole Beach Park,21.483904,-157.844949,2022-05-01,2022-05-01T18:15:00.000Z,231,=,low,1
bdb9895a-7c0b-4920-8edb-50ffe566f211,861,South Oʻahu: Waialae Beach Park,21.26885,-157.77655,2022-05-01,2022-05-01T18:15:00.000Z,10,<,low,0
0bb1b503-eec0-40fb-aa11-4f2460eeb433,979,East Oʻahu: Hakipuʻu Boat Ramp,21.506487,-157.85131,2022-05-01,2022-05-01T18:00:00.000Z,253,=,low,1
208ac2ee-6e1f-4b54-8428-cd5484e8afdc,780,North Oʻahu: Pūpūkea tidepools,21.649846,-158.062988,2022-05-01,2022-05-01T18:00:00.000Z,10,<,low,0
fd124b42-f73d-4057-b2dd-4874d156b660,1197,North Oʻahu: Kaiaka Bay,21.5902778,-158.1191667,2022-05-01,2022-05-01T17:40:00.000Z,97,=,low,0
82ba0c12-ffc3-4486-9cf5-258f07014f54,1195,North Oʻahu: Kahaone Place,21.58323,-158.1247,2022-05-01,2022-05-01T17:20:00.000Z,31,=,low,0
7b73ab43-ee93-44e8-a9bb-dfce70602885,8894,East Oʻahu: Kailua Beach Park,21.397806,-157.726,2022-05-01,2022-05-01T17:15:00.000Z,309,=,low,1
dee067bf-5b7f-4892-8d8e-f44547ba7e0c,550,Waimānalo Bay Beach Park,21.342058,-157.699493,2022-05-01,2022-05-01T17:10:00.000Z,10,<,low,0
35860f42-03cd-414e-9da6-8c470387d85f,1196,East Oʻahu: Heʻeia Stream,21.44035,-157.809708,2022-05-01,2022-05-01T16:30:00.000Z,63,=,low,0
f0840374-3f52-461d-8a96-2dcaa67f74da,777,East Oʻahu: Kahaluʻu Beach,21.46011,-157.839571,2022-05-01,2022-05-01T16:25:00.000Z,1664,=,low,1
e3dbaa42-f37c-4bac-bf8c-bab9621e908f,906,East Oʻahu: South Kaneohe Bay,21.4259,-157.7656,2022-05-01,2022-05-01T16:15:00.000Z,512,=,low,1
bb71e9c3-0b0e-4dd0-b3a8-b7ff5d0d88f6,862,South Oʻahu: Kuliʻouʻou Stream,21.28369,-157.721654,2022-04-18,2022-04-18T19:00:00.000Z,4106,=,low,1
912aa6f7-8a4b-4524-924f-aef2d5bfd7ba,861,South Oʻahu: Waialae Beach Park,21.26885,-157.77655,2022-04-18,2022-04-18T19:00:00.000Z,63,=,low,0
165c9a07-1400-418d-82b8-43f6107bd260,906,East Oʻahu: South Kaneohe Bay,21.4259,-157.7656,2022-04-18,2022-04-18T19:00:00.000Z,108,=,low,0
20ecd5d1-288a-4acd-ab7c-3942419da7f3,779,North Oʻahu: Chocolates,21.59493,-158.103673,2022-04-18,2022-04-18T19:00:00.000Z,1789,=,outgoing,1
771d6146-df5e-4469-8579-7b490dc789c5,777,East Oʻahu: Kahaluʻu Beach,21.46011,-157.839571,2022-04-18,2022-04-18T19:00:00.000Z,19863,=,low,1
882d1655-670d-4e40-a09c-e10b29902e49,1196,East Oʻahu: Heʻeia Stream,21.44035,-157.809708,2022-04-18,2022-04-18T19:00:00.000Z,158,=,low,1
07be99fe-3773-4962-be07-a90d6854ac7d,525,Point Panic - Stairs,21.290516,-157.860975,2022-04-18,2022-04-18T19:00:00.000Z,10,=,low,0
fecdb386-df6f-4b29-8b2a-6eb82935b748,1197,North Oʻahu: Kaiaka Bay,21.5902778,-158.1191667,2022-04-18,2022-04-18T19:00:00.000Z,52,=,low,0
b8cdba20-a025-485a-a85f-8708788870be,979,East Oʻahu: Hakipuʻu Boat Ramp,21.506487,-157.85131,2022-04-18,2022-04-18T19:00:00.000Z,1178,=,low,1
91dbaae5-6f82-4eca-8c27-7d428eb3885f,858,South Oʻahu: Magic Island Bowls,21.282953,-157.845657,2022-04-18,2022-04-18T19:00:00.000Z,20,=,low,0
9a00ea91-3765-496f-bbeb-51f126e26dd2,981,South Oʻahu: Kaʻalāwai (Black Point-East),21.259798,-157.789825,2022-04-18,2022-04-18T19:00:00.000Z,10,=,low,0
b4d674fa-9a44-457c-bfd9-5786ad9f7c12,859,South Oʻahu: Magic Island Canoe Launch,21.28777,-157.844116,2022-04-18,2022-04-18T19:00:00.000Z,121,=,low,0
c597241d-df23-4327-bde0-4c0f2bbae6bf,8894,East Oʻahu: Kailua Beach Park,21.397806,-157.726,2022-04-18,2022-04-18T19:00:00.000Z,10,<,low,0
142bbf0c-45ac-4e00-9032-14ebae051bac,776,South Oʻahu: Kaʻalāwai (Black Point/Cromwells),21.2574,-157.7968,2022-04-18,2022-04-18T19:00:00.000Z,41,=,low,0
54bbe700-92f1-4955-a3b6-64f83b7a38ae,1165,South Oʻahu: Wailupe Beach Park,21.27607,-157.76163,2022-04-18,2022-04-18T19:00:00.000Z,10,<,low,0
427cd9d1-0f39-4bd9-be30-bb2f0e209079,1195,North Oʻahu: Kahaone Place,21.58323,-158.1247,2022-04-18,2022-04-18T19:00:00.000Z,20,=,low,0
5a182362-a041-47fd-8a22-a8c3a7142601,780,North Oʻahu: Pūpūkea tidepools,21.649846,-158.062988,2022-04-18,2022-04-18T19:00:00.000Z,10,=,low,0
df8ac781-e9e1-4be2-afe7-4187d544f315,991,East Oʻahu: Kaimalino,21.425185,-157.740142,2022-04-18,2022-04-18T19:00:00.000Z,10,=,low,0
95b550ef-38fa-4f09-ae9b-edef71851975,525,Point Panic - Stairs,21.290516,-157.860975,2022-04-03,2022-04-03T19:30:00.000Z,10,<,outgoing,0
e360d940-9e0f-404f-88ed-0f300fe6f2d2,858,South Oʻahu: Magic Island Bowls,21.282953,-157.845657,2022-04-03,2022-04-03T19:20:00.000Z,10,=,low,0
ed2ae641-7892-4fee-9aa3-5ec801278700,1164,East Oʻahu: Waiāhole Beach Park,21.483904,-157.844949,2022-04-03,2022-04-03T19:05:00.000Z,201,=,low,1
477addcc-762b-42fb-9d6e-ece4d6e196e1,981,South Oʻahu: Kaʻalāwai (Black Point-East),21.259798,-157.789825,2022-04-03,2022-04-03T19:00:00.000Z,20,=,outgoing,0
ceba4c02-31e2-4a5b-b88a-73713f97ebd6,780,North Oʻahu: Pūpūkea tidepools,21.649846,-158.062988,2022-04-03,2022-04-03T18:55:00.000Z,20,=,low,0
da0ea99f-3f70-46c0-b8ae-eb4075c475fe,859,South Oʻahu: Magic Island Canoe Launch,21.28777,-157.844116,2022-04-03,2022-04-03T18:55:00.000Z,74,=,low,0
784df8f0-2518-4712-bc49-9ed7f187d5ad,979,East Oʻahu: Hakipuʻu Boat Ramp,21.506487,-157.85131,2022-04-03,2022-04-03T18:30:00.000Z,644,=,low,1
0ea7e937-582f-48c2-b6c1-058e51d5cf50,1165,South Oʻahu: Wailupe Beach Park,21.27607,-157.76163,2022-04-03,2022-04-03T18:30:00.000Z,20,=,low,0
8f41793c-6802-4588-bf3b-91eae23b54cf,776,South Oʻahu: Kaʻalāwai (Black Point/Cromwells),21.2574,-157.7968,2022-04-03,2022-04-03T18:30:00.000Z,10,<,low,0
17535d62-ac40-4573-b39a-4909ccbdac96,862,South Oʻahu: Kuliʻouʻou Stream,21.28369,-157.721654,2022-04-03,2022-04-03T18:20:00.000Z,1374,=,low,1
d6e33598-b795-42e0-9dd7-c11b5d66a1dc,906,East Oʻahu: South Kaneohe Bay,21.4259,-157.7656,2022-04-03,2022-04-03T18:15:00.000Z,52,=,low,0
003470b6-b244-419a-924b-edda3eb26ef9,991,East Oʻahu: Kaimalino,21.425185,-157.740142,2022-04-03,2022-04-03T18:15:00.000Z,10,=,low,0
14eb7dc9-a37a-4d76-978d-7556711f9ddb,8894,East Oʻahu: Kailua Beach Park,21.397806,-157.726,2022-04-03,2022-04-03T18:15:00.000Z,20,=,low,0
4fce67d2-0bc6-465c-b012-e3630ec1060a,861,South Oʻahu: Waialae Beach Park,21.26885,-157.77655,2022-04-03,2022-04-03T18:15:00.000Z,160,=,low,1
d411fccb-fade-4ce4-a72b-e9e180fe89b2,779,North Oʻahu: Chocolates,21.59493,-158.103673,2022-04-03,2022-04-03T17:45:00.000Z,197,=,outgoing,1
f3337b23-02cb-4ac5-8a88-4b05dff537d8,1197,North Oʻahu: Kaiaka Bay,21.5902778,-158.1191667,2022-04-03,2022-04-03T17:35:00.000Z,169,=,outgoing,1
8454bebf-0640-4f9b-b93f-04a1aecd37ca,1195,North Oʻahu: Kahaone Place,21.58323,-158.1247,2022-04-03,2022-04-03T17:20:00.000Z,31,=,outgoing,0
2eb16976-5dee-47d8-8b15-0d86e01aa414,550,Waimānalo Bay Beach Park,21.342058,-157.699493,2022-04-03,2022-04-03T17:20:00.000Z,10,<,outgoing,0
4738a800-d2ab-4c8c-ba90-8696a0f5ea48,1196,East Oʻahu: Heʻeia Stream,21.44035,-157.809708,2022-04-03,2022-04-03T16:30:00.000Z,63,=,outgoing,0
11ecd5ac-4b30-48ae-b52f-38cf8e36c495,777,East Oʻahu: Kahaluʻu Beach,21.46011,-157.839571,2022-04-03,2022-04-03T16:20:00.000Z,1259,=,outgoing,1
7a8864de-2da6-4d14-a24e-11552e8a207e,525,Point Panic - Stairs,21.290516,-157.860975,2022-03-20,2022-03-20T19:00:00.000Z,10,<,outgoing,0
c2a7926e-be88-4553-9ae2-ba209b9d7dc2,1164,East Oʻahu: Waiāhole Beach Park,21.483904,-157.844949,2022-03-20,2022-03-20T18:45:00.000Z,959,=,low,1
b63d6e78-10a1-48d9-8c02-2b46509fc919,858,South Oʻahu: Magic Island Bowls,21.282953,-157.845657,2022-03-20,2022-03-20T18:45:00.000Z,10,<,outgoing,0
99c89ea6-b4a5-49c0-a108-e0e651c8c705,776,South Oʻahu: Kaʻalāwai (Black Point/Cromwells),21.2574,-157.7968,2022-03-20,2022-03-20T18:40:00.000Z,10,<,low,0
0b8d5b48-71dc-4966-bebf-b5170272ae46,981,South Oʻahu: Kaʻalāwai (Black Point-East),21.259798,-157.789825,2022-03-20,2022-03-20T18:40:00.000Z,10,<,outgoing,0
479ae837-4b76-484b-afc6-69c00446f315,859,South Oʻahu: Magic Island Canoe Launch,21.28777,-157.844116,2022-03-20,2022-03-20T18:30:00.000Z,97,=,outgoing,0
cc215ee1-89f8-4f4f-8323-cbd2e9aaa3aa,991,East Oʻahu: Kaimalino,21.425185,-157.740142,2022-03-20,2022-03-20T18:30:00.000Z,41,=,low,0
06460c7b-b7b9-4e69-8b9e-41e9d6367d17,1165,South Oʻahu: Wailupe Beach Park,21.27607,-157.76163,2022-03-20,2022-03-20T18:30:00.000Z,10,<,low,0
67cbc6d0-6896-4cc7-addb-09c39931406a,861,South Oʻahu: Waialae Beach Park,21.26885,-157.77655,2022-03-20,2022-03-20T18:20:00.000Z,63,=,low,0
144374a0-cbfd-4012-aaf3-367a048da33c,862,South Oʻahu: Kuliʻouʻou Stream,21.28369,-157.721654,2022-03-20,2022-03-20T18:15:00.000Z,3654,=,low,1
308a5f17-610a-47b6-ad54-a5817e1e455f,979,East Oʻahu: Hakipuʻu Boat Ramp,21.506487,-157.85131,2022-03-20,2022-03-20T18:10:00.000Z,197,=,low,1
90516fd9-b893-4d00-846e-0a64dd40325d,550,Waimānalo Bay Beach Park,21.342058,-157.699493,2022-03-20,2022-03-20T17:45:00.000Z,10,<,outgoing,0
1548d0dc-9329-4bd1-af2a-74f0c7a54caa,906,East Oʻahu: South Kaneohe Bay,21.4259,-157.7656,2022-03-20,2022-03-20T16:35:00.000Z,10,<,outgoing,0
7b0ae73e-8db6-47fc-96ae-daad6312f326,1196,East Oʻahu: Heʻeia Stream,21.44035,-157.809708,2022-03-20,2022-03-20T16:30:00.000Z,145,=,outgoing,1
4b7e3b5d-5705-4ecc-9509-91cab50e76b9,777,East Oʻahu: Kahaluʻu Beach,21.46011,-157.839571,2022-03-20,2022-03-20T16:20:00.000Z,134,=,outgoing,1
d956fd20-a814-4b26-8245-475d417873e4,858,South Oʻahu: Magic Island Bowls,21.282953,-157.845657,2022-03-06,2022-03-06T19:10:00.000Z,10,=,low,0
f994d5cc-5107-47e1-83d5-2bc6153cd98c,780,North Oʻahu: Pūpūkea tidepools,21.649846,-158.062988,2022-03-06,2022-03-06T19:00:00.000Z,41,=,outgoing,0
30c311c9-3db0-4f99-a9d7-f5f1132dcce7,525,Point Panic - Stairs,21.290516,-157.860975,2022-03-06,2022-03-06T19:00:00.000Z,160,=,outgoing,1
2d4dc7ed-a8b2-4320-bb6d-f5c26659118f,906,East Oʻahu: South Kaneohe Bay,21.4259,-157.7656,2022-03-06,2022-03-06T19:00:00.000Z,20,=,outgoing,0
7a18fe64-56d1-43a4-b301-676af265135f,991,East Oʻahu: Kaimalino,21.425185,-157.740142,2022-03-06,2022-03-06T19:00:00.000Z,74,=,outgoing,0
ad1ac640-622a-41a6-b13d-8e1cef62481e,859,South Oʻahu: Magic Island Canoe Launch,21.28777,-157.844116,2022-03-06,2022-03-06T18:50:00.000Z,301,=,outgoing,1
2a4dc9ce-8566-4704-bce5-929a25cffae4,776,South Oʻahu: Kaʻalāwai (Black Point/Cromwells),21.2574,-157.7968,2022-03-06,2022-03-06T18:45:00.000Z,10,<,outgoing,0
425d3440-7c0f-4af2-9b02-693e68adbd4c,1164,East Oʻahu: Waiāhole Beach Park,21.483904,-157.844949,2022-03-06,2022-03-06T18:40:00.000Z,158,=,outgoing,1
1f446d9e-1cf1-48f8-bc9b-c65d6a788192,979,East Oʻahu: Hakipuʻu Boat Ramp,21.506487,-157.85131,2022-03-06,2022-03-06T18:40:00.000Z,350,=,outgoing,1
3dfd3d49-69ab-4098-a90d-74c1fac54ab0,861,South Oʻahu: Waialae Beach Park,21.26885,-157.77655,2022-03-06,2022-03-06T18:35:00.000Z,171,=,outgoing,1
52d61428-f3c0-464f-a7bc-bf3f9b792691,1165,South Oʻahu: Wailupe Beach Park,21.27607,-157.76163,2022-03-06,2022-03-06T18:30:00.000Z,10,=,outgoing,0
58912ee5-fe6e-4906-b704-652c05b870bf,779,North Oʻahu: Chocolates,21.59493,-158.103673,2022-03-06,2022-03-06T18:30:00.000Z,262,=,outgoing,1
7e585856-b5a9-4fcb-ba54-e6005f029f5d,981,South Oʻahu: Kaʻalāwai (Black Point-East),21.259798,-157.789825,2022-03-06,2022-03-06T18:25:00.000Z,10,<,outgoing,0
1b9e58eb-b41b-40ef-998d-da6a926a1615,1195,North Oʻahu: Kahaone Place,21.58323,-158.1247,2022-03-06,2022-03-06T18:15:00.000Z,10,<,outgoing,0
54ac9824-cc2a-4321-acdd-30966e4cfc8c,862,South Oʻahu: Kuliʻouʻou Stream,21.28369,-157.721654,2022-03-06,2022-03-06T18:15:00.000Z,199,=,outgoing,1
bb8c0b67-2c6a-4565-8f95-9ba3fa5f7a62,1197,North Oʻahu: Kaiaka Bay,21.5902778,-158.1191667,2022-03-06,2022-03-06T18:00:00.000Z,10,=,outgoing,0
901d47ee-752a-4b8f-b8e7-4fdb2e34fd9d,550,Waimānalo Bay Beach Park,21.342058,-157.699493,2022-03-06,2022-03-06T17:40:00.000Z,10,<,outgoing,0
0d3cfe0a-7933-4d10-a6ea-af8cd9ecc232,1196,East Oʻahu: Heʻeia Stream,21.44035,-157.809708,2022-03-06,2022-03-06T16:30:00.000Z,189,=,outgoing,1
8b68a6d5-987e-4b48-bb22-403b0d94892f,777,East Oʻahu: Kahaluʻu Beach,21.46011,-157.839571,2022-03-06,2022-03-06T16:30:00.000Z,10,=,outgoing,0
51719be1-bdc0-490e-b47d-a576eed024bf,525,Point Panic - Stairs,21.290516,-157.860975,2022-02-20,2022-02-20T19:20:00.000Z,20,=,high,0
7b030fae-a05f-41e1-86f9-08ae29febdf2,776,South Oʻahu: Kaʻalāwai (Black Point/Cromwells),21.2574,-157.7968,2022-02-20,2022-02-20T18:55:00.000Z,10,<,outgoing,0
4aaffbeb-832e-4fd8-9f03-88627d0df95d,981,South Oʻahu: Kaʻalāwai (Black Point-East),21.259798,-157.789825,2022-02-20,2022-02-20T18:55:00.000Z,10,<,outgoing,0
a00d719d-4fa7-4561-8049-9cb649ed0935,779,North Oʻahu: Chocolates,21.59493,-158.103673,2022-02-20,2022-02-20T18:45:00.000Z,63,=,outgoing,0
1476647c-a680-48ed-8779-d8a280843c7b,861,South Oʻahu: Waialae Beach Park,21.26885,-157.77655,2022-02-20,2022-02-20T18:35:00.000Z,393,=,outgoing,1
cb8fb7d9-6f03-4024-aafd-c1b8bcc559b1,858,South Oʻahu: Magic Island Bowls,21.282953,-157.845657,2022-02-20,2022-02-20T18:30:00.000Z,959,=,outgoing,1
b3b1b826-f504-4034-9982-9ad563099298,1164,East Oʻahu: Waiāhole Beach Park,21.483904,-157.844949,2022-02-20,2022-02-20T18:20:00.000Z,1785,=,outgoing,1
90c3a5e0-ebc0-47d3-a9ef-295947215cab,859,South Oʻahu: Magic Island Canoe Launch,21.28777,-157.844116,2022-02-20,2022-02-20T18:15:00.000Z,368,=,outgoing,1
aa6e7df2-a32c-4dda-b917-04d201ea2239,862,South Oʻahu: Kuliʻouʻou Stream,21.28369,-157.721654,2022-02-20,2022-02-20T18:15:00.000Z,650,=,outgoing,1
d793e5f0-0258-4e40-b4a0-a56c1430a269,1197,North Oʻahu: Kaiaka Bay,21.5902778,-158.1191667,2022-02-20,2022-02-20T17:55:00.000Z,228,=,outgoing,1
33273eb1-59e3-4a8f-8214-e1457edef855,1195,North Oʻahu: Kahaone Place,21.58323,-158.1247,2022-02-20,2022-02-20T17:45:00.000Z,20,=,outgoing,0
0e68d758-5a8b-40c3-86c3-880a0a42ae1e,550,Waimānalo Bay Beach Park,21.342058,-157.699493,2022-02-20,2022-02-20T17:40:00.000Z,10,=,outgoing,0
7021d74e-8647-401f-ac5c-aff6065bfc9f,1165,South Oʻahu: Wailupe Beach Park,21.27607,-157.76163,2022-02-20,2022-02-20T17:40:00.000Z,20,=,outgoing,0
b1fc0b75-7def-4e2a-9cd9-1a418d0bf94f,991,East Oʻahu: Kaimalino,21.425185,-157.740142,2022-02-20,2022-02-20T16:50:00.000Z,20,=,incoming,0
b660ee42-9529-4243-9cf9-0bf48feca809,906,East Oʻahu: South Kaneohe Bay,21.4259,-157.7656,2022-02-20,2022-02-20T16:35:00.000Z,97,=,outgoing,0
eada847d-ad44-4dd7-9d4e-a2904e639825,1196,East Oʻahu: Heʻeia Stream,21.44035,-157.809708,2022-02-20,2022-02-20T16:30:00.000Z,2909,=,high,1
a55a10da-3cb8-42cc-8192-e20cd3151db1,780,North Oʻahu: Pūpūkea tidepools,21.649846,-158.062988,2022-02-20,2022-02-20T16:25:00.000Z,61,=,outgoing,0
291bd347-9e05-4d6e-8950-4fae9818b248,777,East Oʻahu: Kahaluʻu Beach,21.46011,-157.839571,2022-02-20,2022-02-20T16:25:00.000Z,3654,=,outgoing,1
8f171e38-b4ba-43a1-a0ea-64e5bbbb9a7c,525,Point Panic - Stairs,21.290516,-157.860975,2022-02-06,2022-02-06T18:55:00.000Z,10,=,outgoing,0
37bd5df9-63dd-495f-9fc1-6d1c8b85d8b5,981,South Oʻahu: Kaʻalāwai (Black Point-East),21.259798,-157.789825,2022-02-06,2022-02-06T18:55:00.000Z,10,<,high,0
96258193-737f-4b44-9843-e91b75d752aa,862,South Oʻahu: Kuliʻouʻou Stream,21.28369,-157.721654,2022-02-06,2022-02-06T18:50:00.000Z,1993,=,high,1
8f3a8142-4188-4d99-89b0-1f3c2e38967c,858,South Oʻahu: Magic Island Bowls,21.282953,-157.845657,2022-02-06,2022-02-06T18:50:00.000Z,62,=,high,0
29b4164e-4631-4c83-aae8-d3af634b5a5b,776,South Oʻahu: Kaʻalāwai (Black Point/Cromwells),21.2574,-157.7968,2022-02-06,2022-02-06T18:50:00.000Z,10,<,outgoing,0
6414f9da-755f-408a-a2e0-5a23ce71feca,859,South Oʻahu: Magic Island Canoe Launch,21.28777,-157.844116,2022-02-06,2022-02-06T18:40:00.000Z,96,=,outgoing,0
ed3594c2-5430-419f-ac3d-39746b160f85,861,South Oʻahu: Waialae Beach Park,21.26885,-157.77655,2022-02-06,2022-02-06T18:35:00.000Z,31,=,outgoing,0
b3967c7f-68e2-45af-a62e-d6fd9071bead,1165,South Oʻahu: Wailupe Beach Park,21.27607,-157.76163,2022-02-06,2022-02-06T18:20:00.000Z,10,=,high,0
05e9a5b2-e0f9-42f5-a6e8-0af0495ffa80,779,North Oʻahu: Chocolates,21.59493,-158.103673,2022-02-06,2022-02-06T18:20:00.000Z,327,=,outgoing,1
ae40704d-0fa5-476a-b717-c44c118b90fb,1164,East Oʻahu: Waiāhole Beach Park,21.483904,-157.844949,2022-02-06,2022-02-06T18:15:00.000Z,336,=,outgoing,1
10b613d5-66f3-4c56-b187-74f1a63d1da8,1195,North Oʻahu: Kahaone Place,21.58323,-158.1247,2022-02-06,2022-02-06T18:00:00.000Z,10,<,outgoing,0
80b8756e-81e6-4559-a25f-e3b7069a303b,979,East Oʻahu: Hakipuʻu Boat Ramp,21.506487,-157.85131,2022-02-06,2022-02-06T17:50:00.000Z,41,=,outgoing,0
845c30d3-5883-407a-8fd7-82c390446b3d,780,North Oʻahu: Pūpūkea tidepools,21.649846,-158.062988,2022-02-06,2022-02-06T17:10:00.000Z,10,=,outgoing,0
155d1dec-09fa-44df-b7fc-7e8131574121,550,Waimānalo Bay Beach Park,21.342058,-157.699493,2022-02-06,2022-02-06T17:10:00.000Z,10,<,high,0
f7b845b0-8d31-4351-b3ac-6911e92b036f,1197,North Oʻahu: Kaiaka Bay,21.5902778,-158.1191667,2022-02-06,2022-02-06T17:10:00.000Z,41,=,outgoing,0
ae51b48f-2ae4-42e2-8f08-762cc7ede21e,991,East Oʻahu: Kaimalino,21.425185,-157.740142,2022-02-06,2022-02-06T17:10:00.000Z,10,<,outgoing,0
cf6a737d-dc7d-45e2-a33b-0252aabead19,1196,East Oʻahu: Heʻeia Stream,21.44035,-157.809708,2022-02-06,2022-02-06T16:30:00.000Z,464,=,outgoing,1
74da0c85-6c0a-4d70-a7a3-45c98e8eaf4c,777,East Oʻahu: Kahaluʻu Beach,21.46011,-157.839571,2022-02-06,2022-02-06T16:20:00.000Z,1050,=,high,1
1a793884-f26b-49d5-bf32-9893517bd04c,906,East Oʻahu: South Kaneohe Bay,21.4259,-157.7656,2022-02-06,2022-02-06T16:20:00.000Z,10,=,outgoing,0
a3f603f6-2e4a-40c9-a4b0-0ef1b32e102e,780,North Oʻahu: Pūpūkea tidepools,21.649846,-158.062988,2022-01-23,2022-01-23T19:15:00.000Z,30,=,high,0
641d117d-b6d3-42bc-afa9-fedf94f40096,858,South Oʻahu: Magic Island Bowls,21.282953,-157.845657,2022-01-23,2022-01-23T19:15:00.000Z,122,=,high,0
dfaa5a9e-4f92-43ea-a712-55318dac42e9,859,South Oʻahu: Magic Island Canoe Launch,21.28777,-157.844116,2022-01-23,2022-01-23T19:00:00.000Z,332,=,high,1
916fe896-d691-48f3-bb2f-8cfd98a3769a,981,South Oʻahu: Kaʻalāwai (Black Point-East),21.259798,-157.789825,2022-01-23,2022-01-23T18:55:00.000Z,211,=,high,1
ba2a9c90-d1d5-4dc5-992c-3d2d0f4df3f9,1195,North Oʻahu: Kahaone Place,21.58323,-158.1247,2022-01-23,2022-01-23T18:50:00.000Z,20,=,high,0
5867ad3c-663e-464e-9a82-182e1becb2a6,776,South Oʻahu: Kaʻalāwai (Black Point/Cromwells),21.2574,-157.7968,2022-01-23,2022-01-23T18:50:00.000Z,10,<,high,0
d53661b5-a571-4c4b-b723-1e6ffb721f5c,525,Point Panic - Stairs,21.290516,-157.860975,2022-01-23,2022-01-23T18:40:00.000Z,10,=,outgoing,0
05cb276d-e289-4b55-8953-81af96c7693a,1165,South Oʻahu: Wailupe Beach Park,21.27607,-157.76163,2022-01-23,2022-01-23T18:40:00.000Z,132,=,outgoing,1
d0aa19cc-8d8c-4f16-92da-e9c3553d805d,1197,North Oʻahu: Kaiaka Bay,21.5902778,-158.1191667,2022-01-23,2022-01-23T18:40:00.000Z,20,=,high,0
ad3f6268-046b-4b90-b9a3-3840fc37382f,779,North Oʻahu: Chocolates,21.59493,-158.103673,2022-01-23,2022-01-23T18:35:00.000Z,110,=,high,0
b02e9194-482e-49e5-8927-70b929a9ff24,861,South Oʻahu: Waialae Beach Park,21.26885,-157.77655,2022-01-23,2022-01-23T18:35:00.000Z,175,=,high,1
e677b0c6-baf9-4455-bb45-1a95660b1461,862,South Oʻahu: Kuliʻouʻou Stream,21.28369,-157.721654,2022-01-23,2022-01-23T18:15:00.000Z,1553,=,high,1
bd5f707a-3bbe-4f31-ae4d-b022c3914499,550,Waimānalo Bay Beach Park,21.342058,-157.699493,2022-01-23,2022-01-23T17:30:00.000Z,10,<,high,0
069652c8-fe7d-4f91-9ed8-6f0b76e501e6,979,East Oʻahu: Hakipuʻu Boat Ramp,21.506487,-157.85131,2022-01-23,2022-01-23T17:00:00.000Z,464,=,high,1
4b55a6c3-fea4-42b2-b748-5ab70b8b441d,991,East Oʻahu: Kaimalino,21.425185,-157.740142,2022-01-23,2022-01-23T17:00:00.000Z,86,=,incoming,0
ecef5fae-c7b6-4de5-9b45-be1517562562,906,East Oʻahu: South Kaneohe Bay,21.4259,-157.7656,2022-01-23,2022-01-23T17:00:00.000Z,30,=,high,0
a495f17d-f6a4-417b-b9f9-c085376cb5c0,777,East Oʻahu: Kahaluʻu Beach,21.46011,-157.839571,2022-01-23,2022-01-23T16:30:00.000Z,52,=,high,0
fdfc10ff-11ef-4b7d-8dbc-98f4bcbca584,1196,East Oʻahu: Heʻeia Stream,21.44035,-157.809708,2022-01-23,2022-01-23T16:30:00.000Z,911,=,high,1
aa4e8f14-f040-4559-832b-80b3bd9c6f91,858,South Oʻahu: Magic Island Bowls,21.282953,-157.845657,2022-01-09,2022-01-09T19:25:00.000Z,134,=,high,1
d3e99f54-4f34-4678-b1da-79c617acc03a,525,Point Panic - Stairs,21.290516,-157.860975,2022-01-09,2022-01-09T19:20:00.000Z,31,=,high,0
8ac56821-fe25-4494-a8c7-6950438a7fc5,859,South Oʻahu: Magic Island Canoe Launch,21.28777,-157.844116,2022-01-09,2022-01-09T19:10:00.000Z,1191,=,high,1
cb27dcd9-a9af-4247-8f96-e02b6b058e89,1195,North Oʻahu: Kahaone Place,21.58323,-158.1247,2022-01-09,2022-01-09T19:10:00.000Z,41,=,high,0
66470906-09cd-46bc-bf62-a1e9959bc0c3,776,South Oʻahu: Kaʻalāwai (Black Point/Cromwells),21.2574,-157.7968,2022-01-09,2022-01-09T18:55:00.000Z,31,=,high,0
58bd39e8-442e-49c8-98ce-44a42aaf7011,1197,North Oʻahu: Kaiaka Bay,21.5902778,-158.1191667,2022-01-09,2022-01-09T18:50:00.000Z,598,=,high,1
bc81967c-20c2-481d-8a79-235a945cb00e,979,East Oʻahu: Hakipuʻu Boat Ramp,21.506487,-157.85131,2022-01-09,2022-01-09T18:50:00.000Z,798,=,high,1
45f39c67-1e17-48db-b682-0f81d91014cb,1165,South Oʻahu: Wailupe Beach Park,21.27607,-157.76163,2022-01-09,2022-01-09T18:45:00.000Z,148,=,high,1
f61b06c7-6669-4590-89ae-1b10452ce990,861,South Oʻahu: Waialae Beach Park,21.26885,-157.77655,2022-01-09,2022-01-09T18:45:00.000Z,2359,=,high,1
fc9f7b60-309a-4557-9bb0-3c31bdb6047a,779,North Oʻahu: Chocolates,21.59493,-158.103673,2022-01-09,2022-01-09T18:35:00.000Z,414,=,high,1
0667cae4-e395-41d4-99be-cbe41ad54d39,981,South Oʻahu: Kaʻalāwai (Black Point-East),21.259798,-157.789825,2022-01-09,2022-01-09T18:30:00.000Z,98,=,high,0
50010791-13f1-4f3a-92a1-a881d0950a80,862,South Oʻahu: Kuliʻouʻou Stream,21.28369,-157.721654,2022-01-09,2022-01-09T18:20:00.000Z,5475,=,high,1
0287f4f3-5e28-48f7-9c00-029259edfda2,1164,East Oʻahu: Waiāhole Beach Park,21.483904,-157.844949,2022-01-09,2022-01-09T18:20:00.000Z,404,=,high,1
c4f73a89-b2d6-4401-8995-76414fa53fbb,991,East Oʻahu: Kaimalino,21.425185,-157.740142,2022-01-09,2022-01-09T18:00:00.000Z,256,=,high,1
6081140c-5a79-48d3-98bd-43435f935639,550,Waimānalo Bay Beach Park,21.342058,-157.699493,2022-01-09,2022-01-09T17:15:00.000Z,84,=,high,0
f7ce1fc5-4239-43f5-a749-ee87f09a9c7f,906,East Oʻahu: South Kaneohe Bay,21.4259,-157.7656,2022-01-09,2022-01-09T16:50:00.000Z,75,=,incoming,0
ca9fcfb1-8365-4a8d-a122-d6650499fc77,1196,East Oʻahu: Heʻeia Stream,21.44035,-157.809708,2022-01-09,2022-01-09T16:30:00.000Z,216,=,incoming,1
bf6e7b48-1e6d-4d99-848a-536b2a283cdd,777,East Oʻahu: Kahaluʻu Beach,21.46011,-157.839571,2022-01-09,2022-01-09T16:30:00.000Z,238,=,high,1
3fb63318-5e38-4641-948e-233f5e8ed2ad,981,South Oʻahu: Kaʻalāwai (Black Point-East),21.259798,-157.789825,2021-12-26,2021-12-26T20:20:00.000Z,260,=,high,1
dfecea20-8afe-4e18-809f-6bd04657ce59,525,Point Panic - Stairs,21.290516,-157.860975,2021-12-26,2021-12-26T19:15:00.000Z,10,=,high,0
a5f636fc-f4bb-4076-b5f5-0dd47f74e407,858,South Oʻahu: Magic Island Bowls,21.282953,-157.845657,2021-12-26,2021-12-26T19:15:00.000Z,130,=,high,0
950190a7-a569-4b89-aa7f-362ef86a65e5,859,South Oʻahu: Magic Island Canoe Launch,21.28777,-157.844116,2021-12-26,2021-12-26T19:05:00.000Z,238,=,high,1
d0d3a2c1-2b9c-474b-ab9f-99619ea8f58b,979,East Oʻahu: Hakipuʻu Boat Ramp,21.506487,-157.85131,2021-12-26,2021-12-26T18:50:00.000Z,52,=,high,0
cac06bd1-65d2-43e1-a114-2b85d2ab8bbf,776,South Oʻahu: Kaʻalāwai (Black Point/Cromwells),21.2574,-157.7968,2021-12-26,2021-12-26T18:50:00.000Z,10,=,high,0
da3b396f-454f-447f-b36e-6183483165ce,1197,North Oʻahu: Kaiaka Bay,21.5902778,-158.1191667,2021-12-26,2021-12-26T18:45:00.000Z,299,=,high,1
8b1cc577-5c0f-4a1f-8d7d-7e783bb5e572,861,South Oʻahu: Waialae Beach Park,21.26885,-157.77655,2021-12-26,2021-12-26T18:30:00.000Z,41,=,high,0
e3b7b86d-5922-4d80-acc8-3895582ca20c,862,South Oʻahu: Kuliʻouʻou Stream,21.28369,-157.721654,2021-12-26,2021-12-26T18:20:00.000Z,1935,=,high,1
5140ee23-4684-4cac-a370-593c85e904a7,1164,East Oʻahu: Waiāhole Beach Park,21.483904,-157.844949,2021-12-26,2021-12-26T18:15:00.000Z,275,=,high,1
0345b2a0-5a63-4365-bb60-8ee7d847f007,779,North Oʻahu: Chocolates,21.59493,-158.103673,2021-12-26,2021-12-26T18:10:00.000Z,341,=,high,1
cac0a484-f42f-4ba3-8b22-7e5f80d353bf,780,North Oʻahu: Pūpūkea tidepools,21.649846,-158.062988,2021-12-26,2021-12-26T17:55:00.000Z,31,=,high,0
48c77284-8523-4cd8-8f6b-66575add5d2c,1165,South Oʻahu: Wailupe Beach Park,21.27607,-157.76163,2021-12-26,2021-12-26T17:50:00.000Z,10,=,high,0
72e72b2e-add7-49e8-a3ef-21be7bc60acd,1195,North Oʻahu: Kahaone Place,21.58323,-158.1247,2021-12-26,2021-12-26T17:45:00.000Z,121,=,high,0
2a87307f-09ff-4e7f-a4b6-690b2bc981d9,991,East Oʻahu: Kaimalino,21.425185,-157.740142,2021-12-26,2021-12-26T17:20:00.000Z,31,=,incoming,0
4f97fcf3-a967-4d59-9ee1-85eec5cae6b4,550,Waimānalo Bay Beach Park,21.342058,-157.699493,2021-12-26,2021-12-26T17:15:00.000Z,10,<,high,0
8887b54a-cdd1-4643-8eac-963ab93b9912,906,East Oʻahu: South Kaneohe Bay,21.4259,-157.7656,2021-12-26,2021-12-26T17:00:00.000Z,98,=,incoming,0
5ad47d02-508a-4a83-87f9-194b2993e0b3,777,East Oʻahu: Kahaluʻu Beach,21.46011,-157.839571,2021-12-26,2021-12-26T16:35:00.000Z,627,=,high,1
2697f36c-4b4d-4a74-824d-28a80d5a5f91,1164,East Oʻahu: Waiāhole Beach Park,21.483904,-157.844949,2021-12-12,2021-12-12T19:20:00.000Z,1396,=,incoming,1
3d987df0-ed16-4909-b7bc-5eafe00e8fb2,858,South Oʻahu: Magic Island Bowls,21.282953,-157.845657,2021-12-12,2021-12-12T19:15:00.000Z,512,=,incoming,1
0f8f12ee-c9c7-445b-9045-afff9696d1ab,859,South Oʻahu: Magic Island Canoe Launch,21.28777,-157.844116,2021-12-12,2021-12-12T19:00:00.000Z,1842,=,incoming,1
a5fb9a7d-29e5-43c7-994b-9657c81220f1,1197,North Oʻahu: Kaiaka Bay,21.5902778,-158.1191667,2021-12-12,2021-12-12T19:00:00.000Z,5247,=,incoming,1
001add4c-f679-41a2-a32b-c0b132a9916c,979,East Oʻahu: Hakipuʻu Boat Ramp,21.506487,-157.85131,2021-12-12,2021-12-12T18:55:00.000Z,74,=,incoming,0
d02a624b-5b45-4c52-adc1-a61214dfbaa3,525,Point Panic - Stairs,21.290516,-157.860975,2021-12-12,2021-12-12T18:50:00.000Z,10,<,incoming,0
c44f77d5-be11-488b-81c1-e0e9ac2f1b10,1165,South Oʻahu: Wailupe Beach Park,21.27607,-157.76163,2021-12-12,2021-12-12T18:45:00.000Z,1259,=,incoming,1
7096f944-cafe-462c-ba6b-846bc4218887,779,North Oʻahu: Chocolates,21.59493,-158.103673,2021-12-12,2021-12-12T18:40:00.000Z,1234,=,incoming,1
b65db30b-a08f-4b31-a16f-4abd31ed4d31,861,South Oʻahu: Waialae Beach Park,21.26885,-157.77655,2021-12-12,2021-12-12T18:35:00.000Z,173,=,incoming,1
154dac1d-60f7-4121-b069-591404e11e6b,1195,North Oʻahu: Kahaone Place,21.58323,-158.1247,2021-12-12,2021-12-12T18:30:00.000Z,341,=,incoming,1
269b3273-4186-4e8c-9289-8ecdf4b2aade,991,East Oʻahu: Kaimalino,21.425185,-157.740142,2021-12-12,2021-12-12T18:20:00.000Z,1112,=,incoming,1
b94baff1-b981-4071-be64-8136b6f15ad0,862,South Oʻahu: Kuliʻouʻou Stream,21.28369,-157.721654,2021-12-12,2021-12-12T17:55:00.000Z,3282,=,incoming,1
080a3c90-c3a0-4dee-94b4-41c58bd7cd1e,780,North Oʻahu: Pūpūkea tidepools,21.649846,-158.062988,2021-12-12,2021-12-12T17:50:00.000Z,10,<,incoming,0
083c72e4-6f51-4978-a517-4ce0b5a078a4,906,East Oʻahu: South Kaneohe Bay,21.4259,-157.7656,2021-12-12,2021-12-12T17:45:00.000Z,350,=,incoming,1
abd840dd-e0cf-4aa5-b11a-900bad0db005,550,Waimānalo Bay Beach Park,21.342058,-157.699493,2021-12-12,2021-12-12T17:20:00.000Z,41,=,incoming,0
57890830-b0df-468b-91b3-cacfb40c6bdd,777,East Oʻahu: Kahaluʻu Beach,21.46011,-157.839571,2021-12-12,2021-12-12T17:20:00.000Z,2603,=,incoming,1
938ffc17-30bc-4116-93be-952a9f81cb48,1196,East Oʻahu: Heʻeia Stream,21.44035,-157.809708,2021-12-12,2021-12-12T16:15:00.000Z,1664,=,incoming,1
48c19d96-1736-4067-b134-e74c4006b110,525,Point Panic - Stairs,21.290516,-157.860975,2021-11-28,2021-11-28T20:05:00.000Z,10,<,high,0
fd533a59-4581-4524-96fa-71a9f057d8f1,979,East Oʻahu: Hakipuʻu Boat Ramp,21.506487,-157.85131,2021-11-28,2021-11-28T19:50:00.000Z,2613,=,incoming,1
4eda8e28-930a-4be9-9f21-5036739d5dae,858,South Oʻahu: Magic Island Bowls,21.282953,-157.845657,2021-11-28,2021-11-28T19:10:00.000Z,10,=,high,0
14260813-021a-418b-a6de-11b9f09e33b3,861,South Oʻahu: Waialae Beach Park,21.26885,-157.77655,2021-11-28,2021-11-28T19:00:00.000Z,10,<,incoming,0
02f4c5ce-e294-4514-b497-ca4b9e9863f2,776,South Oʻahu: Kaʻalāwai (Black Point/Cromwells),21.2574,-157.7968,2021-11-28,2021-11-28T18:50:00.000Z,420,=,high,1
4ae1dfd8-1bfa-4ffd-959c-2d0cb5916b90,981,South Oʻahu: Kaʻalāwai (Black Point-East),21.259798,-157.789825,2021-11-28,2021-11-28T18:50:00.000Z,10,<,incoming,0
a34970bf-c2bd-406a-9d1d-241acfa6e431,859,South Oʻahu: Magic Island Canoe Launch,21.28777,-157.844116,2021-11-28,2021-11-28T18:50:00.000Z,97,=,high,0
900f1568-a50f-4ab8-a43f-d453bf6e07d0,1164,East Oʻahu: Waiāhole Beach Park,21.483904,-157.844949,2021-11-28,2021-11-28T18:30:00.000Z,4611,=,high,1
7830a1e3-1057-4af4-9626-db7d12da8cbe,1165,South Oʻahu: Wailupe Beach Park,21.27607,-157.76163,2021-11-28,2021-11-28T18:30:00.000Z,882,=,incoming,1
895a0ad3-6bd6-4db3-a505-a9fdfa8e6744,779,North Oʻahu: Chocolates,21.59493,-158.103673,2021-11-28,2021-11-28T18:15:00.000Z,368,=,incoming,1
165da04f-9df5-471c-affc-e02be611cb65,780,North Oʻahu: Pūpūkea tidepools,21.649846,-158.062988,2021-11-28,2021-11-28T18:00:00.000Z,10,<,incoming,0
4975c1f2-47a7-480b-ba64-5e49721b18b1,862,South Oʻahu: Kuliʻouʻou Stream,21.28369,-157.721654,2021-11-28,2021-11-28T17:55:00.000Z,24196,>,incoming,1
7734f59f-0e02-4567-9df9-3da093ee433c,550,Waimānalo Bay Beach Park,21.342058,-157.699493,2021-11-28,2021-11-28T17:45:00.000Z,10,<,incoming,0
6cc8140d-a3b8-4d7f-9fe8-aea4972d681a,777,East Oʻahu: Kahaluʻu Beach,21.46011,-157.839571,2021-11-28,2021-11-28T16:35:00.000Z,8164,=,incoming,1
b5d10c6a-b680-472a-a045-1a40cd29827f,991,East Oʻahu: Kaimalino,21.425185,-157.740142,2021-11-28,2021-11-28T16:30:00.000Z,10,<,incoming,0
fc1ce09f-dad3-44a2-a181-68f5517dcfa4,906,East Oʻahu: South Kaneohe Bay,21.4259,-157.7656,2021-11-28,2021-11-28T16:10:00.000Z,31,=,incoming,0
9cf9cc34-e068-47a1-a750-94a653318aeb,525,Point Panic - Stairs,21.290516,-157.860975,2021-11-14,2021-11-14T19:45:00.000Z,10,<,incoming,0
4bd27d26-0b45-43f4-a878-b86d581da12d,981,South Oʻahu: Kaʻalāwai (Black Point-East),21.259798,-157.789825,2021-11-14,2021-11-14T19:15:00.000Z,10,<,low,0
7d3a6830-3fa5-4bc6-a0d3-200606f29b96,858,South Oʻahu: Magic Island Bowls,21.282953,-157.845657,2021-11-14,2021-11-14T19:10:00.000Z,41,=,incoming,0
ff4de41e-2521-4864-bd21-f16982b26c00,780,North Oʻahu: Pūpūkea tidepools,21.649846,-158.062988,2021-11-14,2021-11-14T19:10:00.000Z,10,<,incoming,0
25ba9c65-306c-41a3-b3a3-a7871c684016,859,South Oʻahu: Magic Island Canoe Launch,21.28777,-157.844116,2021-11-14,2021-11-14T18:55:00.000Z,209,=,incoming,1
37ede64c-fb5f-4298-b932-23d07262fc54,776,South Oʻahu: Kaʻalāwai (Black Point/Cromwells),21.2574,-157.7968,2021-11-14,2021-11-14T18:50:00.000Z,10,=,high,0
b5048b3e-5b06-44a7-8891-9143bfeaf0a1,979,East Oʻahu: Hakipuʻu Boat Ramp,21.506487,-157.85131,2021-11-14,2021-11-14T18:50:00.000Z,206,=,incoming,1
baa1ef10-30d3-4ff9-a9f8-48717577c2a5,1165,South Oʻahu: Wailupe Beach Park,21.27607,-157.76163,2021-11-14,2021-11-14T18:45:00.000Z,31,=,low,0
ca94c8bd-0978-4537-966d-28848d5c91fa,861,South Oʻahu: Waialae Beach Park,21.26885,-157.77655,2021-11-14,2021-11-14T18:35:00.000Z,10,<,high,0
788a8258-cd7d-4a7f-a8b5-f043ef5a5d9f,779,North Oʻahu: Chocolates,21.59493,-158.103673,2021-11-14,2021-11-14T18:30:00.000Z,146,=,incoming,1
68e7f767-be37-4191-844a-9b69c46822e6,862,South Oʻahu: Kuliʻouʻou Stream,21.28369,-157.721654,2021-11-14,2021-11-14T18:20:00.000Z,160,=,low,1
81573308-8830-4b4b-b493-22407ab573e6,1164,East Oʻahu: Waiāhole Beach Park,21.483904,-157.844949,2021-11-14,2021-11-14T18:20:00.000Z,1483,=,incoming,1
33c328e1-e19e-4899-a9ac-78e2526839cc,550,Waimānalo Bay Beach Park,21.342058,-157.699493,2021-11-14,2021-11-14T17:15:00.000Z,10,<,low,0
9e85cd60-cc2f-4e36-ab07-c012142802bf,991,East Oʻahu: Kaimalino,21.425185,-157.740142,2021-11-14,2021-11-14T16:45:00.000Z,10,<,incoming,0
4d40952b-a1ea-42dd-98ed-4ed9686fad1b,906,East Oʻahu: South Kaneohe Bay,21.4259,-157.7656,2021-11-14,2021-11-14T16:45:00.000Z,20,=,low,0
de304ce6-5ee7-4f4e-9807-c2fab67bafad,777,East Oʻahu: Kahaluʻu Beach,21.46011,-157.839571,2021-11-14,2021-11-14T16:30:00.000Z,10,=,low,0
bdb9f3de-3442-4e1e-af99-3d5a0765c2f1,981,South Oʻahu: Kaʻalāwai (Black Point-East),21.259798,-157.789825,2021-10-31,2021-10-31T21:10:00.000Z,41,=,incoming,0
3ae0090d-af01-4d13-9b24-a3025f8450e0,525,Point Panic - Stairs,21.290516,-157.860975,2021-10-31,2021-10-31T19:10:00.000Z,10,<,incoming,0
e89c7ec0-c70c-4aea-b617-371ec0c87846,776,South Oʻahu: Kaʻalāwai (Black Point/Cromwells),21.2574,-157.7968,2021-10-31,2021-10-31T18:55:00.000Z,10,<,incoming,0
c3235dbe-385c-46a1-8aa3-18256232c4eb,1165,South Oʻahu: Wailupe Beach Park,21.27607,-157.76163,2021-10-31,2021-10-31T18:45:00.000Z,10,<,incoming,0
f7c440e5-3ec7-47f3-a391-cd9662eda4c0,861,South Oʻahu: Waialae Beach Park,21.26885,-157.77655,2021-10-31,2021-10-31T18:40:00.000Z,10,<,incoming,0
14268684-e7e1-4634-a8f9-e17adcf0cc68,859,South Oʻahu: Magic Island Canoe Launch,21.28777,-157.844116,2021-10-31,2021-10-31T18:30:00.000Z,10,=,incoming,0
7bff1f4f-9f67-47ae-bc90-d794c3fe1e84,862,South Oʻahu: Kuliʻouʻou Stream,21.28369,-157.721654,2021-10-31,2021-10-31T18:20:00.000Z,4106,=,incoming,1
924e7647-2d92-425e-8085-d1abb44f0c63,1164,East Oʻahu: Waiāhole Beach Park,21.483904,-157.844949,2021-10-31,2021-10-31T18:20:00.000Z,1169,=,incoming,1
39e92896-d7ef-47e4-ab9e-3abc6996813b,779,North Oʻahu: Chocolates,21.59493,-158.103673,2021-10-31,2021-10-31T18:10:00.000Z,551,=,incoming,1
1f46e693-c235-4ae9-92a2-9c2f0d156130,991,East Oʻahu: Kaimalino,21.425185,-157.740142,2021-10-31,2021-10-31T18:00:00.000Z,52,=,incoming,0
7547858b-6049-47d5-8920-90b0f9033ac9,780,North Oʻahu: Pūpūkea tidepools,21.649846,-158.062988,2021-10-31,2021-10-31T18:00:00.000Z,10,=,high,0
f79acac5-d29f-4c12-8467-67f44c55c1e5,980,Waialua Pipe,21.584182,-158.137557,2021-10-31,2021-10-31T17:40:00.000Z,30,=,incoming,0
0f4296cc-9278-4c45-a6c6-0116985cb78c,979,East Oʻahu: Hakipuʻu Boat Ramp,21.506487,-157.85131,2021-10-31,2021-10-31T17:15:00.000Z,801,=,low,1
8d72e222-8e73-4eff-9405-859639c3ce6e,550,Waimānalo Bay Beach Park,21.342058,-157.699493,2021-10-31,2021-10-31T17:10:00.000Z,10,<,low,0
a23e2bf9-0de5-4edc-967a-65805658dc56,906,East Oʻahu: South Kaneohe Bay,21.4259,-157.7656,2021-10-31,2021-10-31T17:00:00.000Z,73,=,low,0
a6846f43-247e-40ab-8941-5d758166ae69,777,East Oʻahu: Kahaluʻu Beach,21.46011,-157.839571,2021-10-31,2021-10-31T16:35:00.000Z,85,=,low,0
05144c44-aaaf-4085-ad22-2e0b01ddefc0,776,South Oʻahu: Kaʻalāwai (Black Point/Cromwells),21.2574,-157.7968,2021-10-17,2021-10-17T19:00:00.000Z,10,=,low,0
e0ada079-3a21-415b-bbbd-086b497b7ec5,525,Point Panic - Stairs,21.290516,-157.860975,2021-10-17,2021-10-17T19:00:00.000Z,10,<,low,0
b61fcf27-d7ec-4168-90f2-2e4f04c1e81c,979,East Oʻahu: Hakipuʻu Boat Ramp,21.506487,-157.85131,2021-10-17,2021-10-17T18:55:00.000Z,288,=,low,1
53c5c94d-b010-48f8-af0f-859bb3529faa,858,South Oʻahu: Magic Island Bowls,21.282953,-157.845657,2021-10-17,2021-10-17T18:50:00.000Z,119,=,low,0
3154e7db-6174-4b83-ad70-ea5a255891fe,859,South Oʻahu: Magic Island Canoe Launch,21.28777,-157.844116,2021-10-17,2021-10-17T18:50:00.000Z,414,=,low,1
f15e3568-e5cd-4916-a3ab-1846bfc984f1,861,South Oʻahu: Waialae Beach Park,21.26885,-157.77655,2021-10-17,2021-10-17T18:45:00.000Z,10,<,low,0
da8dec23-14e8-4522-a68d-9a126258804a,981,South Oʻahu: Kaʻalāwai (Black Point-East),21.259798,-157.789825,2021-10-17,2021-10-17T18:40:00.000Z,10,<,low,0
5a836889-1b58-4105-a463-6648a6566409,1164,East Oʻahu: Waiāhole Beach Park,21.483904,-157.844949,2021-10-17,2021-10-17T18:40:00.000Z,171,=,incoming,1
27472b25-62c4-4784-9afb-46cd10ccb3e2,991,East Oʻahu: Kaimalino,21.425185,-157.740142,2021-10-17,2021-10-17T18:35:00.000Z,10,<,low,0
d9dd6036-b91a-44ad-9f1b-27880babcbce,780,North Oʻahu: Pūpūkea tidepools,21.649846,-158.062988,2021-10-17,2021-10-17T18:10:00.000Z,10,=,low,0
95cdcd15-91ee-41b2-9bf9-f64fac8bd2d3,779,North Oʻahu: Chocolates,21.59493,-158.103673,2021-10-17,2021-10-17T18:10:00.000Z,933,=,low,1
8062019a-7786-452f-9d9b-b622277adc0a,1165,South Oʻahu: Wailupe Beach Park,21.27607,-157.76163,2021-10-17,2021-10-17T18:10:00.000Z,10,=,low,0
17444ebd-88cc-4dd8-b248-a3fe8be73719,862,South Oʻahu: Kuliʻouʻou Stream,21.28369,-157.721654,2021-10-17,2021-10-17T18:10:00.000Z,2098,=,low,1
35a2b219-1884-4de1-851d-c7d92c9e0268,980,Waialua Pipe,21.584182,-158.137557,2021-10-17,2021-10-17T18:00:00.000Z,20,=,low,0
27cf50fe-bb31-432c-97c0-4e9d09d78934,550,Waimānalo Bay Beach Park,21.342058,-157.699493,2021-10-17,2021-10-17T17:20:00.000Z,10,<,low,0
fb334287-ac88-459f-8984-e55582ea4867,906,East Oʻahu: South Kaneohe Bay,21.4259,-157.7656,2021-10-17,2021-10-17T17:00:00.000Z,20,=,outgoing,0
f294d5ac-f236-47a3-ad1f-babb84a6fee5,777,East Oʻahu: Kahaluʻu Beach,21.46011,-157.839571,2021-10-17,2021-10-17T16:35:00.000Z,1723,=,low,1
df8e1961-1051-473c-a38f-b4496d391198,858,South Oʻahu: Magic Island Bowls,21.282953,-157.845657,2021-10-03,2021-10-03T19:15:00.000Z,10,<,incoming,0
bde326a4-8408-4045-a588-ed9a5177beae,525,Point Panic - Stairs,21.290516,-157.860975,2021-10-03,2021-10-03T19:00:00.000Z,10,<,incoming,0
481b50d5-8c04-4341-8fb3-33fce3e7bfb5,859,South Oʻahu: Magic Island Canoe Launch,21.28777,-157.844116,2021-10-03,2021-10-03T18:45:00.000Z,10,=,incoming,0
d5d650c6-aa94-4e1b-af41-5f53dfaee56b,776,South Oʻahu: Kaʻalāwai (Black Point/Cromwells),21.2574,-157.7968,2021-10-03,2021-10-03T18:45:00.000Z,10,<,low,0
9ae81adc-17be-4477-bfba-b28ef4c37c1d,780,North Oʻahu: Pūpūkea tidepools,21.649846,-158.062988,2021-10-03,2021-10-03T18:45:00.000Z,108,=,,0
96f264fa-8689-4495-a4b1-a192ed418fa7,981,South Oʻahu: Kaʻalāwai (Black Point-East),21.259798,-157.789825,2021-10-03,2021-10-03T18:35:00.000Z,41,=,low,0
e99a1c7a-ed11-4c5c-9ac1-3c465aee8ecc,979,East Oʻahu: Hakipuʻu Boat Ramp,21.506487,-157.85131,2021-10-03,2021-10-03T18:35:00.000Z,581,=,low,1
84d5b443-9b25-482e-87d3-83e364d9a017,778,Pua'ena Point,21.60088,-158.104682,2021-10-03,2021-10-03T18:35:00.000Z,41,=,incoming,0
b4bc7bc3-c09d-4730-84e7-887ebca4ec16,1165,South Oʻahu: Wailupe Beach Park,21.27607,-157.76163,2021-10-03,2021-10-03T18:30:00.000Z,10,=,low,0
48881b2d-1226-4198-b63a-5c219a0d1c0a,1164,East Oʻahu: Waiāhole Beach Park,21.483904,-157.844949,2021-10-03,2021-10-03T18:25:00.000Z,213,=,incoming,1
db4e5eae-1c76-46f0-a270-248215e4d57c,861,South Oʻahu: Waialae Beach Park,21.26885,-157.77655,2021-10-03,2021-10-03T18:25:00.000Z,10,<,low,0
b1982326-fe1e-466e-be51-848532edf0b2,906,East Oʻahu: South Kaneohe Bay,21.4259,-157.7656,2021-10-03,2021-10-03T18:15:00.000Z,63,=,outgoing,0
81e48d17-3bcc-4bc5-8fae-635914ae4a75,779,North Oʻahu: Chocolates,21.59493,-158.103673,2021-10-03,2021-10-03T18:15:00.000Z,2359,=,low,1
0a8edaf4-912f-4e9e-9f43-e7c84895f399,862,South Oʻahu: Kuliʻouʻou Stream,21.28369,-157.721654,2021-10-03,2021-10-03T18:15:00.000Z,2187,=,low,1
57cdf004-cfa2-4e99-9621-3a6490590065,991,East Oʻahu: Kaimalino,21.425185,-157.740142,2021-10-03,2021-10-03T18:00:00.000Z,10,=,low,0
1af46acc-65b6-4927-a649-084baaf7fa5f,980,Waialua Pipe,21.584182,-158.137557,2021-10-03,2021-10-03T18:00:00.000Z,10,<,low,0
6e731a58-5384-4161-9efc-38196b2e879f,550,Waimānalo Bay Beach Park,21.342058,-157.699493,2021-10-03,2021-10-03T17:15:00.000Z,10,<,incoming,0
e76a9df1-3801-4918-aa39-e93705e50955,777,East Oʻahu: Kahaluʻu Beach,21.46011,-157.839571,2021-10-03,2021-10-03T16:35:00.000Z,1376,=,low,1
081fa080-9e79-43d3-b6e0-383e1d6c759e,858,South Oʻahu: Magic Island Bowls,21.282953,-157.845657,2021-09-19,2021-09-19T20:05:00.000Z,20,=,low,0
9c9d10fd-2723-4552-9dec-53e634b56342,859,South Oʻahu: Magic Island Canoe Launch,21.28777,-157.844116,2021-09-19,2021-09-19T20:00:00.000Z,422,=,low,1
6cbaf638-ce11-41d4-97f8-03c8b75d5b30,525,Point Panic - Stairs,21.290516,-157.860975,2021-09-19,2021-09-19T20:00:00.000Z,10,<,low,0
20381b2d-1f28-48ac-bf73-b3447ad9f3d4,862,South Oʻahu: Kuliʻouʻou Stream,21.28369,-157.721654,2021-09-19,2021-09-19T19:15:00.000Z,12997,=,low,1
d8980950-6f65-4623-a48f-3c14c4c6850c,981,South Oʻahu: Kaʻalāwai (Black Point-East),21.259798,-157.789825,2021-09-19,2021-09-19T19:10:00.000Z,84,=,low,0
5c3323c6-bc3c-42e2-8ae1-3aebe6316cad,979,East Oʻahu: Hakipuʻu Boat Ramp,21.506487,-157.85131,2021-09-19,2021-09-19T19:00:00.000Z,6131,=,low,1
55bd93fc-8bee-4110-9bb0-85eb9eb22067,776,South Oʻahu: Kaʻalāwai (Black Point/Cromwells),21.2574,-157.7968,2021-09-19,2021-09-19T18:50:00.000Z,10,<,low,0
0ebb50f2-03b0-4ab9-9b97-cffbcdf91b95,1165,South Oʻahu: Wailupe Beach Park,21.27607,-157.76163,2021-09-19,2021-09-19T18:35:00.000Z,10,=,low,0
8f0bbb26-9ba5-4c5f-a14f-3c6bdc8b8778,861,South Oʻahu: Waialae Beach Park,21.26885,-157.77655,2021-09-19,2021-09-19T18:30:00.000Z,31,=,low,0
c0b79e0e-c861-428c-9938-ea239b7dd580,1164,East Oʻahu: Waiāhole Beach Park,21.483904,-157.844949,2021-09-19,2021-09-19T18:15:00.000Z,98,=,low,0
0c31d6a7-d53b-4197-a69a-39c63391bff2,780,North Oʻahu: Pūpūkea tidepools,21.649846,-158.062988,2021-09-19,2021-09-19T18:05:00.000Z,41,=,low,0
6c70f1b8-4512-42d0-8c9e-9aa0899141ee,778,Pua'ena Point,21.60088,-158.104682,2021-09-19,2021-09-19T17:55:00.000Z,10,=,low,0
17f24040-cdfc-4af6-a48d-3c045c6da711,550,Waimānalo Bay Beach Park,21.342058,-157.699493,2021-09-19,2021-09-19T17:15:00.000Z,10,<,low,0
8438902d-ba95-49b3-b70b-dae59524fcd7,991,East Oʻahu: Kaimalino,21.425185,-157.740142,2021-09-19,2021-09-19T16:50:00.000Z,10,<,low,0
60d12aa7-97bf-4b20-b122-c85d4f404aad,906,East Oʻahu: South Kaneohe Bay,21.4259,-157.7656,2021-09-19,2021-09-19T16:50:00.000Z,109,=,low,0
e35d6f67-4218-4764-ba53-e306e0ef34fa,777,East Oʻahu: Kahaluʻu Beach,21.46011,-157.839571,2021-09-19,2021-09-19T16:30:00.000Z,8664,=,low,1
97ab3fe6-e330-452b-80b1-dc6642d0c2c1,525,Point Panic - Stairs,21.290516,-157.860975,2021-09-05,2021-09-06T08:20:00.000Z,96,=,low,0
97ff6a2f-e63c-443a-aa55-ba74813ae809,858,South Oʻahu: Magic Island Bowls,21.282953,-157.845657,2021-09-05,2021-09-06T07:15:00.000Z,20,=,low,0
b5e19171-03c6-44ae-9168-58aa0db87803,776,South Oʻahu: Kaʻalāwai (Black Point/Cromwells),21.2574,-157.7968,2021-09-05,2021-09-06T06:45:00.000Z,10,<,low,0
ae09ea2f-2c6e-4e36-b5b1-5be58718fe3a,1164,East Oʻahu: Waiāhole Beach Park,21.483904,-157.844949,2021-09-05,2021-09-06T06:30:00.000Z,31,=,low,0
a3bd79b9-334f-4b3c-a4b1-c67b66c2fdbc,779,North Oʻahu: Chocolates,21.59493,-158.103673,2021-09-05,2021-09-06T06:15:00.000Z,146,=,low,1
6cd9b43f-1990-4691-9417-6531b0e1f29b,980,Waialua Pipe,21.584182,-158.137557,2021-09-05,2021-09-06T06:00:00.000Z,41,=,low,0
9ed98cc1-f67b-4074-ab34-42e96934286a,979,East Oʻahu: Hakipuʻu Boat Ramp,21.506487,-157.85131,2021-09-05,2021-09-06T06:00:00.000Z,315,=,low,1
e80d2034-24ec-4ad0-ad21-ab23f36d3d3d,859,South Oʻahu: Magic Island Canoe Launch,21.28777,-157.844116,2021-09-05,2021-09-05T19:05:00.000Z,195,=,low,1
737c3e7a-5fca-46e0-a891-b78a23c6ceef,861,South Oʻahu: Waialae Beach Park,21.26885,-157.77655,2021-09-05,2021-09-05T19:00:00.000Z,31,=,outgoing,0
109393e7-0df2-4bc8-80a3-199cfacd3773,991,East Oʻahu: Kaimalino,21.425185,-157.740142,2021-09-05,2021-09-05T18:25:00.000Z,10,=,low,0
1c82de13-30fd-4eb2-bb62-64ac00022763,981,South Oʻahu: Kaʻalāwai (Black Point-East),21.259798,-157.789825,2021-09-05,2021-09-05T18:25:00.000Z,10,<,low,0
1dffb4c1-acdb-47e0-a30f-df7973a1f17e,862,South Oʻahu: Kuliʻouʻou Stream,21.28369,-157.721654,2021-09-05,2021-09-05T18:25:00.000Z,327,=,low,1
a98f37c2-c210-45ed-b9ec-f64da75a975e,778,Pua'ena Point,21.60088,-158.104682,2021-09-05,2021-09-05T18:15:00.000Z,10,<,low,0
fbe53113-94b9-44f8-bcc4-19be43df20a1,1164,East Oʻahu: Waiāhole Beach Park,21.483904,-157.844949,2021-09-05,2021-09-05T18:10:00.000Z,341,=,low,1
9e715d40-a420-4214-922e-92459ced0de5,780,North Oʻahu: Pūpūkea tidepools,21.649846,-158.062988,2021-09-05,2021-09-05T18:00:00.000Z,10,<,low,0
68c50d4e-3b2f-4f6d-b15b-8df1bff692b6,550,Waimānalo Bay Beach Park,21.342058,-157.699493,2021-09-05,2021-09-05T17:10:00.000Z,10,<,low,0
82506351-ebe9-4bc5-95e6-51c371e2a610,777,East Oʻahu: Kahaluʻu Beach,21.46011,-157.839571,2021-09-05,2021-09-05T16:35:00.000Z,2310,=,low,1
b260be52-a493-403d-bb57-faf64693cb57,906,East Oʻahu: South Kaneohe Bay,21.4259,-157.7656,2021-09-05,2021-09-05T16:15:00.000Z,262,=,low,1
2690f875-8433-41e7-a15b-74d9c992fdd1,981,South Oʻahu: Kaʻalāwai (Black Point-East),21.259798,-157.789825,2021-08-22,2021-08-22T19:15:00.000Z,30,=,low,0
10d8c096-c20e-4470-811d-c07d50a46404,525,Point Panic - Stairs,21.290516,-157.860975,2021-08-22,2021-08-22T19:10:00.000Z,10,<,low,0
09859f50-d88d-4c21-b7b0-17a5714fa5c4,776,South Oʻahu: Kaʻalāwai (Black Point/Cromwells),21.2574,-157.7968,2021-08-22,2021-08-22T18:55:00.000Z,10,<,low,0
cf82bf6d-a7cc-42cb-bb0c-084ca979403e,979,East Oʻahu: Hakipuʻu Boat Ramp,21.506487,-157.85131,2021-08-22,2021-08-22T18:50:00.000Z,323,=,low,1
25b8d471-785c-434c-9933-2791d980c942,858,South Oʻahu: Magic Island Bowls,21.282953,-157.845657,2021-08-22,2021-08-22T18:35:00.000Z,10,=,low,0
5eab5c2b-ae2f-46e1-98b6-52059d06ef1d,780,North Oʻahu: Pūpūkea tidepools,21.649846,-158.062988,2021-08-22,2021-08-22T18:35:00.000Z,31,=,low,0
4175eb3f-afac-43f5-8b29-64da0b1b4003,1164,East Oʻahu: Waiāhole Beach Park,21.483904,-157.844949,2021-08-22,2021-08-22T18:35:00.000Z,158,=,low,1
3afe2152-bd7d-4fcc-8ff2-f8d32ad47ff4,861,South Oʻahu: Waialae Beach Park,21.26885,-157.77655,2021-08-22,2021-08-22T18:35:00.000Z,10,<,low,0
56a4f759-8bb6-477f-981c-6d672467a7f5,778,Pua'ena Point,21.60088,-158.104682,2021-08-22,2021-08-22T18:30:00.000Z,31,=,low,0
94637bdd-4749-47a5-9d1d-37ca64a8e4fd,779,North Oʻahu: Chocolates,21.59493,-158.103673,2021-08-22,2021-08-22T18:30:00.000Z,512,=,low,1
285f7534-210b-4910-99a0-dc076df5bca8,859,South Oʻahu: Magic Island Canoe Launch,21.28777,-157.844116,2021-08-22,2021-08-22T18:20:00.000Z,98,=,low,0
2bf4ff38-ac06-47dc-a9ea-a2e655c7de44,862,South Oʻahu: Kuliʻouʻou Stream,21.28369,-157.721654,2021-08-22,2021-08-22T18:10:00.000Z,4106,=,low,1
b64b4c4b-98a9-4a22-8e97-f482203be1af,980,Waialua Pipe,21.584182,-158.137557,2021-08-22,2021-08-22T18:00:00.000Z,31,=,low,0
6b1bf082-89e8-45db-b8e8-d645db1fb48d,1165,South Oʻahu: Wailupe Beach Park,21.27607,-157.76163,2021-08-22,2021-08-22T17:50:00.000Z,10,=,low,0
eb478ee6-04f6-4200-8c5a-acf56d6a1999,550,Waimānalo Bay Beach Park,21.342058,-157.699493,2021-08-22,2021-08-22T17:20:00.000Z,10,<,low,0
db9ba758-bf19-43a9-81c2-ddab09173ff1,777,East Oʻahu: Kahaluʻu Beach,21.46011,-157.839571,2021-08-22,2021-08-22T16:35:00.000Z,906,=,low,1
226161aa-0cf6-477e-9346-d2aa01130b91,906,East Oʻahu: South Kaneohe Bay,21.4259,-157.7656,2021-08-22,2021-08-22T16:15:00.000Z,175,=,low,1
83e92d96-3235-4f40-85cd-c8584ade51c1,525,Point Panic - Stairs,21.290516,-157.860975,2021-08-08,2021-08-08T21:20:00.000Z,10,<,incoming,0
1de2d1f0-85ad-4f16-9180-2dd345d3e59b,776,South Oʻahu: Kaʻalāwai (Black Point/Cromwells),21.2574,-157.7968,2021-08-08,2021-08-08T19:00:00.000Z,10,<,low,0
a111157a-a7ad-463a-9266-3e7e8752fd97,861,South Oʻahu: Waialae Beach Park,21.26885,-157.77655,2021-08-08,2021-08-08T18:40:00.000Z,10,<,low,0
6347296d-9170-47d9-87c2-dd43457cebf9,1165,South Oʻahu: Wailupe Beach Park,21.27607,-157.76163,2021-08-08,2021-08-08T18:40:00.000Z,10,<,low,0
7be4e313-6726-4e58-8655-41750b358b9f,858,South Oʻahu: Magic Island Bowls,21.282953,-157.845657,2021-08-08,2021-08-08T18:35:00.000Z,10,<,low,0
39c6921f-7d1d-461f-9bbc-6b9810c7d587,778,Pua'ena Point,21.60088,-158.104682,2021-08-08,2021-08-08T18:30:00.000Z,10,<,low,0
6f104082-75f1-4064-92d5-8b7c7d52050e,979,East Oʻahu: Hakipuʻu Boat Ramp,21.506487,-157.85131,2021-08-08,2021-08-08T18:30:00.000Z,708,=,low,1
e8a0df08-bf65-4242-9e20-195af840ad31,1164,East Oʻahu: Waiāhole Beach Park,21.483904,-157.844949,2021-08-08,2021-08-08T18:25:00.000Z,213,=,low,1
b73c1f57-8f51-4afe-bdfe-9a3171310196,859,South Oʻahu: Magic Island Canoe Launch,21.28777,-157.844116,2021-08-08,2021-08-08T18:20:00.000Z,52,=,low,0
e3966e90-9a36-456f-bd5b-5df932688507,981,South Oʻahu: Kaʻalāwai (Black Point-East),21.259798,-157.789825,2021-08-08,2021-08-08T18:20:00.000Z,10,<,low,0
003d9e51-7b30-4eda-8af2-b65d435d3910,779,North Oʻahu: Chocolates,21.59493,-158.103673,2021-08-08,2021-08-08T18:15:00.000Z,355,=,low,1
33b4e3a7-538d-4ab9-81af-f94976c2f6e6,862,South Oʻahu: Kuliʻouʻou Stream,21.28369,-157.721654,2021-08-08,2021-08-08T18:10:00.000Z,86,=,low,0
aa8efd28-6cd9-49f0-a1bf-97b60860627a,980,Waialua Pipe,21.584182,-158.137557,2021-08-08,2021-08-08T18:00:00.000Z,10,<,low,0
2a481ee4-d926-4cd9-b281-a256d24690ad,780,North Oʻahu: Pūpūkea tidepools,21.649846,-158.062988,2021-08-08,2021-08-08T17:40:00.000Z,10,<,low,0
1b7c7894-ef33-4cc5-b9c0-b630e063548f,550,Waimānalo Bay Beach Park,21.342058,-157.699493,2021-08-08,2021-08-08T17:20:00.000Z,10,<,low,0
ca1e712c-3730-4144-afd4-71ac183c5bc3,525,Point Panic - Stairs,21.290516,-157.860975,2021-07-25,2021-07-25T20:50:00.000Z,30,=,incoming,0
48325a83-a3c9-42b8-9a45-a53c8610e1dc,861,South Oʻahu: Waialae Beach Park,21.26885,-157.77655,2021-07-25,2021-07-25T19:00:00.000Z,10,<,outgoing,0
e48559d2-1c16-467e-a02d-dcf4c0331c5c,858,South Oʻahu: Magic Island Bowls,21.282953,-157.845657,2021-07-25,2021-07-25T19:00:00.000Z,10,=,outgoing,0
6d7effbb-f64e-442c-b633-fff9e7a288bd,979,East Oʻahu: Hakipuʻu Boat Ramp,21.506487,-157.85131,2021-07-25,2021-07-25T19:00:00.000Z,20,=,outgoing,0
36724935-3a40-4cc9-8e37-b1459a8ca5f8,776,South Oʻahu: Kaʻalāwai (Black Point/Cromwells),21.2574,-157.7968,2021-07-25,2021-07-25T18:50:00.000Z,10,<,outgoing,0
e3afa307-88a2-4dcc-86b8-27fc1370ed52,978,Ewa Beach Canal,21.310401,-158.00556,2021-07-25,2021-07-25T18:30:00.000Z,10,<,outgoing,0
e9a2883b-b429-4c23-8d22-2a683afe67db,1164,East Oʻahu: Waiāhole Beach Park,21.483904,-157.844949,2021-07-25,2021-07-25T18:20:00.000Z,414,=,incoming,1
bed433af-7802-409f-92e5-2e8b6bfb7aa7,859,South Oʻahu: Magic Island Canoe Launch,21.28777,-157.844116,2021-07-25,2021-07-25T18:20:00.000Z,31,=,outgoing,0
ce02761a-2c5e-4894-848e-04a4edc5c818,906,East Oʻahu: South Kaneohe Bay,21.4259,-157.7656,2021-07-25,2021-07-25T18:20:00.000Z,160,=,incoming,1
2c27dd9d-f79c-4acd-85d4-0c5072dabaf4,981,South Oʻahu: Kaʻalāwai (Black Point-East),21.259798,-157.789825,2021-07-25,2021-07-25T18:05:00.000Z,10,<,outgoing,0
a67b9c06-daff-40ea-bf9e-75cacee2df72,1165,South Oʻahu: Wailupe Beach Park,21.27607,-157.76163,2021-07-25,2021-07-25T18:05:00.000Z,10,<,outgoing,0
83906834-e507-4b64-bb63-4be0a5ce8cf8,780,North Oʻahu: Pūpūkea tidepools,21.649846,-158.062988,2021-07-25,2021-07-25T17:30:00.000Z,10,<,incoming,0
c1acb1b7-c759-4348-9f7a-a51af2e6a135,862,South Oʻahu: Kuliʻouʻou Stream,21.28369,-157.721654,2021-07-25,2021-07-25T17:20:00.000Z,1607,=,outgoing,1
9c4e90d0-365b-4577-8695-f965a62c3c5e,550,Waimānalo Bay Beach Park,21.342058,-157.699493,2021-07-25,2021-07-25T17:15:00.000Z,10,<,incoming,0
43f0646a-5a82-48e6-84fc-4074a9dc05a8,778,Pua'ena Point,21.60088,-158.104682,2021-07-25,2021-07-25T17:00:00.000Z,10,<,incoming,0
fe47cf12-9a8d-4e3e-9d54-2119753fbaff,991,East Oʻahu: Kaimalino,21.425185,-157.740142,2021-07-25,2021-07-25T17:00:00.000Z,10,<,outgoing,0
a23a3db7-72fb-49a2-a918-849a2dd61fcf,777,East Oʻahu: Kahaluʻu Beach,21.46011,-157.839571,2021-07-25,2021-07-25T16:35:00.000Z,754,=,outgoing,1
deb49ea8-2a8e-4aa6-b68b-1ac8af67b6a5,525,Point Panic - Stairs,21.290516,-157.860975,2021-07-11,2021-07-11T21:15:00.000Z,20,=,incoming,0
00b88b6f-b2e5-4841-8687-87448ebf1fff,858,South Oʻahu: Magic Island Bowls,21.282953,-157.845657,2021-07-11,2021-07-11T19:05:00.000Z,203,=,outgoing,1
9a04145a-9ef6-4846-81f1-ff8dc9f388b8,981,South Oʻahu: Kaʻalāwai (Black Point-East),21.259798,-157.789825,2021-07-11,2021-07-11T19:05:00.000Z,10,<,outgoing,0
0c2b4d0d-7ba5-46a5-bb41-e4216dbe4bf5,979,East Oʻahu: Hakipuʻu Boat Ramp,21.506487,-157.85131,2021-07-11,2021-07-11T19:00:00.000Z,259,=,incoming,1
66eb4303-7d18-475e-b825-a8a196a18240,906,East Oʻahu: South Kaneohe Bay,21.4259,-157.7656,2021-07-11,2021-07-11T19:00:00.000Z,52,=,incoming,0
06c2d972-1edf-49fa-9c66-61c39ce28e96,550,Waimānalo Bay Beach Park,21.342058,-157.699493,2021-07-11,2021-07-11T19:00:00.000Z,10,<,incoming,0
edff05a9-c5b3-49f7-90a4-2941d55930aa,859,South Oʻahu: Magic Island Canoe Launch,21.28777,-157.844116,2021-07-11,2021-07-11T18:50:00.000Z,52,=,outgoing,0
7b0caac3-5c65-44f7-91cf-534d5f29aa04,776,South Oʻahu: Kaʻalāwai (Black Point/Cromwells),21.2574,-157.7968,2021-07-11,2021-07-11T18:45:00.000Z,10,<,outgoing,0
8d63aebb-97f7-4c49-a7b8-5fe2638fa083,812,Wailupe Stream,21.27737,-157.7503,2021-07-11,2021-07-11T18:40:00.000Z,10,<,outgoing,0
7bf60053-99d0-467b-98e9-1eac0d822330,861,South Oʻahu: Waialae Beach Park,21.26885,-157.77655,2021-07-11,2021-07-11T18:20:00.000Z,10,<,outgoing,0
834cb846-fb5c-4ce5-b811-958509966ca5,862,South Oʻahu: Kuliʻouʻou Stream,21.28369,-157.721654,2021-07-11,2021-07-11T18:15:00.000Z,86,=,outgoing,0
b83e7655-4f4a-491f-89fb-8e40ceab0126,991,East Oʻahu: Kaimalino,21.425185,-157.740142,2021-07-11,2021-07-11T17:15:00.000Z,10,<,outgoing,0
df2a3ddf-60ac-475a-b2af-7b62b8667012,777,East Oʻahu: Kahaluʻu Beach,21.46011,-157.839571,2021-07-11,2021-07-11T16:35:00.000Z,3076,=,outgoing,1
14d0786f-d75a-41fe-b522-84e8af0e322d,525,Point Panic - Stairs,21.290516,-157.860975,2021-06-27,2021-06-27T20:15:00.000Z,10,<,outgoing,0
a570fd21-a2e2-46c0-aae8-1a747d1a743a,550,Waimānalo Bay Beach Park,21.342058,-157.699493,2021-06-27,2021-06-27T19:00:00.000Z,10,<,outgoing,0
ef614225-ea36-4d92-8492-dc8808cbd062,978,Ewa Beach Canal,21.310401,-158.00556,2021-06-27,2021-06-27T19:00:00.000Z,10,=,outgoing,0
c70a4e8a-28fd-4dd9-8554-acef797799a1,979,East Oʻahu: Hakipuʻu Boat Ramp,21.506487,-157.85131,2021-06-27,2021-06-27T18:50:00.000Z,327,=,low,1
4e255f2e-670a-46df-92bf-4e26a1de2629,776,South Oʻahu: Kaʻalāwai (Black Point/Cromwells),21.2574,-157.7968,2021-06-27,2021-06-27T18:50:00.000Z,10,<,outgoing,0
c99f8694-2902-4ffb-91ad-5854e7513c79,812,Wailupe Stream,21.27737,-157.7503,2021-06-27,2021-06-27T18:50:00.000Z,10,=,outgoing,0
a21df94d-a0aa-41f1-b5f2-caf47bb2545b,858,South Oʻahu: Magic Island Bowls,21.282953,-157.845657,2021-06-27,2021-06-27T18:50:00.000Z,10,<,outgoing,0
5026b326-e90e-4a8e-81f6-819b661d61ec,859,South Oʻahu: Magic Island Canoe Launch,21.28777,-157.844116,2021-06-27,2021-06-27T18:40:00.000Z,73,=,outgoing,0
93d4636f-6238-465e-b991-7250ecd9132b,981,South Oʻahu: Kaʻalāwai (Black Point-East),21.259798,-157.789825,2021-06-27,2021-06-27T18:40:00.000Z,10,<,outgoing,0
33c09902-6d44-40de-8eee-6e9f7b1186f9,861,South Oʻahu: Waialae Beach Park,21.26885,-157.77655,2021-06-27,2021-06-27T18:25:00.000Z,10,<,outgoing,0
2f980520-986c-4623-942b-269e3d7c5964,862,South Oʻahu: Kuliʻouʻou Stream,21.28369,-157.721654,2021-06-27,2021-06-27T18:20:00.000Z,155,=,outgoing,1
d43940b1-5aac-4b65-89c6-5bdb4189e3d3,991,East Oʻahu: Kaimalino,21.425185,-157.740142,2021-06-27,2021-06-27T17:30:00.000Z,10,<,low,0
833e261d-1866-45ac-8245-79984df3f25b,906,East Oʻahu: South Kaneohe Bay,21.4259,-157.7656,2021-06-27,2021-06-27T17:10:00.000Z,96,=,incoming,0
790d992e-3302-4120-a7d7-120e7dce5eb0,777,East Oʻahu: Kahaluʻu Beach,21.46011,-157.839571,2021-06-27,2021-06-27T16:35:00.000Z,41,=,outgoing,0
ffe48914-de35-4a01-9e25-e90462ce22e0,525,Point Panic - Stairs,21.290516,-157.860975,2021-06-13,2021-06-13T20:15:00.000Z,10,<,outgoing,0
ee2f39df-128b-4d45-874b-63c6f9bc628f,980,Waialua Pipe,21.584182,-158.137557,2021-06-13,2021-06-13T19:00:00.000Z,115,=,outgoing,0
268b81c0-c3c1-4047-b5b2-78bb5b2b5f45,978,Ewa Beach Canal,21.310401,-158.00556,2021-06-13,2021-06-13T19:00:00.000Z,10,<,outgoing,0
2ce3b72d-5706-4ac4-8fb8-76e082828ba2,981,South Oʻahu: Kaʻalāwai (Black Point-East),21.259798,-157.789825,2021-06-13,2021-06-13T19:00:00.000Z,10,=,outgoing,0
7f371ad7-342c-47b0-8a45-9c7eacc6d955,780,North Oʻahu: Pūpūkea tidepools,21.649846,-158.062988,2021-06-13,2021-06-13T19:00:00.000Z,10,<,incoming,0
6cb21dbd-ef4e-4e44-9848-531c4266a0e5,906,East Oʻahu: South Kaneohe Bay,21.4259,-157.7656,2021-06-13,2021-06-13T19:00:00.000Z,288,=,low,1
64722846-2af0-46bb-97d2-26ce2dda36ad,979,East Oʻahu: Hakipuʻu Boat Ramp,21.506487,-157.85131,2021-06-13,2021-06-13T18:50:00.000Z,203,=,outgoing,1
355a590b-3f0c-4e67-ae46-44b04a0110ce,779,North Oʻahu: Chocolates,21.59493,-158.103673,2021-06-13,2021-06-13T18:50:00.000Z,1918,=,outgoing,1
c713225a-13a7-4918-8559-91dd8eee1cb7,858,South Oʻahu: Magic Island Bowls,21.282953,-157.845657,2021-06-13,2021-06-13T18:50:00.000Z,10,<,outgoing,0
0d51a620-3b2d-447e-9350-5fb315281db5,812,Wailupe Stream,21.27737,-157.7503,2021-06-13,2021-06-13T18:45:00.000Z,10,<,outgoing,0
fb1185a3-f4d5-4c34-b3f4-66936416f3a7,776,South Oʻahu: Kaʻalāwai (Black Point/Cromwells),21.2574,-157.7968,2021-06-13,2021-06-13T18:45:00.000Z,10,<,outgoing,0
2f83fa5b-ea33-4211-955e-9902133e06a7,859,South Oʻahu: Magic Island Canoe Launch,21.28777,-157.844116,2021-06-13,2021-06-13T18:35:00.000Z,20,=,outgoing,0
0dbbc3a8-a34f-466f-b0a1-eaf93b1f936e,861,South Oʻahu: Waialae Beach Park,21.26885,-157.77655,2021-06-13,2021-06-13T18:20:00.000Z,10,<,outgoing,0
5e96167b-e989-4970-bfdd-c2cf1ac5007d,550,Waimānalo Bay Beach Park,21.342058,-157.699493,2021-06-13,2021-06-13T18:15:00.000Z,10,<,outgoing,0
c1dcdf8d-cd23-40b2-8164-bfc197e81f83,862,South Oʻahu: Kuliʻouʻou Stream,21.28369,-157.721654,2021-06-13,2021-06-13T18:15:00.000Z,197,=,outgoing,1
1a9a6adc-64a7-45a7-8638-554f2fefa477,991,East Oʻahu: Kaimalino,21.425185,-157.740142,2021-06-13,2021-06-13T17:20:00.000Z,10,<,incoming,0
f215ca90-32fe-44bf-87eb-ff58c28873a1,778,Pua'ena Point,21.60088,-158.104682,2021-06-13,2021-06-13T17:00:00.000Z,20,=,outgoing,0
efb44884-4386-4ece-9e10-716eb95c869c,777,East Oʻahu: Kahaluʻu Beach,21.46011,-157.839571,2021-06-13,2021-06-13T16:35:00.000Z,988,=,outgoing,1
fbd899a5-c056-4b18-b638-53a2ff8bd6ce,525,Point Panic - Stairs,21.290516,-157.860975,2021-05-30,2021-05-30T20:15:00.000Z,63,=,incoming,0
fc1ffabd-bbf3-4269-876e-72c7a282ce32,776,South Oʻahu: Kaʻalāwai (Black Point/Cromwells),21.2574,-157.7968,2021-05-30,2021-05-30T19:05:00.000Z,10,<,,0
566b3774-42a9-4aac-af6f-ed9e2c10bcdb,858,South Oʻahu: Magic Island Bowls,21.282953,-157.845657,2021-05-30,2021-05-30T19:05:00.000Z,20,=,,0
17731253-920b-4ce1-bdfc-433e39c7ed3c,812,Wailupe Stream,21.27737,-157.7503,2021-05-30,2021-05-30T19:05:00.000Z,10,<,,0
b859cce9-e7a8-4eb2-a73f-adb4f7cabe47,861,South Oʻahu: Waialae Beach Park,21.26885,-157.77655,2021-05-30,2021-05-30T19:00:00.000Z,10,<,outgoing,0
fd8927a6-72f9-48d8-ab24-4145f423869e,779,North Oʻahu: Chocolates,21.59493,-158.103673,2021-05-30,2021-05-30T19:00:00.000Z,414,=,,1
bcefb88a-470c-4b79-bac9-5ef3284f3f28,981,South Oʻahu: Kaʻalāwai (Black Point-East),21.259798,-157.789825,2021-05-30,2021-05-30T18:45:00.000Z,10,<,,0
d4a8f126-429b-4abf-845b-2b1a8fb3f818,862,South Oʻahu: Kuliʻouʻou Stream,21.28369,-157.721654,2021-05-30,2021-05-30T18:20:00.000Z,488,=,,1
0d02f2d5-87db-4841-a406-c4ba743b8a22,978,Ewa Beach Canal,21.310401,-158.00556,2021-05-30,2021-05-30T18:00:00.000Z,10,<,outgoing,0
4252f520-b496-4248-8969-2b281b3629ef,777,East Oʻahu: Kahaluʻu Beach,21.46011,-157.839571,2021-05-30,2021-05-30T18:00:00.000Z,41,=,outgoing,0
8a43e10a-b789-484b-9788-a21164de1515,780,North Oʻahu: Pūpūkea tidepools,21.649846,-158.062988,2021-05-30,2021-05-30T17:45:00.000Z,10,=,,0
7633f9b6-afa7-4ccf-8187-725e91180e52,979,East Oʻahu: Hakipuʻu Boat Ramp,21.506487,-157.85131,2021-05-30,2021-05-30T17:44:00.000Z,148,=,,1
deb35c73-ca55-4075-8369-6bcae4fd95e2,980,Waialua Pipe,21.584182,-158.137557,2021-05-30,2021-05-30T17:30:00.000Z,41,=,,0
bc134f0a-5a5a-471f-9a00-eeef7139511f,550,Waimānalo Bay Beach Park,21.342058,-157.699493,2021-05-30,2021-05-30T17:15:00.000Z,10,<,,0
c60de8cd-575f-4b09-a0b0-ecc61044c8f4,906,East Oʻahu: South Kaneohe Bay,21.4259,-157.7656,2021-05-30,2021-05-30T17:15:00.000Z,31,=,,0
a7bd1e73-fa51-413f-8764-7e06a8a9f7a4,859,South Oʻahu: Magic Island Canoe Launch,21.28777,-157.844116,2021-05-30,2021-05-30T17:15:00.000Z,30,=,,0
5ddc41d0-92b8-4d0e-a3ae-4e8f6e2de812,778,Pua'ena Point,21.60088,-158.104682,2021-05-30,2021-05-30T17:00:00.000Z,10,<,,0
483ba10f-3d2b-429e-be6e-967bf9c3645d,991,East Oʻahu: Kaimalino,21.425185,-157.740142,2021-05-30,2021-05-30T17:00:00.000Z,259,=,,1
d2cacd23-f1af-4b53-9211-2a9cdba588fe,525,Point Panic - Stairs,21.290516,-157.860975,2021-05-16,2021-05-16T20:25:00.000Z,52,=,outgoing,0
d46d9b26-7141-4c7c-b3b0-5804502ac964,776,South Oʻahu: Kaʻalāwai (Black Point/Cromwells),21.2574,-157.7968,2021-05-16,2021-05-16T18:50:00.000Z,110,=,outgoing,0
448088ab-7731-44ad-b0b7-c93ae338aac5,858,South Oʻahu: Magic Island Bowls,21.282953,-157.845657,2021-05-16,2021-05-16T18:47:00.000Z,10,=,outgoing,0
f693bfbc-8584-4a03-9a74-04eb561d48c8,780,North Oʻahu: Pūpūkea tidepools,21.649846,-158.062988,2021-05-16,2021-05-16T18:40:00.000Z,10,<,outgoing,0
610d2c50-2d63-4f38-9168-8b3d2d1444ea,981,South Oʻahu: Kaʻalāwai (Black Point-East),21.259798,-157.789825,2021-05-16,2021-05-16T18:40:00.000Z,10,=,outgoing,0
758bd665-63b9-47d0-adf4-39ef074825d5,906,East Oʻahu: South Kaneohe Bay,21.4259,-157.7656,2021-05-16,2021-05-16T18:40:00.000Z,75,=,,0
0f55d38e-5921-4b10-9e32-0350c5817a6a,812,Wailupe Stream,21.27737,-157.7503,2021-05-16,2021-05-16T18:40:00.000Z,10,<,outgoing,0
e90266f2-2480-4cc4-9dbd-0dcb1d2df3e0,861,South Oʻahu: Waialae Beach Park,21.26885,-157.77655,2021-05-16,2021-05-16T18:40:00.000Z,20,=,outgoing,0
e0e6b215-595b-42cb-977b-b47195aad501,859,South Oʻahu: Magic Island Canoe Launch,21.28777,-157.844116,2021-05-16,2021-05-16T18:37:00.000Z,203,=,outgoing,1
279d5350-b736-49a3-86a3-4c679266078d,991,East Oʻahu: Kaimalino,21.425185,-157.740142,2021-05-16,2021-05-16T18:30:00.000Z,10,<,outgoing,0
bfe884bc-a5f1-4b4e-b951-aadbb6e3f84c,979,East Oʻahu: Hakipuʻu Boat Ramp,21.506487,-157.85131,2021-05-16,2021-05-16T18:23:00.000Z,175,=,outgoing,1
17535ca4-cd63-459a-90cf-767720b03e49,862,South Oʻahu: Kuliʻouʻou Stream,21.28369,-157.721654,2021-05-16,2021-05-16T18:20:00.000Z,448,=,outgoing,1
f944b55f-30b8-4cbf-8718-61e45b9c7b44,779,North Oʻahu: Chocolates,21.59493,-158.103673,2021-05-16,2021-05-16T18:10:00.000Z,1162,=,outgoing,1
9c0124d3-6527-44c7-a325-1aad20d673f8,978,Ewa Beach Canal,21.310401,-158.00556,2021-05-16,2021-05-16T18:00:00.000Z,10,=,outgoing,0
38f6352d-e8b1-4d89-ad4a-8f3f040b959e,980,Waialua Pipe,21.584182,-158.137557,2021-05-16,2021-05-16T18:00:00.000Z,10,<,outgoing,0
e32ec445-d7a8-49d4-9d4b-12529387d921,550,Waimānalo Bay Beach Park,21.342058,-157.699493,2021-05-16,2021-05-16T17:05:00.000Z,10,<,outgoing,0
52ac4e9e-edcf-467a-9ecc-9f75d87b2af2,778,Pua'ena Point,21.60088,-158.104682,2021-05-16,2021-05-16T17:00:00.000Z,10,<,outgoing,0
77e4f065-bfd2-4dd7-98d3-1d6f67cd2a65,777,East Oʻahu: Kahaluʻu Beach,21.46011,-157.839571,2021-05-16,2021-05-16T16:42:00.000Z,199,=,outgoing,1
f1e00967-7b6d-448f-a3da-fecc7cd19e58,859,South Oʻahu: Magic Island Canoe Launch,21.28777,-157.844116,2021-05-02,2021-05-02T20:37:00.000Z,10,<,incoming,0
aaaf2aab-2ae4-42ca-8e92-4284d3a1fdee,858,South Oʻahu: Magic Island Bowls,21.282953,-157.845657,2021-05-02,2021-05-02T20:17:00.000Z,10,<,incoming,0
50ac8a04-150e-4615-b99d-346d35a59a66,525,Point Panic - Stairs,21.290516,-157.860975,2021-05-02,2021-05-02T19:17:00.000Z,10,<,outgoing,0
7f89cc4e-4f38-4fbc-92bd-a130f141e0a9,776,South Oʻahu: Kaʻalāwai (Black Point/Cromwells),21.2574,-157.7968,2021-05-02,2021-05-02T18:55:00.000Z,30,=,incoming,0
7efabddf-e4ae-4f88-850c-0ec84461ed5d,981,South Oʻahu: Kaʻalāwai (Black Point-East),21.259798,-157.789825,2021-05-02,2021-05-02T18:50:00.000Z,10,=,incoming,0
c6626428-a736-4674-97bb-063e25db4860,906,East Oʻahu: South Kaneohe Bay,21.4259,-157.7656,2021-05-02,2021-05-02T18:50:00.000Z,20,=,incoming,0
59f2fdea-b9e2-4879-9f23-11cfed9be380,812,Wailupe Stream,21.27737,-157.7503,2021-05-02,2021-05-02T18:45:00.000Z,85,=,high,0
e3b45d95-0590-4b85-8598-7b0266054118,979,East Oʻahu: Hakipuʻu Boat Ramp,21.506487,-157.85131,2021-05-02,2021-05-02T18:30:00.000Z,30,=,outgoing,0
358efdf6-b333-46c9-8298-3778a44066e3,861,South Oʻahu: Waialae Beach Park,21.26885,-157.77655,2021-05-02,2021-05-02T18:30:00.000Z,420,=,incoming,1
be400931-1efb-431a-b933-f3d76c913e4c,862,South Oʻahu: Kuliʻouʻou Stream,21.28369,-157.721654,2021-05-02,2021-05-02T18:15:00.000Z,2142,=,high,1
e511a042-3f0d-4317-a155-1fe0a40c02bb,777,East Oʻahu: Kahaluʻu Beach,21.46011,-157.839571,2021-05-02,2021-05-02T18:15:00.000Z,1050,=,outgoing,1
23833f87-8169-4430-bb51-d99a87ccf2e7,991,East Oʻahu: Kaimalino,21.425185,-157.740142,2021-05-02,2021-05-02T18:00:00.000Z,30,=,incoming,0
332a59bd-de04-449f-9354-5c89cd1d4ba3,780,North Oʻahu: Pūpūkea tidepools,21.649846,-158.062988,2021-05-02,2021-05-02T18:00:00.000Z,10,<,incoming,0
5e7e0f16-b4a5-450d-a25e-116fc2e0a9db,779,North Oʻahu: Chocolates,21.59493,-158.103673,2021-05-02,2021-05-02T18:00:00.000Z,1112,=,incoming,1
e3b644d8-bfb7-4dfc-8d88-33aec969de89,978,Ewa Beach Canal,21.310401,-158.00556,2021-05-02,2021-05-02T18:00:00.000Z,10,<,incoming,0
3393bb8d-3e64-43a2-8900-de5600c66b65,980,Waialua Pipe,21.584182,-158.137557,2021-05-02,2021-05-02T17:45:00.000Z,10,<,incoming,0
dba0d33a-ff03-41c7-b7a4-196c59386428,778,Pua'ena Point,21.60088,-158.104682,2021-05-02,2021-05-02T17:30:00.000Z,10,=,incoming,0
17ea672a-3e82-4fca-9eae-ebd5ed441f92,550,Waimānalo Bay Beach Park,21.342058,-157.699493,2021-05-02,2021-05-02T17:15:00.000Z,10,<,incoming,0
8bf27883-f6b8-4105-9683-874a71545513,525,Point Panic - Stairs,21.290516,-157.860975,2021-04-18,2021-04-18T20:30:00.000Z,41,=,incoming,0
61748b1a-9605-4915-a7a7-c7024463d12d,859,South Oʻahu: Magic Island Canoe Launch,21.28777,-157.844116,2021-04-18,2021-04-18T19:05:00.000Z,31,=,outgoing,0
38579dd4-69d6-4d6f-81ee-801fbccdf95b,906,East Oʻahu: South Kaneohe Bay,21.4259,-157.7656,2021-04-18,2021-04-18T19:00:00.000Z,10,=,outgoing,0
702c0205-c482-4739-bf40-d5086031f22b,776,South Oʻahu: Kaʻalāwai (Black Point/Cromwells),21.2574,-157.7968,2021-04-18,2021-04-18T19:00:00.000Z,10,<,outgoing,0
b35ce843-a47c-48c1-9276-b0dad9a0b626,780,North Oʻahu: Pūpūkea tidepools,21.649846,-158.062988,2021-04-18,2021-04-18T19:00:00.000Z,20,=,outgoing,0
1ed295ca-d2f4-4b02-9106-782812e6da93,981,South Oʻahu: Kaʻalāwai (Black Point-East),21.259798,-157.789825,2021-04-18,2021-04-18T18:55:00.000Z,10,<,low,0
45a92ee2-89cb-4d27-bb9b-12f07772d4d0,858,South Oʻahu: Magic Island Bowls,21.282953,-157.845657,2021-04-18,2021-04-18T18:50:00.000Z,10,=,outgoing,0
ad11d032-a180-40be-b9f6-e7a0063d7352,812,Wailupe Stream,21.27737,-157.7503,2021-04-18,2021-04-18T18:45:00.000Z,10,<,outgoing,0
ae25e2c5-3905-4f48-b55b-38e4a32b64c1,861,South Oʻahu: Waialae Beach Park,21.26885,-157.77655,2021-04-18,2021-04-18T18:45:00.000Z,10,=,outgoing,0
3a9bc34d-683a-4fb9-8639-a1aa9d8ff6b6,991,East Oʻahu: Kaimalino,21.425185,-157.740142,2021-04-18,2021-04-18T18:30:00.000Z,20,=,outgoing,0
922f3703-f0d8-4e04-bca8-186ba37e7b2b,862,South Oʻahu: Kuliʻouʻou Stream,21.28369,-157.721654,2021-04-18,2021-04-18T18:30:00.000Z,3076,=,outgoing,1
a07acbfe-33f9-459d-b11b-645c504ecd40,980,Waialua Pipe,21.584182,-158.137557,2021-04-18,2021-04-18T18:30:00.000Z,20,=,low,0
ef82cfbe-608b-4813-a934-103ac3daa4e5,779,North Oʻahu: Chocolates,21.59493,-158.103673,2021-04-18,2021-04-18T18:08:00.000Z,789,=,low,1
1c840295-e311-41b4-86ce-d9d74eb6f680,979,East Oʻahu: Hakipuʻu Boat Ramp,21.506487,-157.85131,2021-04-18,2021-04-18T17:50:00.000Z,155,=,outgoing,1
968b7021-5e9e-45f9-8609-d04a97d26d3b,778,Pua'ena Point,21.60088,-158.104682,2021-04-18,2021-04-18T17:00:00.000Z,10,<,low,0
bcc4c8a7-b632-4b83-ad7d-36555160fcff,777,East Oʻahu: Kahaluʻu Beach,21.46011,-157.839571,2021-04-18,2021-04-18T16:35:00.000Z,1153,=,outgoing,1
bddcb82a-b7a2-40db-8b1a-0ff0c79e964e,525,Point Panic - Stairs,21.290516,-157.860975,2021-04-04,2021-04-04T20:00:00.000Z,10,<,incoming,0
b0e771dc-d562-4aa2-85e7-39ed4fbaa248,812,Wailupe Stream,21.27737,-157.7503,2021-04-04,2021-04-04T19:15:00.000Z,317,=,low,1
dbcbf176-eac3-4679-9efc-e82e3444207a,906,East Oʻahu: South Kaneohe Bay,21.4259,-157.7656,2021-04-04,2021-04-04T19:15:00.000Z,63,=,,0
24f7be1c-f2ad-4a9f-a73f-b3f1b70a8127,776,South Oʻahu: Kaʻalāwai (Black Point/Cromwells),21.2574,-157.7968,2021-04-04,2021-04-04T19:10:00.000Z,10,=,incoming,0
2d41226b-ff01-4cb7-83e8-4c8c519b7239,979,East Oʻahu: Hakipuʻu Boat Ramp,21.506487,-157.85131,2021-04-04,2021-04-04T19:05:00.000Z,135,=,low,1
27ee4706-7b28-4f5f-8b36-25cf8e35fa8c,980,Waialua Pipe,21.584182,-158.137557,2021-04-04,2021-04-04T19:00:00.000Z,10,<,low,0
fd6025bd-7daf-449d-8d50-a540e8db80f5,991,East Oʻahu: Kaimalino,21.425185,-157.740142,2021-04-04,2021-04-04T19:00:00.000Z,31,=,incoming,0
27a53b37-a8aa-4d0a-bf37-214f34df8019,779,North Oʻahu: Chocolates,21.59493,-158.103673,2021-04-04,2021-04-04T19:00:00.000Z,369,=,low,1
e62dc095-b35f-48d9-84aa-372293b63406,858,South Oʻahu: Magic Island Bowls,21.282953,-157.845657,2021-04-04,2021-04-04T19:00:00.000Z,31,=,incoming,0
aac3150c-a7ce-4661-a0c0-70abd67faa51,859,South Oʻahu: Magic Island Canoe Launch,21.28777,-157.844116,2021-04-04,2021-04-04T18:54:00.000Z,670,=,incoming,1
0606c4aa-f335-4108-95f3-7c255e6d8f50,981,South Oʻahu: Kaʻalāwai (Black Point-East),21.259798,-157.789825,2021-04-04,2021-04-04T18:50:00.000Z,10,=,low,0
15d10d4e-4d8f-4f2e-8ad3-71bcaa8b4e96,861,South Oʻahu: Waialae Beach Park,21.26885,-157.77655,2021-04-04,2021-04-04T18:30:00.000Z,10,<,incoming,0
8080f251-9dd7-45ab-a4b9-642413078431,862,South Oʻahu: Kuliʻouʻou Stream,21.28369,-157.721654,2021-04-04,2021-04-04T18:15:00.000Z,15531,=,low,1
00c955d3-b3af-4da8-a6f6-313ec5523789,780,North Oʻahu: Pūpūkea tidepools,21.649846,-158.062988,2021-04-04,2021-04-04T18:00:00.000Z,10,<,low,0
573d2fbe-3205-45d5-9c30-5ed633356d8d,550,Waimānalo Bay Beach Park,21.342058,-157.699493,2021-04-04,2021-04-04T17:20:00.000Z,10,<,outgoing,0
968cd657-c01a-436f-bfa5-cb8d386d028e,778,Pua'ena Point,21.60088,-158.104682,2021-04-04,2021-04-04T17:00:00.000Z,10,<,incoming,0
78bdbe14-902c-4b84-8881-38cfbe4df399,777,East Oʻahu: Kahaluʻu Beach,21.46011,-157.839571,2021-04-04,2021-04-04T16:35:00.000Z,1935,=,outgoing,1
c0611001-88be-479f-998b-09e5d88bc8e1,776,South Oʻahu: Kaʻalāwai (Black Point/Cromwells),21.2574,-157.7968,2021-03-21,2021-03-21T19:50:00.000Z,432,=,low,1
b83c99a4-0d2a-48b9-93dc-d627f63a930f,525,Point Panic - Stairs,21.290516,-157.860975,2021-03-21,2021-03-21T19:50:00.000Z,10,<,low,0
60eb0250-c7cb-4612-9821-e1839e375860,858,South Oʻahu: Magic Island Bowls,21.282953,-157.845657,2021-03-21,2021-03-21T19:10:00.000Z,473,=,incoming,1
be5a9cca-f836-424e-a2d0-25e0f0aa4877,859,South Oʻahu: Magic Island Canoe Launch,21.28777,-157.844116,2021-03-21,2021-03-21T18:50:00.000Z,1723,=,incoming,1
065897f5-d79c-4f32-97e5-dcba89657c9c,812,Wailupe Stream,21.27737,-157.7503,2021-03-21,2021-03-21T18:40:00.000Z,158,=,low,1
e8ddba0d-cdfd-4971-a39a-dee4d9fcfbad,861,South Oʻahu: Waialae Beach Park,21.26885,-157.77655,2021-03-21,2021-03-21T18:35:00.000Z,4884,=,incoming,1
97520234-5d4e-4441-a8d1-b72f0f2d6a50,991,East Oʻahu: Kaimalino,21.425185,-157.740142,2021-03-21,2021-03-21T18:30:00.000Z,10,=,incoming,0
67f23197-6eaa-43dc-8c89-dacca3b5d8d7,906,East Oʻahu: South Kaneohe Bay,21.4259,-157.7656,2021-03-21,2021-03-21T18:30:00.000Z,10,=,low,0
291657b2-c8a6-42f1-a894-aceb4d56c09f,981,South Oʻahu: Kaʻalāwai (Black Point-East),21.259798,-157.789825,2021-03-21,2021-03-21T18:26:00.000Z,10422,=,low,1
dcfe8fb9-b4f0-4842-a3cc-f0b4f929acbf,979,East Oʻahu: Hakipuʻu Boat Ramp,21.506487,-157.85131,2021-03-21,2021-03-21T18:21:00.000Z,269,=,low,1
34aa92e4-b6ab-424b-b0c7-eebf32137331,777,East Oʻahu: Kahaluʻu Beach,21.46011,-157.839571,2021-03-21,2021-03-21T18:20:00.000Z,988,=,low,1
b9f087c4-4a3e-430b-bc6e-0b4cc50cf406,862,South Oʻahu: Kuliʻouʻou Stream,21.28369,-157.721654,2021-03-21,2021-03-21T18:15:00.000Z,7701,=,low,1
05602c9e-97b4-4b86-b0bd-72effcad7109,978,Ewa Beach Canal,21.310401,-158.00556,2021-03-21,2021-03-21T18:05:00.000Z,10,<,low,0
6a7c9355-ade8-4d10-b471-80046fd92b4f,780,North Oʻahu: Pūpūkea tidepools,21.649846,-158.062988,2021-03-21,2021-03-21T18:00:00.000Z,20,=,low,0
869f1bee-ccb6-4e84-962d-392fe68e81be,778,Pua'ena Point,21.60088,-158.104682,2021-03-21,2021-03-21T17:50:00.000Z,10,=,low,0
b6e2b706-58c7-4612-aecd-639e4579ef79,779,North Oʻahu: Chocolates,21.59493,-158.103673,2021-03-21,2021-03-21T17:50:00.000Z,598,=,low,1
8a29a164-14e2-4068-aa96-6c15432e514b,980,Waialua Pipe,21.584182,-158.137557,2021-03-21,2021-03-21T17:40:00.000Z,10,<,low,0
4033310a-95bd-4ba6-83de-16f60ae92d90,550,Waimānalo Bay Beach Park,21.342058,-157.699493,2021-03-21,2021-03-21T17:11:00.000Z,20,=,low,0
911d7a53-d40c-44c2-8152-7f3c69017968,858,South Oʻahu: Magic Island Bowls,21.282953,-157.845657,2021-03-07,2021-03-07T19:15:00.000Z,546,=,incoming,1
b0d54976-5e3d-4a17-90c6-813632c0d23a,525,Point Panic - Stairs,21.290516,-157.860975,2021-03-07,2021-03-07T19:12:00.000Z,10,<,low,0
38d6e582-432a-41d6-b3fb-5df92ac9fd85,776,South Oʻahu: Kaʻalāwai (Black Point/Cromwells),21.2574,-157.7968,2021-03-07,2021-03-07T18:50:00.000Z,20,=,low,0
02d4698a-d017-4183-8677-e3f8dcd6cf0e,981,South Oʻahu: Kaʻalāwai (Black Point-East),21.259798,-157.789825,2021-03-07,2021-03-07T18:50:00.000Z,10,=,incoming,0
09007ef9-22ec-4776-9aef-80b29b5c63dc,812,Wailupe Stream,21.27737,-157.7503,2021-03-07,2021-03-07T18:45:00.000Z,487,=,incoming,1
ac43f453-191d-4397-94c3-0a844259b838,978,Ewa Beach Canal,21.310401,-158.00556,2021-03-07,2021-03-07T18:30:00.000Z,10,<,incoming,0
473412a3-4533-4f52-bd37-10623e108cf3,859,South Oʻahu: Magic Island Canoe Launch,21.28777,-157.844116,2021-03-07,2021-03-07T18:30:00.000Z,8164,=,incoming,1
2cd62b59-e6f6-4d8a-a921-c665e6455a3f,778,Pua'ena Point,21.60088,-158.104682,2021-03-07,2021-03-07T18:30:00.000Z,10,<,low,0
52373f12-8ba7-4563-8b71-084b0c958564,862,South Oʻahu: Kuliʻouʻou Stream,21.28369,-157.721654,2021-03-07,2021-03-07T18:30:00.000Z,3873,=,low,1
d7300bdf-073a-4e5f-a89f-87fa9a699281,780,North Oʻahu: Pūpūkea tidepools,21.649846,-158.062988,2021-03-07,2021-03-07T18:30:00.000Z,10,<,low,0
beec134e-0eb0-4a19-9763-2e0cfab6cb6e,979,East Oʻahu: Hakipuʻu Boat Ramp,21.506487,-157.85131,2021-03-07,2021-03-07T18:30:00.000Z,63,=,outgoing,0
7a77964d-47a1-4eab-b112-d0109b585aa6,861,South Oʻahu: Waialae Beach Park,21.26885,-157.77655,2021-03-07,2021-03-07T18:30:00.000Z,884,=,low,1
ae196203-e692-48c9-8b3c-505e16414627,861,South Oʻahu: Waialae Beach Park,21.26885,-157.77655,2021-03-07,2021-03-07T18:15:00.000Z,2489,=,outgoing,1
931f8516-0c1a-42fd-8c74-f40a9e80ef71,779,North Oʻahu: Chocolates,21.59493,-158.103673,2021-03-07,2021-03-07T18:10:00.000Z,785,=,incoming,1
a2e7c501-971b-425d-b46b-5a29b68a6f21,550,Waimānalo Bay Beach Park,21.342058,-157.699493,2021-03-07,2021-03-07T18:10:00.000Z,10,<,outgoing,0
158f07df-ad83-4fce-b1b7-619b52798d76,980,Waialua Pipe,21.584182,-158.137557,2021-03-07,2021-03-07T18:05:00.000Z,10,<,incoming,0
6deeb15d-70e3-43fa-840d-452886bce11c,906,East Oʻahu: South Kaneohe Bay,21.4259,-157.7656,2021-03-07,2021-03-07T18:00:00.000Z,109,=,outgoing,0
2a3c31ba-103f-4a41-be2e-2049d6ee84b6,991,East Oʻahu: Kaimalino,21.425185,-157.740142,2021-03-07,2021-03-07T17:20:00.000Z,10,<,low,0
d3a5a1f1-ba72-4937-ae5c-5769f160f8bd,777,East Oʻahu: Kahaluʻu Beach,21.46011,-157.839571,2021-03-07,2021-03-07T16:37:00.000Z,1860,=,outgoing,1
0e2380ce-4146-4da9-aeef-adeb4a84fb4b,525,Point Panic - Stairs,21.290516,-157.860975,2021-02-21,2021-02-21T19:52:00.000Z,10,=,low,0
4ec7db67-878a-429a-950f-7acbf5b91d10,858,South Oʻahu: Magic Island Bowls,21.282953,-157.845657,2021-02-21,2021-02-21T18:50:00.000Z,41,=,incoming,0
ad5f4d78-8cfc-463d-bf07-7d2293831320,776,South Oʻahu: Kaʻalāwai (Black Point/Cromwells),21.2574,-157.7968,2021-02-21,2021-02-21T18:50:00.000Z,10,=,low,0
81a14481-74c6-4b58-96b1-71fb4f2f8fe0,859,South Oʻahu: Magic Island Canoe Launch,21.28777,-157.844116,2021-02-21,2021-02-21T18:40:00.000Z,10,=,outgoing,0
3cd517b3-07ff-4898-a2d5-92843e4209bc,862,South Oʻahu: Kuliʻouʻou Stream,21.28369,-157.721654,2021-02-21,2021-02-21T18:40:00.000Z,41,=,low,0
d5ca7279-b1fb-47f9-9d7e-9c221e7480c4,978,Ewa Beach Canal,21.310401,-158.00556,2021-02-21,2021-02-21T18:30:00.000Z,10,<,outgoing,0
f59a483f-56b3-4513-91a8-05891ec2cdba,861,South Oʻahu: Waialae Beach Park,21.26885,-157.77655,2021-02-21,2021-02-21T18:30:00.000Z,86,=,low,0
0d505b32-7549-404b-be7f-6ccd51ec1146,991,East Oʻahu: Kaimalino,21.425185,-157.740142,2021-02-21,2021-02-21T18:20:00.000Z,41,=,low,0
83180ee7-3373-4de0-89b8-8618bf23d04f,550,Waimānalo Bay Beach Park,21.342058,-157.699493,2021-02-21,2021-02-21T18:20:00.000Z,10,<,outgoing,0
5a15a9e5-6c50-4f74-89b9-e07f78c12577,979,East Oʻahu: Hakipuʻu Boat Ramp,21.506487,-157.85131,2021-02-21,2021-02-21T18:15:00.000Z,932,=,outgoing,1
da6553da-b95c-4177-a1ba-c59b36d22466,812,Wailupe Stream,21.27737,-157.7503,2021-02-21,2021-02-21T18:12:00.000Z,3255,=,low,1
fa5a34a4-ff89-441f-9d40-9170e435eccd,779,North Oʻahu: Chocolates,21.59493,-158.103673,2021-02-21,2021-02-21T18:10:00.000Z,909,=,low,1
b44c92a0-a575-4388-9f7d-552b8399bf2f,780,North Oʻahu: Pūpūkea tidepools,21.649846,-158.062988,2021-02-21,2021-02-21T18:00:00.000Z,74,=,low,0
c7f8f0a4-e0dc-40c7-91b1-5df631bd1205,980,Waialua Pipe,21.584182,-158.137557,2021-02-21,2021-02-21T17:40:00.000Z,30,=,outgoing,0
9db464b2-4d2c-455e-9665-2b53761647fa,778,Pua'ena Point,21.60088,-158.104682,2021-02-21,2021-02-21T17:00:00.000Z,31,=,low,0
5a2877e3-2acf-4b5f-8488-8200ca733d3a,906,East Oʻahu: South Kaneohe Bay,21.4259,-157.7656,2021-02-21,2021-02-21T16:50:00.000Z,31,=,low,0
cf9e0f49-2723-4956-a0ce-e5b934027d20,777,East Oʻahu: Kahaluʻu Beach,21.46011,-157.839571,2021-02-21,2021-02-21T16:45:00.000Z,2723,=,outgoing,1
5ab4cce4-dad5-4aba-aa44-08bf3a03cc25,779,North Oʻahu: Chocolates,21.59493,-158.103673,2021-02-07,2021-02-07T19:00:00.000Z,836,=,outgoing,1
341d6cec-a07d-4fe7-92ee-f02ca2df7dfd,776,South Oʻahu: Kaʻalāwai (Black Point/Cromwells),21.2574,-157.7968,2021-02-07,2021-02-07T18:50:00.000Z,41,=,outgoing,0
17ac33eb-568c-425a-b988-6de8b2922bac,858,South Oʻahu: Magic Island Bowls,21.282953,-157.845657,2021-02-07,2021-02-07T18:47:00.000Z,86,=,outgoing,0
9901b29a-496a-44ed-8791-bd27ed2df719,979,East Oʻahu: Hakipuʻu Boat Ramp,21.506487,-157.85131,2021-02-07,2021-02-07T18:45:00.000Z,81,=,outgoing,0
1487097b-66a5-4781-8c2d-0a9070716dfd,978,Ewa Beach Canal,21.310401,-158.00556,2021-02-07,2021-02-07T18:45:00.000Z,10,<,outgoing,0
94fd4b9e-ff36-4467-b52a-1fd8194a3d03,859,South Oʻahu: Magic Island Canoe Launch,21.28777,-157.844116,2021-02-07,2021-02-07T18:35:00.000Z,2700,=,low,1
cb757d3e-2c7b-49d2-b055-c037cbc8d5b5,861,South Oʻahu: Waialae Beach Park,21.26885,-157.77655,2021-02-07,2021-02-07T18:30:00.000Z,909,=,low,1
ccbba31b-6804-4c42-80ab-55f2cdb4a77f,812,Wailupe Stream,21.27737,-157.7503,2021-02-07,2021-02-07T18:00:00.000Z,85,=,low,0
c7d5084a-ef4a-4b89-aa6f-a580bd5178be,862,South Oʻahu: Kuliʻouʻou Stream,21.28369,-157.721654,2021-02-07,2021-02-07T18:00:00.000Z,3076,=,low,1
88f54eb4-040a-4f87-a787-9ae1c89279ac,981,South Oʻahu: Kaʻalāwai (Black Point-East),21.259798,-157.789825,2021-02-07,2021-02-07T18:00:00.000Z,10,<,outgoing,0
12582aa5-afe4-4d55-9d77-deff6dd9ee2d,980,Waialua Pipe,21.584182,-158.137557,2021-02-07,2021-02-07T17:45:00.000Z,20,=,outgoing,0
56bd605d-6d7b-4173-b097-ad81fb91594b,991,East Oʻahu: Kaimalino,21.425185,-157.740142,2021-02-07,2021-02-07T17:10:00.000Z,364,=,outgoing,1
c09c0c28-74b2-470d-936e-f32b3098d821,778,Pua'ena Point,21.60088,-158.104682,2021-02-07,2021-02-07T17:00:00.000Z,10,<,low,0
374d3c27-8dad-4a94-91da-b3aabb044929,550,Waimānalo Bay Beach Park,21.342058,-157.699493,2021-02-07,2021-02-07T17:00:00.000Z,10,<,outgoing,0
e71165f3-47a0-4977-9711-6643faaf08b4,780,North Oʻahu: Pūpūkea tidepools,21.649846,-158.062988,2021-02-07,2021-02-07T17:00:00.000Z,10462,=,outgoing,1
d359c9cc-1e8d-48a4-8513-8d13ca909727,525,Point Panic - Stairs,21.290516,-157.860975,2021-02-07,2021-02-07T16:35:00.000Z,10,<,low,0
27652165-83a7-4a9e-871a-f4ce75fcd8aa,777,East Oʻahu: Kahaluʻu Beach,21.46011,-157.839571,2021-02-07,2021-02-07T16:35:00.000Z,10,=,outgoing,0
cd0025cc-b65f-4fdf-b3f4-a25c5f05f8fa,906,East Oʻahu: South Kaneohe Bay,21.4259,-157.7656,2021-02-07,2021-02-07T16:30:00.000Z,41,=,incoming,0
e3284852-db28-4dc6-8f49-357849b7658b,525,Point Panic - Stairs,21.290516,-157.860975,2021-01-24,2021-01-24T19:40:00.000Z,10,<,outgoing,0
d537e641-08d0-4fe5-9ef8-fb7d83b6e841,991,East Oʻahu: Kaimalino,21.425185,-157.740142,2021-01-24,2021-01-24T19:00:00.000Z,63,=,outgoing,0
f4ec2438-cc01-40f0-bcaa-8898e454001a,906,East Oʻahu: South Kaneohe Bay,21.4259,-157.7656,2021-01-24,2021-01-24T19:00:00.000Z,20,=,outgoing,0
de259587-a243-4b09-b9a7-5e3fa0202edf,978,Ewa Beach Canal,21.310401,-158.00556,2021-01-24,2021-01-24T19:00:00.000Z,10,<,outgoing,0
3100f2a6-6ef3-4ce5-a516-d8312c6c3f31,776,South Oʻahu: Kaʻalāwai (Black Point/Cromwells),21.2574,-157.7968,2021-01-24,2021-01-24T19:00:00.000Z,20,=,outgoing,0
8ae29426-6467-4c22-99d5-bf49111a5aa1,859,South Oʻahu: Magic Island Canoe Launch,21.28777,-157.844116,2021-01-24,2021-01-24T18:50:00.000Z,288,=,outgoing,1
58bd16e2-6948-4b6c-afac-67dc9a168e11,812,Wailupe Stream,21.27737,-157.7503,2021-01-24,2021-01-24T18:35:00.000Z,204,=,outgoing,1
f808ff4e-570b-487b-87a0-41073a7ee988,861,South Oʻahu: Waialae Beach Park,21.26885,-157.77655,2021-01-24,2021-01-24T18:25:00.000Z,2755,=,outgoing,1
1a6ac40c-5e3b-47bd-b035-2eb4b2b846e3,858,South Oʻahu: Magic Island Bowls,21.282953,-157.845657,2021-01-24,2021-01-24T18:25:00.000Z,185,=,outgoing,1
7f1dd508-bb50-4a1c-bd7e-aede5d5bb9f9,979,East Oʻahu: Hakipuʻu Boat Ramp,21.506487,-157.85131,2021-01-24,2021-01-24T18:23:00.000Z,3130,=,outgoing,1
8392ba8d-6d09-4155-aaba-b9922bf58a49,862,South Oʻahu: Kuliʻouʻou Stream,21.28369,-157.721654,2021-01-24,2021-01-24T18:11:00.000Z,5172,=,outgoing,1
d5512105-10fc-4c15-aa6d-1ed80d295a20,779,North Oʻahu: Chocolates,21.59493,-158.103673,2021-01-24,2021-01-24T18:10:00.000Z,10,=,low,0
7c6de05a-07e4-4445-ba63-10b257a729e6,981,South Oʻahu: Kaʻalāwai (Black Point-East),21.259798,-157.789825,2021-01-24,2021-01-24T18:05:00.000Z,30,=,outgoing,0
9579edd6-b370-4d4b-95dc-ef4e1509ac49,778,Pua'ena Point,21.60088,-158.104682,2021-01-24,2021-01-24T18:00:00.000Z,1274,=,outgoing,1
9ceeac8d-bc4a-471b-8759-c15ed8945c9f,980,Waialua Pipe,21.584182,-158.137557,2021-01-24,2021-01-24T18:00:00.000Z,1259,=,outgoing,1
534eb950-ab2f-4b14-9eb6-fed572c515b8,780,North Oʻahu: Pūpūkea tidepools,21.649846,-158.062988,2021-01-24,2021-01-24T17:30:00.000Z,20,=,low,0
cd3e9732-7679-4791-9297-17c1418b7086,550,Waimānalo Bay Beach Park,21.342058,-157.699493,2021-01-24,2021-01-24T17:10:00.000Z,10,=,outgoing,0
f2f61a92-a288-4a94-b57a-74000029059c,777,East Oʻahu: Kahaluʻu Beach,21.46011,-157.839571,2021-01-24,2021-01-24T16:52:00.000Z,5794,=,outgoing,1
f31742b7-b6d6-49e0-8dd1-84ae56a2e1fa,859,South Oʻahu: Magic Island Canoe Launch,21.28777,-157.844116,2021-01-10,2021-01-10T19:25:00.000Z,1470,=,outgoing,1
3c90ab3b-1107-4bb7-9556-b21de380c82e,858,South Oʻahu: Magic Island Bowls,21.282953,-157.845657,2021-01-10,2021-01-10T19:03:00.000Z,275,=,outgoing,1
3a7e6185-89f1-4009-b4c3-f4db3923d212,861,South Oʻahu: Waialae Beach Park,21.26885,-157.77655,2021-01-10,2021-01-10T19:02:00.000Z,135,=,low,1
5c30722f-964a-4a94-9c94-369442b5c681,906,East Oʻahu: South Kaneohe Bay,21.4259,-157.7656,2021-01-10,2021-01-10T19:00:00.000Z,41,=,outgoing,0
22461a0c-0620-47f5-8fe4-ed66bca1f6c9,979,East Oʻahu: Hakipuʻu Boat Ramp,21.506487,-157.85131,2021-01-10,2021-01-10T19:00:00.000Z,185,=,outgoing,1
14e380b2-9363-48d9-8838-d6a73d1369b4,981,South Oʻahu: Kaʻalāwai (Black Point-East),21.259798,-157.789825,2021-01-10,2021-01-10T18:54:00.000Z,10,,outgoing,0
a8535b3b-41a6-4854-9e94-858beb5b015f,525,Point Panic - Stairs,21.290516,-157.860975,2021-01-10,2021-01-10T18:50:00.000Z,10,=,outgoing,0
3cc28eca-9038-47f3-8c9d-708de8cdba1c,776,South Oʻahu: Kaʻalāwai (Black Point/Cromwells),21.2574,-157.7968,2021-01-10,2021-01-10T18:45:00.000Z,10,=,low,0
f28b7e94-0270-45f9-954b-fc7315eb0263,779,North Oʻahu: Chocolates,21.59493,-158.103673,2021-01-10,2021-01-10T18:30:00.000Z,359,=,outgoing,1
97e29800-1637-4ebe-aa8f-607659be58f1,980,Waialua Pipe,21.584182,-158.137557,2021-01-10,2021-01-10T18:20:00.000Z,109,=,low,0
f19c063d-de3f-4a1c-b673-22505e70ef9e,862,South Oʻahu: Kuliʻouʻou Stream,21.28369,-157.721654,2021-01-10,2021-01-10T18:17:00.000Z,1396,=,low,1
0cc4b2a7-1530-4ded-88e1-365bdd5f24db,812,Wailupe Stream,21.27737,-157.7503,2021-01-10,2021-01-10T18:00:00.000Z,97,=,low,0
8c9d9bfb-7ff2-47dc-89c1-acb9066a1ffe,780,North Oʻahu: Pūpūkea tidepools,21.649846,-158.062988,2021-01-10,2021-01-10T18:00:00.000Z,85,=,,0
5b097161-b505-4936-a54f-81f0a906797c,550,Waimānalo Bay Beach Park,21.342058,-157.699493,2021-01-10,2021-01-10T18:00:00.000Z,20,=,outgoing,0
22d31fe9-ca34-4192-9650-51ba53135bc4,978,Ewa Beach Canal,21.310401,-158.00556,2021-01-10,2021-01-10T18:00:00.000Z,10,=,outgoing,0
855545bb-a1fe-4b07-9dbf-81940174a07c,991,East Oʻahu: Kaimalino,21.425185,-157.740142,2021-01-10,2021-01-10T17:45:00.000Z,74,=,outgoing,0
b444827d-f360-46ce-a482-e67d53347515,778,Pua'ena Point,21.60088,-158.104682,2021-01-10,2021-01-10T17:00:00.000Z,20,=,outgoing,0
a58487fc-0cd0-44c9-9c58-13b67f194e68,777,East Oʻahu: Kahaluʻu Beach,21.46011,-157.839571,2021-01-10,2021-01-10T16:57:00.000Z,1259,=,outgoing,1
63a9a605-16b5-4e74-bec8-ce86e0302989,980,Waialua Pipe,21.584182,-158.137557,2020-12-27,2020-12-27T19:40:00.000Z,52,=,low,0
0f6f45e2-4421-461a-b92c-a95a2b090c64,525,Point Panic - Stairs,21.290516,-157.860975,2020-12-27,2020-12-27T19:11:00.000Z,31,=,low,0
9b93ab93-52ab-4496-9ca1-3316d167d8ab,861,South Oʻahu: Waialae Beach Park,21.26885,-157.77655,2020-12-27,2020-12-27T19:04:00.000Z,473,=,low,1
98e88117-8a71-489e-9804-53515aad1cc6,979,East Oʻahu: Hakipuʻu Boat Ramp,21.506487,-157.85131,2020-12-27,2020-12-27T19:00:00.000Z,1017,=,low,1
ac16021d-da19-46e9-b6fd-5d83924c7b98,778,Pua'ena Point,21.60088,-158.104682,2020-12-27,2020-12-27T19:00:00.000Z,30,=,outgoing,0
0e6235d1-e49c-4436-89e0-dfdf70646135,978,Ewa Beach Canal,21.310401,-158.00556,2020-12-27,2020-12-27T18:50:00.000Z,10,<,outgoing,0
c030a618-3089-43c1-aa29-80f044521342,776,South Oʻahu: Kaʻalāwai (Black Point/Cromwells),21.2574,-157.7968,2020-12-27,2020-12-27T18:45:00.000Z,160,,low,1
cacc96e7-d9ca-4616-975b-9ef34e1536bf,858,South Oʻahu: Magic Island Bowls,21.282953,-157.845657,2020-12-27,2020-12-27T18:33:00.000Z,1223,=,low,1
5aa38114-f62a-4c55-9c44-6da036333f2b,859,South Oʻahu: Magic Island Canoe Launch,21.28777,-157.844116,2020-12-27,2020-12-27T18:25:00.000Z,5794,=,low,1
d52d36c6-2914-47d9-8049-9b9cef84095d,862,South Oʻahu: Kuliʻouʻou Stream,21.28369,-157.721654,2020-12-27,2020-12-27T18:15:00.000Z,15531,=,low,1
c75825cf-4491-4f33-90e2-db9a166fd733,780,North Oʻahu: Pūpūkea tidepools,21.649846,-158.062988,2020-12-27,2020-12-27T18:00:00.000Z,10,<,low,0
63c2db4a-8f66-4a98-8991-cd6a660d8622,779,North Oʻahu: Chocolates,21.59493,-158.103673,2020-12-27,2020-12-27T18:00:00.000Z,3076,=,low,1
e61b22ff-f7cd-4d51-b3d5-c642d31c1420,981,South Oʻahu: Kaʻalāwai (Black Point-East),21.259798,-157.789825,2020-12-27,2020-12-27T17:30:00.000Z,108,=,low,0
f88cda90-1f9c-43cb-9dfd-2a99822fe9d0,550,Waimānalo Bay Beach Park,21.342058,-157.699493,2020-12-27,2020-12-27T17:00:00.000Z,10,<,low,0
1b1082cb-0883-4df8-96ca-7763242b10c1,906,East Oʻahu: South Kaneohe Bay,21.4259,-157.7656,2020-12-27,2020-12-27T17:00:00.000Z,52,=,outgoing,0
ffe277ef-70e0-47a4-9faf-81e41b3c1613,777,East Oʻahu: Kahaluʻu Beach,21.46011,-157.839571,2020-12-27,2020-12-27T16:50:00.000Z,1953,=,outgoing,1
e6ee2399-95fb-4126-a63d-4daf8178996d,991,East Oʻahu: Kaimalino,21.425185,-157.740142,2020-12-13,2020-12-13T19:00:00.000Z,228,=,outgoing,1
4e80107e-7192-474a-b1f3-0647af3fabd2,776,South Oʻahu: Kaʻalāwai (Black Point/Cromwells),21.2574,-157.7968,2020-12-13,2020-12-13T19:00:00.000Z,20,=,outgoing,0
60d06879-cdda-462e-a9cd-2b77d5e6a0e5,979,East Oʻahu: Hakipuʻu Boat Ramp,21.506487,-157.85131,2020-12-13,2020-12-13T19:00:00.000Z,228,=,outgoing,1
f6f0411f-cd2f-4967-bab1-b24ff9f203cc,778,Pua'ena Point,21.60088,-158.104682,2020-12-13,2020-12-13T19:00:00.000Z,10,=,outgoing,0
ba4831a4-27c0-49b5-b054-718d32e99539,525,Point Panic - Stairs,21.290516,-157.860975,2020-12-13,2020-12-13T18:52:00.000Z,30,=,outgoing,0
52a1a103-42dc-4d03-84e2-ab7ce68f9db0,861,South Oʻahu: Waialae Beach Park,21.26885,-157.77655,2020-12-13,2020-12-13T18:41:00.000Z,275,=,outgoing,1
c1ddf914-3900-4aa9-93ad-54c877b837c7,981,South Oʻahu: Kaʻalāwai (Black Point-East),21.259798,-157.789825,2020-12-13,2020-12-13T18:34:00.000Z,295,=,outgoing,1
345619a8-54d6-4a0d-9f44-4c0bf57e7da8,858,South Oʻahu: Magic Island Bowls,21.282953,-157.845657,2020-12-13,2020-12-13T18:30:00.000Z,41,=,outgoing,0
d6b1375f-727b-4440-ba1f-3b887b602d4b,862,South Oʻahu: Kuliʻouʻou Stream,21.28369,-157.721654,2020-12-13,2020-12-13T18:20:00.000Z,906,=,outgoing,1
12c9a408-34dc-408f-89de-aa2b15d9cd60,859,South Oʻahu: Magic Island Canoe Launch,21.28777,-157.844116,2020-12-13,2020-12-13T18:20:00.000Z,109,=,outgoing,0
b3400cfd-3ae1-420f-a965-ed0875bcf26a,779,North Oʻahu: Chocolates,21.59493,-158.103673,2020-12-13,2020-12-13T18:20:00.000Z,228,=,outgoing,1
3c49cb65-33fc-4398-b040-aeff23d3c8cf,978,Ewa Beach Canal,21.310401,-158.00556,2020-12-13,2020-12-13T18:00:00.000Z,10,<,outgoing,0
e1d9e704-fc74-45b9-81bb-17ca31c92b5c,980,Waialua Pipe,21.584182,-158.137557,2020-12-13,2020-12-13T18:00:00.000Z,10,=,outgoing,0
d964b99c-ff32-45b5-99a0-a4d1d2697d1d,906,East Oʻahu: South Kaneohe Bay,21.4259,-157.7656,2020-12-13,2020-12-13T17:00:00.000Z,1374,=,outgoing,1
6dc72aa1-6058-4c23-8e97-25e0cf8f1a7e,550,Waimānalo Bay Beach Park,21.342058,-157.699493,2020-12-13,2020-12-13T17:00:00.000Z,10,<,outgoing,0
5ebbf5b7-1a35-41d2-976c-0d894854522c,777,East Oʻahu: Kahaluʻu Beach,21.46011,-157.839571,2020-12-13,2020-12-13T16:53:00.000Z,749,=,outgoing,1
ac1168b1-1676-4bd8-83a7-6621cf297a8a,525,Point Panic - Stairs,21.290516,-157.860975,2020-11-29,2020-11-29T19:05:00.000Z,40,=,outgoing,0
747f9912-5ea9-4bd5-9912-679a80bef78b,858,South Oʻahu: Magic Island Bowls,21.282953,-157.845657,2020-11-29,2020-11-29T19:05:00.000Z,31,,outgoing,0
90c5d2b5-dec7-4e82-8778-a1191d5b0359,861,South Oʻahu: Waialae Beach Park,21.26885,-157.77655,2020-11-29,2020-11-29T19:02:00.000Z,63,,low,0
2621833a-a9e7-47bd-85f9-49068935b764,859,South Oʻahu: Magic Island Canoe Launch,21.28777,-157.844116,2020-11-29,2020-11-29T19:00:00.000Z,199,,outgoing,1
9f1aad6c-0cbf-464b-b581-534b96e69337,981,South Oʻahu: Kaʻalāwai (Black Point-East),21.259798,-157.789825,2020-11-29,2020-11-29T18:57:00.000Z,546,,outgoing,1
d0a0e4e0-04ae-447f-97ca-a10fb727efab,978,Ewa Beach Canal,21.310401,-158.00556,2020-11-29,2020-11-29T18:30:00.000Z,10,,outgoing,0
15c7653d-56f2-4849-85e5-9c9c7ace152a,776,South Oʻahu: Kaʻalāwai (Black Point/Cromwells),21.2574,-157.7968,2020-11-29,2020-11-29T18:15:00.000Z,63,,outgoing,0
6a4bab28-bf45-4ccc-944c-7a49a3e12cd1,862,South Oʻahu: Kuliʻouʻou Stream,21.28369,-157.721654,2020-11-29,2020-11-29T18:15:00.000Z,1421,,outgoing,1
e8425ab2-8277-468c-b9fc-2661f3d0b9bc,779,North Oʻahu: Chocolates,21.59493,-158.103673,2020-11-29,2020-11-29T18:10:00.000Z,309,,outgoing,1
4214ae1b-1da8-4e5d-97be-48645db50700,980,Waialua Pipe,21.584182,-158.137557,2020-11-29,2020-11-29T18:00:00.000Z,10,,outgoing,0
5ed37ba7-c720-410a-bd75-bff9ded0a0b4,979,East Oʻahu: Hakipuʻu Boat Ramp,21.506487,-157.85131,2020-11-29,2020-11-29T18:00:00.000Z,443,,low,1
bf9ac976-541a-489c-8154-363e50683545,780,North Oʻahu: Pūpūkea tidepools,21.649846,-158.062988,2020-11-29,2020-11-29T18:00:00.000Z,10,,outgoing,0
c9f9acb8-9a10-4ab0-874d-85fcb576579b,778,Pua'ena Point,21.60088,-158.104682,2020-11-29,2020-11-29T17:30:00.000Z,10,,outgoing,0
4893c5bc-60bc-4028-9bd0-a0df0b07cab8,991,East Oʻahu: Kaimalino,21.425185,-157.740142,2020-11-29,2020-11-29T17:15:00.000Z,10,,outgoing,0
49f8e3c2-edef-4275-a3fa-ceba0345406b,906,East Oʻahu: South Kaneohe Bay,21.4259,-157.7656,2020-11-29,2020-11-29T17:00:00.000Z,10,,incoming,0
2407a9ac-fb51-497f-aa95-bec18c924137,550,Waimānalo Bay Beach Park,21.342058,-157.699493,2020-11-29,2020-11-29T17:00:00.000Z,10,<,outgoing,0
2a45b6ef-d79b-42ea-be82-07fda690d2a0,777,East Oʻahu: Kahaluʻu Beach,21.46011,-157.839571,2020-11-29,2020-11-29T16:51:00.000Z,1793,,low,1
8e4d6b7a-4c4d-4ba6-be54-cc59cd1aa0cf,861,South Oʻahu: Waialae Beach Park,21.26885,-157.77655,2020-11-15,2020-11-15T19:07:00.000Z,20,=,outgoing,0
d95a330a-5778-4e22-9a2e-ab9cc503099f,981,South Oʻahu: Kaʻalāwai (Black Point-East),21.259798,-157.789825,2020-11-15,2020-11-15T18:51:00.000Z,10,=,outgoing,0
c5decb20-e555-48c9-9fdf-8fa1266f2adf,978,Ewa Beach Canal,21.310401,-158.00556,2020-11-15,2020-11-15T18:50:00.000Z,63,=,outgoing,0
0f4b27f9-12c5-4a0d-9f01-fe84e0f7619b,525,Point Panic - Stairs,21.290516,-157.860975,2020-11-15,2020-11-15T18:48:00.000Z,10,<,outgoing,0
b0a03cfc-9b3e-4fcd-b493-568db009bdff,858,South Oʻahu: Magic Island Bowls,21.282953,-157.845657,2020-11-15,2020-11-15T18:30:00.000Z,41,=,outgoing,0
52291a7d-b653-4555-88f0-6358266d0e7b,979,East Oʻahu: Hakipuʻu Boat Ramp,21.506487,-157.85131,2020-11-15,2020-11-15T18:19:00.000Z,911,=,outgoing,1
86192921-5fef-4055-babb-d5c7e4c236cf,862,South Oʻahu: Kuliʻouʻou Stream,21.28369,-157.721654,2020-11-15,2020-11-15T18:15:00.000Z,1086,=,outgoing,1
d54849a5-7e0f-45a0-afe6-568bedd0c878,859,South Oʻahu: Magic Island Canoe Launch,21.28777,-157.844116,2020-11-15,2020-11-15T18:11:00.000Z,75,=,outgoing,0
bc26beff-2a51-4023-99ea-25a149fdf8aa,776,South Oʻahu: Kaʻalāwai (Black Point/Cromwells),21.2574,-157.7968,2020-11-15,2020-11-15T18:00:00.000Z,20,=,outgoing,0
81ef0a36-11d1-409c-84bc-a42b5ff28235,780,North Oʻahu: Pūpūkea tidepools,21.649846,-158.062988,2020-11-15,2020-11-15T18:00:00.000Z,74,=,outgoing,0
982fec8c-5a4e-452f-aecc-81b5c4902186,779,North Oʻahu: Chocolates,21.59493,-158.103673,2020-11-15,2020-11-15T17:50:00.000Z,594,=,outgoing,1
22260c41-a402-4a83-9e7a-2f0fe6e08509,980,Waialua Pipe,21.584182,-158.137557,2020-11-15,2020-11-15T17:30:00.000Z,31,=,outgoing,0
7fd3beb0-f002-4a4a-9e7c-eb0534bd524e,778,Pua'ena Point,21.60088,-158.104682,2020-11-15,2020-11-15T17:30:00.000Z,31,=,outgoing,0
0cf0445b-7749-418b-9ab5-ce20d16716f0,991,East Oʻahu: Kaimalino,21.425185,-157.740142,2020-11-15,2020-11-15T17:15:00.000Z,52,=,outgoing,0
c63612b6-d0ab-4950-8cb5-bd9123244885,550,Waimānalo Bay Beach Park,21.342058,-157.699493,2020-11-15,2020-11-15T17:10:00.000Z,10,<,outgoing,0
9638bcd4-c45b-4109-a46f-13599b47cf55,906,East Oʻahu: South Kaneohe Bay,21.4259,-157.7656,2020-11-15,2020-11-15T17:00:00.000Z,106,=,outgoing,0
958a74d8-d0aa-4b26-aa62-66f5b2cd8446,777,East Oʻahu: Kahaluʻu Beach,21.46011,-157.839571,2020-11-15,2020-11-15T16:56:00.000Z,1565,=,outgoing,1
95e329d7-dd15-4eb6-9570-ea0161fd51de,861,South Oʻahu: Waialae Beach Park,21.26885,-157.77655,2020-11-01,2020-11-01T19:10:00.000Z,10,<,outgoing,0
00065c4a-97aa-49a9-94a3-9add3bbd0383,525,Point Panic - Stairs,21.290516,-157.860975,2020-11-01,2020-11-01T19:05:00.000Z,31,=,outgoing,0
a52e04ae-33cf-4e49-ad7f-4eb40c052dc5,979,East Oʻahu: Hakipuʻu Boat Ramp,21.506487,-157.85131,2020-11-01,2020-11-01T18:55:00.000Z,75,=,outgoing,0
40ef06f0-0ed6-455a-b671-e426c73eceb5,978,Ewa Beach Canal,21.310401,-158.00556,2020-11-01,2020-11-01T18:45:00.000Z,10,<,outgoing,0
8063a275-51d8-499c-acda-6db0d8d047bc,858,South Oʻahu: Magic Island Bowls,21.282953,-157.845657,2020-11-01,2020-11-01T18:45:00.000Z,62,=,outgoing,0
0977c6e0-74eb-48f7-8567-a2565675a8d0,776,South Oʻahu: Kaʻalāwai (Black Point/Cromwells),21.2574,-157.7968,2020-11-01,2020-11-01T18:45:00.000Z,10,=,outgoing,0
9b72dd91-f830-43c8-9070-49c2f9a2509a,859,South Oʻahu: Magic Island Canoe Launch,21.28777,-157.844116,2020-11-01,2020-11-01T18:30:00.000Z,31,=,outgoing,0
8de85a9b-ddea-42d8-bb45-2d9180061573,862,South Oʻahu: Kuliʻouʻou Stream,21.28369,-157.721654,2020-11-01,2020-11-01T18:30:00.000Z,8164,=,low,1
d3c57a06-03d9-49cd-98e8-878e96e9308a,778,Pua'ena Point,21.60088,-158.104682,2020-11-01,2020-11-01T18:00:00.000Z,10,=,outgoing,0
62a2ff78-f9c0-4bb3-8e1a-3b3264a766a3,779,North Oʻahu: Chocolates,21.59493,-158.103673,2020-11-01,2020-11-01T18:00:00.000Z,246,,outgoing,1
e3b91cbd-3f34-4fc4-a8bb-658e732e2071,980,Waialua Pipe,21.584182,-158.137557,2020-11-01,2020-11-01T17:50:00.000Z,30,=,outgoing,0
5ff70a33-887b-4f3e-98c4-080e44e6e6d9,981,South Oʻahu: Kaʻalāwai (Black Point-East),21.259798,-157.789825,2020-11-01,2020-11-01T17:20:00.000Z,187,=,outgoing,1
46e5869f-e509-41a9-9779-6d6d419fe47b,991,East Oʻahu: Kaimalino,21.425185,-157.740142,2020-11-01,2020-11-01T17:18:00.000Z,441,=,low,1
f2c1fffc-a26f-43d2-9019-83cd3f60ef5f,550,Waimānalo Bay Beach Park,21.342058,-157.699493,2020-11-01,2020-11-01T17:00:00.000Z,10,<,outgoing,0
7d229d64-4e1c-4f0f-9da1-9aa7b0d6b6d2,777,East Oʻahu: Kahaluʻu Beach,21.46011,-157.839571,2020-11-01,2020-11-01T16:53:00.000Z,323,=,outgoing,1
48281fc8-d09b-44e8-bb9e-df3e6a0560ba,981,South Oʻahu: Kaʻalāwai (Black Point-East),21.259798,-157.789825,2020-10-18,2020-10-18T19:40:00.000Z,20,=,outgoing,0
5161f72c-068f-4a63-b3c1-5d911eb0d09e,979,East Oʻahu: Hakipuʻu Boat Ramp,21.506487,-157.85131,2020-10-18,2020-10-18T18:41:00.000Z,199,=,outgoing,1
b0f39b3b-f8bf-49ec-a1ef-210751981250,776,South Oʻahu: Kaʻalāwai (Black Point/Cromwells),21.2574,-157.7968,2020-10-18,2020-10-18T18:40:00.000Z,20,=,outgoing,0
f4cf756e-b626-470b-b9fd-d42f06f6f952,858,South Oʻahu: Magic Island Bowls,21.282953,-157.845657,2020-10-18,2020-10-18T18:35:00.000Z,10,=,outgoing,0
a0d0cbe3-7fec-4ef3-99ef-6ccb7286ef23,862,South Oʻahu: Kuliʻouʻou Stream,21.28369,-157.721654,2020-10-18,2020-10-18T18:15:00.000Z,1145,=,outgoing,1
fc7a5a02-e250-4d13-a81f-48fa68478f90,859,South Oʻahu: Magic Island Canoe Launch,21.28777,-157.844116,2020-10-18,2020-10-18T18:15:00.000Z,253,=,outgoing,1
10d7f9fd-01d3-4b55-a5a6-12eb4d5addc5,780,North Oʻahu: Pūpūkea tidepools,21.649846,-158.062988,2020-10-18,2020-10-18T18:00:00.000Z,10,<,incoming,0
955e9983-9f6c-4a4f-b599-8923b6411832,861,South Oʻahu: Waialae Beach Park,21.26885,-157.77655,2020-10-18,2020-10-18T18:00:00.000Z,161,,outgoing,1
47c8e432-dc86-4b57-a974-5b001b1e95fb,779,North Oʻahu: Chocolates,21.59493,-158.103673,2020-10-18,2020-10-18T18:00:00.000Z,201,=,outgoing,1
7f330bf5-e001-4986-b106-b1394bc38676,978,Ewa Beach Canal,21.310401,-158.00556,2020-10-18,2020-10-18T18:00:00.000Z,109,=,outgoing,0
e179ab55-8129-4928-8bc2-8dbd3a9eddb1,525,Point Panic - Stairs,21.290516,-157.860975,2020-10-18,2020-10-18T18:00:00.000Z,20,=,outgoing,0
35607a7e-51bd-4ee4-9075-b2d6a49b2acd,980,Waialua Pipe,21.584182,-158.137557,2020-10-18,2020-10-18T17:40:00.000Z,52,=,outgoing,0
d968fb1e-4eab-4e21-b1e9-868344d3b73d,778,Pua'ena Point,21.60088,-158.104682,2020-10-18,2020-10-18T17:30:00.000Z,85,=,outgoing,0
0b03f738-3477-4992-8cfe-c622ea7a1ecb,991,East Oʻahu: Kaimalino,21.425185,-157.740142,2020-10-18,2020-10-18T17:15:00.000Z,10,=,outgoing,0
90d11014-3a1b-43fb-b2ab-009cede65ee1,906,East Oʻahu: South Kaneohe Bay,21.4259,-157.7656,2020-10-18,2020-10-18T17:10:00.000Z,10,=,outgoing,0
84579344-ed60-49d8-81a4-69b5bf19c99f,550,Waimānalo Bay Beach Park,21.342058,-157.699493,2020-10-18,2020-10-18T17:07:00.000Z,10,<,outgoing,0
3ace9fdf-b16c-4712-9b43-da8fd8e747ff,777,East Oʻahu: Kahaluʻu Beach,21.46011,-157.839571,2020-10-18,2020-10-18T16:53:00.000Z,161,=,outgoing,1
9f3bca41-8cc9-4cdc-bd60-9092330e0f6e,978,Ewa Beach Canal,21.310401,-158.00556,2020-10-04,2020-10-04T19:00:00.000Z,20,=,outgoing,0
8f498fd5-e7a1-4297-96bd-f38fc8e4e6db,525,Point Panic - Stairs,21.290516,-157.860975,2020-10-04,2020-10-04T19:00:00.000Z,10,=,outgoing,0
16326dbf-d620-4688-aee6-a0e59438637f,981,South Oʻahu: Kaʻalāwai (Black Point-East),21.259798,-157.789825,2020-10-04,2020-10-04T18:58:00.000Z,223,,outgoing,1
4beba85a-0b3d-447a-8479-3d87a0703338,776,South Oʻahu: Kaʻalāwai (Black Point/Cromwells),21.2574,-157.7968,2020-10-04,2020-10-04T18:45:00.000Z,341,=,outgoing,1
10ca24a8-4770-464c-84ff-89638d8e0065,858,South Oʻahu: Magic Island Bowls,21.282953,-157.845657,2020-10-04,2020-10-04T18:45:00.000Z,86,=,outgoing,0
d7a25bf1-fb93-4b0e-b3cb-dbefb7288eb3,861,South Oʻahu: Waialae Beach Park,21.26885,-157.77655,2020-10-04,2020-10-04T18:40:00.000Z,30,=,outgoing,0
4011719b-fa11-433d-bd0e-e5c8fcf55cfc,859,South Oʻahu: Magic Island Canoe Launch,21.28777,-157.844116,2020-10-04,2020-10-04T18:35:00.000Z,197,=,outgoing,1
25170959-6317-40c6-840b-2fe1b5fa5e0e,979,East Oʻahu: Hakipuʻu Boat Ramp,21.506487,-157.85131,2020-10-04,2020-10-04T18:25:00.000Z,160,=,outgoing,1
e12ceb26-7ad7-4a03-8f41-f0d5c506e38f,778,Pua'ena Point,21.60088,-158.104682,2020-10-04,2020-10-04T18:20:00.000Z,10,<,outgoing,0
bf57212f-bf0b-4127-912f-0069c1adcc66,862,South Oʻahu: Kuliʻouʻou Stream,21.28369,-157.721654,2020-10-04,2020-10-04T18:15:00.000Z,199,=,outgoing,1
bae793c9-2bbf-4340-b58f-2df3e2fdce6c,779,North Oʻahu: Chocolates,21.59493,-158.103673,2020-10-04,2020-10-04T18:00:00.000Z,1222,=,outgoing,1
8d3db0c9-4fb7-4245-846c-706d57751974,780,North Oʻahu: Pūpūkea tidepools,21.649846,-158.062988,2020-10-04,2020-10-04T18:00:00.000Z,160,=,outgoing,1
f7190207-563b-4401-973d-fd42f5766fbf,980,Waialua Pipe,21.584182,-158.137557,2020-10-04,2020-10-04T17:45:00.000Z,63,=,outgoing,0
73025592-0610-4911-b54f-bf5fc9567e7f,906,East Oʻahu: South Kaneohe Bay,21.4259,-157.7656,2020-10-04,2020-10-04T17:15:00.000Z,20,=,low,0
e7a69bb4-ac29-4269-abd8-cbc2c3fd8737,550,Waimānalo Bay Beach Park,21.342058,-157.699493,2020-10-04,2020-10-04T17:00:00.000Z,10,<,low,0
8c3a46ff-520b-4159-b214-32548073dbc1,777,East Oʻahu: Kahaluʻu Beach,21.46011,-157.839571,2020-10-04,2020-10-04T16:55:00.000Z,1314,=,outgoing,1
864c58dd-10a1-4549-a7e0-afecda26dddc,981,South Oʻahu: Kaʻalāwai (Black Point-East),21.259798,-157.789825,2020-09-20,2020-09-20T20:50:00.000Z,10,,incoming,0
3e7dd42b-67e6-4fca-bf67-16627ea0dc6c,863,Kuliouou Pole 2,21.2821,-157.7215,2020-09-20,2020-09-20T19:59:00.000Z,20,=,outgoing,0
965aa730-cf6f-4604-afe8-1a50da319658,525,Point Panic - Stairs,21.290516,-157.860975,2020-09-20,2020-09-20T19:50:00.000Z,10,<,outgoing,0
47243022-8bba-4549-8889-5eef4ab5e040,861,South Oʻahu: Waialae Beach Park,21.26885,-157.77655,2020-09-20,2020-09-20T18:50:00.000Z,10,=,outgoing,0
3812986e-9cc3-43ec-9efe-53280c735e9a,550,Waimānalo Bay Beach Park,21.342058,-157.699493,2020-09-20,2020-09-20T18:45:00.000Z,10,<,outgoing,0
79e60d2b-7584-442a-98e1-a8ba47ac6ade,858,South Oʻahu: Magic Island Bowls,21.282953,-157.845657,2020-09-20,2020-09-20T18:44:00.000Z,10,<,outgoing,0
a93402d1-7fa1-431c-896b-9ae613a1ad37,776,South Oʻahu: Kaʻalāwai (Black Point/Cromwells),21.2574,-157.7968,2020-09-20,2020-09-20T18:40:00.000Z,10,<,outgoing,0
b92183ce-9005-4a54-acdb-29596821b7eb,778,Pua'ena Point,21.60088,-158.104682,2020-09-20,2020-09-20T18:15:00.000Z,10,<,outgoing,0
71bc1ce9-ba71-4cdc-ad4e-a3916ed20e31,779,North Oʻahu: Chocolates,21.59493,-158.103673,2020-09-20,2020-09-20T18:00:00.000Z,74,=,outgoing,0
2c7dd274-5c6e-4bcd-9b38-760b14e59e87,979,East Oʻahu: Hakipuʻu Boat Ramp,21.506487,-157.85131,2020-09-20,2020-09-20T18:00:00.000Z,211,=,outgoing,1
68a2e529-2983-4bba-8001-8ec2ceb24b88,780,North Oʻahu: Pūpūkea tidepools,21.649846,-158.062988,2020-09-20,2020-09-20T17:50:00.000Z,10,<,outgoing,0
d29d9445-c777-4775-ae4f-2f85c457a011,980,Waialua Pipe,21.584182,-158.137557,2020-09-20,2020-09-20T17:45:00.000Z,52,=,outgoing,0
155aa4e5-2999-4202-a8e0-eac9755a170f,813,Kalama Beach Park,21.405375,-157.738813,2020-09-20,2020-09-20T17:20:00.000Z,10,=,outgoing,0
ba2767ac-c290-4e08-bc49-a8cfa94891d5,906,East Oʻahu: South Kaneohe Bay,21.4259,-157.7656,2020-09-20,2020-09-20T17:15:00.000Z,10,<,outgoing,0
169319e1-159e-4fb3-a6a1-4d5570681cc5,978,Ewa Beach Canal,21.310401,-158.00556,2020-09-20,2020-09-20T17:00:00.000Z,10,<,outgoing,0
67602e8d-e81b-4bc0-a549-2f64a8937f22,777,East Oʻahu: Kahaluʻu Beach,21.46011,-157.839571,2020-09-20,2020-09-20T16:55:00.000Z,1039,=,outgoing,1
e794dc6f-4169-4108-a51f-783fd40cdcbd,776,South Oʻahu: Kaʻalāwai (Black Point/Cromwells),21.2574,-157.7968,2020-09-06,2020-09-06T19:05:00.000Z,10,<,outgoing,0
85431a28-048c-46a9-91fb-35fb12cffbb8,861,South Oʻahu: Waialae Beach Park,21.26885,-157.77655,2020-09-06,2020-09-06T19:00:00.000Z,10,<,outgoing,0
a569d4f4-18b1-4363-b6d0-e7b096876f7b,526,Black Point - Kaikoo,21.255324,-157.79351,2020-09-06,2020-09-06T19:00:00.000Z,10,<,outgoing,0
4d136703-1808-4e49-804c-3f33fb394776,525,Point Panic - Stairs,21.290516,-157.860975,2020-09-06,2020-09-06T19:00:00.000Z,10,<,outgoing,0
fdc41fb5-7bef-4f15-8eae-2345927e5267,858,South Oʻahu: Magic Island Bowls,21.282953,-157.845657,2020-09-06,2020-09-06T18:56:00.000Z,10,<,outgoing,0
c4cd92c1-ada6-4cd6-86b5-3150b6c0ee53,859,South Oʻahu: Magic Island Canoe Launch,21.28777,-157.844116,2020-09-06,2020-09-06T18:50:00.000Z,10,<,outgoing,0
0944bf17-d2fe-46f6-90c2-370189ff2d68,978,Ewa Beach Canal,21.310401,-158.00556,2020-09-06,2020-09-06T18:45:00.000Z,10,<,outgoing,0
2798b902-09b2-4226-8342-f2ae36bfea06,550,Waimānalo Bay Beach Park,21.342058,-157.699493,2020-09-06,2020-09-06T18:30:00.000Z,10,<,outgoing,0
b108abf3-962a-4999-ac49-dad88295b470,778,Pua'ena Point,21.60088,-158.104682,2020-09-06,2020-09-06T18:20:00.000Z,10,<,outgoing,0
0db18415-f65c-4893-9851-da9a9d2da991,779,North Oʻahu: Chocolates,21.59493,-158.103673,2020-09-06,2020-09-06T18:15:00.000Z,75,=,outgoing,0
4d9fac08-3576-4f2c-9e9d-9115b7e7952c,862,South Oʻahu: Kuliʻouʻou Stream,21.28369,-157.721654,2020-09-06,2020-09-06T18:10:00.000Z,63,=,outgoing,0
75797c90-53df-4d19-84dd-2caf72b21127,979,East Oʻahu: Hakipuʻu Boat Ramp,21.506487,-157.85131,2020-09-06,2020-09-06T18:10:00.000Z,583,=,outgoing,1
9f7fee1f-358c-4d3d-beca-7fd6c0a737f1,980,Waialua Pipe,21.584182,-158.137557,2020-09-06,2020-09-06T17:50:00.000Z,10,<,,0
387e09b7-ce6f-432d-ab74-a9812c775f95,780,North Oʻahu: Pūpūkea tidepools,21.649846,-158.062988,2020-09-06,2020-09-06T17:30:00.000Z,10,<,outgoing,0
9bcc2f19-7b4d-449a-b2f3-e7534b8b835c,906,East Oʻahu: South Kaneohe Bay,21.4259,-157.7656,2020-09-06,2020-09-06T17:00:00.000Z,10,<,outgoing,0
2de743e4-a19d-4155-90a8-db15cdc761e7,777,East Oʻahu: Kahaluʻu Beach,21.46011,-157.839571,2020-09-06,2020-09-06T16:55:00.000Z,315,=,outgoing,1
45aa78b6-f094-40d9-95c0-3d59c9bb45b8,525,Point Panic - Stairs,21.290516,-157.860975,2020-08-23,2020-08-23T19:30:00.000Z,41,=,high,0
25da2a4d-779e-42b2-b09e-246af241b95b,776,South Oʻahu: Kaʻalāwai (Black Point/Cromwells),21.2574,-157.7968,2020-08-23,2020-08-23T19:15:00.000Z,10,<,high,0
fce91c11-280d-4525-aff4-0b7c1f3a63af,858,South Oʻahu: Magic Island Bowls,21.282953,-157.845657,2020-08-23,2020-08-23T19:15:00.000Z,10,<,high,0
16a3e861-7376-4622-bda9-a321fbd59a6a,861,South Oʻahu: Waialae Beach Park,21.26885,-157.77655,2020-08-23,2020-08-23T18:59:00.000Z,10,<,high,0
bb5a0dac-ef34-444d-b5ef-0d578b46b6af,859,South Oʻahu: Magic Island Canoe Launch,21.28777,-157.844116,2020-08-23,2020-08-23T18:56:00.000Z,10,<,high,0
516d1f45-c0e8-4583-9779-1123ad7831c1,980,Waialua Pipe,21.584182,-158.137557,2020-08-23,2020-08-23T18:45:00.000Z,20,=,outgoing,0
7e986f70-1c36-4424-a06a-d536df5647d5,526,Black Point - Kaikoo,21.255324,-157.79351,2020-08-23,2020-08-23T18:40:00.000Z,10,<,high,0
ea0c4404-69fb-4403-a08a-fea73e04fea6,779,North Oʻahu: Chocolates,21.59493,-158.103673,2020-08-23,2020-08-23T18:30:00.000Z,20,=,high,0
5a72aa9c-d6fe-4808-bf24-52114a5f27dc,862,South Oʻahu: Kuliʻouʻou Stream,21.28369,-157.721654,2020-08-23,2020-08-23T18:22:00.000Z,20,=,high,0
440d37da-04d8-4fac-a2cf-4a7c72d5d988,550,Waimānalo Bay Beach Park,21.342058,-157.699493,2020-08-23,2020-08-23T18:15:00.000Z,10,=,high,0
4ab4a046-fa2d-4221-b5c8-63c65e95a7bb,780,North Oʻahu: Pūpūkea tidepools,21.649846,-158.062988,2020-08-23,2020-08-23T18:01:00.000Z,10,<,high,0
80411b87-0984-41a7-931b-6cb5829dd026,978,Ewa Beach Canal,21.310401,-158.00556,2020-08-23,2020-08-23T17:40:00.000Z,10,<,outgoing,0
12ea9ff2-6e48-44a8-9a16-2d468f8ed359,813,Kalama Beach Park,21.405375,-157.738813,2020-08-23,2020-08-23T17:30:00.000Z,10,<,high,0
9cf50bad-908e-42f8-b28d-ac2fc76bb378,777,East Oʻahu: Kahaluʻu Beach,21.46011,-157.839571,2020-08-23,2020-08-23T16:55:00.000Z,305,=,high,1
626cdb54-d747-47e1-a597-0e9df7ab4f8e,906,East Oʻahu: South Kaneohe Bay,21.4259,-157.7656,2020-08-23,2020-08-23T16:50:00.000Z,10,<,high,0
f7ad8cae-fe6a-4221-831d-d40e4619acca,979,East Oʻahu: Hakipuʻu Boat Ramp,21.506487,-157.85131,2020-08-23,2020-08-23T16:19:00.000Z,31,=,outgoing,0
95664689-7899-4ca5-bd7c-769ca7faae60,550,Waimānalo Bay Beach Park,21.342058,-157.699493,2020-08-09,2020-08-09T20:08:00.000Z,10,<,outgoing,0
78e8d8d8-3be0-473f-b622-45bcb5893b22,526,Black Point - Kaikoo,21.255324,-157.79351,2020-08-09,2020-08-09T19:33:00.000Z,10,<,outgoing,0
398aed53-ae35-4cf9-8977-6a9eb1a4cc3e,858,South Oʻahu: Magic Island Bowls,21.282953,-157.845657,2020-08-09,2020-08-09T19:05:00.000Z,10,=,high,0
2915d37b-a302-474d-820b-f39eb8fdaf53,861,South Oʻahu: Waialae Beach Park,21.26885,-157.77655,2020-08-09,2020-08-09T18:49:00.000Z,10,=,high,0
c045798a-84d4-443d-be3b-50fad53c80b3,859,South Oʻahu: Magic Island Canoe Launch,21.28777,-157.844116,2020-08-09,2020-08-09T18:48:00.000Z,10,<,high,0
51659cb9-d90e-4a60-a88b-06b22f26e562,776,South Oʻahu: Kaʻalāwai (Black Point/Cromwells),21.2574,-157.7968,2020-08-09,2020-08-09T18:40:00.000Z,10,<,high,0
2cd536fa-199a-4e82-ae2b-ad9c1882fa5a,525,Point Panic - Stairs,21.290516,-157.860975,2020-08-09,2020-08-09T18:40:00.000Z,10,=,high,0
ab7e6f3c-82d3-4d29-a541-020ff787a37c,979,East Oʻahu: Hakipuʻu Boat Ramp,21.506487,-157.85131,2020-08-09,2020-08-09T18:30:00.000Z,158,=,outgoing,1
36c9400b-56f0-4544-8406-4ed718cfec48,778,Pua'ena Point,21.60088,-158.104682,2020-08-09,2020-08-09T18:30:00.000Z,10,<,high,0
3d26a21d-eb3c-4603-867b-8e53979252db,862,South Oʻahu: Kuliʻouʻou Stream,21.28369,-157.721654,2020-08-09,2020-08-09T18:20:00.000Z,644,=,high,1
a499dc08-b82c-4c79-bda7-3c3ffce96905,780,North Oʻahu: Pūpūkea tidepools,21.649846,-158.062988,2020-08-09,2020-08-09T17:45:00.000Z,10,<,,0
1bb701dd-9560-41b7-b13b-93142c6ebe24,978,Ewa Beach Canal,21.310401,-158.00556,2020-08-09,2020-08-09T17:25:00.000Z,10,<,incoming,0
f2e9ed97-c565-4e43-8150-31dbf2899039,906,East Oʻahu: South Kaneohe Bay,21.4259,-157.7656,2020-08-09,2020-08-09T17:25:00.000Z,31,=,incoming,0
3691fbb3-5daf-4797-9a00-1c0b514d706a,813,Kalama Beach Park,21.405375,-157.738813,2020-08-09,2020-08-09T17:20:00.000Z,10,=,high,0
8cf7b4dd-31fa-4292-8304-b79452c168eb,777,East Oʻahu: Kahaluʻu Beach,21.46011,-157.839571,2020-08-09,2020-08-09T16:50:00.000Z,301,=,high,1
17c6e2b4-28e6-4354-8d11-81d9f6857582,861,South Oʻahu: Waialae Beach Park,21.26885,-157.77655,2020-07-12,2020-07-12T18:52:00.000Z,424,=,incoming,1
c4b7c972-5c17-43ef-b3fe-d40cab9f0ace,525,Point Panic - Stairs,21.290516,-157.860975,2020-07-12,2020-07-12T18:30:00.000Z,866,=,incoming,1
810a9884-f2de-4278-93bd-44bd58bb2a78,858,South Oʻahu: Magic Island Bowls,21.282953,-157.845657,2020-07-12,2020-07-12T18:25:00.000Z,1031,,incoming,1
2a31c0a0-048e-4990-831a-6b5559a4d4af,776,South Oʻahu: Kaʻalāwai (Black Point/Cromwells),21.2574,-157.7968,2020-07-12,2020-07-12T18:20:00.000Z,901,=,incoming,1
b4dfc78a-bef9-4f06-93e1-d291cfad26b1,862,South Oʻahu: Kuliʻouʻou Stream,21.28369,-157.721654,2020-07-12,2020-07-12T18:19:00.000Z,97,=,incoming,0
49b75ea9-8c02-4b76-86ca-9223b7aec396,859,South Oʻahu: Magic Island Canoe Launch,21.28777,-157.844116,2020-07-12,2020-07-12T18:15:00.000Z,383,=,incoming,1
3ae9a4be-30ac-45e4-9a93-3db04d9f0d2c,779,North Oʻahu: Chocolates,21.59493,-158.103673,2020-07-12,2020-07-12T18:05:00.000Z,31,=,incoming,0
18587c28-21f0-47fd-9501-2bbaebd2a0df,780,North Oʻahu: Pūpūkea tidepools,21.649846,-158.062988,2020-07-12,2020-07-12T17:30:00.000Z,233,=,incoming,1
c7250105-02e2-4ab3-92cf-8f3ef4760535,813,Kalama Beach Park,21.405375,-157.738813,2020-07-12,2020-07-12T17:30:00.000Z,31,=,incoming,0
9ada92b9-c0af-4b0e-882d-b2e8d4e87898,906,East Oʻahu: South Kaneohe Bay,21.4259,-157.7656,2020-07-12,2020-07-12T17:00:00.000Z,895,=,incoming,1
ecd84caa-9646-48af-bf67-19da07af7ab2,777,East Oʻahu: Kahaluʻu Beach,21.46011,-157.839571,2020-07-12,2020-07-12T16:55:00.000Z,695,,incoming,1
1e586eed-6b97-483d-84e7-5aefa2487e27,525,Point Panic - Stairs,21.290516,-157.860975,2020-03-15,2020-03-15T20:55:00.000Z,10,=,incoming,0
9804bda0-d8df-41d3-a72d-c3a0f88e1085,776,South Oʻahu: Kaʻalāwai (Black Point/Cromwells),21.2574,-157.7968,2020-03-15,2020-03-15T20:00:00.000Z,10,<,outgoing,0
d1b325dc-cda4-451f-b564-9dd661341b7a,526,Black Point - Kaikoo,21.255324,-157.79351,2020-03-15,2020-03-15T19:56:00.000Z,20,=,outgoing,0
2119b5b2-099d-45f2-9e7c-c0a92b69f77d,779,North Oʻahu: Chocolates,21.59493,-158.103673,2020-03-15,2020-03-15T19:20:00.000Z,292,=,outgoing,1
ce734ca3-a003-438e-acac-c192b7d62b47,860,Kahala PacIOOS Sensor,21.26798,-157.77705,2020-03-15,2020-03-15T19:15:00.000Z,10,<,high,0
80f627ed-5e27-4f70-96ff-d67d79bc47e6,780,North Oʻahu: Pūpūkea tidepools,21.649846,-158.062988,2020-03-15,2020-03-15T19:15:00.000Z,10,=,outgoing,0
c6a83ba3-bb1f-40df-898b-3a683e61b621,858,South Oʻahu: Magic Island Bowls,21.282953,-157.845657,2020-03-15,2020-03-15T19:02:00.000Z,10,=,incoming,0
447ce9d1-067d-4439-a27f-7aee9516c752,546,Rock Piles/Bowls,21.281527,-157.84097,2020-03-15,2020-03-15T19:00:00.000Z,10,<,low,0
5a19f0e2-6ca8-4a83-a1a7-4adf232557e3,861,South Oʻahu: Waialae Beach Park,21.26885,-157.77655,2020-03-15,2020-03-15T19:00:00.000Z,10,=,outgoing,0
401060ea-563e-415a-8e90-26d17d220b4f,906,East Oʻahu: South Kaneohe Bay,21.4259,-157.7656,2020-03-15,2020-03-15T19:00:00.000Z,10,=,low,0
50107481-e54f-485e-a3bb-77551f8888ba,859,South Oʻahu: Magic Island Canoe Launch,21.28777,-157.844116,2020-03-15,2020-03-15T18:45:00.000Z,173,=,outgoing,1
c074d019-68de-451a-b3fc-ffe7b91bfa25,863,Kuliouou Pole 2,21.2821,-157.7215,2020-03-15,2020-03-15T18:32:00.000Z,31,=,low,0
3a1ff8bf-cc8f-49ba-b651-5f4383ea0c6a,811,Paiko Restoration Site,21.2804,-157.7267,2020-03-15,2020-03-15T18:30:00.000Z,10,=,outgoing,0
57c4af7e-e070-49c3-a30d-c50a5b62ddfe,907,Paiko Lagoon,21.2816,-157.7273,2020-03-15,2020-03-15T18:25:00.000Z,85,=,outgoing,0
12bac200-5f58-4881-88f3-1f53a6a221ae,862,South Oʻahu: Kuliʻouʻou Stream,21.28369,-157.721654,2020-03-15,2020-03-15T18:22:00.000Z,262,=,outgoing,1
bf34156d-626b-4b54-97c6-71759be68cb3,813,Kalama Beach Park,21.405375,-157.738813,2020-03-15,2020-03-15T18:15:00.000Z,10,=,outgoing,0
5d021ff8-0380-46ef-8ae6-b25afc0f86af,777,East Oʻahu: Kahaluʻu Beach,21.46011,-157.839571,2020-03-15,2020-03-15T17:40:00.000Z,10112,=,outgoing,1
553114939,779,North Oʻahu: Chocolates,21.59493,-158.103673,2020-03-01,2020-03-01T19:30:00Z,156,=,low,1
553114953,525,Point Panic - Stairs,21.290516,-157.860975,2020-03-01,2020-03-01T18:30:00Z,185,=,high,1
553114935,859,South Oʻahu: Magic Island Canoe Launch,21.28777,-157.844116,2020-03-01,2020-03-01T18:30:00Z,4034,=,high,1
553114936,862,South Oʻahu: Kuliʻouʻou Stream,21.28369,-157.721654,2020-03-01,2020-03-01T18:30:00Z,6586,=,low,1
553114949,858,South Oʻahu: Magic Island Bowls,21.282953,-157.845657,2020-03-01,2020-03-01T18:30:00Z,336,=,medium,1
553114944,859,South Oʻahu: Magic Island Canoe Launch,21.28777,-157.844116,2020-03-01,2020-03-01T18:30:00Z,201,=,medium,1
553114941,813,Kalama Beach Park,21.405375,-157.738813,2020-03-01,2020-03-01T18:30:00Z,10,<,medium,0
553114947,906,East Oʻahu: South Kaneohe Bay,21.4259,-157.7656,2020-03-01,2020-03-01T18:30:00Z,20,=,low,0
553114958,907,Paiko Lagoon,21.2816,-157.7273,2020-03-01,2020-03-01T18:30:00Z,171,=,medium,1
553114952,780,North Oʻahu: Pūpūkea tidepools,21.649846,-158.062988,2020-03-01,2020-03-01T18:30:00Z,10,<,high,0
553114946,861,South Oʻahu: Waialae Beach Park,21.26885,-157.77655,2020-03-01,2020-03-01T18:30:00Z,231,=,,1
553114954,526,Black Point - Kaikoo,21.255324,-157.79351,2020-03-01,2020-03-01T17:30:00Z,41,=,medium,0
553114574,776,South Oʻahu: Kaʻalāwai (Black Point/Cromwells),21.2574,-157.7968,2020-02-16,2020-02-16T20:30:00Z,10,<,medium,0
553114575,779,North Oʻahu: Chocolates,21.59493,-158.103673,2020-02-16,2020-02-16T19:30:00Z,155,=,high,1
553114582,862,South Oʻahu: Kuliʻouʻou Stream,21.28369,-157.721654,2020-02-16,2020-02-16T19:30:00Z,76,=,medium,0
553114581,863,Kuliouou Pole 2,21.2821,-157.7215,2020-02-16,2020-02-16T19:30:00Z,31,=,medium,0
553114580,907,Paiko Lagoon,21.2816,-157.7273,2020-02-16,2020-02-16T18:30:00Z,1354,=,medium,1
553114584,860,Kahala PacIOOS Sensor,21.26798,-157.77705,2020-02-16,2020-02-16T18:30:00Z,10,<,medium,0
553114571,859,South Oʻahu: Magic Island Canoe Launch,21.28777,-157.844116,2020-02-16,2020-02-16T18:30:00Z,31,=,medium,0
553114578,813,Kalama Beach Park,21.405375,-157.738813,2020-02-16,2020-02-16T18:30:00Z,10,<,medium,0
553114579,811,Paiko Restoration Site,21.2804,-157.7267,2020-02-16,2020-02-16T18:30:00Z,10,<,medium,0
553114573,780,North Oʻahu: Pūpūkea tidepools,21.649846,-158.062988,2020-02-16,2020-02-16T18:30:00Z,10,=,medium,0
553114570,525,Point Panic - Stairs,21.290516,-157.860975,2020-02-16,2020-02-16T18:30:00Z,40,=,medium,0
553114583,861,South Oʻahu: Waialae Beach Park,21.26885,-157.77655,2020-02-16,2020-02-16T18:30:00Z,10,<,medium,0
553114572,858,South Oʻahu: Magic Island Bowls,21.282953,-157.845657,2020-02-16,2020-02-16T17:30:00Z,10,=,medium,0
553114577,777,East Oʻahu: Kahaluʻu Beach,21.46011,-157.839571,2020-02-16,2020-02-16T17:30:00Z,397,=,medium,1
553114576,906,East Oʻahu: South Kaneohe Bay,21.4259,-157.7656,2020-02-16,2020-02-16T16:30:00Z,20,=,medium,0
553113949,779,North Oʻahu: Chocolates,21.59493,-158.103673,2020-01-19,2020-01-19T19:30:00Z,201,=,medium,1
553113948,525,Point Panic - Stairs,21.290516,-157.860975,2020-01-19,2020-01-19T19:30:00Z,10,=,medium,0
553113941,860,Kahala PacIOOS Sensor,21.26798,-157.77705,2020-01-19,2020-01-19T19:30:00Z,10,=,medium,0
553113952,864,Nanakuli Mermaid Caves,21.37508,-158.141265,2020-01-19,2020-01-19T19:30:00Z,10,<,low,0
553113945,862,South Oʻahu: Kuliʻouʻou Stream,21.28369,-157.721654,2020-01-19,2020-01-19T19:30:00Z,1515,=,medium,1
553113943,811,Paiko Restoration Site,21.2804,-157.7267,2020-01-19,2020-01-19T18:30:00Z,31,=,medium,0
553113950,780,North Oʻahu: Pūpūkea tidepools,21.649846,-158.062988,2020-01-19,2020-01-19T18:30:00Z,10,<,high,0
553113939,859,South Oʻahu: Magic Island Canoe Launch,21.28777,-157.844116,2020-01-19,2020-01-19T18:30:00Z,173,=,medium,1
553113942,861,South Oʻahu: Waialae Beach Park,21.26885,-157.77655,2020-01-19,2020-01-19T18:30:00Z,10,=,medium,0
553113940,858,South Oʻahu: Magic Island Bowls,21.282953,-157.845657,2020-01-19,2020-01-19T18:30:00Z,30,=,medium,0
553113944,907,Paiko Lagoon,21.2816,-157.7273,2020-01-19,2020-01-19T18:30:00Z,197,=,medium,1
553113953,906,East Oʻahu: South Kaneohe Bay,21.4259,-157.7656,2020-01-19,2020-01-19T18:30:00Z,10,<,low,0
553113947,813,Kalama Beach Park,21.405375,-157.738813,2020-01-19,2020-01-19T18:30:00Z,10,<,medium,0
553113951,781,Maili Beach North,21.428143,-158.180025,2020-01-19,2020-01-19T18:30:00Z,10,<,low,0
553113946,777,East Oʻahu: Kahaluʻu Beach,21.46011,-157.839571,2020-01-19,2020-01-19T17:30:00Z,669,=,medium,1
553113287,787,Vezyland North,21.684441,-158.031553,2019-12-15,2019-12-16T06:30:00Z,10,<,medium,0
553113285,525,Point Panic - Stairs,21.290516,-157.860975,2019-12-15,2019-12-15T20:30:00Z,20,=,medium,0
553113289,776,South Oʻahu: Kaʻalāwai (Black Point/Cromwells),21.2574,-157.7968,2019-12-15,2019-12-15T19:30:00Z,145,=,medium,1
553113294,907,Paiko Lagoon,21.2816,-157.7273,2019-12-15,2019-12-15T19:30:00Z,537,=,high,1
553113290,779,North Oʻahu: Chocolates,21.59493,-158.103673,2019-12-15,2019-12-15T19:30:00Z,528,=,medium,1
553113293,811,Paiko Restoration Site,21.2804,-157.7267,2019-12-15,2019-12-15T19:30:00Z,10,<,high,0
553113291,861,South Oʻahu: Waialae Beach Park,21.26885,-157.77655,2019-12-15,2019-12-15T19:30:00Z,195,=,high,1
553113292,860,Kahala PacIOOS Sensor,21.26798,-157.77705,2019-12-15,2019-12-15T19:30:00Z,10,=,high,0
553113284,778,Pua'ena Point,21.60088,-158.104682,2019-12-15,2019-12-15T19:30:00Z,10,<,medium,0
553113286,780,North Oʻahu: Pūpūkea tidepools,21.649846,-158.062988,2019-12-15,2019-12-15T18:30:00Z,10,<,high,0
553113288,802,Vezyland South,21.681388,-158.034138,2019-12-15,2019-12-15T18:30:00Z,50,=,medium,0
553112864,525,Point Panic - Stairs,21.290516,-157.860975,2019-12-01,2019-12-01T20:30:00Z,20,=,high,0
553112868,776,South Oʻahu: Kaʻalāwai (Black Point/Cromwells),21.2574,-157.7968,2019-12-01,2019-12-01T20:30:00Z,10,<,medium,0
553112861,858,South Oʻahu: Magic Island Bowls,21.282953,-157.845657,2019-12-01,2019-12-01T20:30:00Z,158,=,high,1
553112855,779,North Oʻahu: Chocolates,21.59493,-158.103673,2019-12-01,2019-12-01T19:30:00Z,315,=,medium,1
553112867,907,Paiko Lagoon,21.2816,-157.7273,2019-12-01,2019-12-01T19:30:00Z,201,=,medium,1
553112858,859,South Oʻahu: Magic Island Canoe Launch,21.28777,-157.844116,2019-12-01,2019-12-01T19:30:00Z,1043,=,high,1
553112866,811,Paiko Restoration Site,21.2804,-157.7267,2019-12-01,2019-12-01T19:30:00Z,10,=,medium,0
553112862,778,Pua'ena Point,21.60088,-158.104682,2019-12-01,2019-12-01T19:30:00Z,10,<,medium,0
553112865,788,Aina Haina,21.275886,-157.754541,2019-12-01,2019-12-01T18:30:00Z,109,=,high,0
553112854,780,North Oʻahu: Pūpūkea tidepools,21.649846,-158.062988,2019-12-01,2019-12-01T18:30:00Z,122,=,medium,0
553112857,862,South Oʻahu: Kuliʻouʻou Stream,21.28369,-157.721654,2019-12-01,2019-12-01T18:30:00Z,1266,=,high,1
553112856,861,South Oʻahu: Waialae Beach Park,21.26885,-157.77655,2019-12-01,2019-12-01T18:30:00Z,10,=,medium,0
553112863,906,East Oʻahu: South Kaneohe Bay,21.4259,-157.7656,2019-12-01,2019-12-01T18:30:00Z,63,=,high,0
553112853,777,East Oʻahu: Kahaluʻu Beach,21.46011,-157.839571,2019-12-01,2019-12-01T17:30:00Z,2382,=,high,1
553112859,787,Vezyland North,21.684441,-158.031553,2019-12-01,2019-12-01T17:30:00Z,20,=,high,0
553112860,802,Vezyland South,21.681388,-158.034138,2019-12-01,2019-12-01T17:30:00Z,10,=,high,0
553112509,776,South Oʻahu: Kaʻalāwai (Black Point/Cromwells),21.2574,-157.7968,2019-11-17,2019-11-17T19:30:00Z,10,<,medium,0
553112505,525,Point Panic - Stairs,21.290516,-157.860975,2019-11-17,2019-11-17T19:30:00Z,10,=,high,0
553112501,779,North Oʻahu: Chocolates,21.59493,-158.103673,2019-11-17,2019-11-17T19:30:00Z,216,=,high,1
553112500,862,South Oʻahu: Kuliʻouʻou Stream,21.28369,-157.721654,2019-11-17,2019-11-17T19:30:00Z,96,=,high,0
553112886,906,East Oʻahu: South Kaneohe Bay,21.4259,-157.7656,2019-11-17,2019-11-17T18:30:00Z,41,=,high,0
553112503,858,South Oʻahu: Magic Island Bowls,21.282953,-157.845657,2019-11-17,2019-11-17T18:30:00Z,10,<,high,0
553112507,860,Kahala PacIOOS Sensor,21.26798,-157.77705,2019-11-17,2019-11-17T18:30:00Z,10,<,high,0
553112502,813,Kalama Beach Park,21.405375,-157.738813,2019-11-17,2019-11-17T18:30:00Z,90,=,high,0
553112504,864,Nanakuli Mermaid Caves,21.37508,-158.141265,2019-11-17,2019-11-17T18:30:00Z,10,<,high,0
553112510,859,South Oʻahu: Magic Island Canoe Launch,21.28777,-157.844116,2019-11-17,2019-11-17T18:30:00Z,30,=,high,0
553112508,861,South Oʻahu: Waialae Beach Park,21.26885,-157.77655,2019-11-17,2019-11-17T18:30:00Z,10,<,high,0
553112511,781,Maili Beach North,21.428143,-158.180025,2019-11-17,2019-11-17T18:30:00Z,10,=,high,0
553112885,907,Paiko Lagoon,21.2816,-157.7273,2019-11-17,2019-11-17T18:30:00Z,235,=,high,1
553112506,811,Paiko Restoration Site,21.2804,-157.7267,2019-11-17,2019-11-17T18:30:00Z,10,<,high,0
553112153,526,Black Point - Kaikoo,21.255324,-157.79351,2019-11-03,2019-11-03T20:30:00Z,10,<,high,0
553112156,779,North Oʻahu: Chocolates,21.59493,-158.103673,2019-11-03,2019-11-03T19:30:00Z,121,=,high,0
553112165,862,South Oʻahu: Kuliʻouʻou Stream,21.28369,-157.721654,2019-11-03,2019-11-03T19:30:00Z,545,=,high,1
553112164,863,Kuliouou Pole 2,21.2821,-157.7215,2019-11-03,2019-11-03T19:30:00Z,10,<,high,0
553112161,525,Point Panic - Stairs,21.290516,-157.860975,2019-11-03,2019-11-03T19:30:00Z,52,=,high,0
553112155,778,Pua'ena Point,21.60088,-158.104682,2019-11-03,2019-11-03T19:30:00Z,10,<,high,0
553112160,859,South Oʻahu: Magic Island Canoe Launch,21.28777,-157.844116,2019-11-03,2019-11-03T19:30:00Z,10,=,high,0
553112884,907,Paiko Lagoon,21.2816,-157.7273,2019-11-03,2019-11-03T18:30:00Z,228,=,high,1
553112158,787,Vezyland North,21.684441,-158.031553,2019-11-03,2019-11-03T18:30:00Z,10,<,high,0
553112157,780,North Oʻahu: Pūpūkea tidepools,21.649846,-158.062988,2019-11-03,2019-11-03T18:30:00Z,10,=,high,0
553112170,811,Paiko Restoration Site,21.2804,-157.7267,2019-11-03,2019-11-03T18:30:00Z,10,<,high,0
553112154,864,Nanakuli Mermaid Caves,21.37508,-158.141265,2019-11-03,2019-11-03T18:30:00Z,10,<,high,0
553112167,860,Kahala PacIOOS Sensor,21.26798,-157.77705,2019-11-03,2019-11-03T18:30:00Z,10,<,high,0
553112166,861,South Oʻahu: Waialae Beach Park,21.26885,-157.77655,2019-11-03,2019-11-03T18:30:00Z,10,<,high,0
553112882,781,Maili Beach North,21.428143,-158.180025,2019-11-03,2019-11-03T18:30:00Z,10,<,high,0
553112159,802,Vezyland South,21.681388,-158.034138,2019-11-03,2019-11-03T17:30:00Z,10,<,high,0
553112163,546,Rock Piles/Bowls,21.281527,-157.84097,2019-11-03,2019-11-03T17:30:00Z,10,<,high,0
553112162,813,Kalama Beach Park,21.405375,-157.738813,2019-11-03,2019-11-03T17:30:00Z,10,<,high,0
553112883,906,East Oʻahu: South Kaneohe Bay,21.4259,-157.7656,2019-11-03,2019-11-03T17:30:00Z,10,<,high,0
553111209,778,Pua'ena Point,21.60088,-158.104682,2019-09-30,2019-09-30T22:30:00Z,10,=,low,0
553111210,779,North Oʻahu: Chocolates,21.59493,-158.103673,2019-09-30,2019-09-30T19:30:00Z,10,<,low,0
553111206,862,South Oʻahu: Kuliʻouʻou Stream,21.28369,-157.721654,2019-09-30,2019-09-30T18:30:00Z,246,=,low,1
553111211,780,North Oʻahu: Pūpūkea tidepools,21.649846,-158.062988,2019-09-30,2019-09-30T18:30:00Z,10,<,low,0
553111205,813,Kalama Beach Park,21.405375,-157.738813,2019-09-29,2019-09-29T22:30:00Z,10,<,low,0
553111208,777,East Oʻahu: Kahaluʻu Beach,21.46011,-157.839571,2019-09-29,2019-09-29T19:30:00Z,744,=,low,1
553112879,859,South Oʻahu: Magic Island Canoe Launch,21.28777,-157.844116,2019-09-29,2019-09-29T19:30:00Z,556,=,low,1
553111204,858,South Oʻahu: Magic Island Bowls,21.282953,-157.845657,2019-09-29,2019-09-29T19:30:00Z,31,=,low,0
553111203,525,Point Panic - Stairs,21.290516,-157.860975,2019-09-29,2019-09-29T19:30:00Z,85,=,low,0
553112880,907,Paiko Lagoon,21.2816,-157.7273,2019-09-29,2019-09-29T18:30:00Z,122,=,low,0
553112881,906,East Oʻahu: South Kaneohe Bay,21.4259,-157.7656,2019-09-29,2019-09-29T18:30:00Z,20,=,low,0
553111207,863,Kuliouou Pole 2,21.2821,-157.7215,2019-09-29,2019-09-29T17:30:00Z,40,=,low,0
553112877,907,Paiko Lagoon,21.2816,-157.7273,2019-09-08,2019-09-08T22:30:00Z,460,=,low,1
553110703,779,North Oʻahu: Chocolates,21.59493,-158.103673,2019-09-08,2019-09-08T19:30:00Z,41,=,medium,0
553110699,778,Pua'ena Point,21.60088,-158.104682,2019-09-08,2019-09-08T19:30:00Z,10,<,medium,0
553110700,780,North Oʻahu: Pūpūkea tidepools,21.649846,-158.062988,2019-09-08,2019-09-08T18:30:00Z,20,=,low,0
553110701,802,Vezyland South,21.681388,-158.034138,2019-09-08,2019-09-08T18:30:00Z,10,<,medium,0
553110695,861,South Oʻahu: Waialae Beach Park,21.26885,-157.77655,2019-09-08,2019-09-08T17:30:00Z,20,=,medium,0
553110697,860,Kahala PacIOOS Sensor,21.26798,-157.77705,2019-09-08,2019-09-08T17:30:00Z,10,<,medium,0
553112878,906,East Oʻahu: South Kaneohe Bay,21.4259,-157.7656,2019-09-08,2019-09-08T17:30:00Z,10,<,low,0
553110704,811,Paiko Restoration Site,21.2804,-157.7267,2019-09-08,2019-09-08T17:30:00Z,10,<,low,0
553110698,787,Vezyland North,21.684441,-158.031553,2019-09-08,2019-09-08T17:30:00Z,20,=,medium,0
553110696,863,Kuliouou Pole 2,21.2821,-157.7215,2019-09-08,2019-09-08T16:30:00Z,10,=,low,0
553110702,862,South Oʻahu: Kuliʻouʻou Stream,21.28369,-157.721654,2019-09-08,2019-09-08T16:30:00Z,504,=,low,1
553110454,776,South Oʻahu: Kaʻalāwai (Black Point/Cromwells),21.2574,-157.7968,2019-08-25,2019-08-25T20:30:00Z,10,<,medium,0
553110453,811,Paiko Restoration Site,21.2804,-157.7267,2019-08-25,2019-08-25T20:30:00Z,10,<,medium,0
553110452,858,South Oʻahu: Magic Island Bowls,21.282953,-157.845657,2019-08-25,2019-08-25T20:30:00Z,10,=,high,0
553110448,525,Point Panic - Stairs,21.290516,-157.860975,2019-08-25,2019-08-25T20:30:00Z,10,<,medium,0
553110449,778,Pua'ena Point,21.60088,-158.104682,2019-08-25,2019-08-25T19:30:00Z,10,=,high,0
553110451,859,South Oʻahu: Magic Island Canoe Launch,21.28777,-157.844116,2019-08-25,2019-08-25T19:30:00Z,20,=,high,0
553110450,779,North Oʻahu: Chocolates,21.59493,-158.103673,2019-08-25,2019-08-25T19:30:00Z,10,=,high,0
553110446,862,South Oʻahu: Kuliʻouʻou Stream,21.28369,-157.721654,2019-08-25,2019-08-25T19:30:00Z,30,=,medium,0
553110447,863,Kuliouou Pole 2,21.2821,-157.7215,2019-08-25,2019-08-25T19:30:00Z,10,<,medium,0
553110443,780,North Oʻahu: Pūpūkea tidepools,21.649846,-158.062988,2019-08-25,2019-08-25T18:30:00Z,10,=,medium,0
553110444,787,Vezyland North,21.684441,-158.031553,2019-08-25,2019-08-25T17:30:00Z,10,<,medium,0
553112874,906,East Oʻahu: South Kaneohe Bay,21.4259,-157.7656,2019-08-25,2019-08-25T17:30:00Z,10,=,medium,0
553110445,802,Vezyland South,21.681388,-158.034138,2019-08-25,2019-08-25T17:30:00Z,10,<,medium,0
553111000,778,Pua'ena Point,21.60088,-158.104682,2019-08-11,2019-08-11T19:30:00Z,10,<,medium,0
553110284,779,North Oʻahu: Chocolates,21.59493,-158.103673,2019-08-11,2019-08-11T19:30:00Z,213,=,medium,1
553110285,859,South Oʻahu: Magic Island Canoe Launch,21.28777,-157.844116,2019-08-11,2019-08-11T19:30:00Z,20,=,medium,0
553110289,861,South Oʻahu: Waialae Beach Park,21.26885,-157.77655,2019-08-11,2019-08-11T19:30:00Z,10,<,medium,0
553110288,860,Kahala PacIOOS Sensor,21.26798,-157.77705,2019-08-11,2019-08-11T19:30:00Z,10,<,medium,0
553110286,858,South Oʻahu: Magic Island Bowls,21.282953,-157.845657,2019-08-11,2019-08-11T19:30:00Z,10,<,medium,0
553110998,525,Point Panic - Stairs,21.290516,-157.860975,2019-08-11,2019-08-11T19:30:00Z,10,<,low,0
553112875,906,East Oʻahu: South Kaneohe Bay,21.4259,-157.7656,2019-08-11,2019-08-11T18:30:00Z,30,=,low,0
553110282,787,Vezyland North,21.684441,-158.031553,2019-08-11,2019-08-11T18:30:00Z,10,<,medium,0
553110281,802,Vezyland South,21.681388,-158.034138,2019-08-11,2019-08-11T18:30:00Z,10,<,medium,0
553112876,907,Paiko Lagoon,21.2816,-157.7273,2019-08-11,2019-08-11T18:30:00Z,480,=,high,1
553110290,811,Paiko Restoration Site,21.2804,-157.7267,2019-08-11,2019-08-11T18:30:00Z,10,<,medium,0
553109362,550,Waimānalo Bay Beach Park,21.342058,-157.699493,2019-06-30,2019-06-30T19:30:00Z,10,<,medium,0
553109366,862,South Oʻahu: Kuliʻouʻou Stream,21.28369,-157.721654,2019-06-30,2019-06-30T19:30:00Z,2382,=,low,1
553109376,863,Kuliouou Pole 2,21.2821,-157.7215,2019-06-30,2019-06-30T19:30:00Z,10,<,low,0
553109391,779,North Oʻahu: Chocolates,21.59493,-158.103673,2019-06-30,2019-06-30T19:30:00Z,20,=,medium,0
553109361,776,South Oʻahu: Kaʻalāwai (Black Point/Cromwells),21.2574,-157.7968,2019-06-30,2019-06-30T19:30:00Z,1670,=,low,1
553109390,778,Pua'ena Point,21.60088,-158.104682,2019-06-30,2019-06-30T19:30:00Z,10,<,medium,0
553109388,860,Kahala PacIOOS Sensor,21.26798,-157.77705,2019-06-30,2019-06-30T18:30:00Z,40,=,low,0
553109389,861,South Oʻahu: Waialae Beach Park,21.26885,-157.77655,2019-06-30,2019-06-30T18:30:00Z,689,=,low,1
553109392,780,North Oʻahu: Pūpūkea tidepools,21.649846,-158.062988,2019-06-30,2019-06-30T18:30:00Z,20,=,medium,0
553109393,811,Paiko Restoration Site,21.2804,-157.7267,2019-06-30,2019-06-30T18:30:00Z,20,=,low,0
553109387,859,South Oʻahu: Magic Island Canoe Launch,21.28777,-157.844116,2019-06-30,2019-06-30T18:30:00Z,1081,=,low,1
553109386,525,Point Panic - Stairs,21.290516,-157.860975,2019-06-30,2019-06-30T17:30:00Z,10,<,low,0
553109094,787,Vezyland North,21.684441,-158.031553,2019-06-19,2019-06-19T18:30:00Z,10,<,low,0
553109106,779,North Oʻahu: Chocolates,21.59493,-158.103673,2019-06-16,2019-06-16T21:30:00Z,10,<,medium,0
553109105,778,Pua'ena Point,21.60088,-158.104682,2019-06-16,2019-06-16T20:30:00Z,10,<,medium,0
553109103,862,South Oʻahu: Kuliʻouʻou Stream,21.28369,-157.721654,2019-06-16,2019-06-16T19:30:00Z,10,<,low,0
553109104,780,North Oʻahu: Pūpūkea tidepools,21.649846,-158.062988,2019-06-16,2019-06-16T18:30:00Z,10,<,low,0
553109095,802,Vezyland South,21.681388,-158.034138,2019-06-16,2019-06-16T18:30:00Z,10,<,low,0
553109102,776,South Oʻahu: Kaʻalāwai (Black Point/Cromwells),21.2574,-157.7968,2019-06-16,2019-06-16T18:30:00Z,10,<,low,0
553109100,525,Point Panic - Stairs,21.290516,-157.860975,2019-06-16,2019-06-16T17:30:00Z,20,=,low,0
553109099,859,South Oʻahu: Magic Island Canoe Launch,21.28777,-157.844116,2019-06-16,2019-06-16T17:30:00Z,30,=,low,0
553109101,858,South Oʻahu: Magic Island Bowls,21.282953,-157.845657,2019-06-16,2019-06-16T17:30:00Z,10,<,low,0
553109096,811,Paiko Restoration Site,21.2804,-157.7267,2019-06-16,2019-06-16T17:30:00Z,10,<,low,0
553109098,861,South Oʻahu: Waialae Beach Park,21.26885,-157.77655,2019-06-16,2019-06-16T17:30:00Z,10,<,low,0
553109097,860,Kahala PacIOOS Sensor,21.26798,-157.77705,2019-06-16,2019-06-16T16:30:00Z,10,=,low,0
553108738,778,Pua'ena Point,21.60088,-158.104682,2019-05-26,2019-05-26T19:30:00Z,10,<,high,0
553108731,862,South Oʻahu: Kuliʻouʻou Stream,21.28369,-157.721654,2019-05-26,2019-05-26T19:30:00Z,60,=,low,0
553108737,780,North Oʻahu: Pūpūkea tidepools,21.649846,-158.062988,2019-05-26,2019-05-26T19:30:00Z,235,=,high,1
553108732,863,Kuliouou Pole 2,21.2821,-157.7215,2019-05-26,2019-05-26T19:30:00Z,10,<,low,0
553108734,779,North Oʻahu: Chocolates,21.59493,-158.103673,2019-05-26,2019-05-26T19:30:00Z,120,=,high,0
553108730,859,South Oʻahu: Magic Island Canoe Launch,21.28777,-157.844116,2019-05-26,2019-05-26T18:30:00Z,81,=,low,0
553108733,776,South Oʻahu: Kaʻalāwai (Black Point/Cromwells),21.2574,-157.7968,2019-05-26,2019-05-26T18:30:00Z,10,<,low,0
553108728,861,South Oʻahu: Waialae Beach Park,21.26885,-157.77655,2019-05-26,2019-05-26T18:30:00Z,10,<,medium,0
553108726,858,South Oʻahu: Magic Island Bowls,21.282953,-157.845657,2019-05-26,2019-05-26T18:30:00Z,10,<,low,0
553108727,860,Kahala PacIOOS Sensor,21.26798,-157.77705,2019-05-26,2019-05-26T18:30:00Z,10,<,medium,0
553108729,811,Paiko Restoration Site,21.2804,-157.7267,2019-05-26,2019-05-26T18:30:00Z,10,<,medium,0
553108725,525,Point Panic - Stairs,21.290516,-157.860975,2019-05-26,2019-05-26T18:30:00Z,10,<,low,0
553108736,802,Vezyland South,21.681388,-158.034138,2019-05-26,2019-05-26T16:30:00Z,10,<,medium,0
553108735,787,Vezyland North,21.684441,-158.031553,2019-05-26,2019-05-26T16:30:00Z,10,<,medium,0
553108055,778,Pua'ena Point,21.60088,-158.104682,2019-04-28,2019-04-28T19:30:00Z,10,<,low,0
553108052,781,Maili Beach North,21.428143,-158.180025,2019-04-28,2019-04-28T19:30:00Z,10,<,low,0
553108060,863,Kuliouou Pole 2,21.2821,-157.7215,2019-04-28,2019-04-28T19:30:00Z,63,=,medium,0
553108053,777,East Oʻahu: Kahaluʻu Beach,21.46011,-157.839571,2019-04-28,2019-04-28T19:30:00Z,1112,=,medium,1
553108059,862,South Oʻahu: Kuliʻouʻou Stream,21.28369,-157.721654,2019-04-28,2019-04-28T19:30:00Z,1989,=,medium,1
553108056,779,North Oʻahu: Chocolates,21.59493,-158.103673,2019-04-28,2019-04-28T19:30:00Z,20,=,low,0
553108054,813,Kalama Beach Park,21.405375,-157.738813,2019-04-28,2019-04-28T19:30:00Z,41,=,medium,0
553108057,780,North Oʻahu: Pūpūkea tidepools,21.649846,-158.062988,2019-04-28,2019-04-28T19:30:00Z,10,<,low,0
553108051,864,Nanakuli Mermaid Caves,21.37508,-158.141265,2019-04-28,2019-04-28T19:30:00Z,10,<,low,0
553108049,787,Vezyland North,21.684441,-158.031553,2019-04-28,2019-04-28T18:30:00Z,10,<,medium,0
553108050,802,Vezyland South,21.681388,-158.034138,2019-04-28,2019-04-28T18:30:00Z,10,<,medium,0
553108058,811,Paiko Restoration Site,21.2804,-157.7267,2019-04-28,2019-04-28T18:30:00Z,20,=,low,0
553108063,859,South Oʻahu: Magic Island Canoe Launch,21.28777,-157.844116,2019-04-28,2019-04-28T17:30:00Z,52,=,low,0
553108062,858,South Oʻahu: Magic Island Bowls,21.282953,-157.845657,2019-04-28,2019-04-28T17:30:00Z,31,=,low,0
553108061,525,Point Panic - Stairs,21.290516,-157.860975,2019-04-28,2019-04-28T17:30:00Z,10,<,low,0
553107804,813,Kalama Beach Park,21.405375,-157.738813,2019-04-07,2019-04-07T20:30:00Z,10,<,low,0
553107799,862,South Oʻahu: Kuliʻouʻou Stream,21.28369,-157.721654,2019-04-07,2019-04-07T19:30:00Z,197,=,low,1
553107792,778,Pua'ena Point,21.60088,-158.104682,2019-04-07,2019-04-07T19:30:00Z,10,=,low,0
553107791,779,North Oʻahu: Chocolates,21.59493,-158.103673,2019-04-07,2019-04-07T19:30:00Z,171,=,low,1
553107796,860,Kahala PacIOOS Sensor,21.26798,-157.77705,2019-04-07,2019-04-07T19:30:00Z,10,=,low,0
553107787,781,Maili Beach North,21.428143,-158.180025,2019-04-07,2019-04-07T19:30:00Z,10,<,low,0
553107797,861,South Oʻahu: Waialae Beach Park,21.26885,-157.77655,2019-04-07,2019-04-07T19:30:00Z,160,=,low,1
553107788,864,Nanakuli Mermaid Caves,21.37508,-158.141265,2019-04-07,2019-04-07T19:30:00Z,10,=,low,0
553107803,777,East Oʻahu: Kahaluʻu Beach,21.46011,-157.839571,2019-04-07,2019-04-07T19:30:00Z,142,=,low,1
553107800,863,Kuliouou Pole 2,21.2821,-157.7215,2019-04-07,2019-04-07T19:30:00Z,30,=,low,0
553107789,787,Vezyland North,21.684441,-158.031553,2019-04-07,2019-04-07T18:30:00Z,10,<,low,0
553107798,811,Paiko Restoration Site,21.2804,-157.7267,2019-04-07,2019-04-07T18:30:00Z,20,=,low,0
553107790,802,Vezyland South,21.681388,-158.034138,2019-04-07,2019-04-07T18:30:00Z,10,<,low,0
553107793,780,North Oʻahu: Pūpūkea tidepools,21.649846,-158.062988,2019-04-07,2019-04-07T18:30:00Z,20,=,low,0
553107801,525,Point Panic - Stairs,21.290516,-157.860975,2019-04-07,2019-04-07T17:30:00Z,10,<,medium,0
553107794,858,South Oʻahu: Magic Island Bowls,21.282953,-157.845657,2019-04-07,2019-04-07T17:30:00Z,10,=,medium,0
553107802,776,South Oʻahu: Kaʻalāwai (Black Point/Cromwells),21.2574,-157.7968,2019-04-07,2019-04-07T17:30:00Z,10,<,medium,0
553107795,859,South Oʻahu: Magic Island Canoe Launch,21.28777,-157.844116,2019-04-07,2019-04-07T17:30:00Z,1320,=,medium,1
553107345,813,Kalama Beach Park,21.405375,-157.738813,2019-03-24,2019-03-24T20:30:00Z,10,<,medium,0
553107348,550,Waimānalo Bay Beach Park,21.342058,-157.699493,2019-03-24,2019-03-24T20:30:00Z,10,<,low,0
553107351,862,South Oʻahu: Kuliʻouʻou Stream,21.28369,-157.721654,2019-03-24,2019-03-24T19:30:00Z,31,=,medium,0
553107352,863,Kuliouou Pole 2,21.2821,-157.7215,2019-03-24,2019-03-24T19:30:00Z,52,=,medium,0
553107342,778,Pua'ena Point,21.60088,-158.104682,2019-03-24,2019-03-24T19:30:00Z,10,=,low,0
553107347,864,Nanakuli Mermaid Caves,21.37508,-158.141265,2019-03-24,2019-03-24T19:30:00Z,10,<,medium,0
553107344,777,East Oʻahu: Kahaluʻu Beach,21.46011,-157.839571,2019-03-24,2019-03-24T19:30:00Z,75,=,medium,0
553107343,779,North Oʻahu: Chocolates,21.59493,-158.103673,2019-03-24,2019-03-24T19:30:00Z,10,=,low,0
553107350,780,North Oʻahu: Pūpūkea tidepools,21.649846,-158.062988,2019-03-24,2019-03-24T18:30:00Z,10,=,low,0
553107346,781,Maili Beach North,21.428143,-158.180025,2019-03-24,2019-03-24T18:30:00Z,10,=,medium,0
553107349,776,South Oʻahu: Kaʻalāwai (Black Point/Cromwells),21.2574,-157.7968,2019-03-24,2019-03-24T18:30:00Z,10,<,medium,0
553107356,787,Vezyland North,21.684441,-158.031553,2019-03-24,2019-03-24T18:30:00Z,10,<,medium,0
553107357,802,Vezyland South,21.681388,-158.034138,2019-03-24,2019-03-24T18:30:00Z,10,<,medium,0
553107355,860,Kahala PacIOOS Sensor,21.26798,-157.77705,2019-03-24,2019-03-24T18:30:00Z,10,<,medium,0
553107354,861,South Oʻahu: Waialae Beach Park,21.26885,-157.77655,2019-03-24,2019-03-24T17:30:00Z,63,=,medium,0
553107353,811,Paiko Restoration Site,21.2804,-157.7267,2019-03-24,2019-03-24T17:30:00Z,10,<,medium,0
553107034,777,East Oʻahu: Kahaluʻu Beach,21.46011,-157.839571,2019-03-10,2019-03-10T20:30:00Z,269,=,low,1
553107035,813,Kalama Beach Park,21.405375,-157.738813,2019-03-10,2019-03-10T20:30:00Z,10,<,low,0
553107025,776,South Oʻahu: Kaʻalāwai (Black Point/Cromwells),21.2574,-157.7968,2019-03-10,2019-03-10T19:30:00Z,10,<,,0
553107021,781,Maili Beach North,21.428143,-158.180025,2019-03-10,2019-03-10T19:30:00Z,10,<,low,0
553107029,862,South Oʻahu: Kuliʻouʻou Stream,21.28369,-157.721654,2019-03-10,2019-03-10T19:30:00Z,355,=,low,1
553107030,863,Kuliouou Pole 2,21.2821,-157.7215,2019-03-10,2019-03-10T19:30:00Z,41,=,low,0
553107023,779,North Oʻahu: Chocolates,21.59493,-158.103673,2019-03-10,2019-03-10T19:30:00Z,228,=,low,1
553107022,864,Nanakuli Mermaid Caves,21.37508,-158.141265,2019-03-10,2019-03-10T19:30:00Z,10,<,low,0
553107024,778,Pua'ena Point,21.60088,-158.104682,2019-03-10,2019-03-10T19:30:00Z,10,=,low,0
553107036,787,Vezyland North,21.684441,-158.031553,2019-03-10,2019-03-10T18:30:00Z,10,<,medium,0
553107027,858,South Oʻahu: Magic Island Bowls,21.282953,-157.845657,2019-03-10,2019-03-10T18:30:00Z,10,<,high,0
553107028,859,South Oʻahu: Magic Island Canoe Launch,21.28777,-157.844116,2019-03-10,2019-03-10T18:30:00Z,30,=,high,0
553107032,860,Kahala PacIOOS Sensor,21.26798,-157.77705,2019-03-10,2019-03-10T18:30:00Z,10,=,high,0
553107033,861,South Oʻahu: Waialae Beach Park,21.26885,-157.77655,2019-03-10,2019-03-10T18:30:00Z,86,=,high,0
553107037,802,Vezyland South,21.681388,-158.034138,2019-03-10,2019-03-10T18:30:00Z,10,<,medium,0
553107031,811,Paiko Restoration Site,21.2804,-157.7267,2019-03-10,2019-03-10T18:30:00Z,10,<,high,0
553107038,780,North Oʻahu: Pūpūkea tidepools,21.649846,-158.062988,2019-03-10,2019-03-10T18:30:00Z,10,<,medium,0
553107026,525,Point Panic - Stairs,21.290516,-157.860975,2019-03-10,2019-03-10T17:30:00Z,10,<,high,0
553106795,779,North Oʻahu: Chocolates,21.59493,-158.103673,2019-02-24,2019-02-24T19:30:00Z,108,=,medium,0
553106771,788,Aina Haina,21.275886,-157.754541,2019-02-24,2019-02-24T19:30:00Z,10,<,medium,0
553106780,860,Kahala PacIOOS Sensor,21.26798,-157.77705,2019-02-24,2019-02-24T19:30:00Z,180,=,low,1
553106777,862,South Oʻahu: Kuliʻouʻou Stream,21.28369,-157.721654,2019-02-24,2019-02-24T19:30:00Z,512,=,medium,1
553106770,859,South Oʻahu: Magic Island Canoe Launch,21.28777,-157.844116,2019-02-24,2019-02-24T19:30:00Z,41,=,high,0
553106794,778,Pua'ena Point,21.60088,-158.104682,2019-02-24,2019-02-24T19:30:00Z,20,=,medium,0
553106781,861,South Oʻahu: Waialae Beach Park,21.26885,-157.77655,2019-02-24,2019-02-24T19:30:00Z,199,=,low,1
553106778,863,Kuliouou Pole 2,21.2821,-157.7215,2019-02-24,2019-02-24T19:30:00Z,10,=,medium,0
553106775,777,East Oʻahu: Kahaluʻu Beach,21.46011,-157.839571,2019-02-24,2019-02-24T18:30:00Z,1935,=,high,1
553106773,864,Nanakuli Mermaid Caves,21.37508,-158.141265,2019-02-24,2019-02-24T18:30:00Z,10,<,high,0
553106776,813,Kalama Beach Park,21.405375,-157.738813,2019-02-24,2019-02-24T18:30:00Z,10,<,high,0
553106792,802,Vezyland South,21.681388,-158.034138,2019-02-24,2019-02-24T18:30:00Z,10,<,medium,0
553106793,811,Paiko Restoration Site,21.2804,-157.7267,2019-02-24,2019-02-24T18:30:00Z,10,<,high,0
553106791,787,Vezyland North,21.684441,-158.031553,2019-02-24,2019-02-24T18:30:00Z,10,=,medium,0
553106767,525,Point Panic - Stairs,21.290516,-157.860975,2019-02-24,2019-02-24T18:30:00Z,10,<,high,0
553106772,550,Waimānalo Bay Beach Park,21.342058,-157.699493,2019-02-24,2019-02-24T18:30:00Z,10,<,medium,0
553106774,781,Maili Beach North,21.428143,-158.180025,2019-02-24,2019-02-24T18:30:00Z,10,<,high,0
553106769,776,South Oʻahu: Kaʻalāwai (Black Point/Cromwells),21.2574,-157.7968,2019-02-24,2019-02-24T18:30:00Z,10,<,medium,0
553106779,780,North Oʻahu: Pūpūkea tidepools,21.649846,-158.062988,2019-02-24,2019-02-24T18:30:00Z,10,=,medium,0
553106768,858,South Oʻahu: Magic Island Bowls,21.282953,-157.845657,2019-02-24,2019-02-24T18:30:00Z,10,<,high,0
553106741,813,Kalama Beach Park,21.405375,-157.738813,2019-02-10,2019-02-10T20:30:00Z,10,<,medium,0
553106740,777,East Oʻahu: Kahaluʻu Beach,21.46011,-157.839571,2019-02-10,2019-02-10T19:30:00Z,62,=,medium,0
553106732,778,Pua'ena Point,21.60088,-158.104682,2019-02-10,2019-02-10T19:30:00Z,10,<,medium,0
553106733,779,North Oʻahu: Chocolates,21.59493,-158.103673,2019-02-10,2019-02-10T19:30:00Z,471,=,medium,1
553106739,776,South Oʻahu: Kaʻalāwai (Black Point/Cromwells),21.2574,-157.7968,2019-02-10,2019-02-10T19:30:00Z,3130,=,low,1
553106734,811,Paiko Restoration Site,21.2804,-157.7267,2019-02-10,2019-02-10T18:30:00Z,41,=,medium,0
553106742,861,South Oʻahu: Waialae Beach Park,21.26885,-157.77655,2019-02-10,2019-02-10T18:30:00Z,450,=,medium,1
553106735,862,South Oʻahu: Kuliʻouʻou Stream,21.28369,-157.721654,2019-02-10,2019-02-10T18:30:00Z,1187,=,medium,1
553106731,525,Point Panic - Stairs,21.290516,-157.860975,2019-02-10,2019-02-10T18:30:00Z,10,<,high,0
553106738,859,South Oʻahu: Magic Island Canoe Launch,21.28777,-157.844116,2019-02-10,2019-02-10T18:30:00Z,428,=,high,1
553106736,863,Kuliouou Pole 2,21.2821,-157.7215,2019-02-10,2019-02-10T18:30:00Z,52,=,medium,0
553106737,858,South Oʻahu: Magic Island Bowls,21.282953,-157.845657,2019-02-10,2019-02-10T17:30:00Z,10,=,high,0
553106743,860,Kahala PacIOOS Sensor,21.26798,-157.77705,2019-02-03,2019-02-03T18:30:00Z,41,=,medium,0
553106725,813,Kalama Beach Park,21.405375,-157.738813,2019-01-27,2019-01-27T20:30:00Z,10,<,medium,0
553106722,862,South Oʻahu: Kuliʻouʻou Stream,21.28369,-157.721654,2019-01-27,2019-01-27T19:30:00Z,911,=,medium,1
553106724,777,East Oʻahu: Kahaluʻu Beach,21.46011,-157.839571,2019-01-27,2019-01-27T19:30:00Z,546,=,medium,1
553106719,779,North Oʻahu: Chocolates,21.59493,-158.103673,2019-01-27,2019-01-27T19:30:00Z,359,=,high,1
553106729,550,Waimānalo Bay Beach Park,21.342058,-157.699493,2019-01-27,2019-01-27T19:30:00Z,10,<,medium,0
553106718,778,Pua'ena Point,21.60088,-158.104682,2019-01-27,2019-01-27T19:30:00Z,10,<,high,0
553106715,861,South Oʻahu: Waialae Beach Park,21.26885,-157.77655,2019-01-27,2019-01-27T19:30:00Z,10,<,medium,0
553106723,863,Kuliouou Pole 2,21.2821,-157.7215,2019-01-27,2019-01-27T19:30:00Z,10,=,medium,0
553106728,788,Aina Haina,21.275886,-157.754541,2019-01-27,2019-01-27T19:30:00Z,10,<,medium,0
553106713,811,Paiko Restoration Site,21.2804,-157.7267,2019-01-27,2019-01-27T18:30:00Z,10,=,medium,0
553106730,781,Maili Beach North,21.428143,-158.180025,2019-01-27,2019-01-27T18:30:00Z,10,<,high,0
553106132,776,South Oʻahu: Kaʻalāwai (Black Point/Cromwells),21.2574,-157.7968,2019-01-27,2019-01-27T18:30:00Z,10,=,high,0
553106727,780,North Oʻahu: Pūpūkea tidepools,21.649846,-158.062988,2019-01-27,2019-01-27T18:30:00Z,10,=,high,0
553106721,859,South Oʻahu: Magic Island Canoe Launch,21.28777,-157.844116,2019-01-27,2019-01-27T18:30:00Z,231,=,high,1
553106720,858,South Oʻahu: Magic Island Bowls,21.282953,-157.845657,2019-01-27,2019-01-27T18:30:00Z,10,=,high,0
553106716,787,Vezyland North,21.684441,-158.031553,2019-01-27,2019-01-27T18:30:00Z,10,<,high,0
553106714,860,Kahala PacIOOS Sensor,21.26798,-157.77705,2019-01-27,2019-01-27T18:30:00Z,10,<,medium,0
553106717,802,Vezyland South,21.681388,-158.034138,2019-01-27,2019-01-27T18:30:00Z,10,<,high,0
553106726,525,Point Panic - Stairs,21.290516,-157.860975,2019-01-27,2019-01-27T17:30:00Z,10,=,high,0
553106127,779,North Oʻahu: Chocolates,21.59493,-158.103673,2018-12-16,2018-12-16T19:30:00Z,295,=,high,1
553106130,776,South Oʻahu: Kaʻalāwai (Black Point/Cromwells),21.2574,-157.7968,2018-12-16,2018-12-16T19:30:00Z,10,=,high,0
553106123,777,East Oʻahu: Kahaluʻu Beach,21.46011,-157.839571,2018-12-16,2018-12-16T19:30:00Z,266,=,high,1
553106128,778,Pua'ena Point,21.60088,-158.104682,2018-12-16,2018-12-16T19:30:00Z,20,=,high,0
553106126,811,Paiko Restoration Site,21.2804,-157.7267,2018-12-16,2018-12-16T18:30:00Z,10,<,high,0
553106124,525,Point Panic - Stairs,21.290516,-157.860975,2018-12-16,2018-12-16T17:30:00Z,10,<,medium,0
553106125,524,Ala Moana Park - Center,21.289249,-157.849742,2018-12-16,2018-12-16T17:30:00Z,10,<,medium,0
553106129,546,Rock Piles/Bowls,21.281527,-157.84097,2018-12-16,2018-12-16T16:30:00Z,10,<,high,0
553104822,811,Paiko Restoration Site,21.2804,-157.7267,2018-11-27,2018-11-27T17:30:00Z,10,<,medium,0
553104831,777,East Oʻahu: Kahaluʻu Beach,21.46011,-157.839571,2018-11-25,2018-11-25T20:30:00Z,226,=,low,1
553104830,780,North Oʻahu: Pūpūkea tidepools,21.649846,-158.062988,2018-11-25,2018-11-25T18:30:00Z,52,=,medium,0
553104824,802,Vezyland South,21.681388,-158.034138,2018-11-25,2018-11-25T18:30:00Z,30,=,medium,0
553104828,778,Pua'ena Point,21.60088,-158.104682,2018-11-25,2018-11-25T18:30:00Z,41,=,medium,0
553104834,524,Ala Moana Park - Center,21.289249,-157.849742,2018-11-25,2018-11-25T18:30:00Z,10,<,high,0
553104833,525,Point Panic - Stairs,21.290516,-157.860975,2018-11-25,2018-11-25T18:30:00Z,10,=,high,0
553104825,779,North Oʻahu: Chocolates,21.59493,-158.103673,2018-11-25,2018-11-25T18:30:00Z,457,=,medium,1
553104823,787,Vezyland North,21.684441,-158.031553,2018-11-25,2018-11-25T18:30:00Z,10,<,medium,0
553104832,546,Rock Piles/Bowls,21.281527,-157.84097,2018-11-25,2018-11-25T16:30:00Z,10,=,high,0
553104536,550,Waimānalo Bay Beach Park,21.342058,-157.699493,2018-11-11,2018-11-11T20:30:00Z,72,=,medium,0
553104529,778,Pua'ena Point,21.60088,-158.104682,2018-11-11,2018-11-11T19:30:00Z,10,=,medium,0
553104530,779,North Oʻahu: Chocolates,21.59493,-158.103673,2018-11-11,2018-11-11T19:30:00Z,1616,=,medium,1
553104533,776,South Oʻahu: Kaʻalāwai (Black Point/Cromwells),21.2574,-157.7968,2018-11-11,2018-11-11T19:30:00Z,10,<,high,0
553104538,802,Vezyland South,21.681388,-158.034138,2018-11-11,2018-11-11T18:30:00Z,30,=,medium,0
553104535,524,Ala Moana Park - Center,21.289249,-157.849742,2018-11-11,2018-11-11T18:30:00Z,10,<,high,0
553104537,787,Vezyland North,21.684441,-158.031553,2018-11-11,2018-11-11T18:30:00Z,10,<,medium,0
553104539,780,North Oʻahu: Pūpūkea tidepools,21.649846,-158.062988,2018-11-11,2018-11-11T18:30:00Z,10,<,medium,0
553104534,525,Point Panic - Stairs,21.290516,-157.860975,2018-11-11,2018-11-11T17:30:00Z,10,<,high,0
553104531,811,Paiko Restoration Site,21.2804,-157.7267,2018-11-11,2018-11-11T17:30:00Z,318,=,medium,1
553104532,546,Rock Piles/Bowls,21.281527,-157.84097,2018-11-11,2018-11-11T17:30:00Z,10,<,high,0
553104088,780,North Oʻahu: Pūpūkea tidepools,21.649846,-158.062988,2018-10-21,2018-10-21T19:30:00Z,52,=,medium,0
553104086,813,Kalama Beach Park,21.405375,-157.738813,2018-10-21,2018-10-21T19:30:00Z,166,=,medium,1
553104089,811,Paiko Restoration Site,21.2804,-157.7267,2018-10-21,2018-10-21T18:30:00Z,75,=,low,0
553104091,525,Point Panic - Stairs,21.290516,-157.860975,2018-10-21,2018-10-21T18:30:00Z,20,=,low,0
553104085,777,East Oʻahu: Kahaluʻu Beach,21.46011,-157.839571,2018-10-21,2018-10-21T18:30:00Z,520,=,medium,1
553104090,524,Ala Moana Park - Center,21.289249,-157.849742,2018-10-21,2018-10-21T18:30:00Z,31,=,low,0
553104087,546,Rock Piles/Bowls,21.281527,-157.84097,2018-10-21,2018-10-21T15:30:00Z,10,=,low,0
553103941,776,South Oʻahu: Kaʻalāwai (Black Point/Cromwells),21.2574,-157.7968,2018-10-07,2018-10-07T20:30:00Z,10,<,low,0
553103940,550,Waimānalo Bay Beach Park,21.342058,-157.699493,2018-10-07,2018-10-07T20:30:00Z,10,<,low,0
553103945,813,Kalama Beach Park,21.405375,-157.738813,2018-10-07,2018-10-07T20:30:00Z,10,=,medium,0
553103938,524,Ala Moana Park - Center,21.289249,-157.849742,2018-10-07,2018-10-07T19:30:00Z,10,=,low,0
553103948,779,North Oʻahu: Chocolates,21.59493,-158.103673,2018-10-07,2018-10-07T19:30:00Z,1565,=,low,1
553103943,811,Paiko Restoration Site,21.2804,-157.7267,2018-10-07,2018-10-07T19:30:00Z,10,=,medium,0
553103947,778,Pua'ena Point,21.60088,-158.104682,2018-10-07,2018-10-07T19:30:00Z,10,<,low,0
553103944,777,East Oʻahu: Kahaluʻu Beach,21.46011,-157.839571,2018-10-07,2018-10-07T19:30:00Z,847,=,medium,1
553103942,812,Wailupe Stream,21.27737,-157.7503,2018-10-07,2018-10-07T19:30:00Z,1917,=,medium,1
553103939,525,Point Panic - Stairs,21.290516,-157.860975,2018-10-07,2018-10-07T18:30:00Z,10,=,low,0
553103946,780,North Oʻahu: Pūpūkea tidepools,21.649846,-158.062988,2018-10-07,2018-10-07T18:30:00Z,495,=,low,1
553103937,546,Rock Piles/Bowls,21.281527,-157.84097,2018-10-07,2018-10-07T16:30:00Z,10,<,low,0
553103526,779,North Oʻahu: Chocolates,21.59493,-158.103673,2018-09-23,2018-09-23T19:30:00Z,63,=,medium,0
553103528,524,Ala Moana Park - Center,21.289249,-157.849742,2018-09-23,2018-09-23T19:30:00Z,10,<,low,0
553103518,812,Wailupe Stream,21.27737,-157.7503,2018-09-23,2018-09-23T19:30:00Z,62,=,low,0
553103525,778,Pua'ena Point,21.60088,-158.104682,2018-09-23,2018-09-23T19:30:00Z,10,=,medium,0
553103520,776,South Oʻahu: Kaʻalāwai (Black Point/Cromwells),21.2574,-157.7968,2018-09-23,2018-09-23T19:30:00Z,10,<,low,0
553103523,813,Kalama Beach Park,21.405375,-157.738813,2018-09-23,2018-09-23T19:30:00Z,10,<,low,0
553103524,780,North Oʻahu: Pūpūkea tidepools,21.649846,-158.062988,2018-09-23,2018-09-23T19:30:00Z,10,<,low,0
553103519,811,Paiko Restoration Site,21.2804,-157.7267,2018-09-23,2018-09-23T19:30:00Z,62,=,low,0
553103529,787,Vezyland North,21.684441,-158.031553,2018-09-23,2018-09-23T18:30:00Z,10,<,low,0
553103530,802,Vezyland South,21.681388,-158.034138,2018-09-23,2018-09-23T18:30:00Z,10,<,low,0
553103527,525,Point Panic - Stairs,21.290516,-157.860975,2018-09-23,2018-09-23T18:30:00Z,10,<,low,0
553103522,777,East Oʻahu: Kahaluʻu Beach,21.46011,-157.839571,2018-09-23,2018-09-23T18:30:00Z,285,=,low,1
553103521,546,Rock Piles/Bowls,21.281527,-157.84097,2018-09-23,2018-09-23T16:30:00Z,10,<,low,0
553103341,778,Pua'ena Point,21.60088,-158.104682,2018-09-09,2018-09-09T19:30:00Z,10,<,low,0
553103342,779,North Oʻahu: Chocolates,21.59493,-158.103673,2018-09-09,2018-09-09T19:30:00Z,187,=,low,1
553103340,777,East Oʻahu: Kahaluʻu Beach,21.46011,-157.839571,2018-09-09,2018-09-09T19:30:00Z,73,=,low,0
553103339,550,Waimānalo Bay Beach Park,21.342058,-157.699493,2018-09-09,2018-09-09T19:30:00Z,10,<,low,0
553103343,802,Vezyland South,21.681388,-158.034138,2018-09-09,2018-09-09T18:30:00Z,10,<,low,0
553103337,780,North Oʻahu: Pūpūkea tidepools,21.649846,-158.062988,2018-09-09,2018-09-09T18:30:00Z,816,=,low,1
553103338,788,Aina Haina,21.275886,-157.754541,2018-09-09,2018-09-09T18:30:00Z,10,=,low,0
553103344,787,Vezyland North,21.684441,-158.031553,2018-09-09,2018-09-09T18:30:00Z,10,<,low,0
553103346,525,Point Panic - Stairs,21.290516,-157.860975,2018-09-09,2018-09-09T18:30:00Z,10,<,low,0
553103345,524,Ala Moana Park - Center,21.289249,-157.849742,2018-09-09,2018-09-09T17:30:00Z,10,<,low,0
553103347,546,Rock Piles/Bowls,21.281527,-157.84097,2018-09-09,2018-09-09T14:30:00Z,10,<,low,0
553102768,803,Kailua Beach,21.4,-157.73,2018-08-05,2018-08-05T20:30:00Z,10,<,high,0
553102776,779,North Oʻahu: Chocolates,21.59493,-158.103673,2018-08-05,2018-08-05T19:30:00Z,464,=,high,1
553102766,550,Waimānalo Bay Beach Park,21.342058,-157.699493,2018-08-05,2018-08-05T19:30:00Z,350,=,medium,1
553102767,777,East Oʻahu: Kahaluʻu Beach,21.46011,-157.839571,2018-08-05,2018-08-05T19:30:00Z,134,=,high,1
553102775,778,Pua'ena Point,21.60088,-158.104682,2018-08-05,2018-08-05T19:30:00Z,20,=,high,0
553102774,780,North Oʻahu: Pūpūkea tidepools,21.649846,-158.062988,2018-08-05,2018-08-05T18:30:00Z,313,=,medium,1
553102773,802,Vezyland South,21.681388,-158.034138,2018-08-05,2018-08-05T18:30:00Z,10,<,medium,0
553102772,787,Vezyland North,21.684441,-158.031553,2018-08-05,2018-08-05T18:30:00Z,10,<,medium,0
553102769,524,Ala Moana Park - Center,21.289249,-157.849742,2018-08-05,2018-08-05T18:30:00Z,10,=,medium,0
553102771,525,Point Panic - Stairs,21.290516,-157.860975,2018-08-05,2018-08-05T17:30:00Z,10,<,low,0
553102770,546,Rock Piles/Bowls,21.281527,-157.84097,2018-08-05,2018-08-05T15:30:00Z,20,=,medium,0
553102379,777,East Oʻahu: Kahaluʻu Beach,21.46011,-157.839571,2018-07-22,2018-07-22T19:30:00Z,108,=,medium,0
553102378,778,Pua'ena Point,21.60088,-158.104682,2018-07-22,2018-07-22T19:30:00Z,10,<,medium,0
553102380,776,South Oʻahu: Kaʻalāwai (Black Point/Cromwells),21.2574,-157.7968,2018-07-22,2018-07-22T18:30:00Z,10,<,,0
553102381,788,Aina Haina,21.275886,-157.754541,2018-07-22,2018-07-22T18:30:00Z,10,<,,0
553102373,787,Vezyland North,21.684441,-158.031553,2018-07-22,2018-07-22T18:30:00Z,10,<,medium,0
553102382,780,North Oʻahu: Pūpūkea tidepools,21.649846,-158.062988,2018-07-22,2018-07-22T18:30:00Z,10,<,low,0
553102374,550,Waimānalo Bay Beach Park,21.342058,-157.699493,2018-07-22,2018-07-22T17:30:00Z,10,<,low,0
553102376,524,Ala Moana Park - Center,21.289249,-157.849742,2018-07-22,2018-07-22T17:30:00Z,10,<,low,0
553102377,525,Point Panic - Stairs,21.290516,-157.860975,2018-07-22,2018-07-22T17:30:00Z,10,<,low,0
553102375,546,Rock Piles/Bowls,21.281527,-157.84097,2018-07-22,2018-07-22T14:30:00Z,10,=,low,0
553102135,780,North Oʻahu: Pūpūkea tidepools,21.649846,-158.062988,2018-07-08,2018-07-08T19:30:00Z,80,=,high,0
553102137,779,North Oʻahu: Chocolates,21.59493,-158.103673,2018-07-08,2018-07-08T19:30:00Z,512,=,medium,1
553102140,550,Waimānalo Bay Beach Park,21.342058,-157.699493,2018-07-08,2018-07-08T19:30:00Z,20,=,medium,0
553102146,776,South Oʻahu: Kaʻalāwai (Black Point/Cromwells),21.2574,-157.7968,2018-07-08,2018-07-08T19:30:00Z,10,=,medium,0
553102142,524,Ala Moana Park - Center,21.289249,-157.849742,2018-07-08,2018-07-08T19:30:00Z,20,=,medium,0
553102136,778,Pua'ena Point,21.60088,-158.104682,2018-07-08,2018-07-08T19:30:00Z,30,=,medium,0
553102143,525,Point Panic - Stairs,21.290516,-157.860975,2018-07-08,2018-07-08T19:30:00Z,10,<,medium,0
553102138,788,Aina Haina,21.275886,-157.754541,2018-07-08,2018-07-08T19:30:00Z,132,=,medium,1
553102134,787,Vezyland North,21.684441,-158.031553,2018-07-08,2018-07-08T18:30:00Z,20,=,medium,0
553102149,777,East Oʻahu: Kahaluʻu Beach,21.46011,-157.839571,2018-07-08,2018-07-08T17:30:00Z,605,=,medium,1
553102145,546,Rock Piles/Bowls,21.281527,-157.84097,2018-07-08,2018-07-08T15:30:00Z,10,<,medium,0
553101842,525,Point Panic - Stairs,21.290516,-157.860975,2018-06-24,2018-06-25T06:30:00Z,10,=,low,0
553101839,779,North Oʻahu: Chocolates,21.59493,-158.103673,2018-06-24,2018-06-24T22:30:00Z,249,=,low,1
553101844,550,Waimānalo Bay Beach Park,21.342058,-157.699493,2018-06-24,2018-06-24T19:30:00Z,10,<,low,0
553101835,788,Aina Haina,21.275886,-157.754541,2018-06-24,2018-06-24T18:30:00Z,10,<,low,0
553101837,777,East Oʻahu: Kahaluʻu Beach,21.46011,-157.839571,2018-06-24,2018-06-24T18:30:00Z,75,=,medium,0
553101840,780,North Oʻahu: Pūpūkea tidepools,21.649846,-158.062988,2018-06-24,2018-06-24T18:30:00Z,10,<,low,0
553101841,787,Vezyland North,21.684441,-158.031553,2018-06-24,2018-06-24T18:30:00Z,10,<,low,0
553101843,524,Ala Moana Park - Center,21.289249,-157.849742,2018-06-24,2018-06-24T18:30:00Z,10,<,low,0
553101838,778,Pua'ena Point,21.60088,-158.104682,2018-06-24,2018-06-24T17:30:00Z,10,<,low,0
553101834,776,South Oʻahu: Kaʻalāwai (Black Point/Cromwells),21.2574,-157.7968,2018-06-24,2018-06-24T17:30:00Z,10,<,low,0
553101836,546,Rock Piles/Bowls,21.281527,-157.84097,2018-06-24,2018-06-24T16:30:00Z,10,=,low,0
553101699,525,Point Panic - Stairs,21.290516,-157.860975,2018-06-12,2018-06-13T03:30:00Z,10,<,medium,0
553101704,778,Pua'ena Point,21.60088,-158.104682,2018-06-12,2018-06-13T03:30:00Z,10,=,medium,0
553101703,779,North Oʻahu: Chocolates,21.59493,-158.103673,2018-06-12,2018-06-13T03:30:00Z,97,=,medium,0
553101700,524,Ala Moana Park - Center,21.289249,-157.849742,2018-06-12,2018-06-13T03:30:00Z,10,=,medium,0
553101697,776,South Oʻahu: Kaʻalāwai (Black Point/Cromwells),21.2574,-157.7968,2018-06-12,2018-06-13T02:30:00Z,10,=,low,0
553101702,780,North Oʻahu: Pūpūkea tidepools,21.649846,-158.062988,2018-06-12,2018-06-13T02:30:00Z,41,=,high,0
553101701,787,Vezyland North,21.684441,-158.031553,2018-06-12,2018-06-13T01:30:00Z,10,<,high,0
553101698,546,Rock Piles/Bowls,21.281527,-157.84097,2018-06-12,2018-06-13T00:30:00Z,10,=,low,0
553101705,777,East Oʻahu: Kahaluʻu Beach,21.46011,-157.839571,2018-06-12,2018-06-12T22:30:00Z,81,=,high,0
553100986,524,Ala Moana Park - Center,21.289249,-157.849742,2018-05-06,2018-05-06T19:30:00Z,10,=,high,0
553100987,776,South Oʻahu: Kaʻalāwai (Black Point/Cromwells),21.2574,-157.7968,2018-05-06,2018-05-06T19:30:00Z,10,=,low,0
553100985,525,Point Panic - Stairs,21.290516,-157.860975,2018-05-06,2018-05-06T19:30:00Z,10,<,high,0
553100981,778,Pua'ena Point,21.60088,-158.104682,2018-05-06,2018-05-06T18:30:00Z,10,=,high,0
553100983,780,North Oʻahu: Pūpūkea tidepools,21.649846,-158.062988,2018-05-06,2018-05-06T18:30:00Z,10,<,high,0
553100982,787,Vezyland North,21.684441,-158.031553,2018-05-06,2018-05-06T18:30:00Z,10,<,high,0
553100980,779,North Oʻahu: Chocolates,21.59493,-158.103673,2018-05-06,2018-05-06T18:30:00Z,318,=,high,1
553100988,546,Rock Piles/Bowls,21.281527,-157.84097,2018-05-06,2018-05-06T17:30:00Z,10,=,high,0
553100984,777,East Oʻahu: Kahaluʻu Beach,21.46011,-157.839571,2018-05-06,2018-05-06T17:30:00Z,197,=,medium,1
553100695,525,Point Panic - Stairs,21.290516,-157.860975,2018-04-21,2018-04-21T22:30:00Z,41,=,,0
553100696,777,East Oʻahu: Kahaluʻu Beach,21.46011,-157.839571,2018-04-21,2018-04-21T20:30:00Z,1115,=,low,1
553100978,788,Aina Haina,21.275886,-157.754541,2018-04-21,2018-04-21T19:30:00Z,794,=,low,1
553100700,780,North Oʻahu: Pūpūkea tidepools,21.649846,-158.062988,2018-04-21,2018-04-21T19:30:00Z,10,<,low,0
553100692,776,South Oʻahu: Kaʻalāwai (Black Point/Cromwells),21.2574,-157.7968,2018-04-21,2018-04-21T19:30:00Z,450,=,low,1
553100699,779,North Oʻahu: Chocolates,21.59493,-158.103673,2018-04-21,2018-04-21T18:30:00Z,282,=,low,1
553100698,778,Pua'ena Point,21.60088,-158.104682,2018-04-21,2018-04-21T18:30:00Z,121,=,low,0
553100694,524,Ala Moana Park - Center,21.289249,-157.849742,2018-04-21,2018-04-21T17:30:00Z,41,=,,0
553100693,546,Rock Piles/Bowls,21.281527,-157.84097,2018-04-21,2018-04-21T14:30:00Z,10,<,,0
553100519,550,Waimānalo Bay Beach Park,21.342058,-157.699493,2018-04-08,2018-04-08T22:30:00Z,10,=,,0
553100518,776,South Oʻahu: Kaʻalāwai (Black Point/Cromwells),21.2574,-157.7968,2018-04-08,2018-04-08T22:30:00Z,41,=,,0
553100517,546,Rock Piles/Bowls,21.281527,-157.84097,2018-04-08,2018-04-08T22:30:00Z,10,<,,0
553100522,779,North Oʻahu: Chocolates,21.59493,-158.103673,2018-04-08,2018-04-08T22:30:00Z,1607,=,,1
553100516,524,Ala Moana Park - Center,21.289249,-157.849742,2018-04-08,2018-04-08T22:30:00Z,52,=,,0
553100521,778,Pua'ena Point,21.60088,-158.104682,2018-04-08,2018-04-08T22:30:00Z,31,=,,0
553100520,777,East Oʻahu: Kahaluʻu Beach,21.46011,-157.839571,2018-04-08,2018-04-08T22:30:00Z,6895,=,,1
553100515,525,Point Panic - Stairs,21.290516,-157.860975,2018-04-08,2018-04-08T22:30:00Z,10,=,,0
553100523,780,North Oʻahu: Pūpūkea tidepools,21.649846,-158.062988,2018-04-08,2018-04-08T22:30:00Z,20,=,,0
553100979,787,Vezyland North,21.684441,-158.031553,2018-04-08,2018-04-08T17:30:00Z,10,<,low,0
553100210,550,Waimānalo Bay Beach Park,21.342058,-157.699493,2018-03-25,2018-03-25T20:30:00Z,150,=,medium,1
553100213,776,South Oʻahu: Kaʻalāwai (Black Point/Cromwells),21.2574,-157.7968,2018-03-25,2018-03-25T19:30:00Z,10,=,low,0
553100211,524,Ala Moana Park - Center,21.289249,-157.849742,2018-03-25,2018-03-25T18:30:00Z,20,=,low,0
553100216,780,North Oʻahu: Pūpūkea tidepools,21.649846,-158.062988,2018-03-25,2018-03-25T17:30:00Z,10,<,,0
553100215,779,North Oʻahu: Chocolates,21.59493,-158.103673,2018-03-25,2018-03-25T17:30:00Z,272,=,,1
553100214,778,Pua'ena Point,21.60088,-158.104682,2018-03-25,2018-03-25T17:30:00Z,30,=,,0
553100212,546,Rock Piles/Bowls,21.281527,-157.84097,2018-03-25,2018-03-25T15:30:00Z,160,=,low,1
553100192,550,Waimānalo Bay Beach Park,21.342058,-157.699493,2018-03-11,2018-03-11T20:30:00Z,50,=,medium,0
553100193,777,East Oʻahu: Kahaluʻu Beach,21.46011,-157.839571,2018-03-11,2018-03-11T20:30:00Z,269,=,medium,1
553100191,776,South Oʻahu: Kaʻalāwai (Black Point/Cromwells),21.2574,-157.7968,2018-03-11,2018-03-11T20:30:00Z,10,=,medium,0
553100195,779,North Oʻahu: Chocolates,21.59493,-158.103673,2018-03-11,2018-03-11T19:30:00Z,142,=,high,1
553100194,778,Pua'ena Point,21.60088,-158.104682,2018-03-11,2018-03-11T19:30:00Z,10,<,high,0
553100196,780,North Oʻahu: Pūpūkea tidepools,21.649846,-158.062988,2018-03-11,2018-03-11T19:30:00Z,281,=,high,1
553100189,524,Ala Moana Park - Center,21.289249,-157.849742,2018-03-11,2018-03-11T19:30:00Z,10,<,low,0
553100197,781,Maili Beach North,21.428143,-158.180025,2018-03-11,2018-03-11T18:30:00Z,42,=,medium,0
553100190,546,Rock Piles/Bowls,21.281527,-157.84097,2018-03-11,2018-03-11T16:30:00Z,10,<,low,0
553100188,777,East Oʻahu: Kahaluʻu Beach,21.46011,-157.839571,2018-02-21,2018-02-21T19:30:00Z,980,=,medium,1
553100187,780,North Oʻahu: Pūpūkea tidepools,21.649846,-158.062988,2018-02-21,2018-02-21T18:30:00Z,10,<,medium,0
553100185,778,Pua'ena Point,21.60088,-158.104682,2018-02-21,2018-02-21T18:30:00Z,58,=,medium,0
553100186,779,North Oʻahu: Chocolates,21.59493,-158.103673,2018-02-21,2018-02-21T18:30:00Z,359,=,medium,1
553100184,776,South Oʻahu: Kaʻalāwai (Black Point/Cromwells),21.2574,-157.7968,2018-02-21,2018-02-21T18:30:00Z,10,=,high,0
553100183,546,Rock Piles/Bowls,21.281527,-157.84097,2018-02-21,2018-02-21T16:30:00Z,50,=,high,0
553100179,550,Waimānalo Bay Beach Park,21.342058,-157.699493,2018-02-04,2018-02-04T22:30:00Z,10,=,medium,0
553100180,777,East Oʻahu: Kahaluʻu Beach,21.46011,-157.839571,2018-02-04,2018-02-04T19:30:00Z,326,=,medium,1
553100178,776,South Oʻahu: Kaʻalāwai (Black Point/Cromwells),21.2574,-157.7968,2018-02-04,2018-02-04T18:30:00Z,10,<,high,0
553100182,779,North Oʻahu: Chocolates,21.59493,-158.103673,2018-02-04,2018-02-04T18:30:00Z,305,=,medium,1
553100181,778,Pua'ena Point,21.60088,-158.104682,2018-02-04,2018-02-04T18:30:00Z,150,=,medium,1
553100177,546,Rock Piles/Bowls,21.281527,-157.84097,2018-02-04,2018-02-04T15:30:00Z,10,<,high,0
553088266,550,Waimānalo Bay Beach Park,21.342058,-157.699493,2016-03-27,2016-03-27T21:30:00Z,10,=,low,0
553088264,557,Black Point Lagoon,21.26,-157.79,2016-03-27,2016-03-27T21:30:00Z,10,<,low,0
553088265,549,Waimanalo Beach Park,21.33,-157.69,2016-03-27,2016-03-27T21:30:00Z,10,<,low,0
553088262,524,Ala Moana Park - Center,21.289249,-157.849742,2016-03-27,2016-03-27T20:30:00Z,10,<,low,0
553088261,525,Point Panic - Stairs,21.290516,-157.860975,2016-03-27,2016-03-27T20:30:00Z,10,<,low,0
553088263,526,Black Point - Kaikoo,21.255324,-157.79351,2016-03-27,2016-03-27T20:30:00Z,10,=,low,0
553088242,557,Black Point Lagoon,21.26,-157.79,2016-03-13,2016-03-13T19:30:00Z,10,<,high,0
553088241,526,Black Point - Kaikoo,21.255324,-157.79351,2016-03-13,2016-03-13T19:30:00Z,10,=,high,0
553088076,524,Ala Moana Park - Center,21.289249,-157.849742,2016-03-13,2016-03-13T18:30:00Z,10,<,high,0
553088074,525,Point Panic - Stairs,21.290516,-157.860975,2016-03-13,2016-03-13T18:30:00Z,10,<,high,0
553086518,557,Black Point Lagoon,21.26,-157.79,2015-11-22,2015-11-22T19:30:00Z,20,=,low,0
553086483,526,Black Point - Kaikoo,21.255324,-157.79351,2015-11-22,2015-11-22T19:30:00Z,10,<,low,0
553086517,556,Kapahulu Groin,21.27,-157.82,2015-11-22,2015-11-22T19:30:00Z,10,<,low,0
553086485,524,Ala Moana Park - Center,21.289249,-157.849742,2015-11-22,2015-11-22T18:30:00Z,10,<,low,0
553086484,525,Point Panic - Stairs,21.290516,-157.860975,2015-11-22,2015-11-22T18:30:00Z,132,=,low,1
553086516,555,Magic Island Surf Launch,21.28,-157.85,2015-11-22,2015-11-22T18:30:00Z,98,=,low,0
553086293,524,Ala Moana Park - Center,21.289249,-157.849742,2015-11-08,2015-11-08T22:30:00Z,10,<,low,0
553086294,525,Point Panic - Stairs,21.290516,-157.860975,2015-11-08,2015-11-08T22:30:00Z,10,<,low,0
553086127,525,Point Panic - Stairs,21.290516,-157.860975,2015-10-25,2015-10-25T18:30:00Z,10,<,low,0
553086129,550,Waimānalo Bay Beach Park,21.342058,-157.699493,2015-10-25,2015-10-25T18:30:00Z,10,<,low,0
553086126,524,Ala Moana Park - Center,21.289249,-157.849742,2015-10-25,2015-10-25T18:30:00Z,10,<,low,0
553086125,526,Black Point - Kaikoo,21.255324,-157.79351,2015-10-25,2015-10-25T18:30:00Z,10,<,low,0
553086128,549,Waimanalo Beach Park,21.33,-157.69,2015-10-25,2015-10-25T18:30:00Z,10,<,low,0
553085919,526,Black Point - Kaikoo,21.255324,-157.79351,2015-10-11,2015-10-11T19:30:00Z,30,=,low,0
553085921,525,Point Panic - Stairs,21.290516,-157.860975,2015-10-11,2015-10-11T18:30:00Z,10,<,low,0
553085920,524,Ala Moana Park - Center,21.289249,-157.849742,2015-10-11,2015-10-11T18:30:00Z,10,<,low,0
553085719,550,Waimānalo Bay Beach Park,21.342058,-157.699493,2015-09-27,2015-09-27T20:30:00Z,10,=,medium,0
553085717,524,Ala Moana Park - Center,21.289249,-157.849742,2015-09-27,2015-09-27T19:30:00Z,10,<,low,0
553085718,549,Waimanalo Beach Park,21.33,-157.69,2015-09-27,2015-09-27T19:30:00Z,10,<,high,0
553085716,525,Point Panic - Stairs,21.290516,-157.860975,2015-09-27,2015-09-27T18:30:00Z,10,=,low,0
553085715,526,Black Point - Kaikoo,21.255324,-157.79351,2015-09-27,2015-09-27T18:30:00Z,10,<,low,0
553085560,526,Black Point - Kaikoo,21.255324,-157.79351,2015-09-13,2015-09-13T22:30:00Z,10,<,low,0
553085558,524,Ala Moana Park - Center,21.289249,-157.849742,2015-09-13,2015-09-13T22:30:00Z,10,<,low,0
553085559,525,Point Panic - Stairs,21.290516,-157.860975,2015-09-13,2015-09-13T22:30:00Z,10,<,low,0
553085561,549,Waimanalo Beach Park,21.33,-157.69,2015-09-13,2015-09-13T20:30:00Z,10,<,low,0
553085562,550,Waimānalo Bay Beach Park,21.342058,-157.699493,2015-09-13,2015-09-13T20:30:00Z,10,<,low,0
553085224,550,Waimānalo Bay Beach Park,21.342058,-157.699493,2015-08-23,2015-08-23T21:30:00Z,10,<,high,0
553085223,549,Waimanalo Beach Park,21.33,-157.69,2015-08-23,2015-08-23T21:30:00Z,10,<,high,0
553085221,524,Ala Moana Park - Center,21.289249,-157.849742,2015-08-23,2015-08-23T20:30:00Z,10,<,high,0
553085220,526,Black Point - Kaikoo,21.255324,-157.79351,2015-08-23,2015-08-23T20:30:00Z,10,<,high,0
553085222,525,Point Panic - Stairs,21.290516,-157.860975,2015-08-23,2015-08-23T20:30:00Z,10,<,high,0
553085160,550,Waimānalo Bay Beach Park,21.342058,-157.699493,2015-08-09,2015-08-09T22:30:00Z,10,<,high,0
553085158,548,Kaionas Beach Park,21.33,-157.68,2015-08-09,2015-08-09T21:30:00Z,10,<,high,0
553085162,525,Point Panic - Stairs,21.290516,-157.860975,2015-08-09,2015-08-09T21:30:00Z,10,<,medium,0
553085159,549,Waimanalo Beach Park,21.33,-157.69,2015-08-09,2015-08-09T21:30:00Z,10,<,high,0
553085161,526,Black Point - Kaikoo,21.255324,-157.79351,2015-08-09,2015-08-09T20:30:00Z,10,<,medium,0
553085157,547,Hilton Lagoon Parking Lot II,21.28,-157.84,2015-08-09,2015-08-09T20:30:00Z,10,<,high,0
553085163,524,Ala Moana Park - Center,21.289249,-157.849742,2015-08-09,2015-08-09T20:30:00Z,10,<,medium,0
553085156,546,Rock Piles/Bowls,21.281527,-157.84097,2015-08-09,2015-08-09T17:30:00Z,10,<,,0
553084821,526,Black Point - Kaikoo,21.255324,-157.79351,2015-07-26,2015-07-26T20:30:00Z,10,<,medium,0
553084822,524,Ala Moana Park - Center,21.289249,-157.849742,2015-07-26,2015-07-26T20:30:00Z,10,<,medium,0
553084728,524,Ala Moana Park - Center,21.289249,-157.849742,2015-07-12,2015-07-12T20:30:00Z,10,<,medium,0
553084729,525,Point Panic - Stairs,21.290516,-157.860975,2015-07-12,2015-07-12T20:30:00Z,10,=,medium,0
553084727,526,Black Point - Kaikoo,21.255324,-157.79351,2015-07-12,2015-07-12T19:30:00Z,10,<,medium,0
553084541,525,Point Panic - Stairs,21.290516,-157.860975,2015-07-05,2015-07-05T21:30:00Z,10,=,medium,0
553084540,524,Ala Moana Park - Center,21.289249,-157.849742,2015-07-05,2015-07-05T20:30:00Z,10,<,medium,0
553084539,526,Black Point - Kaikoo,21.255324,-157.79351,2015-07-05,2015-07-05T19:30:00Z,10,<,medium,0
553084447,524,Ala Moana Park - Center,21.289249,-157.849742,2015-06-28,2015-06-28T21:30:00Z,10,<,medium,0
553084446,525,Point Panic - Stairs,21.290516,-157.860975,2015-06-28,2015-06-28T21:30:00Z,10,=,medium,0
553084445,526,Black Point - Kaikoo,21.255324,-157.79351,2015-06-28,2015-06-28T20:30:00Z,10,<,medium,0
553084421,524,Ala Moana Park - Center,21.289249,-157.849742,2015-06-21,2015-06-21T19:30:00Z,10,<,high,0
553084422,525,Point Panic - Stairs,21.290516,-157.860975,2015-06-21,2015-06-21T19:30:00Z,10,<,high,0
553084420,526,Black Point - Kaikoo,21.255324,-157.79351,2015-06-21,2015-06-21T18:30:00Z,63,=,high,0
553084419,527,Diamond Head - Showers,21.25,-157.81,2015-06-20,2015-06-20T20:30:00Z,10,<,low,0
553084418,525,Point Panic - Stairs,21.290516,-157.860975,2015-06-14,2015-06-14T19:30:00Z,10,<,low,0
553084417,524,Ala Moana Park - Center,21.289249,-157.849742,2015-06-14,2015-06-14T19:30:00Z,10,<,low,0
453062254,546,Rock Piles/Bowls,21.281527,-157.84097,2007-02-27,2007-02-27T15:30:00Z,10,<,,0
453055504,546,Rock Piles/Bowls,21.281527,-157.84097,2003-10-28,2003-10-28T14:30:00Z,10,<,,0
453055444,546,Rock Piles/Bowls,21.281527,-157.84097,2003-10-21,2003-10-21T13:30:00Z,10,<,,0
4499,546,Rock Piles/Bowls,21.281527,-157.84097,2002-08-08,2002-08-08T15:30:00Z,10,<,,0
4487,546,Rock Piles/Bowls,21.281527,-157.84097,2002-07-25,2002-07-25T15:30:00Z,504,=,,1
4455,546,Rock Piles/Bowls,21.281527,-157.84097,2002-07-10,2002-07-10T15:30:00Z,10,=,,0
4451,546,Rock Piles/Bowls,21.281527,-157.84097,2002-07-03,2002-07-03T15:30:00Z,830,=,,1
1103,546,Rock Piles/Bowls,21.281527,-157.84097,2002-02-13,2002-02-13T15:30:00Z,20,=,,0
1098,546,Rock Piles/Bowls,21.281527,-157.84097,2002-02-06,2002-02-06T15:30:00Z,20,=,,0
1093,546,Rock Piles/Bowls,21.281527,-157.84097,2002-01-30,2002-01-30T15:30:00Z,20,=,,0
1088,546,Rock Piles/Bowls,21.281527,-157.84097,2002-01-16,2002-01-16T15:30:00Z,20,=,,0
973,546,Rock Piles/Bowls,21.281527,-157.84097,2002-01-09,2002-01-09T14:30:00Z,812,=,,1
947,546,Rock Piles/Bowls,21.281527,-157.84097,2001-12-19,2001-12-19T15:30:00Z,10,<,,0
936,546,Rock Piles/Bowls,21.281527,-157.84097,2001-11-14,2001-11-14T15:30:00Z,107,=,,0
932,546,Rock Piles/Bowls,21.281527,-157.84097,2001-11-07,2001-11-07T15:30:00Z,10,=,,0
929,546,Rock Piles/Bowls,21.281527,-157.84097,2001-10-24,2001-10-24T14:30:00Z,10,<,,0
921,546,Rock Piles/Bowls,21.281527,-157.84097,2001-10-11,2001-10-11T14:30:00Z,10,<,,0
670,546,Rock Piles/Bowls,21.281527,-157.84097,2001-09-10,2001-09-11T01:30:00Z,74,=,,0
479,546,Rock Piles/Bowls,21.281527,-157.84097,2001-08-28,2001-08-28T15:30:00Z,10,<,,0
1,546,Rock Piles/Bowls,21.281527,-157.84097,2001-08-21,2001-08-22T01:30:00Z,50,=,high,0
18,546,Rock Piles/Bowls,21.281527,-157.84097,2001-08-02,2001-08-02T16:30:00Z,10,<,high,0
27,546,Rock Piles/Bowls,21.281527,-157.84097,2001-07-24,2001-07-25T00:30:00Z,10,<,high,0
39,546,Rock Piles/Bowls,21.281527,-157.84097,2001-07-17,2001-07-18T00:30:00Z,10,<,high,0
54,546,Rock Piles/Bowls,21.281527,-157.84097,2001-07-03,2001-07-04T00:30:00Z,10,=,high,0
65,546,Rock Piles/Bowls,21.281527,-157.84097,2001-06-26,2001-06-27T00:30:00Z,10,=,high,0
