sample_id,site_id,site_name,latitude,longitude,date,datetime_utc,enterococcus,ent_modifier,tide,unsafe,rain_same_day,rain_prev_7days,days_since_rain,temp_mean,wind_max
f60244e6-3c6f-4357-aa20-61a278577347,859,South Oʻahu: Magic Island Canoe Launch,21.28777,-157.844116,2026-09-06,2026-09-06T19:10:00.000Z,4611,=,incoming,1,6.4,11.2,0.0,26.3,20.0
d7ac771c-10eb-4761-a222-7ed87f5d5d6c,858,South Oʻahu: Magic Island Bowls,21.282953,-157.845657,2026-09-06,2026-09-06T19:00:00.000Z,327,=,incoming,1,6.4,11.2,0.0,26.3,20.0
ecb8b575-bcfd-4f9c-b8d8-1a2c128e29df,1197,North Oʻahu: Kaiaka Bay,21.5902778,-158.1191667,2026-09-06,2026-09-06T18:50:00.000Z,20,=,incoming,0,5.0,24.1,0.0,25.3,22.4
11d28250-2e4d-449e-a8b2-c937e99addf0,780,North Oʻahu: Pūpūkea tidepools,21.649846,-158.062988,2026-09-06,2026-09-06T18:00:00.000Z,98,=,incoming,0,5.0,24.1,0.0,25.3,22.4
5cd0965b-db92-46ad-a094-c11aa7cddb79,8894,East Oʻahu: Kailua Beach Park,21.397806,-157.726,2026-09-06,2026-09-06T17:00:00.000Z,20,=,incoming,0,11.8,40.5,0.0,25.3,20.9
13d4fd1e-4c92-4529-8485-d28ee774009b,777,East Oʻahu: Kahaluʻu Beach,21.46011,-157.839571,2026-09-06,2026-09-06T16:25:00.000Z,17329,=,incoming,1,21.7,61.2,0.0,24.3,19.1
4475715b-7ce5-4a3a-8a23-fb0add6237bf,8916,West Oʻahu: Pōkaʻi Bay- Inside,21.4415602,-158.1907114,2026-09-01,2026-09-01T14:25:00.000Z,10,=,incoming,0,0.0,0.1,7.0,27.5,17.5
b8aa672e-e5d2-4806-a184-a64e1405b498,858,South Oʻahu: Magic Island Bowls,21.282953,-157.845657,2026-08-23,2026-08-23T19:00:00.000Z,738,=,incoming,1,1.2,71.6,1.0,27.3,23.3
4fa6d5d0-dcf7-487f-9937-f27cf6ba076d,859,South Oʻahu: Magic Island Canoe Launch,21.28777,-157.844116,2026-08-23,2026-08-23T18:45:00.000Z,563,=,incoming,1,1.2,71.6,1.0,27.3,23.3
52b4564a-9ae6-4fb1-9fcd-9319888c026c,1197,North Oʻahu: Kaiaka Bay,21.5902778,-158.1191667,2026-08-23,2026-08-23T18:20:00.000Z,10,<,outgoing,0,5.1,75.6,1.0,26.6,24.1
609236e1-4226-4803-8b38-4a5878879de9,780,North Oʻahu: Pūpūkea tidepools,21.649846,-158.062988,2026-08-23,2026-08-23T17:55:00.000Z,581,=,outgoing,1,5.1,75.6,1.0,26.6,24.1
ebbf975b-b3be-4f1e-8eda-374a78981afa,8894,East Oʻahu: Kailua Beach Park,21.397806,-157.726,2026-08-23,2026-08-23T17:00:00.000Z,31,=,incoming,0,3.9,79.8,1.0,26.8,22.4
798a683d-bf33-482d-9d2b-b04649a8fb8d,777,East Oʻahu: Kahaluʻu Beach,21.46011,-157.839571,2026-08-23,2026-08-23T16:23:00.000Z,2481,=,outgoing,1,7.3,94.5,0.0,26.2,20.4
38401ae9-00b7-411e-ae52-3ee640093292,858,South Oʻahu: Magic Island Bowls,21.282953,-157.845657,2026-08-09,2026-08-09T18:45:00.000Z,10,=,incoming,0,0.6,7.5,4.0,27.4,18.7
2d9b2604-0386-4b0b-8914-3bd947c0e8ad,859,South Oʻahu: Magic Island Canoe Launch,21.28777,-157.844116,2026-08-09,2026-08-09T18:30:00.000Z,63,=,incoming,0,0.6,7.5,4.0,27.4,18.7
d9955a0f-3b8e-4a35-ba08-8203c55cef29,780,North Oʻahu: Pūpūkea tidepools,21.649846,-158.062988,2026-08-09,2026-08-09T18:20:00.000Z,41,=,incoming,0,2.0,15.3,4.0,26.5,17.9
151ba692-5496-4866-bd2e-d3cd6b98f148,8894,East Oʻahu: Kailua Beach Park,21.397806,-157.726,2026-08-09,2026-08-09T17:00:00.000Z,10,=,incoming,0,4.3,31.1,0.0,26.4,17.5
ece3686f-2ace-4463-8b31-eebc13f43562,777,East Oʻahu: Kahaluʻu Beach,21.46011,-157.839571,2026-08-09,2026-08-09T16:22:00.000Z,1430,=,incoming,1,7.8,40.3,0.0,25.3,16.2
0ca7f7fb-4742-4a29-b1d8-4ddca7880870,858,South Oʻahu: Magic Island Bowls,21.282953,-157.845657,2026-07-26,2026-07-26T18:45:00.000Z,52,=,incoming,0,1.0,14.8,0.0,25.9,22.4
e9c1ca97-3515-4fab-8c23-13442df5727e,859,South Oʻahu: Magic Island Canoe Launch,21.28777,-157.844116,2026-07-26,2026-07-26T18:30:00.000Z,52,=,incoming,0,1.0,14.8,0.0,25.9,22.4
50f98cfd-4b37-4ee2-93a5-c624cb01ac74,780,North Oʻahu: Pūpūkea tidepools,21.649846,-158.062988,2026-07-26,2026-07-26T18:00:00.000Z,10,=,incoming,0,4.2,25.8,0.0,25.0,22.5
603cc76c-ed92-4ac4-b703-c08abbc352ef,8894,East Oʻahu: Kailua Beach Park,21.397806,-157.726,2026-07-26,2026-07-26T17:00:00.000Z,10,<,incoming,0,4.5,39.8,0.0,25.2,21.4
07a55c60-8935-4747-a391-061347c12253,777,East Oʻahu: Kahaluʻu Beach,21.46011,-157.839571,2026-07-26,2026-07-26T16:10:00.000Z,650,=,outgoing,1,10.5,61.8,0.0,24.1,20.9
9397ffd6-4a95-43b0-bc4d-0bc3633e6a65,859,South Oʻahu: Magic Island Canoe Launch,21.28777,-157.844116,2026-07-12,2026-07-12T18:45:00.000Z,373,=,incoming,1,2.4,7.5,2.0,26.3,25.3
216c735d-7cc6-40dd-960d-2c59f7c024eb,1197,North Oʻahu: Kaiaka Bay,21.5902778,-158.1191667,2026-07-12,2026-07-12T18:45:00.000Z,10,=,incoming,0,3.6,18.8,0.0,25.5,22.7
d76b2fda-0a77-4972-996d-dbd94aab1350,858,South Oʻahu: Magic Island Bowls,21.282953,-157.845657,2026-07-12,2026-07-12T18:30:00.000Z,181,=,incoming,1,2.4,7.5,2.0,26.3,25.3
b80a2f3b-5805-4e93-89aa-8c00dc958566,780,North Oʻahu: Pūpūkea tidepools,21.649846,-158.062988,2026-07-12,2026-07-12T18:05:00.000Z,10,<,incoming,0,3.6,18.8,0.0,25.5,22.7
db64b654-4c71-4420-8af9-7a80a44f6d94,8894,East Oʻahu: Kailua Beach Park,21.397806,-157.726,2026-07-12,2026-07-12T17:00:00.000Z,10,<,incoming,0,6.6,37.2,0.0,25.5,24.1
1112fe3f-af6d-47dd-b400-4f5ee0c7f341,777,East Oʻahu: Kahaluʻu Beach,21.46011,-157.839571,2026-07-12,2026-07-12T16:20:00.000Z,932,=,outgoing,1,9.0,56.5,0.0,24.6,19.8
495bb526-3d29-4804-9f92-8a870eba9df6,858,South Oʻahu: Magic Island Bowls,21.282953,-157.845657,2026-06-28,2026-06-28T18:45:00.000Z,10,=,incoming,0,0.5,12.0,2.0,26.5,19.1
0037bd70-042b-4d1e-84d7-aae8ba29c4f8,859,South Oʻahu: Magic Island Canoe Launch,21.28777,-157.844116,2026-06-28,2026-06-28T18:30:00.000Z,441,=,incoming,1,0.5,12.0,2.0,26.5,19.1
bc954573-ef85-4bb8-a2fd-56f06fd4890c,8894,East Oʻahu: Kailua Beach Park,21.397806,-157.726,2026-06-28,2026-06-28T17:00:00.000Z,10,<,outgoing,0,2.1,34.1,0.0,25.8,20.5
cffdd50e-0349-4ee7-8ec2-e1b517d045c3,777,East Oʻahu: Kahaluʻu Beach,21.46011,-157.839571,2026-06-28,2026-06-28T16:30:00.000Z,602,=,outgoing,1,1.3,53.2,0.0,25.1,20.8
1f946f00-dcc5-4b0a-b1e3-9e9b6bddcf74,780,North Oʻahu: Pūpūkea tidepools,21.649846,-158.062988,2026-06-28,2026-06-28T16:30:00.000Z,10,<,incoming,0,1.1,16.8,0.0,25.6,19.5
eb6aa8c7-245e-4d78-b83a-96f6acb3e772,858,South Oʻahu: Magic Island Bowls,21.282953,-157.845657,2026-06-14,2026-06-14T19:30:00.000Z,31,=,incoming,0,4.2,13.2,2.0,25.1,16.0
babb69e2-0f67-48e2-a8b7-1f4f0e473b2a,859,South Oʻahu: Magic Island Canoe Launch,21.28777,-157.844116,2026-06-14,2026-06-14T19:00:00.000Z,199,=,incoming,1,4.2,13.2,2.0,25.1,16.0
739905f3-8f7f-458a-bbe2-5b2e75f3a7d9,8894,East Oʻahu: Kailua Beach Park,21.397806,-157.726,2026-06-14,2026-06-14T17:00:00.000Z,10,=,outgoing,0,9.5,31.6,2.0,24.2,15.1
539dcb02-c718-41ef-afe9-aa5179cad6dd,777,East Oʻahu: Kahaluʻu Beach,21.46011,-157.839571,2026-06-14,2026-06-14T16:20:00.000Z,565,=,outgoing,1,7.6,42.0,2.0,23.7,13.6
dc03a95e-924a-4408-959d-cde12bb0b6ae,780,North Oʻahu: Pūpūkea tidepools,21.649846,-158.062988,2026-05-31,2026-05-31T18:20:00.000Z,10,<,incoming,0,4.6,19.9,0.0,23.9,14.4
bff955f4-aaa7-4e06-9d0f-5fd6d4be99c2,8894,East Oʻahu: Kailua Beach Park,21.397806,-157.726,2026-05-31,2026-05-31T17:00:00.000Z,41,=,outgoing,0,7.3,34.7,0.0,23.7,14.8
f328fbc8-2c66-4018-b015-4837bdee3513,777,East Oʻahu: Kahaluʻu Beach,21.46011,-157.839571,2026-05-31,2026-05-31T16:18:00.000Z,3255,=,outgoing,1,5.4,40.5,0.0,23.2,13.2
1f1637b1-fe3a-4e8f-9a14-25b8d30fbf86,858,South Oʻahu: Magic Island Bowls,21.282953,-157.845657,2026-05-17,2026-05-17T19:15:00.000Z,288,=,outgoing,1,6.2,21.3,0.0,24.8,16.7
89febb4a-d95d-4bfa-b71b-b7fa8a4c383a,859,South Oʻahu: Magic Island Canoe Launch,21.28777,-157.844116,2026-05-17,2026-05-17T19:00:00.000Z,4106,=,outgoing,1,6.2,21.3,0.0,24.8,16.7
871c3575-bf71-4d4f-a2f4-ff74530a825f,8894,East Oʻahu: Kailua Beach Park,21.397806,-157.726,2026-05-17,2026-05-17T17:00:00.000Z,2142,=,outgoing,1,9.0,37.0,0.0,24.4,18.8
de7f2723-6409-4a16-8699-29813b4fe78a,777,East Oʻahu: Kahaluʻu Beach,21.46011,-157.839571,2026-05-17,2026-05-17T16:10:00.000Z,14136,=,outgoing,1,12.7,57.5,0.0,23.7,15.2
b0654b4e-e2cd-4d22-96f2-3127ac0bb819,8916,West Oʻahu: Pōkaʻi Bay- Inside,21.4415602,-158.1907114,2026-05-14,2026-05-14T16:40:00.000Z,10,=,outgoing,0,7.0,10.9,4.0,24.5,11.8
6c1570d1-b509-42c3-8bbd-db21acca76d6,858,South Oʻahu: Magic Island Bowls,21.282953,-157.845657,2026-05-03,2026-05-03T19:15:00.000Z,10,=,outgoing,0,0.3,6.6,1.0,23.8,19.3
5eb10364-15f1-458f-b4b5-b962ca99e999,859,South Oʻahu: Magic Island Canoe Launch,21.28777,-157.844116,2026-05-03,2026-05-03T19:00:00.000Z,63,=,outgoing,0,0.3,6.6,1.0,23.8,19.3
59dbaa52-46f8-457d-b96e-52aa106def5e,1197,North Oʻahu: Kaiaka Bay,21.5902778,-158.1191667,2026-05-03,2026-05-03T19:00:00.000Z,10,<,incoming,0,1.3,11.7,1.0,23.3,19.4
fb8a72fe-7c6f-4a1b-a1ce-eb61ef666c2a,780,North Oʻahu: Pūpūkea tidepools,21.649846,-158.062988,2026-05-03,2026-05-03T18:00:00.000Z,10,<,incoming,0,1.3,11.7,1.0,23.3,19.4
02e61e54-1174-43a6-b672-45d49291ca2e,8894,East Oʻahu: Kailua Beach Park,21.397806,-157.726,2026-05-03,2026-05-03T17:00:00.000Z,20,=,outgoing,0,9.7,29.6,0.0,23.0,18.0
e374bc98-cc88-48ff-8e66-9ddecae6b0d6,777,East Oʻahu: Kahaluʻu Beach,21.46011,-157.839571,2026-05-03,2026-05-03T16:20:00.000Z,727,=,outgoing,1,10.3,34.5,0.0,22.4,14.7
b12a6d54-f5ad-4200-b4a0-d90ddd534e8a,858,South Oʻahu: Magic Island Bowls,21.282953,-157.845657,2026-04-19,2026-04-19T19:10:00.000Z,31,=,outgoing,0,0.0,33.3,0.0,24.8,15.1
8aa450e7-d2c7-46d2-96e9-17779f3d97dd,1197,North Oʻahu: Kaiaka Bay,21.5902778,-158.1191667,2026-04-19,2026-04-19T19:00:00.000Z,20,=,outgoing,0,0.3,37.5,3.0,24.8,15.9
7eefd52a-0fb4-4695-aeef-bb2be25dc7a8,859,South Oʻahu: Magic Island Canoe Launch,21.28777,-157.844116,2026-04-19,2026-04-19T19:00:00.000Z,31,=,outgoing,0,0.0,33.3,0.0,24.8,15.1
3e8bdb9a-a78d-4400-8219-c1865de0c793,780,North Oʻahu: Pūpūkea tidepools,21.649846,-158.062988,2026-04-19,2026-04-19T18:10:00.000Z,41,=,outgoing,0,0.3,37.5,3.0,24.8,15.9
73c36b5a-afbc-4fab-ab95-0a5a13291309,776,South Oʻahu: Kaʻalāwai (Black Point/Cromwells),21.2574,-157.7968,2026-04-19,2026-04-19T18:00:00.000Z,10,<,outgoing,0,0.0,30.8,0.0,24.5,16.4
29d897d7-7705-4788-a8af-b3a94fb5c96d,8894,East Oʻahu: Kailua Beach Park,21.397806,-157.726,2026-04-19,2026-04-19T17:00:00.000Z,10,=,outgoing,0,0.2,27.2,0.0,24.5,16.0
0f7c55b4-ebd7-4e89-865d-5ba71856ee4b,777,East Oʻahu: Kahaluʻu Beach,21.46011,-157.839571,2026-04-19,2026-04-19T16:15:00.000Z,471,=,outgoing,1,0.8,32.4,0.0,24.2,13.9
8f84278c-3b54-4821-951a-758998b8218a,8916,West Oʻahu: Pōkaʻi Bay- Inside,21.4415602,-158.1907114,2026-04-16,2026-04-16T18:50:00.000Z,10,<,outgoing,0,2.0,93.7,1.0,23.9,15.0
5fbe9a7e-677f-4c7e-a796-0d843b1af43c,1197,North Oʻahu: Kaiaka Bay,21.5902778,-158.1191667,2026-04-05,2026-04-05T19:45:00.000Z,31,=,outgoing,0,0.6,5.6,2.0,21.7,20.2
9fa90a68-706b-433b-b03f-62989d27a2b0,780,North Oʻahu: Pūpūkea tidepools,21.649846,-158.062988,2026-04-05,2026-04-05T18:00:00.000Z,31,=,outgoing,0,0.6,5.6,2.0,21.7,20.2
f85560cd-5b51-4e63-b60c-84dca2f3048f,776,South Oʻahu: Kaʻalāwai (Black Point/Cromwells),21.2574,-157.7968,2026-04-05,2026-04-05T16:55:00.000Z,10,=,outgoing,0,2.5,1.4,8.0,22.0,18.2
e266ac3d-3974-4701-88cf-0a3d3281e1f4,8894,East Oʻahu: Kailua Beach Park,21.397806,-157.726,2026-04-05,2026-04-05T16:30:00.000Z,10,<,outgoing,0,7.6,8.4,2.0,21.9,18.4
0d9e9de4-66b6-4a0e-a087-a28db61e2785,777,East Oʻahu: Kahaluʻu Beach,21.46011,-157.839571,2026-04-05,2026-04-05T16:25:00.000Z,282,=,incoming,1,9.3,17.5,2.0,21.5,16.5
9664ed8b-723b-4c44-9229-1bf3666f1bdc,1197,North Oʻahu: Kaiaka Bay,21.5902778,-158.1191667,2026-03-28,2026-03-28T18:36:00.000Z,2595,=,incoming,1,1.1,23.6,0.0,20.7,21.2
d07e4f81-ec63-47b7-ba5d-37c37ef41012,780,North Oʻahu: Pūpūkea tidepools,21.649846,-158.062988,2026-03-28,2026-03-28T18:06:00.000Z,30,=,incoming,0,1.1,23.6,0.0,20.7,21.2
7649c363-7a8c-4790-8817-ffa68f1a839d,8916,West Oʻahu: Pōkaʻi Bay- Inside,21.4415602,-158.1907114,2026-03-24,2026-03-24T16:05:00.000Z,481,=,outgoing,1,0.0,113.9,0.0,22.0,17.9
6a064fc4-05e8-43b3-94d1-e06ad832d235,859,South Oʻahu: Magic Island Canoe Launch,21.28777,-157.844116,2026-03-22,2026-03-22T19:30:00.000Z,9804,=,outgoing,1,18.8,95.8,0.0,22.4,18.4
9bde7269-c236-4cfe-a2d5-f0128fc026a8,858,South Oʻahu: Magic Island Bowls,21.282953,-157.845657,2026-03-22,2026-03-22T19:15:00.000Z,2359,=,outgoing,1,18.8,95.8,0.0,22.4,18.4
7bec8096-13ae-4c46-95b6-627ca92d5887,8894,East Oʻahu: Kailua Beach Park,21.397806,-157.726,2026-03-22,2026-03-22T19:00:00.000Z,1607,=,outgoing,1,21.8,74.8,0.0,22.6,9.7
6e08707a-8280-4e6c-9c29-482ae5ae6c1c,858,South Oʻahu: Magic Island Bowls,21.282953,-157.845657,2026-03-08,2026-03-08T19:45:00.000Z,10,<,outgoing,0,0.9,6.0,0.0,24.0,21.5
f87fd74b-01b5-4f04-abd4-a6a518e5dddd,859,South Oʻahu: Magic Island Canoe Launch,21.28777,-157.844116,2026-03-08,2026-03-08T19:30:00.000Z,10,=,outgoing,0,0.9,6.0,0.0,24.0,21.5
71f98f4a-2ae7-46fb-a9ea-ad8ff3d47904,776,South Oʻahu: Kaʻalāwai (Black Point/Cromwells),21.2574,-157.7968,2026-03-08,2026-03-08T18:25:00.000Z,21,=,outgoing,0,4.1,6.8,0.0,23.7,23.2
b3a75998-2919-4a12-8949-cc16792f2ca6,780,North Oʻahu: Pūpūkea tidepools,21.649846,-158.062988,2026-03-08,2026-03-08T17:55:00.000Z,20,=,outgoing,0,3.0,9.4,0.0,23.1,24.3
18c5f236-7c19-467f-af06-1a605a50b4df,1197,North Oʻahu: Kaiaka Bay,21.5902778,-158.1191667,2026-03-08,2026-03-08T17:16:00.000Z,85,=,outgoing,0,3.0,9.4,0.0,23.1,24.3
9fd0b3ed-b170-4a1a-af0d-d54fc9567f3e,8894,East Oʻahu: Kailua Beach Park,21.397806,-157.726,2026-03-08,2026-03-08T17:00:00.000Z,31,=,outgoing,0,3.2,20.1,0.0,23.3,24.5
7553cd93-868e-416f-b638-f6a8176fe15a,777,East Oʻahu: Kahaluʻu Beach,21.46011,-157.839571,2026-03-08,2026-03-08T16:40:00.000Z,638,=,outgoing,1,7.2,43.7,0.0,22.6,24.7
c0ead1ea-c96c-4ae7-9a16-c32c212cc5cd,8916,West Oʻahu: Pōkaʻi Bay- Inside,21.4415602,-158.1907114,2026-02-25,2026-02-25T16:25:00.000Z,112,=,outgoing,0,0.0,35.7,2.0,20.6,15.8
97e06758-e180-4e9f-9a9e-7ff778718e1e,858,South Oʻahu: Magic Island Bowls,21.282953,-157.845657,2026-02-22,2026-02-22T19:15:00.000Z,910,=,outgoing,1,2.1,21.7,0.0,21.0,13.9
9c8d94d6-0f5b-4fd9-ad9b-5c1d24dfff9d,859,South Oʻahu: Magic Island Canoe Launch,21.28777,-157.844116,2026-02-22,2026-02-22T19:00:00.000Z,5475,=,outgoing,1,2.1,21.7,0.0,21.0,13.9
7636657b-ad3e-4c2e-89fa-6f5fa24f1fb0,776,South Oʻahu: Kaʻalāwai (Black Point/Cromwells),21.2574,-157.7968,2026-02-22,2026-02-22T18:35:00.000Z,20,=,outgoing,0,1.5,22.4,0.0,20.8,16.4
17f3300f-a931-46b5-b12c-bf798be28e14,780,North Oʻahu: Pūpūkea tidepools,21.649846,-158.062988,2026-02-22,2026-02-22T18:00:00.000Z,20,=,outgoing,0,2.1,34.9,0.0,20.4,16.0
75a60d60-f699-41fa-9542-fcffb7b36f35,8894,East Oʻahu: Kailua Beach Park,21.397806,-157.726,2026-02-22,2026-02-22T17:00:00.000Z,10,=,outgoing,0,2.9,47.5,0.0,20.8,18.1
5ede87fc-e99b-4d00-9a56-80509752b96c,1197,North Oʻahu: Kaiaka Bay,21.5902778,-158.1191667,2026-02-22,2026-02-22T16:42:00.000Z,4352,=,outgoing,1,2.1,34.9,0.0,20.4,16.0
1fe2173b-162f-4fa7-a198-e4afcf01a608,777,East Oʻahu: Kahaluʻu Beach,21.46011,-157.839571,2026-02-22,2026-02-22T16:20:00.000Z,5475,=,outgoing,1,4.5,67.7,0.0,20.5,18.1
41bd2f22-925e-46a0-ade6-29cc11619581,858,South Oʻahu: Magic Island Bowls,21.282953,-157.845657,2026-02-08,2026-02-08T19:15:00.000Z,1178,=,outgoing,1,13.7,36.6,0.0,19.7,32.8
f67fb1a3-5516-4d03-9f17-6be34b7fda8b,859,South Oʻahu: Magic Island Canoe Launch,21.28777,-157.844116,2026-02-08,2026-02-08T19:00:00.000Z,6867,=,outgoing,1,13.7,36.6,0.0,19.7,32.8
79be2e68-dcb2-480c-b6cc-861495de2f4b,780,North Oʻahu: Pūpūkea tidepools,21.649846,-158.062988,2026-02-08,2026-02-08T18:00:00.000Z,10,=,outgoing,0,13.9,35.1,0.0,19.7,28.9
1d114601-bacf-4d9c-91d2-57a9e2f7d27c,1197,North Oʻahu: Kaiaka Bay,21.5902778,-158.1191667,2026-02-08,2026-02-08T17:30:00.000Z,2333,=,outgoing,1,13.9,35.1,0.0,19.7,28.9
f43e07d8-9dab-4d7d-b429-6bf289b1302d,776,South Oʻahu: Kaʻalāwai (Black Point/Cromwells),21.2574,-157.7968,2026-02-08,2026-02-08T17:25:00.000Z,10,<,outgoing,0,15.8,34.6,0.0,19.9,34.1
e231ffdd-76d7-4932-8eb0-e504e12717a3,8894,East Oʻahu: Kailua Beach Park,21.397806,-157.726,2026-02-08,2026-02-08T17:10:00.000Z,733,=,outgoing,1,19.3,44.4,0.0,20.0,31.3
017e0b5c-2ceb-42d5-920b-05e458ca30af,777,East Oʻahu: Kahaluʻu Beach,21.46011,-157.839571,2026-02-08,2026-02-08T16:25:00.000Z,24196,>,outgoing,1,20.6,52.1,0.0,19.8,30.5
2341fb1f-1ef2-432c-8b43-153dcd9dfaae,858,South Oʻahu: Magic Island Bowls,21.282953,-157.845657,2026-01-25,2026-01-25T19:15:00.000Z,31,=,outgoing,0,0.0,2.9,1.0,22.4,15.8
bc97b5c2-41fe-448f-93bc-c08dc0ca707c,859,South Oʻahu: Magic Island Canoe Launch,21.28777,-157.844116,2026-01-25,2026-01-25T19:00:00.000Z,144,=,outgoing,1,0.0,2.9,1.0,22.4,15.8
2e27d3f7-447e-4cc2-a902-83b300c3fa35,776,South Oʻahu: Kaʻalāwai (Black Point/Cromwells),21.2574,-157.7968,2026-01-25,2026-01-25T18:35:00.000Z,10,<,outgoing,0,0.1,4.7,1.0,22.5,11.5
4f5c6b03-d566-40dc-b761-6eeb336b0c67,8894,East Oʻahu: Kailua Beach Park,21.397806,-157.726,2026-01-25,2026-01-25T17:00:00.000Z,30,=,outgoing,0,0.1,7.2,0.0,22.6,7.7
d961f8be-0074-4d02-a2d3-a6a6ac027420,777,East Oʻahu: Kahaluʻu Beach,21.46011,-157.839571,2026-01-25,2026-01-25T16:26:00.000Z,31,=,outgoing,0,1.1,6.1,0.0,22.5,9.3
61b027b2-846a-40e5-bfde-2ebe46ee1786,858,South Oʻahu: Magic Island Bowls,21.282953,-157.845657,2026-01-11,2026-01-11T19:15:00.000Z,10,<,outgoing,0,1.2,24.7,0.0,22.9,11.9
44d76bdb-2305-4c46-a718-4dae81542f7d,776,South Oʻahu: Kaʻalāwai (Black Point/Cromwells),21.2574,-157.7968,2026-01-11,2026-01-11T19:10:00.000Z,10,<,outgoing,0,1.5,30.1,5.0,23.0,11.3
ae48d189-4288-464c-926a-392cb32d87fb,859,South Oʻahu: Magic Island Canoe Launch,21.28777,-157.844116,2026-01-11,2026-01-11T19:00:00.000Z,146,=,incoming,1,1.2,24.7,0.0,22.9,11.9
f1dbf275-a047-492b-8259-043e92135a14,1197,North Oʻahu: Kaiaka Bay,21.5902778,-158.1191667,2026-01-11,2026-01-11T18:30:00.000Z,10,<,,0,2.5,22.6,1.0,23.3,12.1
f3728935-31a3-474b-830c-b584190772a8,780,North Oʻahu: Pūpūkea tidepools,21.649846,-158.062988,2026-01-11,2026-01-11T17:40:00.000Z,86,=,outgoing,0,2.5,22.6,1.0,23.3,12.1
25bb49e7-b317-4d12-aa37-55ad1d03ba15,8894,East Oʻahu: Kailua Beach Park,21.397806,-157.726,2026-01-11,2026-01-11T17:00:00.000Z,10,=,outgoing,0,1.6,32.5,4.0,23.3,10.7
20ab24b2-29be-4e4c-8f45-f682f74d7fbd,777,East Oʻahu: Kahaluʻu Beach,21.46011,-157.839571,2026-01-11,2026-01-11T16:23:00.000Z,908,=,outgoing,1,2.4,31.8,1.0,22.8,8.9
8aea8b3c-096e-41d4-bcaf-b4a7033dc708,8916,West Oʻahu: Pōkaʻi Bay- Inside,21.4415602,-158.1907114,2026-01-08,2026-01-08T16:15:00.000Z,10,<,incoming,0,0.0,26.5,2.0,23.5,11.1
878975e8-9389-4b3e-a873-fd7f740d685a,859,South Oʻahu: Magic Island Canoe Launch,21.28777,-157.844116,2025-12-14,2025-12-14T19:15:00.000Z,24196,>,incoming,1,30.6,7.3,0.0,22.8,16.6
08d4bfe5-9a52-4c70-bfeb-979e9c31e124,776,South Oʻahu: Kaʻalāwai (Black Point/Cromwells),21.2574,-157.7968,2025-12-14,2025-12-14T19:00:00.000Z,10,=,incoming,0,39.0,9.1,0.0,22.7,15.8
63441cd7-24e5-41f6-90dd-43af6a06a39c,858,South Oʻahu: Magic Island Bowls,21.282953,-157.845657,2025-12-14,2025-12-14T19:00:00.000Z,12033,=,incoming,1,30.6,7.3,0.0,22.8,16.6
42127ad1-dfb8-4419-82b2-3091c48fcfca,780,North Oʻahu: Pūpūkea tidepools,21.649846,-158.062988,2025-12-14,2025-12-14T18:15:00.000Z,10,<,outgoing,0,47.5,7.7,2.0,22.9,17.0
5edc2d63-7fd8-4147-aa45-4246e034b429,8894,East Oʻahu: Kailua Beach Park,21.397806,-157.726,2025-12-14,2025-12-14T18:00:00.000Z,10,<,,0,35.2,9.4,0.0,22.7,13.2
47b08888-d322-4fa7-9693-f82af3d48343,1197,North Oʻahu: Kaiaka Bay,21.5902778,-158.1191667,2025-12-14,2025-12-14T17:35:00.000Z,457,=,incoming,1,47.5,7.7,2.0,22.9,17.0
a444a0fb-268a-429c-920d-d3f03e000e07,777,East Oʻahu: Kahaluʻu Beach,21.46011,-157.839571,2025-12-14,2025-12-14T17:26:00.000Z,17329,=,incoming,1,31.3,11.5,4.0,22.7,14.5
ad83bffe-ff8d-4559-abb3-985c6c734e85,8916,West Oʻahu: Pōkaʻi Bay- Inside,21.4415602,-158.1907114,2025-12-11,2025-12-11T16:35:00.000Z,61,=,incoming,0,1.0,4.8,0.0,23.1,17.1
9fbe9d96-6b48-4417-be70-574ca3916cb2,858,South Oʻahu: Magic Island Bowls,21.282953,-157.845657,2025-11-30,2025-11-30T19:20:00.000Z,10,=,incoming,0,0.0,1.4,7.0,24.3,10.1
d21efea8-4ead-4b0d-82c6-7b5530d0af6e,859,South Oʻahu: Magic Island Canoe Launch,21.28777,-157.844116,2025-11-30,2025-11-30T19:15:00.000Z,20,=,incoming,0,0.0,1.4,7.0,24.3,10.1
abfb7a17-fb92-402e-b854-db6f7c2f85b9,1197,North Oʻahu: Kaiaka Bay,21.5902778,-158.1191667,2025-11-30,2025-11-30T17:35:00.000Z,41,=,incoming,0,0.0,2.1,1.0,23.8,12.7
c3c14e82-294d-4bf3-a5ce-d6b53067f4d0,8894,East Oʻahu: Kailua Beach Park,21.397806,-157.726,2025-11-30,2025-11-30T17:00:00.000Z,10,<,outgoing,0,0.4,5.1,6.0,23.9,13.2
866874b4-eae7-4dfd-ab92-b1f2ca3c1f1d,777,East Oʻahu: Kahaluʻu Beach,21.46011,-157.839571,2025-11-30,2025-11-30T16:25:00.000Z,121,=,incoming,0,0.0,4.0,6.0,23.4,13.8
329c754b-4c22-4e64-8bef-0ba96306168e,858,South Oʻahu: Magic Island Bowls,21.282953,-157.845657,2025-11-16,2025-11-16T19:15:00.000Z,10,<,incoming,0,0.8,9.4,2.0,24.5,16.7
b3c107a6-8763-4d8d-a824-2178e3e08b31,859,South Oʻahu: Magic Island Canoe Launch,21.28777,-157.844116,2025-11-16,2025-11-16T19:00:00.000Z,31,=,incoming,0,0.8,9.4,2.0,24.5,16.7
c6fb3d30-9252-4748-83c8-907571b17563,780,North Oʻahu: Pūpūkea tidepools,21.649846,-158.062988,2025-11-16,2025-11-16T18:00:00.000Z,10,<,incoming,0,0.9,20.0,1.0,24.0,17.1
e4025341-fcff-4e8e-b456-0d7de81be62d,8894,East Oʻahu: Kailua Beach Park,21.397806,-157.726,2025-11-16,2025-11-16T17:00:00.000Z,146,=,incoming,1,5.8,33.2,0.0,23.8,16.6
af0ce827-97a8-406d-a1e9-1ac30ea69d11,1197,North Oʻahu: Kaiaka Bay,21.5902778,-158.1191667,2025-11-16,2025-11-16T17:00:00.000Z,160,=,incoming,1,0.9,20.0,1.0,24.0,17.1
21efb96e-42ed-4172-834d-1793dcc90f71,777,East Oʻahu: Kahaluʻu Beach,21.46011,-157.839571,2025-11-16,2025-11-16T16:23:00.000Z,24196,>,outgoing,1,7.7,55.5,0.0,23.1,14.3
ed323dc1-4533-45d9-9ea1-e210ae856484,8916,West Oʻahu: Pōkaʻi Bay- Inside,21.4415602,-158.1907114,2025-11-06,2025-11-06T16:10:00.000Z,20,=,outgoing,0,0.0,4.0,2.0,26.2,16.8
636377de-58c2-48f2-8b04-c8608cb44563,859,South Oʻahu: Magic Island Canoe Launch,21.28777,-157.844116,2025-11-02,2025-11-02T19:15:00.000Z,74,=,incoming,0,2.5,1.6,11.0,25.0,15.1
9cde43f2-0c38-42a0-be62-b5e1d001a4a3,858,South Oʻahu: Magic Island Bowls,21.282953,-157.845657,2025-11-02,2025-11-02T19:15:00.000Z,10,<,incoming,0,2.5,1.6,11.0,25.0,15.1
9458403a-960b-4167-9368-754151f5ce8f,780,North Oʻahu: Pūpūkea tidepools,21.649846,-158.062988,2025-11-02,2025-11-02T18:20:00.000Z,63,=,incoming,0,2.3,1.9,7.0,24.7,15.0
97239cfe-7f89-47fd-9020-4fd7214382ab,1197,North Oʻahu: Kaiaka Bay,21.5902778,-158.1191667,2025-11-02,2025-11-02T17:00:00.000Z,10,<,incoming,0,2.3,1.9,7.0,24.7,15.0
5f203d35-9dc6-4a35-ae75-aa946e5d62eb,8894,East Oʻahu: Kailua Beach Park,21.397806,-157.726,2025-11-02,2025-11-02T17:00:00.000Z,10,<,incoming,0,5.4,19.1,0.0,24.4,18.5
c22562e0-cb1b-480a-b8bf-dd54c5a08c89,777,East Oʻahu: Kahaluʻu Beach,21.46011,-157.839571,2025-11-02,2025-11-02T16:23:00.000Z,594,=,incoming,1,4.6,23.4,0.0,23.9,17.9
1cbbf636-91f9-4443-b2a1-cc6929ce22af,858,South Oʻahu: Magic Island Bowls,21.282953,-157.845657,2025-10-19,2025-10-19T19:15:00.000Z,41,=,outgoing,0,0.7,7.0,0.0,26.2,21.5
bb798303-f313-4106-ad09-a3bcdc0f1f7b,859,South Oʻahu: Magic Island Canoe Launch,21.28777,-157.844116,2025-10-19,2025-10-19T19:00:00.000Z,30,=,outgoing,0,0.7,7.0,0.0,26.2,21.5
15a4bcd9-a799-412a-9c1e-e121764ae80c,780,North Oʻahu: Pūpūkea tidepools,21.649846,-158.062988,2025-10-19,2025-10-19T18:05:00.000Z,10,<,incoming,0,0.6,12.4,0.0,25.9,21.6
fe0e085e-73e5-41ff-a929-bfd5fc6ce3ea,1197,North Oʻahu: Kaiaka Bay,21.5902778,-158.1191667,2025-10-19,2025-10-19T17:50:00.000Z,10,<,outgoing,0,0.6,12.4,0.0,25.9,21.6
62564251-af6e-473e-8ed9-53e663e59bec,8894,East Oʻahu: Kailua Beach Park,21.397806,-157.726,2025-10-19,2025-10-19T16:50:00.000Z,20,=,outgoing,0,4.4,23.7,0.0,25.3,21.8
bacd194f-756b-4c9b-9831-c974ec0a5555,777,East Oʻahu: Kahaluʻu Beach,21.46011,-157.839571,2025-10-19,2025-10-19T16:25:00.000Z,1850,=,outgoing,1,4.4,35.6,0.0,24.9,20.4
8320fb04-8c69-49ab-b9da-f92fcde22f6f,858,South Oʻahu: Magic Island Bowls,21.282953,-157.845657,2025-10-05,2025-10-05T19:15:00.000Z,10,<,incoming,0,0.3,4.4,3.0,26.1,19.9
cdc24d3e-1853-4f5c-bbe9-a0b40058abb6,859,South Oʻahu: Magic Island Canoe Launch,21.28777,-157.844116,2025-10-05,2025-10-05T19:00:00.000Z,10,=,incoming,0,0.3,4.4,3.0,26.1,19.9
007f43cd-9f41-438c-9ab5-47cb3a898533,1197,North Oʻahu: Kaiaka Bay,21.5902778,-158.1191667,2025-10-05,2025-10-05T18:30:00.000Z,10,<,incoming,0,0.8,3.4,3.0,25.8,20.1
ec712b53-c083-48d2-af97-2c8f3bb5b27e,780,North Oʻahu: Pūpūkea tidepools,21.649846,-158.062988,2025-10-05,2025-10-05T18:15:00.000Z,323,=,incoming,1,0.8,3.4,3.0,25.8,20.1
a0a00250-ce75-41cc-95c3-48e8339b666a,8894,East Oʻahu: Kailua Beach Park,21.397806,-157.726,2025-10-05,2025-10-05T17:00:00.000Z,10,<,outgoing,0,3.9,30.6,0.0,25.3,19.2
90f91ade-6ef7-40a6-846a-46efbf3b1214,777,East Oʻahu: Kahaluʻu Beach,21.46011,-157.839571,2025-10-05,2025-10-05T16:21:00.000Z,1081,=,outgoing,1,3.4,44.5,0.0,24.8,18.7
14f961cd-b88a-44bb-b321-47a0f7dce2a7,8916,West Oʻahu: Pōkaʻi Bay- Inside,21.4415602,-158.1907114,2025-09-24,2025-09-24T18:50:00.000Z,10,<,outgoing,0,1.2,7.5,1.0,26.4,7.4
c85a88ed-5637-4a7f-867e-1d49cd446ff5,858,South Oʻahu: Magic Island Bowls,21.282953,-157.845657,2025-09-21,2025-09-21T19:15:00.000Z,10,=,outgoing,0,1.4,6.6,0.0,26.1,22.2
be089345-9656-4a56-92f9-506d04eca62a,859,South Oʻahu: Magic Island Canoe Launch,21.28777,-157.844116,2025-09-21,2025-09-21T19:00:00.000Z,30,=,outgoing,0,1.4,6.6,0.0,26.1,22.2
4cecc7b2-fc52-433a-a5b5-fdda68ae2f6f,780,North Oʻahu: Pūpūkea tidepools,21.649846,-158.062988,2025-09-21,2025-09-21T18:00:00.000Z,10,=,incoming,0,2.9,11.0,0.0,25.6,23.2
ce71f8c0-ba9f-4ebd-8526-ea06a97a8d0b,1197,North Oʻahu: Kaiaka Bay,21.5902778,-158.1191667,2025-09-21,2025-09-21T17:29:00.000Z,443,=,outgoing,1,2.9,11.0,0.0,25.6,23.2
0cc26744-2a3a-4088-8015-40475cfa0413,8894,East Oʻahu: Kailua Beach Park,21.397806,-157.726,2025-09-21,2025-09-21T17:00:00.000Z,10,<,outgoing,0,10.4,29.9,0.0,25.3,20.7
92c29427-ab03-4887-adab-99334dfa33ae,777,East Oʻahu: Kahaluʻu Beach,21.46011,-157.839571,2025-09-21,2025-09-21T16:22:00.000Z,565,=,outgoing,1,15.0,47.2,0.0,24.4,16.8
97da9ee6-aa25-43b8-8087-9ac6e0c66613,8916,West Oʻahu: Pōkaʻi Bay- Inside,21.4415602,-158.1907114,2025-09-10,2025-09-10T18:55:00.000Z,41,=,,0,1.6,5.9,0.0,26.8,13.7
8e1b58e9-3f9f-4930-a8c4-b2a41ad78395,858,South Oʻahu: Magic Island Bowls,21.282953,-157.845657,2025-09-07,2025-09-07T19:20:00.000Z,10,=,outgoing,0,0.0,0.9,26.0,26.1,16.4
d57a581f-7293-4865-a33c-6e232e489718,859,South Oʻahu: Magic Island Canoe Launch,21.28777,-157.844116,2025-09-07,2025-09-07T19:15:00.000Z,158,=,outgoing,1,0.0,0.9,26.0,26.1,16.4
07d5abb1-e11b-461f-b003-1b3482bbdc0f,780,North Oʻahu: Pūpūkea tidepools,21.649846,-158.062988,2025-09-07,2025-09-07T18:30:00.000Z,10,<,outgoing,0,6.5,1.5,6.0,25.2,13.5
c55db78e-5d7c-4e90-b193-563edb4824de,8894,East Oʻahu: Kailua Beach Park,21.397806,-157.726,2025-09-07,2025-09-07T17:00:00.000Z,31,=,outgoing,0,2.3,11.3,1.0,25.6,11.3
9e1040c7-f18b-4b17-96e0-bfea06585239,777,East Oʻahu: Kahaluʻu Beach,21.46011,-157.839571,2025-09-07,2025-09-07T16:15:00.000Z,10,=,outgoing,0,2.6,15.0,0.0,25.1,9.9
cdb44273-3411-4566-8627-d950e81b3637,858,South Oʻahu: Magic Island Bowls,21.282953,-157.845657,2025-08-24,2025-08-24T20:00:00.000Z,10,<,outgoing,0,0.0,1.9,12.0,27.1,21.3
0aad58d5-8b6d-475d-9bec-73e65ba308ee,859,South Oʻahu: Magic Island Canoe Launch,21.28777,-157.844116,2025-08-24,2025-08-24T19:50:00.000Z,10,=,outgoing,0,0.0,1.9,12.0,27.1,21.3
a343ec4a-4e50-4947-99fe-c892fdb97b43,780,North Oʻahu: Pūpūkea tidepools,21.649846,-158.062988,2025-08-24,2025-08-24T18:01:00.000Z,10,<,outgoing,0,0.0,5.6,5.0,26.7,21.6
62482bbf-848c-450d-8058-31ed8a7b4e46,1197,North Oʻahu: Kaiaka Bay,21.5902778,-158.1191667,2025-08-24,2025-08-24T17:34:00.000Z,10,<,outgoing,0,0.0,5.6,5.0,26.7,21.6
8a0297b5-1f01-4f8b-9173-6f2497b93f70,8894,East Oʻahu: Kailua Beach Park,21.397806,-157.726,2025-08-24,2025-08-24T17:00:00.000Z,10,<,outgoing,0,0.0,21.6,1.0,26.4,22.7
ce16246e-255e-49ce-9853-303b19afcaf9,777,East Oʻahu: Kahaluʻu Beach,21.46011,-157.839571,2025-08-24,2025-08-24T16:19:00.000Z,689,=,outgoing,1,0.1,28.9,0.0,25.9,21.3
1fede1b0-2c40-474d-af42-01930ceaac69,8916,West Oʻahu: Pōkaʻi Bay- Inside,21.4415602,-158.1907114,2025-08-21,2025-08-21T16:35:00.000Z,10,<,outgoing,0,0.0,9.3,2.0,27.2,19.3
f1234541-a67b-4228-9591-a73ed05744cf,776,South Oʻahu: Kaʻalāwai (Black Point/Cromwells),21.2574,-157.7968,2025-08-10,2025-08-10T18:55:00.000Z,10,<,outgoing,0,0.7,7.9,0.0,26.5,13.5
ad59710b-b30a-4ae1-8d92-6676549fa35c,861,South Oʻahu: Waialae Beach Park,21.26885,-157.77655,2025-08-10,2025-08-10T18:35:00.000Z,10,=,outgoing,0,0.7,7.9,0.0,26.5,13.5
ce08e54a-86e5-42cd-8322-ca3936f0fad2,1197,North Oʻahu: Kaiaka Bay,21.5902778,-158.1191667,2025-08-10,2025-08-10T18:00:00.000Z,450,=,outgoing,1,2.1,4.8,3.0,26.3,14.1
06e0c9ea-d3b7-4ac7-a104-19cfa18ade55,780,North Oʻahu: Pūpūkea tidepools,21.649846,-158.062988,2025-08-10,2025-08-10T18:00:00.000Z,10,<,incoming,0,2.1,4.8,3.0,26.3,14.1
916d1e9c-a097-4a09-9147-7ec45a53f705,8894,East Oʻahu: Kailua Beach Park,21.397806,-157.726,2025-08-10,2025-08-10T17:00:00.000Z,10,<,outgoing,0,2.6,24.2,0.0,25.8,13.3
51e4c8a2-983a-42eb-9595-43999f9a416f,777,East Oʻahu: Kahaluʻu Beach,21.46011,-157.839571,2025-08-10,2025-08-10T16:23:00.000Z,96,=,outgoing,0,2.4,32.8,0.0,25.2,11.3
17e86ab5-5ea8-4b75-abe0-b4aa57f52155,8916,West Oʻahu: Pōkaʻi Bay- Inside,21.4415602,-158.1907114,2025-08-07,2025-08-07T16:40:00.000Z,10,<,outgoing,0,1.0,1.2,0.0,27.0,12.7
27ea2706-3f25-41cf-9884-a711f2aacf64,8916,West Oʻahu: Pōkaʻi Bay- Inside,21.4415602,-158.1907114,2025-07-30,2025-07-30T16:40:00.000Z,63,=,incoming,0,0.0,9.4,1.0,27.4,22.5
d7d2c7cb-4109-4397-b234-80a490829f48,858,South Oʻahu: Magic Island Bowls,21.282953,-157.845657,2025-07-27,2025-07-27T19:15:00.000Z,10,<,outgoing,0,0.5,2.7,4.0,26.3,14.8
f72d2327-87f8-4f8d-be79-eba1b2c1b9e0,859,South Oʻahu: Magic Island Canoe Launch,21.28777,-157.844116,2025-07-27,2025-07-27T19:00:00.000Z,121,=,outgoing,0,0.5,2.7,4.0,26.3,14.8
28a3db39-7d5f-40d9-9362-d7fa3742c6ea,776,South Oʻahu: Kaʻalāwai (Black Point/Cromwells),21.2574,-157.7968,2025-07-27,2025-07-27T18:50:00.000Z,156,=,outgoing,1,1.7,3.6,4.0,25.8,17.0
d659487f-7b6a-423e-911b-24f72de70f36,861,South Oʻahu: Waialae Beach Park,21.26885,-157.77655,2025-07-27,2025-07-27T18:30:00.000Z,10,<,outgoing,0,1.7,3.6,4.0,25.8,17.0
77c7b366-ba4f-4a84-bb74-17f5d8a5ca48,780,North Oʻahu: Pūpūkea tidepools,21.649846,-158.062988,2025-07-27,2025-07-27T18:00:00.000Z,10,<,incoming,0,0.6,2.4,4.0,25.6,19.1
5f331872-26ed-4405-a2c2-256f1d3601e1,1197,North Oʻahu: Kaiaka Bay,21.5902778,-158.1191667,2025-07-27,2025-07-27T17:45:00.000Z,515,=,outgoing,1,0.6,2.4,4.0,25.6,19.1
c385b830-60c6-4157-935f-8bf45eeb59f2,8894,East Oʻahu: Kailua Beach Park,21.397806,-157.726,2025-07-27,2025-07-27T17:00:00.000Z,10,<,outgoing,0,4.1,12.2,0.0,25.2,15.3
4da88c1c-9d5f-4f9f-9558-7bc6360f1648,777,East Oʻahu: Kahaluʻu Beach,21.46011,-157.839571,2025-07-27,2025-07-27T16:21:00.000Z,2046,=,outgoing,1,2.9,29.9,0.0,24.5,14.7
b7c5b65b-f2f0-4141-9dfb-35ac9f11b472,859,South Oʻahu: Magic Island Canoe Launch,21.28777,-157.844116,2025-07-13,2025-07-13T19:30:00.000Z,10,<,outgoing,0,0.0,9.8,0.0,26.2,19.6
58392477-1028-4b63-9647-adcfc11b4214,858,South Oʻahu: Magic Island Bowls,21.282953,-157.845657,2025-07-13,2025-07-13T19:10:00.000Z,10,=,outgoing,0,0.0,9.8,0.0,26.2,19.6
6b0d5d70-98b6-4e64-940d-fe67552dd357,776,South Oʻahu: Kaʻalāwai (Black Point/Cromwells),21.2574,-157.7968,2025-07-13,2025-07-13T18:55:00.000Z,10,<,outgoing,0,0.7,22.2,0.0,25.6,21.6
4b8e92d9-fa03-4f5f-bd9d-9b3217bf7946,861,South Oʻahu: Waialae Beach Park,21.26885,-157.77655,2025-07-13,2025-07-13T18:35:00.000Z,10,=,outgoing,0,0.7,22.2,0.0,25.6,21.6
9ce4b853-e3f4-4cb1-a064-2aa065333e9c,8894,East Oʻahu: Kailua Beach Park,21.397806,-157.726,2025-07-13,2025-07-13T17:00:00.000Z,10,<,outgoing,0,3.1,34.9,0.0,25.3,20.6
6858ab77-1a22-4e9f-a496-d570b53490b6,777,East Oʻahu: Kahaluʻu Beach,21.46011,-157.839571,2025-07-13,2025-07-13T16:00:00.000Z,934,=,outgoing,1,4.0,68.6,0.0,24.6,19.8
091d03c3-c05a-487e-84e0-cda8ce910072,858,South Oʻahu: Magic Island Bowls,21.282953,-157.845657,2025-06-29,2025-06-29T19:15:00.000Z,10,=,outgoing,0,0.5,3.6,3.0,26.0,17.3
dbfd76fc-08da-4aee-becc-3d388e75e954,859,South Oʻahu: Magic Island Canoe Launch,21.28777,-157.844116,2025-06-29,2025-06-29T19:00:00.000Z,31,=,outgoing,0,0.5,3.6,3.0,26.0,17.3
83f22868-401b-4a34-960f-be563a30ae4c,776,South Oʻahu: Kaʻalāwai (Black Point/Cromwells),21.2574,-157.7968,2025-06-29,2025-06-29T18:50:00.000Z,10,=,outgoing,0,2.6,6.9,1.0,25.5,18.4
1374ff3a-25c8-45f8-b7e2-4b440d145403,861,South Oʻahu: Waialae Beach Park,21.26885,-157.77655,2025-06-29,2025-06-29T18:30:00.000Z,10,=,outgoing,0,2.6,6.9,1.0,25.5,18.4
b78c2dc9-2310-40ad-b84b-2d2c30f559ac,8894,East Oʻahu: Kailua Beach Park,21.397806,-157.726,2025-06-29,2025-06-29T17:00:00.000Z,10,<,outgoing,0,4.5,16.0,1.0,25.0,18.2
237b48dc-b0df-4298-8b8d-5a55c1be9da4,777,East Oʻahu: Kahaluʻu Beach,21.46011,-157.839571,2025-06-29,2025-06-29T16:22:00.000Z,345,=,outgoing,1,7.1,32.3,1.0,24.3,15.4
b73bc490-2b9f-4ea2-916e-041c015ca381,8916,West Oʻahu: Pōkaʻi Bay- Inside,21.4415602,-158.1907114,2025-06-25,2025-06-25T16:27:00.000Z,10,<,outgoing,0,0.9,11.8,0.0,26.0,17.5
e9043475-0c58-4da1-a77f-a2d72abcd181,858,South Oʻahu: Magic Island Bowls,21.282953,-157.845657,2025-06-15,2025-06-15T19:15:00.000Z,10,<,outgoing,0,0.0,3.3,5.0,26.2,25.7
4b23cd36-49d9-4cf7-aa5c-7b2c5804cfe6,859,South Oʻahu: Magic Island Canoe Launch,21.28777,-157.844116,2025-06-15,2025-06-15T19:00:00.000Z,20,=,outgoing,0,0.0,3.3,5.0,26.2,25.7
2d74f293-21e2-4b9b-902b-d6e48785a8c3,776,South Oʻahu: Kaʻalāwai (Black Point/Cromwells),21.2574,-157.7968,2025-06-15,2025-06-15T18:50:00.000Z,10,<,outgoing,0,0.1,9.9,0.0,25.9,26.2
95113a9a-6301-4652-aea5-48efee0d7261,780,North Oʻahu: Pūpūkea tidepools,21.649846,-158.062988,2025-06-15,2025-06-15T18:00:00.000Z,10,=,incoming,0,0.2,9.2,0.0,25.6,26.2
2f907b7c-5a22-4d3a-aff3-bc774a0d2006,8894,East Oʻahu: Kailua Beach Park,21.397806,-157.726,2025-06-15,2025-06-15T17:00:00.000Z,10,<,outgoing,0,1.9,19.4,0.0,25.4,25.7
6e782781-481d-4692-8c6f-9194a467035a,1197,North Oʻahu: Kaiaka Bay,21.5902778,-158.1191667,2025-06-15,2025-06-15T16:30:00.000Z,259,=,incoming,1,0.2,9.2,0.0,25.6,26.2
606764b0-8202-45c7-a233-bd5fa953b286,861,South Oʻahu: Waialae Beach Park,21.26885,-157.77655,2025-06-15,2025-06-15T16:15:00.000Z,10,<,outgoing,0,0.1,9.9,0.0,25.9,26.2
0aba0399-1e35-4e67-b602-b2add813f663,777,East Oʻahu: Kahaluʻu Beach,21.46011,-157.839571,2025-06-15,2025-06-15T16:15:00.000Z,368,=,outgoing,1,4.5,39.4,0.0,24.7,25.2
4d08d51a-024e-4e73-959f-b8cfb08a8bb8,8916,West Oʻahu: Pōkaʻi Bay- Inside,21.4415602,-158.1907114,2025-06-11,2025-06-11T17:25:00.000Z,10,=,outgoing,0,0.0,11.0,1.0,26.5,18.5
b4294acf-e63a-4341-be0e-c41589f219c9,858,South Oʻahu: Magic Island Bowls,21.282953,-157.845657,2025-06-01,2025-06-01T19:15:00.000Z,10,<,incoming,0,2.0,0.9,7.0,25.9,13.5
3235bd19-3676-4dcb-981a-0eb4efb72cf4,859,South Oʻahu: Magic Island Canoe Launch,21.28777,-157.844116,2025-06-01,2025-06-01T19:00:00.000Z,63,=,incoming,0,2.0,0.9,7.0,25.9,13.5
ac4c4c76-dfb5-4517-be48-9ccc964ea60c,776,South Oʻahu: Kaʻalāwai (Black Point/Cromwells),21.2574,-157.7968,2025-06-01,2025-06-01T18:55:00.000Z,10,<,incoming,0,3.4,5.8,0.0,25.2,18.2
c3962706-a281-45da-ba04-f1cb52464648,861,South Oʻahu: Waialae Beach Park,21.26885,-157.77655,2025-06-01,2025-06-01T18:35:00.000Z,10,<,incoming,0,3.4,5.8,0.0,25.2,18.2
833970bf-b5b9-4b4f-b5f0-42da0013dc4e,777,East Oʻahu: Kahaluʻu Beach,21.46011,-157.839571,2025-06-01,2025-06-01T18:15:00.000Z,171,=,outgoing,1,5.1,30.0,0.0,24.2,16.1
dca16b49-9cd2-40d8-b613-0bfd605cb954,780,North Oʻahu: Pūpūkea tidepools,21.649846,-158.062988,2025-06-01,2025-06-01T18:00:00.000Z,10,<,incoming,0,0.2,4.3,0.0,25.7,16.6
be7363ad-94a8-4cce-9db7-04643fcab41d,1197,North Oʻahu: Kaiaka Bay,21.5902778,-158.1191667,2025-06-01,2025-06-01T17:30:00.000Z,52,=,incoming,0,0.2,4.3,0.0,25.7,16.6
c6ae9fd2-c498-4b1f-9722-a5310ac843fb,8894,East Oʻahu: Kailua Beach Park,21.397806,-157.726,2025-06-01,2025-06-01T17:00:00.000Z,20,=,outgoing,0,4.1,20.0,0.0,24.8,16.5
ccea60c3-8d9e-44bf-a804-4cd2423cbdc3,8916,West Oʻahu: Pōkaʻi Bay- Inside,21.4415602,-158.1907114,2025-05-28,2025-05-28T16:31:00.000Z,10,<,outgoing,0,0.0,6.9,3.0,24.7,21.0
8a86507b-8aee-445f-beb7-6a9016bf50fc,858,South Oʻahu: Magic Island Bowls,21.282953,-157.845657,2025-05-18,2025-05-18T19:25:00.000Z,41,=,outgoing,0,0.3,15.1,0.0,25.4,19.5
569b3002-b3c3-430b-89ca-4870e787f5cc,859,South Oʻahu: Magic Island Canoe Launch,21.28777,-157.844116,2025-05-18,2025-05-18T19:15:00.000Z,96,=,outgoing,0,0.3,15.1,0.0,25.4,19.5
4ac96b78-8dd5-40a2-a2c1-a15f42b84362,776,South Oʻahu: Kaʻalāwai (Black Point/Cromwells),21.2574,-157.7968,2025-05-18,2025-05-18T18:50:00.000Z,10,<,incoming,0,0.5,19.1,0.0,24.8,19.5
927cbeb6-bc41-4127-8252-a335f1b7e358,861,South Oʻahu: Waialae Beach Park,21.26885,-157.77655,2025-05-18,2025-05-18T18:30:00.000Z,10,<,incoming,0,0.5,19.1,0.0,24.9,19.5
b721771d-6c26-476a-8f60-7b31bbff4370,8894,East Oʻahu: Kailua Beach Park,21.397806,-157.726,2025-05-18,2025-05-18T17:00:00.000Z,30,=,outgoing,0,1.0,24.4,0.0,24.6,20.2
6674a110-6b94-44bd-be3d-df4a66c7f5b9,777,East Oʻahu: Kahaluʻu Beach,21.46011,-157.839571,2025-05-18,2025-05-18T16:15:00.000Z,855,=,outgoing,1,2.1,45.1,0.0,24.0,19.5
60b273ef-f701-4f4f-bd28-0adc3bf414f6,8916,West Oʻahu: Pōkaʻi Bay- Inside,21.4415602,-158.1907114,2025-05-14,2025-05-14T16:05:00.000Z,10,<,outgoing,0,3.6,7.8,1.0,25.1,18.0
56a9473d-bd53-4638-bc47-51db4490340e,858,South Oʻahu: Magic Island Bowls,21.282953,-157.845657,2025-05-04,2025-05-04T19:15:00.000Z,63,=,incoming,0,0.1,20.2,4.0,25.5,20.8
1316e458-f6be-4c55-a36a-cdeeeb6b287a,859,South Oʻahu: Magic Island Canoe Launch,21.28777,-157.844116,2025-05-04,2025-05-04T19:00:00.000Z,158,=,incoming,1,0.1,20.2,4.0,25.5,20.8
0e9e7521-6fda-4850-a229-77d3d8a2ba5f,776,South Oʻahu: Kaʻalāwai (Black Point/Cromwells),21.2574,-157.7968,2025-05-04,2025-05-04T18:55:00.000Z,20,=,incoming,0,0.6,15.8,0.0,25.0,21.6
6106df3d-d0c0-4701-bc36-13c79ab75607,861,South Oʻahu: Waialae Beach Park,21.26885,-157.77655,2025-05-04,2025-05-04T18:35:00.000Z,20,=,incoming,0,0.6,15.8,0.0,25.1,21.6
455c8221-e91f-41fe-b4e1-1cecac5796ce,8894,East Oʻahu: Kailua Beach Park,21.397806,-157.726,2025-05-04,2025-05-04T17:00:00.000Z,10,<,incoming,0,3.1,28.6,0.0,24.6,21.8
206d7f38-b318-48a4-87ba-6b1edb533e5a,777,East Oʻahu: Kahaluʻu Beach,21.46011,-157.839571,2025-05-04,2025-05-04T16:15:00.000Z,1985,=,outgoing,1,8.3,29.2,0.0,24.0,21.7
dce2804b-fed0-4ca6-9f5b-827ae37db74e,8916,West Oʻahu: Pōkaʻi Bay- Inside,21.4415602,-158.1907114,2025-04-30,2025-04-30T16:35:00.000Z,20,=,outgoing,0,6.0,27.7,0.0,24.0,11.9
3f4abbbf-1826-4aef-80f2-e53aba01bac0,858,South Oʻahu: Magic Island Bowls,21.282953,-157.845657,2025-04-20,2025-04-20T19:10:00.000Z,30,=,incoming,0,2.3,20.0,0.0,23.7,18.6
0a5b430e-7007-49a0-9f8a-05f5a99cc5a7,859,South Oʻahu: Magic Island Canoe Launch,21.28777,-157.844116,2025-04-20,2025-04-20T19:00:00.000Z,860,=,incoming,1,2.3,20.0,0.0,23.7,18.6
f23098ec-f186-481a-928c-c2d03ddb8a7c,776,South Oʻahu: Kaʻalāwai (Black Point/Cromwells),21.2574,-157.7968,2025-04-20,2025-04-20T18:50:00.000Z,10,=,outgoing,0,2.2,28.9,0.0,23.6,20.2
4fe16591-6479-4f00-a667-ffc3971339ff,861,South Oʻahu: Waialae Beach Park,21.26885,-157.77655,2025-04-20,2025-04-20T18:30:00.000Z,759,=,incoming,1,2.2,28.9,0.0,23.6,20.2
7fd3954a-cc76-49c1-adb8-9c96d73aad6a,780,North Oʻahu: Pūpūkea tidepools,21.649846,-158.062988,2025-04-20,2025-04-20T18:00:00.000Z,10,<,incoming,0,3.9,20.8,0.0,23.3,18.8
07b9f540-3161-4106-ad92-54195cd873a8,1197,North Oʻahu: Kaiaka Bay,21.5902778,-158.1191667,2025-04-20,2025-04-20T17:02:00.000Z,414,=,incoming,1,3.9,20.8,0.0,23.3,18.8
a90c5d92-5912-4e0f-afa4-000f079e1ce7,8894,East Oʻahu: Kailua Beach Park,21.397806,-157.726,2025-04-20,2025-04-20T17:00:00.000Z,10,<,outgoing,0,4.1,43.9,0.0,23.3,17.0
eb3f8d12-251f-4e12-9539-cdc017d20f94,777,East Oʻahu: Kahaluʻu Beach,21.46011,-157.839571,2025-04-20,2025-04-20T16:25:00.000Z,4106,=,outgoing,1,6.8,61.4,0.0,22.4,17.2
4920a76f-c9e0-45c4-8085-24636874cf2f,858,South Oʻahu: Magic Island Bowls,21.282953,-157.845657,2025-04-06,2025-04-06T19:15:00.000Z,10,=,incoming,0,0.4,7.9,2.0,25.1,24.3
a79de676-4b48-42c8-b402-ff4d4c78ceb9,859,South Oʻahu: Magic Island Canoe Launch,21.28777,-157.844116,2025-04-06,2025-04-06T19:00:00.000Z,10,=,incoming,0,0.4,7.9,2.0,25.1,24.3
2da2dfe8-1697-4cb9-b0b6-eea86a937380,776,South Oʻahu: Kaʻalāwai (Black Point/Cromwells),21.2574,-157.7968,2025-04-06,2025-04-06T18:50:00.000Z,10,<,incoming,0,0.5,14.7,0.0,24.8,25.0
14e83789-b1ef-4afe-a946-ae85d4230689,861,South Oʻahu: Waialae Beach Park,21.26885,-157.77655,2025-04-06,2025-04-06T18:30:00.000Z,10,<,incoming,0,0.5,14.7,0.0,24.8,25.0
c1e26345-7c4a-49c0-afc9-65d3933f0066,780,North Oʻahu: Pūpūkea tidepools,21.649846,-158.062988,2025-04-06,2025-04-06T18:15:00.000Z,31,=,incoming,0,1.6,10.7,1.0,24.6,24.3
ddcd1b0d-3302-42ce-b24e-55aa522c440c,1197,North Oʻahu: Kaiaka Bay,21.5902778,-158.1191667,2025-04-06,2025-04-06T17:42:00.000Z,1236,=,incoming,1,1.6,10.7,1.0,24.6,24.3
0800f506-a486-4c19-a2e1-d62e76198503,8894,East Oʻahu: Kailua Beach Park,21.397806,-157.726,2025-04-06,2025-04-06T17:00:00.000Z,63,=,outgoing,0,3.9,19.4,0.0,24.4,24.7
2ca96622-a726-4da6-be65-e0095b90101e,777,East Oʻahu: Kahaluʻu Beach,21.46011,-157.839571,2025-04-06,2025-04-06T16:23:00.000Z,1333,=,outgoing,1,6.3,17.3,0.0,23.8,23.1
5f6ef05d-9d23-4687-ac14-47255af3f581,858,South Oʻahu: Magic Island Bowls,21.282953,-157.845657,2025-03-23,2025-03-23T19:15:00.000Z,10,<,incoming,0,0.0,10.5,0.0,24.0,13.4
ecc76136-8c55-4186-89b0-7c86dead9310,859,South Oʻahu: Magic Island Canoe Launch,21.28777,-157.844116,2025-03-23,2025-03-23T19:00:00.000Z,52,=,incoming,0,0.0,10.5,0.0,24.0,13.4
871505cf-f24d-4e74-9e48-022a609e4a8b,776,South Oʻahu: Kaʻalāwai (Black Point/Cromwells),21.2574,-157.7968,2025-03-23,2025-03-23T18:55:00.000Z,10,<,incoming,0,0.0,8.7,3.0,23.9,10.3
f1ca0181-4c3d-4a3f-8f80-2ecc420fd0c5,861,South Oʻahu: Waialae Beach Park,21.26885,-157.77655,2025-03-23,2025-03-23T18:35:00.000Z,10,<,incoming,0,0.0,8.7,3.0,23.9,10.3
39799b6e-e07d-4612-8d3a-41f90a7d6915,1197,North Oʻahu: Kaiaka Bay,21.5902778,-158.1191667,2025-03-23,2025-03-23T17:30:00.000Z,201,=,incoming,1,0.0,14.5,3.0,23.7,14.6
860ee2c9-461e-4805-bda0-aec9ddf0bade,8894,East Oʻahu: Kailua Beach Park,21.397806,-157.726,2025-03-23,2025-03-23T17:00:00.000Z,10,=,outgoing,0,0.1,23.4,1.0,23.6,13.0
c83fa17c-decc-48ab-9b9b-72ce97030e89,777,East Oʻahu: Kahaluʻu Beach,21.46011,-157.839571,2025-03-23,2025-03-23T16:28:00.000Z,146,=,outgoing,1,0.3,32.7,0.0,22.9,12.3
f7b4ec00-37a9-4daa-9388-f82c5a5a5fef,780,North Oʻahu: Pūpūkea tidepools,21.649846,-158.062988,2025-03-23,2025-03-23T16:05:00.000Z,10,<,incoming,0,0.0,14.5,3.0,23.7,14.6
9ffef930-8284-4e11-8712-40679975d93e,858,South Oʻahu: Magic Island Bowls,21.282953,-157.845657,2025-03-09,2025-03-09T19:15:00.000Z,10,=,incoming,0,0.6,6.0,0.0,23.2,22.7
24a450dd-4d5c-440f-bc16-7bd59dd5e33f,859,South Oʻahu: Magic Island Canoe Launch,21.28777,-157.844116,2025-03-09,2025-03-09T19:00:00.000Z,63,=,incoming,0,0.6,6.0,0.0,23.1,22.7
609e8abe-fd19-47b8-8fc7-4720f38e1287,776,South Oʻahu: Kaʻalāwai (Black Point/Cromwells),21.2574,-157.7968,2025-03-09,2025-03-09T18:55:00.000Z,30,=,incoming,0,1.0,10.9,0.0,23.0,25.3
383c651b-44b0-4abc-a27a-987fb9d3b115,861,South Oʻahu: Waialae Beach Park,21.26885,-157.77655,2025-03-09,2025-03-09T18:35:00.000Z,265,=,incoming,1,1.0,10.9,0.0,23.0,25.3
cada0b71-1a2c-4570-ab04-5082ff7a454f,780,North Oʻahu: Pūpūkea tidepools,21.649846,-158.062988,2025-03-09,2025-03-09T18:00:00.000Z,10,<,incoming,0,6.3,16.1,0.0,21.9,24.0
4e5b0283-022c-43f7-b5a5-a3f4cfbc3d5e,1197,North Oʻahu: Kaiaka Bay,21.5902778,-158.1191667,2025-03-09,2025-03-09T17:00:00.000Z,10,<,outgoing,0,6.3,16.1,0.0,21.9,24.0
b0b400cd-3198-4a7a-8936-6eb128a93b63,8894,East Oʻahu: Kailua Beach Park,21.397806,-157.726,2025-03-09,2025-03-09T17:00:00.000Z,10,=,outgoing,0,2.8,18.7,0.0,22.8,23.7
e111850f-711f-4a78-8b27-651a9fd3acb0,777,East Oʻahu: Kahaluʻu Beach,21.46011,-157.839571,2025-03-09,2025-03-09T16:25:00.000Z,1374,=,outgoing,1,9.2,35.3,0.0,22.1,21.3
2020a4d8-1e82-4420-afbb-f643b2349f9d,8916,West Oʻahu: Pōkaʻi Bay- Inside,21.4415602,-158.1907114,2025-03-05,2025-03-05T19:05:00.000Z,10,=,outgoing,0,0.0,7.6,4.0,24.6,24.6
5614ec84-8554-4b69-aa0c-d6b544c68963,858,South Oʻahu: Magic Island Bowls,21.282953,-157.845657,2025-02-23,2025-02-23T19:55:00.000Z,10,<,incoming,0,0.3,25.2,3.0,23.4,17.6
14fcd1e8-cca7-4108-b2ce-b5b8ead01d17,859,South Oʻahu: Magic Island Canoe Launch,21.28777,-157.844116,2025-02-23,2025-02-23T19:35:00.000Z,98,=,incoming,0,0.3,25.2,3.0,23.4,17.6
27c7d8a8-a46d-49d3-a201-c9616f1a55d9,776,South Oʻahu: Kaʻalāwai (Black Point/Cromwells),21.2574,-157.7968,2025-02-23,2025-02-23T18:50:00.000Z,10,<,outgoing,0,1.0,29.9,3.0,23.2,17.5
4a4ff6ae-4589-4c82-a827-e440e5607bd0,861,South Oʻahu: Waialae Beach Park,21.26885,-157.77655,2025-02-23,2025-02-23T18:30:00.000Z,110,=,outgoing,0,1.0,29.9,3.0,23.3,17.5
c714d8e3-ad5a-4d28-b85c-297dfe27543b,780,North Oʻahu: Pūpūkea tidepools,21.649846,-158.062988,2025-02-23,2025-02-23T18:00:00.000Z,30,=,outgoing,0,0.1,12.4,5.0,22.9,18.1
7e8c05c9-4e7a-4e10-b435-53affa1047d1,1197,North Oʻahu: Kaiaka Bay,21.5902778,-158.1191667,2025-02-23,2025-02-23T17:15:00.000Z,73,=,outgoing,0,0.1,12.4,5.0,22.9,18.1
50a7338e-41ed-4f89-a1cb-51acc5aa9adf,8894,East Oʻahu: Kailua Beach Park,21.397806,-157.726,2025-02-23,2025-02-23T17:00:00.000Z,10,<,outgoing,0,2.9,36.8,1.0,23.3,19.7
1b6584e3-fc38-4308-815d-a1f561c7e5d3,777,East Oʻahu: Kahaluʻu Beach,21.46011,-157.839571,2025-02-23,2025-02-23T16:20:00.000Z,84,=,outgoing,0,3.8,31.8,1.0,22.9,18.3
d7fbadbc-30f4-4a16-a828-6ceec3924a16,858,South Oʻahu: Magic Island Bowls,21.282953,-157.845657,2025-02-09,2025-02-09T19:51:00.000Z,10,=,incoming,0,0.1,4.0,2.0,23.4,11.3
8cd2ca9d-a988-4b02-8ca1-99fe609aef6d,859,South Oʻahu: Magic Island Canoe Launch,21.28777,-157.844116,2025-02-09,2025-02-09T19:28:00.000Z,204,=,incoming,1,0.1,4.0,2.0,23.4,11.3
071eb97d-30f9-4e85-8405-2125deb0c401,776,South Oʻahu: Kaʻalāwai (Black Point/Cromwells),21.2574,-157.7968,2025-02-09,2025-02-09T18:55:00.000Z,10,<,outgoing,0,0.1,5.9,2.0,23.2,13.6
3664fced-b9ce-49c1-8625-2ee374e717e6,861,South Oʻahu: Waialae Beach Park,21.26885,-157.77655,2025-02-09,2025-02-09T18:35:00.000Z,2247,=,outgoing,1,0.1,5.9,2.0,23.2,13.6
dd5de56d-d14f-4aec-b7bb-cac52e3b7644,780,North Oʻahu: Pūpūkea tidepools,21.649846,-158.062988,2025-02-09,2025-02-09T18:05:00.000Z,10,=,outgoing,0,0.4,4.9,4.0,22.8,14.9
a10e8a58-f80f-47fd-9e58-6c3bae7d56b7,1197,North Oʻahu: Kaiaka Bay,21.5902778,-158.1191667,2025-02-09,2025-02-09T17:46:00.000Z,132,=,outgoing,1,0.4,4.9,4.0,22.8,14.9
d74d145f-0b5c-47d5-819f-bf44ee7e0d8c,8894,East Oʻahu: Kailua Beach Park,21.397806,-157.726,2025-02-09,2025-02-09T17:00:00.000Z,10,<,outgoing,0,1.0,8.0,1.0,23.3,15.0
36e640d4-33e4-44f6-a1b9-9210958f1ee2,777,East Oʻahu: Kahaluʻu Beach,21.46011,-157.839571,2025-02-09,2025-02-09T16:22:00.000Z,231,=,outgoing,1,1.6,9.2,3.0,23.0,16.6
da6e612c-3436-4a87-b694-01811f6df29f,8916,West Oʻahu: Pōkaʻi Bay- Inside,21.4415602,-158.1907114,2025-02-05,2025-02-05T19:25:00.000Z,10,=,outgoing,0,0.0,104.2,4.0,20.5,8.8
cdde65f1-36d8-4c16-b545-bed3029c615f,777,East Oʻahu: Kahaluʻu Beach,21.46011,-157.839571,2025-01-26,2025-01-26T19:20:00.000Z,933,=,outgoing,1,6.0,8.0,0.0,21.7,11.6
4aedd22b-0109-4db9-9499-9e55ece51f0c,858,South Oʻahu: Magic Island Bowls,21.282953,-157.845657,2025-01-26,2025-01-26T19:15:00.000Z,10,<,outgoing,0,2.4,1.9,8.0,22.9,15.0
0b9b0f64-e942-4b67-b285-a55f2028abde,859,South Oʻahu: Magic Island Canoe Launch,21.28777,-157.844116,2025-01-26,2025-01-26T19:00:00.000Z,10,=,outgoing,0,2.4,1.9,8.0,22.9,15.0
363b6760-4d44-4f78-b1b7-238684765ec9,776,South Oʻahu: Kaʻalāwai (Black Point/Cromwells),21.2574,-157.7968,2025-01-26,2025-01-26T18:55:00.000Z,31,=,outgoing,0,2.5,5.1,0.0,22.5,16.3
84d2f33c-0523-4828-bec4-696fc4d285c2,861,South Oʻahu: Waialae Beach Park,21.26885,-157.77655,2025-01-26,2025-01-26T18:35:00.000Z,20,=,outgoing,0,2.5,5.1,0.0,22.5,16.3
35a582dc-531a-48c8-ab33-02d0433e93a6,780,North Oʻahu: Pūpūkea tidepools,21.649846,-158.062988,2025-01-26,2025-01-26T18:00:00.000Z,10,<,outgoing,0,6.9,6.5,3.0,22.1,13.5
4384c5ac-3bef-4d19-8ae8-007f32254153,1197,North Oʻahu: Kaiaka Bay,21.5902778,-158.1191667,2025-01-26,2025-01-26T17:00:00.000Z,31,=,outgoing,0,6.9,6.5,3.0,22.1,13.5
8156a2b6-70d7-45da-8c31-ad9fecdb2bff,8894,East Oʻahu: Kailua Beach Park,21.397806,-157.726,2025-01-26,2025-01-26T17:00:00.000Z,20,=,outgoing,0,4.2,8.2,0.0,22.2,12.9
90eed492-2233-44a3-8f48-6005ebec7859,8916,West Oʻahu: Pōkaʻi Bay- Inside,21.4415602,-158.1907114,2025-01-22,2025-01-22T19:20:00.000Z,10,=,incoming,0,2.7,3.9,6.0,21.1,20.6
176cb0d5-bf75-48a1-b7ac-a309647e450c,858,South Oʻahu: Magic Island Bowls,21.282953,-157.845657,2025-01-12,2025-01-12T19:15:00.000Z,73,=,outgoing,0,1.3,15.1,2.0,23.4,20.5
9c119c27-023c-462b-ae78-b2b2e81c7d96,859,South Oʻahu: Magic Island Canoe Launch,21.28777,-157.844116,2025-01-12,2025-01-12T19:00:00.000Z,441,=,outgoing,1,1.3,15.1,2.0,23.4,20.5
10fc2f8a-664e-4ff2-9733-c633e68c5beb,8894,East Oʻahu: Kailua Beach Park,21.397806,-157.726,2025-01-12,2025-01-12T19:00:00.000Z,52,=,outgoing,0,2.7,11.0,0.0,23.3,20.9
87ead502-20ce-43dd-8fb6-1d27bd0c0c87,776,South Oʻahu: Kaʻalāwai (Black Point/Cromwells),21.2574,-157.7968,2025-01-12,2025-01-12T18:50:00.000Z,341,=,outgoing,1,3.4,13.3,1.0,23.3,20.8
9690635e-a125-4ab6-a24b-296198f41096,861,South Oʻahu: Waialae Beach Park,21.26885,-157.77655,2025-01-12,2025-01-12T18:30:00.000Z,10,=,outgoing,0,3.4,13.3,1.0,23.3,20.8
6276be8c-4527-4e90-a676-4ebbb41085af,780,North Oʻahu: Pūpūkea tidepools,21.649846,-158.062988,2025-01-12,2025-01-12T18:30:00.000Z,10,<,outgoing,0,2.6,15.7,0.0,23.0,20.9
cb92c08d-c497-4717-891a-525f0f0aced5,1197,North Oʻahu: Kaiaka Bay,21.5902778,-158.1191667,2025-01-12,2025-01-12T17:00:00.000Z,211,=,outgoing,1,2.6,15.7,0.0,23.0,20.9
327b5ad7-2b36-4310-b718-83e7734c45dc,777,East Oʻahu: Kahaluʻu Beach,21.46011,-157.839571,2025-01-12,2025-01-12T16:27:00.000Z,2142,=,outgoing,1,4.4,16.8,0.0,22.8,20.1
8c8bd6f4-c4ab-47ad-8ffc-828e5d35b831,8916,West Oʻahu: Pōkaʻi Bay- Inside,21.4415602,-158.1907114,2025-01-08,2025-01-08T19:15:00.000Z,262,=,incoming,1,4.2,8.8,0.0,24.0,14.6
f67ae0a7-22ee-44da-be61-c7d1117f4ce4,858,South Oʻahu: Magic Island Bowls,21.282953,-157.845657,2024-12-29,2024-12-29T19:15:00.000Z,10,=,outgoing,0,2.1,1.4,22.0,23.0,20.0
76311339-30eb-4b2a-b31e-251205093dac,859,South Oʻahu: Magic Island Canoe Launch,21.28777,-157.844116,2024-12-29,2024-12-29T19:00:00.000Z,862,=,outgoing,1,2.1,1.4,22.0,23.0,20.0
ced0fa94-9c04-43a9-b8ef-beecd9251710,776,South Oʻahu: Kaʻalāwai (Black Point/Cromwells),21.2574,-157.7968,2024-12-29,2024-12-29T18:45:00.000Z,536,=,outgoing,1,4.7,2.7,0.0,22.8,22.5
cf7984f9-a864-4c95-8ab1-a438909df4ca,861,South Oʻahu: Waialae Beach Park,21.26885,-157.77655,2024-12-29,2024-12-29T18:25:00.000Z,459,=,outgoing,1,4.7,2.7,0.0,22.8,22.5
89fdc803-ac73-464b-9531-66b16cd5e1ec,780,North Oʻahu: Pūpūkea tidepools,21.649846,-158.062988,2024-12-29,2024-12-29T17:50:00.000Z,10,<,outgoing,0,4.8,4.4,0.0,22.1,20.6
297c9ff0-d7f7-48fb-91d1-67a72d55cfc0,8894,East Oʻahu: Kailua Beach Park,21.397806,-157.726,2024-12-29,2024-12-29T17:00:00.000Z,10,=,outgoing,0,8.9,9.8,0.0,22.7,21.8
97799a56-d6ee-4c60-8bdc-eea8615207a9,777,East Oʻahu: Kahaluʻu Beach,21.46011,-157.839571,2024-12-29,2024-12-29T16:24:00.000Z,2098,=,outgoing,1,11.0,10.9,0.0,21.9,19.5
2e59d7d9-49aa-4970-9aa3-5cee7f615b5a,8916,West Oʻahu: Pōkaʻi Bay- Inside,21.4415602,-158.1907114,2024-12-11,2024-12-11T19:00:00.000Z,10,<,incoming,0,0.0,12.9,2.0,24.7,23.7
96ffb6d4-51fe-4db6-bd6c-6d0b7193f681,858,South Oʻahu: Magic Island Bowls,21.282953,-157.845657,2024-12-01,2024-12-01T20:25:00.000Z,10,=,outgoing,0,0.0,0.4,16.0,23.6,15.9
0170a708-39eb-425c-933f-dfab28543c71,859,South Oʻahu: Magic Island Canoe Launch,21.28777,-157.844116,2024-12-01,2024-12-01T20:05:00.000Z,96,=,outgoing,0,0.0,0.4,16.0,23.6,15.9
a4fa7faa-c6a1-442d-8e9f-145e8437f1f0,776,South Oʻahu: Kaʻalāwai (Black Point/Cromwells),21.2574,-157.7968,2024-12-01,2024-12-01T19:00:00.000Z,20,=,outgoing,0,0.0,1.3,16.0,23.3,12.2
5577746e-805e-4938-b991-10c8a60571d2,861,South Oʻahu: Waialae Beach Park,21.26885,-157.77655,2024-12-01,2024-12-01T18:30:00.000Z,74,=,outgoing,0,0.0,1.3,16.0,23.3,12.2
60ae7c9f-c145-45bb-8fa6-b23ccfc62fb3,780,North Oʻahu: Pūpūkea tidepools,21.649846,-158.062988,2024-12-01,2024-12-01T18:15:00.000Z,20,=,outgoing,0,0.1,4.2,4.0,22.8,16.5
fcde08ba-db09-4659-a4fc-86055f86c3d0,1197,North Oʻahu: Kaiaka Bay,21.5902778,-158.1191667,2024-12-01,2024-12-01T17:46:00.000Z,97,=,outgoing,0,0.1,4.2,4.0,22.8,16.5
18452497-4508-48d6-8b59-0fec3945ee63,8894,East Oʻahu: Kailua Beach Park,21.397806,-157.726,2024-12-01,2024-12-01T17:00:00.000Z,52,=,outgoing,0,0.0,8.5,1.0,23.4,10.6
25c03e21-c2bd-4bd7-a088-202737cf9069,777,East Oʻahu: Kahaluʻu Beach,21.46011,-157.839571,2024-12-01,2024-12-01T16:15:00.000Z,74,=,outgoing,0,0.1,7.8,1.0,23.0,10.2
973dcf6c-9691-4495-b22b-c1aef20939c8,8916,West Oʻahu: Pōkaʻi Bay- Inside,21.4415602,-158.1907114,2024-11-25,2024-11-25T20:19:00.000Z,10,<,incoming,0,0.0,1.5,5.0,23.9,14.6
ec30034c-941e-4dc3-82e4-7979db025a05,8894,East Oʻahu: Kailua Beach Park,21.397806,-157.726,2024-11-17,2024-11-17T19:00:00.000Z,20,=,outgoing,0,2.0,33.5,0.0,24.3,27.1
c0042ddf-2004-4bb2-a7de-476248da6aec,776,South Oʻahu: Kaʻalāwai (Black Point/Cromwells),21.2574,-157.7968,2024-11-17,2024-11-17T18:55:00.000Z,10,=,outgoing,0,0.8,10.8,2.0,24.4,28.1
c52a3892-75e2-4a63-8fda-bbd3a32d265d,861,South Oʻahu: Waialae Beach Park,21.26885,-157.77655,2024-11-17,2024-11-17T18:35:00.000Z,63,=,outgoing,0,0.8,10.8,2.0,24.4,28.1
5f6e495a-1c83-483e-b8ba-7de95748f465,780,North Oʻahu: Pūpūkea tidepools,21.649846,-158.062988,2024-11-17,2024-11-17T18:00:00.000Z,10,<,outgoing,0,1.4,12.2,0.0,24.4,29.1
06797fe9-50f0-4ab6-919b-97ffb3172435,1197,North Oʻahu: Kaiaka Bay,21.5902778,-158.1191667,2024-11-17,2024-11-17T17:32:00.000Z,350,=,outgoing,1,1.4,12.2,0.0,24.4,29.1
db965058-b28c-4503-be26-89fecb453cd9,777,East Oʻahu: Kahaluʻu Beach,21.46011,-157.839571,2024-11-17,2024-11-17T16:38:00.000Z,1785,=,outgoing,1,7.1,42.1,0.0,23.8,28.8
60064725-c89c-4d33-8115-c91cc4c76ebb,858,South Oʻahu: Magic Island Bowls,21.282953,-157.845657,2024-11-16,2024-11-17T03:30:00.000Z,327,=,outgoing,1,0.6,3.7,1.0,25.2,29.7
034e4756-a99c-4aea-b728-bda854fbea1d,859,South Oʻahu: Magic Island Canoe Launch,21.28777,-157.844116,2024-11-16,2024-11-17T03:15:00.000Z,52,=,outgoing,0,0.6,3.7,1.0,25.2,29.7
2d144c90-a08c-41ba-ac3e-558a889e6f77,8916,West Oʻahu: Pōkaʻi Bay- Inside,21.4415602,-158.1907114,2024-11-07,2024-11-07T19:50:00.000Z,10,<,incoming,0,0.7,12.1,0.0,25.2,23.9
16dd9c0a-daf7-4f26-aafe-df0c7d8a5c5f,858,South Oʻahu: Magic Island Bowls,21.282953,-157.845657,2024-11-03,2024-11-03T19:15:00.000Z,3609,=,outgoing,1,0.5,9.3,1.0,25.4,21.4
69686122-95fe-45ab-ac44-542fe97c7b5c,1197,North Oʻahu: Kaiaka Bay,21.5902778,-158.1191667,2024-11-03,2024-11-03T19:08:00.000Z,63,=,outgoing,0,2.1,13.8,1.0,25.0,21.2
6a790223-3cdb-4bf8-91d8-c305e3d2b85a,776,South Oʻahu: Kaʻalāwai (Black Point/Cromwells),21.2574,-157.7968,2024-11-03,2024-11-03T18:50:00.000Z,20,=,outgoing,0,2.0,17.1,1.0,25.2,21.8
52fa21db-de4f-4d56-b525-893dc614215c,780,North Oʻahu: Pūpūkea tidepools,21.649846,-158.062988,2024-11-03,2024-11-03T18:46:00.000Z,480,=,outgoing,1,2.1,13.8,1.0,25.0,21.2
21de3364-a957-460b-ba88-5a52d52875f7,861,South Oʻahu: Waialae Beach Park,21.26885,-157.77655,2024-11-03,2024-11-03T18:30:00.000Z,420,=,outgoing,1,2.0,17.1,1.0,25.3,21.8
0e5938ac-9ff2-47ed-98d9-4272c317438b,859,South Oʻahu: Magic Island Canoe Launch,21.28777,-157.844116,2024-11-03,2024-11-03T18:00:00.000Z,131,=,outgoing,1,0.5,9.3,1.0,25.4,21.4
c0a5d7b8-018e-4af3-9a8b-c4dc9a062c6f,8894,East Oʻahu: Kailua Beach Park,21.397806,-157.726,2024-11-03,2024-11-03T17:00:00.000Z,10,<,outgoing,0,5.3,41.0,0.0,24.9,21.8
2534b017-b1eb-49fd-bf71-9714cdfa0481,858,South Oʻahu: Magic Island Bowls,21.282953,-157.845657,2024-10-20,2024-10-20T19:15:00.000Z,61,=,outgoing,0,0.0,6.7,5.0,26.2,25.3
3aab97eb-39f7-405b-b582-4d26d2173973,859,South Oʻahu: Magic Island Canoe Launch,21.28777,-157.844116,2024-10-20,2024-10-20T19:00:00.000Z,109,=,outgoing,0,0.0,6.7,5.0,26.2,25.3
60230c96-8c03-4d21-a565-a5562ff3f6b8,776,South Oʻahu: Kaʻalāwai (Black Point/Cromwells),21.2574,-157.7968,2024-10-20,2024-10-20T18:55:00.000Z,10,<,outgoing,0,0.0,9.4,0.0,26.1,25.2
9fd77ccf-f59a-4242-afa0-dd558589749e,861,South Oʻahu: Waialae Beach Park,21.26885,-157.77655,2024-10-20,2024-10-20T18:35:00.000Z,30,=,outgoing,0,0.0,9.4,0.0,26.2,25.2
2b14b9ab-d622-4b98-926a-d4dfa756e3af,780,North Oʻahu: Pūpūkea tidepools,21.649846,-158.062988,2024-10-20,2024-10-20T18:00:00.000Z,10,<,outgoing,0,0.0,7.7,5.0,26.0,27.6
9d768060-9b02-4682-9586-b5989e58d533,1197,North Oʻahu: Kaiaka Bay,21.5902778,-158.1191667,2024-10-20,2024-10-20T17:45:00.000Z,63,=,outgoing,0,0.0,7.7,5.0,26.0,27.6
f30d35f5-73b1-4417-a498-bcaaa63be1b6,8894,East Oʻahu: Kailua Beach Park,21.397806,-157.726,2024-10-20,2024-10-20T17:00:00.000Z,20,=,outgoing,0,0.5,24.0,0.0,25.8,25.1
11c2676b-a9b1-4039-8d1e-12726eb9fcf1,777,East Oʻahu: Kahaluʻu Beach,21.46011,-157.839571,2024-10-20,2024-10-20T16:40:00.000Z,3873,=,outgoing,1,0.7,33.7,0.0,25.1,25.5
926c6a25-16dd-4b7c-8860-87829230df3a,8916,West Oʻahu: Pōkaʻi Bay- Inside,21.4415602,-158.1907114,2024-10-14,2024-10-14T19:35:00.000Z,10,=,incoming,0,3.2,9.5,2.0,26.3,24.3
6a272819-3059-4275-8f64-487f73a9de76,858,South Oʻahu: Magic Island Bowls,21.282953,-157.845657,2024-10-06,2024-10-06T19:15:00.000Z,10,=,outgoing,0,0.9,7.5,0.0,26.1,24.4
449a7c64-e482-46b8-becc-3be42a5bad4e,861,South Oʻahu: Waialae Beach Park,21.26885,-157.77655,2024-10-06,2024-10-06T19:10:00.000Z,10,<,outgoing,0,1.9,13.2,0.0,26.0,24.5
286a4baf-90c4-4d0e-b4ce-e5e1565d2542,859,South Oʻahu: Magic Island Canoe Launch,21.28777,-157.844116,2024-10-06,2024-10-06T19:00:00.000Z,52,=,outgoing,0,0.9,7.5,0.0,26.1,24.4
6d73fddb-e36c-4d47-95f8-c9716e8223c3,776,South Oʻahu: Kaʻalāwai (Black Point/Cromwells),21.2574,-157.7968,2024-10-06,2024-10-06T18:00:00.000Z,10,<,outgoing,0,1.9,13.2,0.0,25.9,24.5
8d401c49-7075-49d2-b2ad-2e9fc9b88a26,780,North Oʻahu: Pūpūkea tidepools,21.649846,-158.062988,2024-10-06,2024-10-06T18:00:00.000Z,75,=,outgoing,0,3.1,6.2,0.0,25.3,23.7
d34da1d0-1f5f-4139-8d5f-92fdc8db7419,8894,East Oʻahu: Kailua Beach Park,21.397806,-157.726,2024-10-06,2024-10-06T17:00:00.000Z,97,=,outgoing,0,4.3,31.5,0.0,25.5,21.3
b7be3062-ee80-46a8-abf4-ce2a98c456b7,777,East Oʻahu: Kahaluʻu Beach,21.46011,-157.839571,2024-10-06,2024-10-06T16:20:00.000Z,1529,=,outgoing,1,7.1,37.4,0.0,24.7,21.8
84700ab8-2e9c-4f05-b558-eab506c2d103,1197,North Oʻahu: Kaiaka Bay,21.5902778,-158.1191667,2024-10-06,2024-10-06T15:10:00.000Z,3873,=,outgoing,1,3.1,6.2,0.0,25.3,23.7
7a1d4098-eb98-48e3-9e1b-911b7a21976a,8916,West Oʻahu: Pōkaʻi Bay- Inside,21.4415602,-158.1907114,2024-09-25,2024-09-25T17:10:00.000Z,20,=,incoming,0,0.0,11.0,1.0,26.8,16.1
fca96c94-5029-4031-bdf1-f170cc05fa7b,858,South Oʻahu: Magic Island Bowls,21.282953,-157.845657,2024-09-22,2024-09-22T20:19:00.000Z,31,=,outgoing,0,2.6,4.3,0.0,25.9,19.5
b6fbee32-c204-4487-97ec-7cad36c76850,859,South Oʻahu: Magic Island Canoe Launch,21.28777,-157.844116,2024-09-22,2024-09-22T19:52:00.000Z,20,=,outgoing,0,2.6,4.3,0.0,25.9,19.5
293a101a-07fb-4a0c-af74-74126f78b94e,776,South Oʻahu: Kaʻalāwai (Black Point/Cromwells),21.2574,-157.7968,2024-09-22,2024-09-22T18:50:00.000Z,20,=,outgoing,0,2.5,7.2,0.0,25.8,19.9
18688808-f168-4844-b60f-ba3aefa9b3cb,861,South Oʻahu: Waialae Beach Park,21.26885,-157.77655,2024-09-22,2024-09-22T18:30:00.000Z,10,=,outgoing,0,2.5,7.2,0.0,25.9,19.9
4944078a-6952-4c09-86ee-0514f939b122,780,North Oʻahu: Pūpūkea tidepools,21.649846,-158.062988,2024-09-22,2024-09-22T17:55:00.000Z,10,=,outgoing,0,0.8,10.0,0.0,25.8,19.7
ecc07c06-a2e5-4e15-be2f-99d6b378fe70,8894,East Oʻahu: Kailua Beach Park,21.397806,-157.726,2024-09-22,2024-09-22T17:00:00.000Z,10,<,outgoing,0,4.6,23.0,0.0,25.5,18.1
7f36005d-adcc-438f-8576-eae4d9c4aa14,777,East Oʻahu: Kahaluʻu Beach,21.46011,-157.839571,2024-09-22,2024-09-22T16:20:00.000Z,862,=,incoming,1,4.1,45.3,0.0,24.8,19.2
b07c27b4-b19a-42f3-9c0b-bfaa16542b42,1197,North Oʻahu: Kaiaka Bay,21.5902778,-158.1191667,2024-09-22,2024-09-22T15:15:00.000Z,727,=,incoming,1,0.8,10.0,0.0,25.8,19.7
42e85928-a5a9-4f06-bb2b-3a74edf895e1,8916,West Oʻahu: Pōkaʻi Bay- Inside,21.4415602,-158.1907114,2024-09-10,2024-09-10T11:05:00.000Z,10,=,incoming,0,2.1,3.9,0.0,25.1,12.6
9604c102-c96b-4e12-8cf6-bf43037fc425,858,South Oʻahu: Magic Island Bowls,21.282953,-157.845657,2024-09-08,2024-09-08T19:15:00.000Z,10,=,outgoing,0,0.0,0.9,7.0,25.8,17.2
ba30093b-b13a-4a41-8fa6-6a7d6ed8ebe9,859,South Oʻahu: Magic Island Canoe Launch,21.28777,-157.844116,2024-09-08,2024-09-08T19:00:00.000Z,20,=,outgoing,0,0.0,0.9,7.0,25.7,17.2
892fa9b2-fbd0-4414-b1b3-0c21bf2bf68f,776,South Oʻahu: Kaʻalāwai (Black Point/Cromwells),21.2574,-157.7968,2024-09-08,2024-09-08T18:55:00.000Z,10,=,outgoing,0,0.5,3.1,7.0,25.4,17.3
aa35f611-a421-4f83-8478-3d32ce797ede,861,South Oʻahu: Waialae Beach Park,21.26885,-157.77655,2024-09-08,2024-09-08T18:35:00.000Z,10,<,outgoing,0,0.5,3.1,7.0,25.5,17.3
b96600a0-c355-4b98-9b98-3caeeb4f2928,8894,East Oʻahu: Kailua Beach Park,21.397806,-157.726,2024-09-08,2024-09-08T17:00:00.000Z,10,<,outgoing,0,1.3,22.6,0.0,24.7,16.4
d473d13f-f0b1-45f1-b71a-a324c6ce8a76,777,East Oʻahu: Kahaluʻu Beach,21.46011,-157.839571,2024-09-08,2024-09-08T16:15:00.000Z,703,=,outgoing,1,0.4,41.2,0.0,24.2,14.0
e5045daa-72d5-4798-a8c2-7385805cb5d7,8916,West Oʻahu: Pōkaʻi Bay- Inside,21.4415602,-158.1907114,2024-08-26,2024-08-26T19:10:00.000Z,10,=,outgoing,0,2.1,15.9,0.0,25.8,24.1
2c4f9ba8-45b2-4ca7-8529-84c5a5c4cf87,858,South Oʻahu: Magic Island Bowls,21.282953,-157.845657,2024-08-25,2024-08-25T19:15:00.000Z,31,=,incoming,0,13.5,3.0,1.0,25.3,39.0
77a3c6f3-5e90-4cb4-9cbb-bb2b72732d3d,859,South Oʻahu: Magic Island Canoe Launch,21.28777,-157.844116,2024-08-25,2024-08-25T19:00:00.000Z,292,=,incoming,1,13.5,3.0,1.0,25.3,39.0
231bdf6a-42c8-41e0-8bdd-f23c70ba0afa,776,South Oʻahu: Kaʻalāwai (Black Point/Cromwells),21.2574,-157.7968,2024-08-25,2024-08-25T18:50:00.000Z,10,=,incoming,0,17.6,11.6,0.0,25.2,39.8
a5389877-0da8-43c3-a29b-3f8fa6ed702f,861,South Oʻahu: Waialae Beach Park,21.26885,-157.77655,2024-08-25,2024-08-25T18:30:00.000Z,10,=,incoming,0,17.6,11.6,0.0,25.2,39.8
e49721c4-9f87-4ab1-9de5-c9a1965769cd,8894,East Oʻahu: Kailua Beach Park,21.397806,-157.726,2024-08-25,2024-08-25T17:00:00.000Z,41,=,incoming,0,17.3,32.1,0.0,25.1,36.6
4f6bb5be-3559-4685-b7ba-619f1c777336,777,East Oʻahu: Kahaluʻu Beach,21.46011,-157.839571,2024-08-25,2024-08-25T16:25:00.000Z,199,=,incoming,1,19.2,57.3,0.0,24.9,34.6
fce37788-6f53-44ff-a95e-3ce7d5f66043,858,South Oʻahu: Magic Island Bowls,21.282953,-157.845657,2024-08-11,2024-08-11T19:15:00.000Z,2247,=,incoming,1,0.5,1.6,0.0,26.4,24.3
14e85917-3c5f-4fd0-96ac-52e3d796027c,859,South Oʻahu: Magic Island Canoe Launch,21.28777,-157.844116,2024-08-11,2024-08-11T19:00:00.000Z,20,=,incoming,0,0.5,1.6,0.0,26.4,24.3
8e25faa6-799e-416b-8198-deda018830b3,776,South Oʻahu: Kaʻalāwai (Black Point/Cromwells),21.2574,-157.7968,2024-08-11,2024-08-11T18:50:00.000Z,10,<,incoming,0,1.3,4.4,0.0,26.2,25.3
117a35d6-ce65-4529-8e32-c5e3c583fcad,861,South Oʻahu: Waialae Beach Park,21.26885,-157.77655,2024-08-11,2024-08-11T18:30:00.000Z,63,=,incoming,0,1.3,4.4,0.0,26.2,25.3
34eae17d-356b-4767-bedb-52dc40b455a2,8894,East Oʻahu: Kailua Beach Park,21.397806,-157.726,2024-08-11,2024-08-11T18:00:00.000Z,10,<,incoming,0,8.4,28.1,0.0,25.5,24.2
2012d0e1-8aba-43b9-ad39-65fda790f398,777,East Oʻahu: Kahaluʻu Beach,21.46011,-157.839571,2024-08-11,2024-08-11T16:25:00.000Z,1616,=,incoming,1,9.1,36.3,0.0,24.7,22.0
0f97b961-090a-4e0d-af0e-20fefa80dcee,858,South Oʻahu: Magic Island Bowls,21.282953,-157.845657,2024-07-28,2024-07-28T20:11:00.000Z,10,<,incoming,0,0.5,5.0,0.0,25.8,26.1
1c46ce77-730d-4eea-9d3e-e32428347c01,859,South Oʻahu: Magic Island Canoe Launch,21.28777,-157.844116,2024-07-28,2024-07-28T19:42:00.000Z,10,=,incoming,0,0.5,5.0,0.0,25.8,26.1
6016f560-9547-42d0-9b8d-d60213b1cd7b,8916,West Oʻahu: Pōkaʻi Bay- Inside,21.4415602,-158.1907114,2024-07-28,2024-07-28T19:15:00.000Z,31,=,incoming,0,0.7,5.1,6.0,26.2,19.8
ea4fe5a1-a56c-44a3-91f4-539f1f3feb9e,1197,North Oʻahu: Kaiaka Bay,21.5902778,-158.1191667,2024-07-28,2024-07-28T18:45:00.000Z,10,=,incoming,0,2.2,17.6,0.0,25.0,25.2
1472b8bb-2685-4fd5-85e6-28faf9871202,861,South Oʻahu: Waialae Beach Park,21.26885,-157.77655,2024-07-28,2024-07-28T18:35:00.000Z,10,<,incoming,0,0.5,13.9,0.0,25.4,26.3
3add6163-7d6b-4ad2-a21e-2ad8fdb59882,776,South Oʻahu: Kaʻalāwai (Black Point/Cromwells),21.2574,-157.7968,2024-07-28,2024-07-28T18:35:00.000Z,10,=,incoming,0,0.5,13.9,0.0,25.4,26.3
b3939989-b3eb-405b-b20c-b25d13bafbb6,780,North Oʻahu: Pūpūkea tidepools,21.649846,-158.062988,2024-07-28,2024-07-28T18:00:00.000Z,10,=,incoming,0,2.2,17.6,0.0,25.0,25.2
d55f507a-adc5-4874-b2b8-19f632686e2e,8894,East Oʻahu: Kailua Beach Park,21.397806,-157.726,2024-07-28,2024-07-28T17:00:00.000Z,10,<,incoming,0,2.2,24.6,0.0,25.0,23.0
f6abd87a-bb60-4841-bc81-aea8cfbb3907,777,East Oʻahu: Kahaluʻu Beach,21.46011,-157.839571,2024-07-28,2024-07-28T16:25:00.000Z,487,=,incoming,1,6.6,57.0,0.0,24.4,22.8
b54c4642-4e30-4789-8b35-fe1705b6e3a6,858,South Oʻahu: Magic Island Bowls,21.282953,-157.845657,2024-07-14,2024-07-14T19:15:00.000Z,1510,=,incoming,1,0.2,4.6,2.0,25.8,27.7
cf13d2d5-834c-4c17-9e8f-b66110e88cd1,859,South Oʻahu: Magic Island Canoe Launch,21.28777,-157.844116,2024-07-14,2024-07-14T19:00:00.000Z,51,=,incoming,0,0.2,4.6,2.0,25.8,27.7
0609bc0a-c309-4c98-a381-8d566b805469,776,South Oʻahu: Kaʻalāwai (Black Point/Cromwells),21.2574,-157.7968,2024-07-14,2024-07-14T18:55:00.000Z,10,<,incoming,0,1.8,15.1,0.0,25.4,28.7
c0f87213-d4d9-43af-9928-660b9c0c5689,861,South Oʻahu: Waialae Beach Park,21.26885,-157.77655,2024-07-14,2024-07-14T18:30:00.000Z,10,<,incoming,0,1.8,15.1,0.0,25.4,28.7
588a9e35-fbee-40aa-b394-55f0cb46be78,780,North Oʻahu: Pūpūkea tidepools,21.649846,-158.062988,2024-07-14,2024-07-14T18:00:00.000Z,10,<,incoming,0,1.7,12.4,1.0,25.3,26.4
4e620c7b-d106-4691-a930-16ffcc50f7d1,8894,East Oʻahu: Kailua Beach Park,21.397806,-157.726,2024-07-14,2024-07-14T17:50:00.000Z,10,<,incoming,0,5.6,38.6,0.0,25.0,27.1
6c64847b-c1f5-416d-a670-ebe06d68f7da,777,East Oʻahu: Kahaluʻu Beach,21.46011,-157.839571,2024-07-14,2024-07-14T16:22:00.000Z,203,=,incoming,1,8.1,53.7,0.0,24.5,23.8
221b18bd-379b-49be-9fce-dd3ed53b1466,1197,North Oʻahu: Kaiaka Bay,21.5902778,-158.1191667,2024-07-14,2024-07-14T15:45:00.000Z,51,=,incoming,0,1.7,12.4,1.0,25.3,26.4
d74d5cfd-40f8-48db-91bf-d55c37184dce,858,South Oʻahu: Magic Island Bowls,21.282953,-157.845657,2024-06-30,2024-06-30T19:15:00.000Z,10,<,incoming,0,0.0,3.8,1.0,25.5,20.9
73ece406-823e-4cf0-b374-5bf4f0db0347,859,South Oʻahu: Magic Island Canoe Launch,21.28777,-157.844116,2024-06-30,2024-06-30T19:00:00.000Z,31,=,incoming,0,0.0,3.8,1.0,25.5,20.9
41f9f82f-ad98-4691-90aa-2eb9a1e2eea3,780,North Oʻahu: Pūpūkea tidepools,21.649846,-158.062988,2024-06-30,2024-06-30T18:55:00.000Z,10,<,incoming,0,0.0,7.6,1.0,25.2,21.7
e56099a3-bec4-42f4-a22c-7b57edb9f379,776,South Oʻahu: Kaʻalāwai (Black Point/Cromwells),21.2574,-157.7968,2024-06-30,2024-06-30T18:45:00.000Z,10,=,incoming,0,0.0,12.3,1.0,25.2,21.9
06387dbf-f1ad-4f40-ad8b-32e309f29948,1197,North Oʻahu: Kaiaka Bay,21.5902778,-158.1191667,2024-06-30,2024-06-30T18:20:00.000Z,10,=,incoming,0,0.0,7.6,1.0,25.2,21.7
56832fd6-9b65-407a-a1c0-1aabbe392955,8894,East Oʻahu: Kailua Beach Park,21.397806,-157.726,2024-06-30,2024-06-30T17:00:00.000Z,10,<,incoming,0,0.0,46.6,0.0,24.8,20.1
6eff75aa-0ec4-43de-9d01-6ce76ca88bec,777,East Oʻahu: Kahaluʻu Beach,21.46011,-157.839571,2024-06-30,2024-06-30T16:20:00.000Z,780,=,incoming,1,0.0,59.1,0.0,24.3,18.2
da89c08f-bfac-4049-b30c-de71e4490bb4,858,South Oʻahu: Magic Island Bowls,21.282953,-157.845657,2024-06-16,2024-06-16T19:15:00.000Z,10,=,incoming,0,0.2,2.4,3.0,25.1,23.6
3fb65975-9d68-479f-9a29-55d28a251c52,859,South Oʻahu: Magic Island Canoe Launch,21.28777,-157.844116,2024-06-16,2024-06-16T19:00:00.000Z,10,=,incoming,0,0.2,2.4,3.0,25.0,23.6
e0a37ffc-584f-4510-b075-7497cd31ca01,8916,West Oʻahu: Pōkaʻi Bay- Inside,21.4415602,-158.1907114,2024-06-16,2024-06-16T19:00:00.000Z,10,<,incoming,0,0.0,0.2,17.0,25.6,19.2
eef58b6e-6d7c-485a-a2a1-d9019fa0aad6,776,South Oʻahu: Kaʻalāwai (Black Point/Cromwells),21.2574,-157.7968,2024-06-16,2024-06-16T18:50:00.000Z,10,=,incoming,0,0.9,6.9,2.0,24.7,23.1
0744a4f5-5041-4a7b-8a26-825601fc4d25,861,South Oʻahu: Waialae Beach Park,21.26885,-157.77655,2024-06-16,2024-06-16T18:30:00.000Z,20,=,incoming,0,0.9,6.9,2.0,24.7,23.1
284700b2-4465-4a6b-9889-5afcae89d9d3,8894,East Oʻahu: Kailua Beach Park,21.397806,-157.726,2024-06-16,2024-06-16T17:00:00.000Z,10,<,outgoing,0,3.9,30.3,0.0,24.3,22.4
b8833a77-569c-48ff-b282-4a20c5f46e26,777,East Oʻahu: Kahaluʻu Beach,21.46011,-157.839571,2024-06-16,2024-06-16T16:25:00.000Z,529,=,incoming,1,9.7,48.4,0.0,23.7,21.1
09b4b534-ca0d-47ee-952c-0f521125b0c1,8916,West Oʻahu: Pōkaʻi Bay- Inside,21.4415602,-158.1907114,2024-06-03,2024-06-03T18:30:00.000Z,499,=,low,1,0.1,2.2,4.0,25.3,23.1
f14cbc0c-cab1-47e5-9c17-c0967502833c,776,South Oʻahu: Kaʻalāwai (Black Point/Cromwells),21.2574,-157.7968,2024-06-02,2024-06-02T18:52:00.000Z,10,=,incoming,0,1.5,10.2,1.0,24.2,27.5
a17a393d-875a-48a1-8579-7865e08b47cd,858,South Oʻahu: Magic Island Bowls,21.282953,-157.845657,2024-06-02,2024-06-02T18:35:00.000Z,10,<,incoming,0,0.2,4.1,4.0,24.4,27.4
fd324947-cade-4fb2-9d54-de428e962ae6,861,South Oʻahu: Waialae Beach Park,21.26885,-157.77655,2024-06-02,2024-06-02T18:25:00.000Z,10,<,incoming,0,1.5,10.2,1.0,24.2,27.5
b93b6a0e-7716-40c4-adeb-b3d747a17176,859,South Oʻahu: Magic Island Canoe Launch,21.28777,-157.844116,2024-06-02,2024-06-02T18:20:00.000Z,41,=,incoming,0,0.2,4.1,4.0,24.4,27.4
83be7e9b-db27-493b-8da3-42412f3b64a8,8894,East Oʻahu: Kailua Beach Park,21.397806,-157.726,2024-06-02,2024-06-02T17:00:00.000Z,10,<,incoming,0,8.5,35.3,0.0,23.9,27.4
7168e58d-8f9e-4c16-82bc-d13797a6d0da,777,East Oʻahu: Kahaluʻu Beach,21.46011,-157.839571,2024-06-02,2024-06-02T16:20:00.000Z,583,=,incoming,1,6.2,69.0,0.0,23.5,25.0
afc381da-2567-40b7-9251-8cfc159be436,861,South Oʻahu: Waialae Beach Park,21.26885,-157.77655,2024-05-19,2024-05-20T06:35:00.000Z,1126,=,incoming,1,2.3,150.5,0.0,24.3,14.3
d0b85427-2b53-4210-ae11-14e3dd9b45b2,858,South Oʻahu: Magic Island Bowls,21.282953,-157.845657,2024-05-19,2024-05-19T19:15:00.000Z,1624,=,incoming,1,2.1,131.9,0.0,24.5,14.8
510e2c2c-6cee-46ff-a280-f5a468a62cd9,859,South Oʻahu: Magic Island Canoe Launch,21.28777,-157.844116,2024-05-19,2024-05-19T19:00:00.000Z,6131,=,incoming,1,2.1,131.9,0.0,24.5,14.8
1c6938e4-a4a0-4496-9100-754ab15dcc92,776,South Oʻahu: Kaʻalāwai (Black Point/Cromwells),21.2574,-157.7968,2024-05-19,2024-05-19T19:00:00.000Z,31,=,incoming,0,2.3,150.5,0.0,24.2,14.3
4ebcadfe-00ec-4c67-ba11-fdb6847ac365,8916,West Oʻahu: Pōkaʻi Bay- Inside,21.4415602,-158.1907114,2024-05-19,2024-05-19T17:55:00.000Z,86,=,low,0,4.3,166.8,0.0,24.7,17.7
6c83f20a-3039-43be-9def-685b022c4d24,8894,East Oʻahu: Kailua Beach Park,21.397806,-157.726,2024-05-19,2024-05-19T17:05:00.000Z,155,=,incoming,1,2.7,98.9,0.0,24.0,13.5
4f2e5a71-748a-467d-b3bc-9eadf68ab844,777,East Oʻahu: Kahaluʻu Beach,21.46011,-157.839571,2024-05-19,2024-05-19T16:20:00.000Z,776,=,incoming,1,3.6,73.3,0.0,23.7,11.0
f60a86c1-87ae-48f2-bcbb-67f3ec6463cd,858,South Oʻahu: Magic Island Bowls,21.282953,-157.845657,2024-05-05,2024-05-05T19:15:00.000Z,20,=,incoming,0,0.0,7.7,0.0,24.1,29.5
ca0c2167-3b0a-49d2-bef5-c20dd760e287,859,South Oʻahu: Magic Island Canoe Launch,21.28777,-157.844116,2024-05-05,2024-05-05T19:00:00.000Z,605,=,incoming,1,0.0,7.7,0.0,24.1,29.5
1910c1d9-8822-4033-a774-b010672a0ac9,776,South Oʻahu: Kaʻalāwai (Black Point/Cromwells),21.2574,-157.7968,2024-05-05,2024-05-05T19:00:00.000Z,10,<,incoming,0,0.0,9.1,0.0,23.9,30.0
9400e285-9010-407d-91d0-c6abbb70e0c8,861,South Oʻahu: Waialae Beach Park,21.26885,-157.77655,2024-05-05,2024-05-05T18:40:00.000Z,10,<,incoming,0,0.0,9.1,0.0,23.9,30.0
eba2f032-192a-492d-bfd4-0f4f8e2ece8c,8916,West Oʻahu: Pōkaʻi Bay- Inside,21.4415602,-158.1907114,2024-05-05,2024-05-05T18:25:00.000Z,86,=,incoming,0,0.0,4.4,1.0,24.3,24.6
94f4d7c6-5ef0-4315-88de-0c1d44bbd4c4,8894,East Oʻahu: Kailua Beach Park,21.397806,-157.726,2024-05-05,2024-05-05T17:00:00.000Z,10,<,incoming,0,1.7,20.2,0.0,23.6,26.9
de4f0f92-c263-490c-bf22-e83292c58544,777,East Oʻahu: Kahaluʻu Beach,21.46011,-157.839571,2024-05-05,2024-05-05T16:35:00.000Z,1960,=,outgoing,1,4.1,46.7,0.0,22.9,28.1
8be6910e-2171-48fd-a40d-662c641c7d45,858,South Oʻahu: Magic Island Bowls,21.282953,-157.845657,2024-04-21,2024-04-21T19:15:00.000Z,10,<,incoming,0,0.8,30.8,1.0,22.7,26.7
77bb9fbd-d5f4-4308-acb5-3da84660f90e,859,South Oʻahu: Magic Island Canoe Launch,21.28777,-157.844116,2024-04-21,2024-04-21T19:00:00.000Z,70,=,incoming,0,0.8,30.8,1.0,22.7,26.7
15875fbb-b1c4-420f-9133-a872038ec573,776,South Oʻahu: Kaʻalāwai (Black Point/Cromwells),21.2574,-157.7968,2024-04-21,2024-04-21T18:50:00.000Z,41,=,incoming,0,2.0,34.1,0.0,22.6,27.9
ed762af5-c596-4f5d-9eb7-503290f316fd,861,South Oʻahu: Waialae Beach Park,21.26885,-157.77655,2024-04-21,2024-04-21T18:30:00.000Z,10,<,incoming,0,2.0,34.1,0.0,22.6,27.9
e160b053-7c6c-467d-9004-06ba08e218ec,8916,West Oʻahu: Pōkaʻi Bay- Inside,21.4415602,-158.1907114,2024-04-21,2024-04-21T18:07:00.000Z,10,<,incoming,0,1.1,56.2,1.0,22.7,18.8
1b138a1c-6e06-4c90-aa97-1b269350289b,1197,North Oʻahu: Kaiaka Bay,21.5902778,-158.1191667,2024-04-21,2024-04-21T18:00:00.000Z,98,=,incoming,0,2.3,55.3,0.0,22.4,26.2
6dd90c4e-0298-4a65-b811-8afeaaacd1ca,8894,East Oʻahu: Kailua Beach Park,21.397806,-157.726,2024-04-21,2024-04-21T18:00:00.000Z,10,<,outgoing,0,7.7,45.5,0.0,22.3,25.9
68d5167c-ad4d-4f09-af95-602cec49c8ac,780,North Oʻahu: Pūpūkea tidepools,21.649846,-158.062988,2024-04-21,2024-04-21T18:00:00.000Z,10,=,incoming,0,2.3,55.3,0.0,22.4,26.2
de5e31d3-1811-40b1-85bc-e8420475b9dc,777,East Oʻahu: Kahaluʻu Beach,21.46011,-157.839571,2024-04-21,2024-04-21T16:22:00.000Z,350,=,outgoing,1,9.0,59.5,0.0,21.8,24.5
360ebc38-c644-4405-a60e-941e72e26172,776,South Oʻahu: Kaʻalāwai (Black Point/Cromwells),21.2574,-157.7968,2024-04-07,2024-04-07T18:45:00.000Z,175,=,outgoing,1,2.7,17.7,0.0,22.6,30.3
020c9e69-7b4a-414b-b43c-20a88a971d0f,8916,West Oʻahu: Pōkaʻi Bay- Inside,21.4415602,-158.1907114,2024-04-07,2024-04-07T18:35:00.000Z,10,=,incoming,0,1.3,6.8,0.0,22.9,26.2
b64e8878-a7a6-408f-a6e6-ce5f1c61cc5c,861,South Oʻahu: Waialae Beach Park,21.26885,-157.77655,2024-04-07,2024-04-07T18:25:00.000Z,20,=,outgoing,0,2.7,17.7,0.0,22.6,30.3
6f3f2a61-7358-4186-8281-da95a91407b6,780,North Oʻahu: Pūpūkea tidepools,21.649846,-158.062988,2024-04-07,2024-04-07T18:00:00.000Z,10,<,outgoing,0,6.9,29.6,0.0,22.1,32.3
d713af1f-e8f1-4fea-a674-14c6447ad490,8894,East Oʻahu: Kailua Beach Park,21.397806,-157.726,2024-04-07,2024-04-07T17:00:00.000Z,10,<,outgoing,0,3.0,35.3,0.0,22.3,29.9
9b984758-501f-4bdf-9479-c2669cda7b46,1197,North Oʻahu: Kaiaka Bay,21.5902778,-158.1191667,2024-04-07,2024-04-07T17:00:00.000Z,199,=,outgoing,1,6.9,29.6,0.0,22.1,32.3
2b4cc09c-d8b3-4ba2-90a1-0b4b1d13b286,777,East Oʻahu: Kahaluʻu Beach,21.46011,-157.839571,2024-04-07,2024-04-07T16:25:00.000Z,10462,=,outgoing,1,5.8,68.5,0.0,21.7,29.9
aacc6387-0b5a-4ab5-935b-b6251fd98287,858,South Oʻahu: Magic Island Bowls,21.282953,-157.845657,2024-03-24,2024-03-24T19:15:00.000Z,10,=,outgoing,0,0.0,0.7,10.0,23.5,28.8
7712ff56-6a4f-4ff1-9e2d-9335900ec42a,859,South Oʻahu: Magic Island Canoe Launch,21.28777,-157.844116,2024-03-24,2024-03-24T19:00:00.000Z,10,=,outgoing,0,0.0,0.7,10.0,23.5,28.8
d8ceffca-c4e9-43e1-9ee6-9b7ea05f06ac,776,South Oʻahu: Kaʻalāwai (Black Point/Cromwells),21.2574,-157.7968,2024-03-24,2024-03-24T18:55:00.000Z,10,<,outgoing,0,0.1,2.0,10.0,23.4,30.9
ae672936-8100-41c2-ae1c-903173e3c50c,861,South Oʻahu: Waialae Beach Park,21.26885,-157.77655,2024-03-24,2024-03-24T18:40:00.000Z,10,<,outgoing,0,0.1,2.0,10.0,23.4,30.9
98353786-dcb0-48df-afb6-418a00b95267,8916,West Oʻahu: Pōkaʻi Bay- Inside,21.4415602,-158.1907114,2024-03-24,2024-03-24T18:12:00.000Z,10,<,incoming,0,0.0,0.8,8.0,23.6,23.5
cf6e7763-f857-438f-a0fd-e93971c55999,780,North Oʻahu: Pūpūkea tidepools,21.649846,-158.062988,2024-03-24,2024-03-24T17:55:00.000Z,10,<,incoming,0,0.0,3.5,0.0,23.2,30.0
499f30fc-6ea2-45fe-885f-48693afc8414,8894,East Oʻahu: Kailua Beach Park,21.397806,-157.726,2024-03-24,2024-03-24T17:00:00.000Z,663,=,outgoing,1,1.1,12.3,0.0,23.2,29.9
c23caed6-c105-4912-b25c-68ad7a0681f2,1197,North Oʻahu: Kaiaka Bay,21.5902778,-158.1191667,2024-03-24,2024-03-24T16:50:00.000Z,1081,=,outgoing,1,0.0,3.5,0.0,23.2,30.0
8c892a8d-fbda-4db4-9b55-9543c7973b66,777,East Oʻahu: Kahaluʻu Beach,21.46011,-157.839571,2024-03-24,2024-03-24T16:25:00.000Z,988,=,outgoing,1,1.0,25.2,0.0,22.7,27.8
606490ba-dcca-4eb4-b405-65089b6d8748,858,South Oʻahu: Magic Island Bowls,21.282953,-157.845657,2024-03-10,2024-03-10T20:15:00.000Z,51,=,outgoing,0,0.2,5.1,3.0,23.0,30.8
a5c747a3-bf6f-473e-93ea-f9fe3254d8ab,859,South Oʻahu: Magic Island Canoe Launch,21.28777,-157.844116,2024-03-10,2024-03-10T19:00:00.000Z,122,=,outgoing,0,0.2,5.1,3.0,23.0,30.8
8a0554a5-7796-4c0c-a4ea-4a0b323835fb,776,South Oʻahu: Kaʻalāwai (Black Point/Cromwells),21.2574,-157.7968,2024-03-10,2024-03-10T18:50:00.000Z,30,=,outgoing,0,0.6,10.0,2.0,22.9,31.2
55f49293-14f7-48f7-ba76-b05cb681e01b,861,South Oʻahu: Waialae Beach Park,21.26885,-157.77655,2024-03-10,2024-03-10T18:30:00.000Z,20,=,outgoing,0,0.6,10.0,2.0,22.9,31.2
ffe11f27-7d10-4b40-9639-0abe47ead48a,8916,West Oʻahu: Pōkaʻi Bay- Inside,21.4415602,-158.1907114,2024-03-10,2024-03-10T17:49:00.000Z,20,=,outgoing,0,0.0,1.9,3.0,22.9,23.9
637f2914-28e6-4447-a587-7559e2061ea4,8894,East Oʻahu: Kailua Beach Park,21.397806,-157.726,2024-03-10,2024-03-10T17:00:00.000Z,41,=,outgoing,0,1.0,22.4,0.0,22.7,30.4
6aed41e2-ea2f-404e-aba6-5808b867558b,777,East Oʻahu: Kahaluʻu Beach,21.46011,-157.839571,2024-03-10,2024-03-10T16:25:00.000Z,1497,=,outgoing,1,2.2,34.7,0.0,22.3,29.2
4f70142e-da6a-4b52-9c81-3a2089ef936e,858,South Oʻahu: Magic Island Bowls,21.282953,-157.845657,2024-02-25,2024-02-25T19:15:00.000Z,31,=,outgoing,0,0.0,4.9,0.0,22.4,28.8
c0184d3f-5294-4374-8cea-65c5b67c65cc,780,North Oʻahu: Pūpūkea tidepools,21.649846,-158.062988,2024-02-25,2024-02-25T19:00:00.000Z,10,<,outgoing,0,1.1,3.9,0.0,21.9,29.1
1cc25714-c0bf-462d-947a-bbde8352e3a9,859,South Oʻahu: Magic Island Canoe Launch,21.28777,-157.844116,2024-02-25,2024-02-25T19:00:00.000Z,323,=,outgoing,1,0.0,4.9,0.0,22.4,28.8
a2be22b2-7232-492e-9579-370d318117b4,776,South Oʻahu: Kaʻalāwai (Black Point/Cromwells),21.2574,-157.7968,2024-02-25,2024-02-25T18:50:00.000Z,10,<,outgoing,0,0.8,5.7,0.0,22.4,29.7
9ca57764-b6fc-4cdd-8397-1a38ce89501c,861,South Oʻahu: Waialae Beach Park,21.26885,-157.77655,2024-02-25,2024-02-25T18:35:00.000Z,10,<,outgoing,0,0.8,5.7,0.0,22.4,29.7
5f418107-20e6-4c56-8d59-315d6179f84e,8916,West Oʻahu: Pōkaʻi Bay- Inside,21.4415602,-158.1907114,2024-02-25,2024-02-25T18:10:00.000Z,20,=,incoming,0,0.0,5.2,1.0,22.3,23.2
7b1be115-f845-405d-a228-2fef16e7da33,1197,North Oʻahu: Kaiaka Bay,21.5902778,-158.1191667,2024-02-25,2024-02-25T17:25:00.000Z,309,=,outgoing,1,1.1,3.9,0.0,21.9,29.1
461412bb-f93b-4dbc-a824-83c5e05af6cc,8894,East Oʻahu: Kailua Beach Park,21.397806,-157.726,2024-02-25,2024-02-25T17:00:00.000Z,20,=,outgoing,0,3.5,7.6,0.0,22.1,28.8
cb61e4c1-69ed-4a3e-8fdd-7e814d71f438,777,East Oʻahu: Kahaluʻu Beach,21.46011,-157.839571,2024-02-25,2024-02-25T16:25:00.000Z,1607,=,outgoing,1,4.7,18.7,0.0,21.5,27.1
553ee6f4-f8fd-489a-80c4-1d5a2b0f71b0,780,North Oʻahu: Pūpūkea tidepools,21.649846,-158.062988,2024-02-11,2024-02-11T19:00:00.000Z,10,<,outgoing,0,0.0,3.4,0.0,22.3,16.1
42464762-dbc0-4e12-babd-91f7658cbc75,776,South Oʻahu: Kaʻalāwai (Black Point/Cromwells),21.2574,-157.7968,2024-02-11,2024-02-11T18:50:00.000Z,30,=,outgoing,0,2.3,8.3,0.0,21.4,13.7
bd709b3f-867e-4c0f-a19c-d82ce0c1860e,861,South Oʻahu: Waialae Beach Park,21.26885,-157.77655,2024-02-11,2024-02-11T18:30:00.000Z,52,=,outgoing,0,2.3,8.3,0.0,21.5,13.7
0600425d-e48e-40d8-a622-9f7475ca29c9,8916,West Oʻahu: Pōkaʻi Bay- Inside,21.4415602,-158.1907114,2024-02-11,2024-02-11T18:05:00.000Z,120,=,outgoing,0,0.3,3.3,0.0,22.0,13.6
e8f45ecb-4325-4931-855f-a7610920da81,1197,North Oʻahu: Kaiaka Bay,21.5902778,-158.1191667,2024-02-11,2024-02-11T17:42:00.000Z,122,=,outgoing,0,0.0,3.4,0.0,22.3,16.1
d5e715ca-bbba-4209-b370-92fd8dae578c,8894,East Oʻahu: Kailua Beach Park,21.397806,-157.726,2024-02-11,2024-02-11T17:00:00.000Z,10,<,outgoing,0,2.7,11.6,0.0,21.5,5.5
cb54e1dc-d8c5-44ad-a6f5-7f8a318bf530,777,East Oʻahu: Kahaluʻu Beach,21.46011,-157.839571,2024-02-11,2024-02-11T16:25:00.000Z,130,=,outgoing,0,5.4,21.4,0.0,21.0,7.5
4330d693-321c-4bb5-b5f1-3a65cf637a26,858,South Oʻahu: Magic Island Bowls,21.282953,-157.845657,2024-01-28,2024-01-28T19:15:00.000Z,20,=,outgoing,0,10.9,29.3,0.0,23.4,27.3
703c7f13-d024-4795-8ae1-f951e75db9f1,859,South Oʻahu: Magic Island Canoe Launch,21.28777,-157.844116,2024-01-28,2024-01-28T19:00:00.000Z,63,=,outgoing,0,10.9,29.3,0.0,23.4,27.3
19fd393c-fc12-4c47-81ff-f36db603d0a4,776,South Oʻahu: Kaʻalāwai (Black Point/Cromwells),21.2574,-157.7968,2024-01-28,2024-01-28T19:00:00.000Z,10,=,outgoing,0,9.1,22.0,0.0,23.5,28.1
42f77734-a270-4189-871c-149fa4a74ec0,861,South Oʻahu: Waialae Beach Park,21.26885,-157.77655,2024-01-28,2024-01-28T18:40:00.000Z,175,=,outgoing,1,9.1,22.0,0.0,23.5,28.1
8b4b95b1-4ce0-4db7-844a-b47e5a3c3bbc,8916,West Oʻahu: Pōkaʻi Bay- Inside,21.4415602,-158.1907114,2024-01-28,2024-01-28T18:30:00.000Z,10,<,outgoing,0,13.1,47.9,0.0,23.5,25.5
c3e720bd-263c-43f9-8c06-43d19139a854,8894,East Oʻahu: Kailua Beach Park,21.397806,-157.726,2024-01-28,2024-01-28T17:10:00.000Z,10,=,outgoing,0,4.1,11.8,0.0,23.6,29.6
08b35cda-3450-48fd-8e65-a8d3506a2324,777,East Oʻahu: Kahaluʻu Beach,21.46011,-157.839571,2024-01-28,2024-01-28T16:25:00.000Z,211,=,outgoing,1,3.4,13.5,0.0,23.4,30.6
c978074e-5fd0-4a2f-b154-2091b6a49708,858,South Oʻahu: Magic Island Bowls,21.282953,-157.845657,2024-01-14,2024-01-14T19:15:00.000Z,20,=,outgoing,0,0.0,66.8,2.0,19.6,15.0
ea6e5950-395c-47e0-ab05-b2bc21783638,776,South Oʻahu: Kaʻalāwai (Black Point/Cromwells),21.2574,-157.7968,2024-01-14,2024-01-14T19:05:00.000Z,41,=,outgoing,0,0.0,63.4,2.0,20.1,13.3
55806090-a037-42b1-a28f-409a2addb2ef,859,South Oʻahu: Magic Island Canoe Launch,21.28777,-157.844116,2024-01-14,2024-01-14T19:00:00.000Z,108,=,outgoing,0,0.0,66.8,2.0,19.6,15.0
ce9aac91-be9e-470b-84bd-7bf1ec340d08,861,South Oʻahu: Waialae Beach Park,21.26885,-157.77655,2024-01-14,2024-01-14T18:40:00.000Z,384,=,outgoing,1,0.0,63.4,2.0,20.2,13.3
e5c6434c-0cc3-4bed-85e3-b0ade32def4b,8916,West Oʻahu: Pōkaʻi Bay- Inside,21.4415602,-158.1907114,2024-01-14,2024-01-14T18:20:00.000Z,31,=,outgoing,0,0.0,65.1,2.0,19.4,13.2
99a80bae-238b-4f8f-8432-ff39a52ecf62,780,North Oʻahu: Pūpūkea tidepools,21.649846,-158.062988,2024-01-14,2024-01-14T18:00:00.000Z,10,<,outgoing,0,0.0,47.0,1.0,20.3,14.4
ab161137-22be-41b1-a9c9-c958cf61c9f7,777,East Oʻahu: Kahaluʻu Beach,21.46011,-157.839571,2024-01-14,2024-01-14T17:20:00.000Z,1723,=,outgoing,1,0.0,39.4,1.0,20.3,9.5
b459119f-9288-4296-a6ff-c28aded76072,8894,East Oʻahu: Kailua Beach Park,21.397806,-157.726,2024-01-14,2024-01-14T17:15:00.000Z,10,=,outgoing,0,0.0,48.2,2.0,20.5,9.7
a438b6b3-ad4f-4c86-8f97-f9a36024925a,1197,North Oʻahu: Kaiaka Bay,21.5902778,-158.1191667,2024-01-14,2024-01-14T16:50:00.000Z,305,=,outgoing,1,0.0,47.0,1.0,20.3,14.4
065be51f-3f81-4c88-869f-4cd6ad332335,861,South Oʻahu: Waialae Beach Park,21.26885,-157.77655,2023-12-10,2023-12-10T19:05:00.000Z,201,=,outgoing,1,0.1,8.4,2.0,25.1,25.1
c216afa9-7291-420d-b0cf-a6426ed70f81,859,South Oʻahu: Magic Island Canoe Launch,21.28777,-157.844116,2023-12-10,2023-12-10T19:00:00.000Z,175,=,outgoing,1,0.0,5.1,2.0,25.2,23.9
b957c209-77f5-44df-a8c5-427684f82e0e,8916,West Oʻahu: Pōkaʻi Bay- Inside,21.4415602,-158.1907114,2023-12-10,2023-12-10T18:25:00.000Z,144,=,incoming,1,0.1,5.9,2.0,24.5,15.5
890a796f-1f70-482c-a7e3-49bb0861f180,780,North Oʻahu: Pūpūkea tidepools,21.649846,-158.062988,2023-12-10,2023-12-10T18:15:00.000Z,10,<,incoming,0,0.0,5.4,4.0,25.1,22.5
f82ee54b-ad2f-4b27-8658-98dec52242d5,776,South Oʻahu: Kaʻalāwai (Black Point/Cromwells),21.2574,-157.7968,2023-12-10,2023-12-10T17:50:00.000Z,10,=,outgoing,0,0.1,8.4,2.0,25.1,25.1
0fbab988-4780-4b99-9baa-22fd1dc76303,858,South Oʻahu: Magic Island Bowls,21.282953,-157.845657,2023-12-10,2023-12-10T17:50:00.000Z,31,=,outgoing,0,0.0,5.1,2.0,25.3,23.9
57766df1-f753-438e-8971-e2899a195549,777,East Oʻahu: Kahaluʻu Beach,21.46011,-157.839571,2023-12-10,2023-12-10T17:20:00.000Z,17329,=,outgoing,1,3.2,28.3,3.0,24.4,18.3
dbdf2ebc-34d3-4702-819e-a778c9975ea6,8894,East Oʻahu: Kailua Beach Park,21.397806,-157.726,2023-12-10,2023-12-10T17:15:00.000Z,20,=,outgoing,0,3.2,20.1,1.0,24.9,21.7
4a4bf881-8659-41a4-8f43-df2476987ae5,1197,North Oʻahu: Kaiaka Bay,21.5902778,-158.1191667,2023-12-10,2023-12-10T17:00:00.000Z,96,=,outgoing,0,0.0,5.4,4.0,25.1,22.5
66ca68b6-8c87-4a11-888c-fe658ba33333,776,South Oʻahu: Kaʻalāwai (Black Point/Cromwells),21.2574,-157.7968,2023-11-26,2023-11-26T18:40:00.000Z,20,=,outgoing,0,0.1,25.6,3.0,24.3,21.3
ba985107-507e-48f9-b948-05a50c58343b,861,South Oʻahu: Waialae Beach Park,21.26885,-157.77655,2023-11-26,2023-11-26T18:30:00.000Z,1333,=,outgoing,1,0.1,25.6,3.0,24.4,21.3
a822240e-4b03-4122-bdd2-c96192532edb,8916,West Oʻahu: Pōkaʻi Bay- Inside,21.4415602,-158.1907114,2023-11-26,2023-11-26T18:20:00.000Z,10,<,outgoing,0,0.0,15.6,0.0,24.3,12.0
d66ed051-b950-4c8d-a212-73e0e935bdd7,780,North Oʻahu: Pūpūkea tidepools,21.649846,-158.062988,2023-11-26,2023-11-26T18:00:00.000Z,20,=,outgoing,0,0.3,18.5,3.0,24.2,21.0
d8248b77-bb15-4ad8-8ec3-b24f2173122a,8894,East Oʻahu: Kailua Beach Park,21.397806,-157.726,2023-11-26,2023-11-26T17:30:00.000Z,10,<,,0,3.5,47.7,0.0,24.0,19.4
5c8ea6a9-27b5-4cd6-8f7e-825401fb6eb2,1197,North Oʻahu: Kaiaka Bay,21.5902778,-158.1191667,2023-11-26,2023-11-26T16:30:00.000Z,1076,=,outgoing,1,0.3,18.5,3.0,24.2,21.0
0399d150-ac6a-4576-9b71-1c9d3dbbade5,777,East Oʻahu: Kahaluʻu Beach,21.46011,-157.839571,2023-11-26,2023-11-26T16:25:00.000Z,2310,=,outgoing,1,5.1,53.2,0.0,23.4,16.6
8d613ca6-a113-4403-915c-17f70c6ad851,858,South Oʻahu: Magic Island Bowls,21.282953,-157.845657,2023-11-12,2023-11-12T19:15:00.000Z,10,<,outgoing,0,0.1,4.6,1.0,25.5,32.4
3795fd40-e477-4c91-b104-aef2d7e30daa,8894,East Oʻahu: Kailua Beach Park,21.397806,-157.726,2023-11-12,2023-11-12T19:05:00.000Z,10,<,incoming,0,2.9,15.9,0.0,25.3,31.4
f213853d-93f3-4d3c-965d-df8d27999f65,859,South Oʻahu: Magic Island Canoe Launch,21.28777,-157.844116,2023-11-12,2023-11-12T19:00:00.000Z,10,=,outgoing,0,0.1,4.6,1.0,25.5,32.4
d0dc87c0-afb5-435e-9b90-f899190b322c,776,South Oʻahu: Kaʻalāwai (Black Point/Cromwells),21.2574,-157.7968,2023-11-12,2023-11-12T18:50:00.000Z,10,<,outgoing,0,0.6,6.8,1.0,25.4,32.0
b9e1e287-1658-442b-a789-31e0ea7b4fed,8916,West Oʻahu: Pōkaʻi Bay- Inside,21.4415602,-158.1907114,2023-11-12,2023-11-12T18:40:00.000Z,85,=,outgoing,0,0.0,3.7,1.0,25.6,27.7
537ced64-22e5-4e88-b749-892457a7f9fd,861,South Oʻahu: Waialae Beach Park,21.26885,-157.77655,2023-11-12,2023-11-12T18:35:00.000Z,10,=,outgoing,0,0.6,6.8,1.0,25.4,32.0
13b3dcc0-a803-4048-b9bb-574299ec87ad,777,East Oʻahu: Kahaluʻu Beach,21.46011,-157.839571,2023-11-12,2023-11-12T16:25:00.000Z,1267,=,outgoing,1,9.5,22.5,0.0,24.5,32.7
f9b70893-92bb-400f-85f8-71905622e3e3,859,South Oʻahu: Magic Island Canoe Launch,21.28777,-157.844116,2023-10-29,2023-10-29T20:25:00.000Z,74,=,outgoing,0,0.0,5.2,5.0,25.9,16.0
2b5e22df-d448-48be-a120-a54254088894,858,South Oʻahu: Magic Island Bowls,21.282953,-157.845657,2023-10-29,2023-10-29T20:15:00.000Z,10,=,outgoing,0,0.0,5.2,5.0,25.9,16.0
5d19a8eb-bdd5-48d1-bb8f-83904b835820,776,South Oʻahu: Kaʻalāwai (Black Point/Cromwells),21.2574,-157.7968,2023-10-29,2023-10-29T18:45:00.000Z,10,<,outgoing,0,0.0,4.4,5.0,25.8,19.3
117ae44a-8601-4ed7-a1c9-3c4df2641c99,861,South Oʻahu: Waialae Beach Park,21.26885,-157.77655,2023-10-29,2023-10-29T18:30:00.000Z,20,=,outgoing,0,0.0,4.4,5.0,25.8,19.3
84c60508-530e-4939-9072-38ab98ed12c6,8916,West Oʻahu: Pōkaʻi Bay- Inside,21.4415602,-158.1907114,2023-10-29,2023-10-29T18:15:00.000Z,10,=,outgoing,0,1.4,9.6,0.0,25.2,15.1
948e8a34-2fb2-4e4e-9afe-05e391813b4d,780,North Oʻahu: Pūpūkea tidepools,21.649846,-158.062988,2023-10-29,2023-10-29T18:00:00.000Z,10,=,outgoing,0,0.0,8.4,1.0,25.5,17.6
2a9f2caa-9c63-4f90-bb6a-7a770b2cdbd2,8894,East Oʻahu: Kailua Beach Park,21.397806,-157.726,2023-10-29,2023-10-29T17:00:00.000Z,10,=,outgoing,0,0.4,5.1,0.0,25.4,16.3
c2fc3d7e-8053-40b2-9185-fe2e6b138f47,1197,North Oʻahu: Kaiaka Bay,21.5902778,-158.1191667,2023-10-29,2023-10-29T17:00:00.000Z,10,=,outgoing,0,0.0,8.4,1.0,25.5,17.6
d11514f8-3848-426d-a60c-05b8a6534e7a,777,East Oʻahu: Kahaluʻu Beach,21.46011,-157.839571,2023-10-29,2023-10-29T16:30:00.000Z,146,=,outgoing,1,0.4,6.2,4.0,24.6,12.7
f77e3c15-ab0c-4d7a-90d6-f58a82f0d5ff,861,South Oʻahu: Waialae Beach Park,21.26885,-157.77655,2023-10-15,2023-10-15T20:00:00.000Z,31,=,outgoing,0,0.4,2.5,5.0,26.4,15.7
313e85b2-38c4-4955-82f2-1e46f42f90d5,776,South Oʻahu: Kaʻalāwai (Black Point/Cromwells),21.2574,-157.7968,2023-10-15,2023-10-15T19:45:00.000Z,10,<,outgoing,0,0.4,2.5,5.0,26.4,15.7
a73594c4-378d-4f44-b9d2-14bb5ccbee30,858,South Oʻahu: Magic Island Bowls,21.282953,-157.845657,2023-10-15,2023-10-15T19:15:00.000Z,1396,=,outgoing,1,0.4,0.2,8.0,26.6,14.8
b346766d-ece1-430b-a8de-5594efafde28,859,South Oʻahu: Magic Island Canoe Launch,21.28777,-157.844116,2023-10-15,2023-10-15T19:00:00.000Z,241,=,outgoing,1,0.4,0.2,8.0,26.6,14.8
b71dd208-2444-43a9-b794-209818fe05b1,8916,West Oʻahu: Pōkaʻi Bay- Inside,21.4415602,-158.1907114,2023-10-15,2023-10-15T18:50:00.000Z,10,<,incoming,0,1.5,2.1,1.0,26.6,12.0
06236f06-fe7d-4e08-b190-8eaa5f00a7f9,8894,East Oʻahu: Kailua Beach Park,21.397806,-157.726,2023-10-15,2023-10-15T18:15:00.000Z,52,=,outgoing,0,0.7,10.9,0.0,25.9,18.2
255b2d8f-a31c-481e-8041-b9e3040bb049,780,North Oʻahu: Pūpūkea tidepools,21.649846,-158.062988,2023-10-15,2023-10-15T18:00:00.000Z,63,=,outgoing,0,0.1,5.0,0.0,26.3,18.9
a0848535-df3a-4995-97cd-14617b8c8f2e,1197,North Oʻahu: Kaiaka Bay,21.5902778,-158.1191667,2023-10-15,2023-10-15T17:15:00.000Z,20,=,outgoing,0,0.1,5.0,0.0,26.3,18.9
b67ca9a5-e49f-43d3-9f31-d8e1a5544f80,858,South Oʻahu: Magic Island Bowls,21.282953,-157.845657,2023-10-01,2023-10-01T19:15:00.000Z,10,<,outgoing,0,0.0,3.8,1.0,26.6,26.9
0c999f85-9aaa-4c10-aded-f93e70a99960,859,South Oʻahu: Magic Island Canoe Launch,21.28777,-157.844116,2023-10-01,2023-10-01T19:00:00.000Z,30,=,outgoing,0,0.0,3.8,1.0,26.6,26.9
775ab689-321a-47ce-a121-c6c8ac79541b,776,South Oʻahu: Kaʻalāwai (Black Point/Cromwells),21.2574,-157.7968,2023-10-01,2023-10-01T18:40:00.000Z,10,<,outgoing,0,0.1,6.7,1.0,26.3,27.1
692ad759-7b5a-4c84-8d1f-e64e5aff7daf,780,North Oʻahu: Pūpūkea tidepools,21.649846,-158.062988,2023-10-01,2023-10-01T18:30:00.000Z,10,<,outgoing,0,0.2,8.5,1.0,26.2,26.4
80b43985-1a19-49f9-88bb-9c17bd1bbfef,861,South Oʻahu: Waialae Beach Park,21.26885,-157.77655,2023-10-01,2023-10-01T18:25:00.000Z,213,=,outgoing,1,0.1,6.7,1.0,26.4,27.1
6f8cc172-4c3e-4300-be0f-ce98a493c8eb,8916,West Oʻahu: Pōkaʻi Bay- Inside,21.4415602,-158.1907114,2023-10-01,2023-10-01T18:00:00.000Z,20,=,incoming,0,0.0,1.9,16.0,27.1,19.4
34186155-18ea-4b96-9b76-127945ff9233,1197,North Oʻahu: Kaiaka Bay,21.5902778,-158.1191667,2023-10-01,2023-10-01T17:08:00.000Z,10,<,outgoing,0,0.2,8.5,1.0,26.2,26.4
31ce23ee-dbb7-45b3-89cb-78dba306dd86,8894,East Oʻahu: Kailua Beach Park,21.397806,-157.726,2023-10-01,2023-10-01T17:00:00.000Z,31,=,outgoing,0,3.7,20.1,0.0,25.8,25.6
73ddba02-9fba-4e2d-aa36-a9df954634ab,777,East Oʻahu: Kahaluʻu Beach,21.46011,-157.839571,2023-10-01,2023-10-01T16:25:00.000Z,801,=,outgoing,1,6.7,41.0,0.0,25.1,23.4
9f62f63c-0b3d-4c54-be59-845456ce5a41,777,East Oʻahu: Kahaluʻu Beach,21.46011,-157.839571,2023-10-01,2023-10-01T16:25:00.000Z,1354,=,outgoing,1,6.7,41.0,0.0,25.1,23.4
cf875bc7-6def-4cd5-82b8-4be6510450fd,776,South Oʻahu: Kaʻalāwai (Black Point/Cromwells),21.2574,-157.7968,2023-09-17,2023-09-17T18:50:00.000Z,10,<,outgoing,0,2.2,13.0,1.0,25.9,23.2
38d36be5-0f22-4321-a469-03eedbc0e0b3,861,South Oʻahu: Waialae Beach Park,21.26885,-157.77655,2023-09-17,2023-09-17T18:35:00.000Z,10,<,outgoing,0,2.2,13.0,1.0,25.9,23.2
af1f3374-4800-479e-8a90-594a9abdd8e8,8916,West Oʻahu: Pōkaʻi Bay- Inside,21.4415602,-158.1907114,2023-09-17,2023-09-17T18:09:00.000Z,10,<,outgoing,0,0.8,9.1,2.0,26.5,16.2
d60e8f36-0480-43cb-a184-8bd4df76c03a,8894,East Oʻahu: Kailua Beach Park,21.397806,-157.726,2023-09-17,2023-09-17T17:00:00.000Z,10,=,outgoing,0,5.8,24.5,0.0,25.6,22.7
5c369b5d-d330-43f9-bdb6-1a8252d0ecf5,777,East Oʻahu: Kahaluʻu Beach,21.46011,-157.839571,2023-09-17,2023-09-17T16:25:00.000Z,11190,=,outgoing,1,6.5,42.3,0.0,24.9,20.9
9684f300-5843-4dcf-9a0a-5aac0b43bc70,777,East Oʻahu: Kahaluʻu Beach,21.46011,-157.839571,2023-09-17,2023-09-17T16:25:00.000Z,10710,=,outgoing,1,6.5,42.3,0.0,24.9,20.9
86126bcd-0148-48ff-b596-2a395729d8d8,858,South Oʻahu: Magic Island Bowls,21.282953,-157.845657,2023-09-03,2023-09-03T19:15:00.000Z,10,<,outgoing,0,1.6,5.9,1.0,26.1,21.9
da81f74f-2ca0-4b2b-96d2-84d229776fb5,859,South Oʻahu: Magic Island Canoe Launch,21.28777,-157.844116,2023-09-03,2023-09-03T19:00:00.000Z,10,=,outgoing,0,1.6,5.9,1.0,26.0,21.9
92d2f78a-df0d-405e-8b3d-2b09d9cf6c98,776,South Oʻahu: Kaʻalāwai (Black Point/Cromwells),21.2574,-157.7968,2023-09-03,2023-09-03T18:50:00.000Z,10,<,outgoing,0,2.1,11.4,0.0,25.7,22.4
c90ba391-f9c6-467d-9056-9f223a1925d4,1197,North Oʻahu: Kaiaka Bay,21.5902778,-158.1191667,2023-09-03,2023-09-03T18:40:00.000Z,10,<,incoming,0,3.2,11.4,1.0,25.6,21.9
2ac1991b-4959-46ce-afa9-a4607f1e34f1,861,South Oʻahu: Waialae Beach Park,21.26885,-157.77655,2023-09-03,2023-09-03T18:35:00.000Z,10,<,outgoing,0,2.1,11.4,0.0,25.7,22.4
aac53b35-ebb6-4711-9166-84ed39bb3179,780,North Oʻahu: Pūpūkea tidepools,21.649846,-158.062988,2023-09-03,2023-09-03T18:05:00.000Z,20,=,incoming,0,3.2,11.4,1.0,25.6,21.9
57a0687b-dc67-428e-8ec9-fcf7dafd27dd,8916,West Oʻahu: Pōkaʻi Bay- Inside,21.4415602,-158.1907114,2023-09-03,2023-09-03T17:40:00.000Z,10,<,incoming,0,5.8,12.0,1.0,26.1,11.2
6b8f72f5-ece6-4812-8fee-5e0bec4e6345,8894,East Oʻahu: Kailua Beach Park,21.397806,-157.726,2023-09-03,2023-09-03T17:00:00.000Z,10,<,outgoing,0,4.6,28.3,0.0,25.3,20.3
ddd53811-4c80-4c76-9e63-9e6ee0df3782,777,East Oʻahu: Kahaluʻu Beach,21.46011,-157.839571,2023-09-03,2023-09-03T16:20:00.000Z,171,=,outgoing,1,7.4,45.9,0.0,24.5,17.7
a4e2df03-193c-458b-82f9-454a6a9a21ca,858,South Oʻahu: Magic Island Bowls,21.282953,-157.845657,2023-08-20,2023-08-20T19:15:00.000Z,10,<,outgoing,0,0.0,4.1,3.0,26.4,20.6
e54f46ab-c0aa-44cf-9c59-74246bb33414,859,South Oʻahu: Magic Island Canoe Launch,21.28777,-157.844116,2023-08-20,2023-08-20T19:00:00.000Z,10,=,outgoing,0,0.0,4.1,3.0,26.4,20.6
743fa28c-9d92-417d-899b-16420b99cd6b,1197,North Oʻahu: Kaiaka Bay,21.5902778,-158.1191667,2023-08-20,2023-08-20T19:00:00.000Z,10,<,outgoing,0,0.2,3.1,10.0,25.8,21.7
0ad0cdbe-7083-4210-acb8-920455e7d783,776,South Oʻahu: Kaʻalāwai (Black Point/Cromwells),21.2574,-157.7968,2023-08-20,2023-08-20T18:50:00.000Z,10,=,outgoing,0,0.6,8.3,3.0,26.0,22.7
87dbd588-7c1f-400d-bc15-fc60f494b8b7,861,South Oʻahu: Waialae Beach Park,21.26885,-157.77655,2023-08-20,2023-08-20T18:35:00.000Z,10,<,outgoing,0,0.6,8.3,3.0,26.0,22.7
bbd420b2-f731-4e8e-8f2c-7cd4150a15cd,780,North Oʻahu: Pūpūkea tidepools,21.649846,-158.062988,2023-08-20,2023-08-20T18:00:00.000Z,10,<,outgoing,0,0.2,3.1,10.0,25.8,21.7
900ce411-3464-490c-bcfc-efe91dcfbde8,8916,West Oʻahu: Pōkaʻi Bay- Inside,21.4415602,-158.1907114,2023-08-20,2023-08-20T17:30:00.000Z,10,=,outgoing,0,0.2,7.3,3.0,26.7,11.2
2bc9868e-b956-49f2-b6b8-8f2b26bb8b56,8894,East Oʻahu: Kailua Beach Park,21.397806,-157.726,2023-08-20,2023-08-20T17:00:00.000Z,10,<,outgoing,0,4.6,22.9,0.0,25.5,20.3
69e515e7-4d47-41d2-b91e-89c386a5215e,777,East Oʻahu: Kahaluʻu Beach,21.46011,-157.839571,2023-08-20,2023-08-20T16:20:00.000Z,173,=,outgoing,1,6.5,31.3,0.0,24.7,17.9
cdf340e4-cad1-45c6-8c33-f76761b19554,858,South Oʻahu: Magic Island Bowls,21.282953,-157.845657,2023-08-06,2023-08-06T19:15:00.000Z,10,<,outgoing,0,0.1,2.8,0.0,26.6,23.4
413aaecb-8684-41f7-8552-ad3057f2c87c,859,South Oʻahu: Magic Island Canoe Launch,21.28777,-157.844116,2023-08-06,2023-08-06T19:00:00.000Z,20,=,outgoing,0,0.1,2.8,0.0,26.6,23.4
2840427a-6e28-42b7-9f57-e894c896702d,1197,North Oʻahu: Kaiaka Bay,21.5902778,-158.1191667,2023-08-06,2023-08-06T18:45:00.000Z,60,=,outgoing,0,0.1,6.2,0.0,26.1,22.0
9b808cdf-13f2-4e38-8509-c2919be1cb5a,776,South Oʻahu: Kaʻalāwai (Black Point/Cromwells),21.2574,-157.7968,2023-08-06,2023-08-06T18:40:00.000Z,10,<,outgoing,0,0.3,8.9,0.0,26.3,25.1
83454b5c-43d2-48bc-838c-d01104a63925,861,South Oʻahu: Waialae Beach Park,21.26885,-157.77655,2023-08-06,2023-08-06T18:25:00.000Z,10,<,outgoing,0,0.3,8.9,0.0,26.3,25.1
605b9ac5-0c29-44a9-aa0b-4a3615ae462b,780,North Oʻahu: Pūpūkea tidepools,21.649846,-158.062988,2023-08-06,2023-08-06T18:10:00.000Z,10,<,outgoing,0,0.1,6.2,0.0,26.1,22.0
8cd0b245-f3ab-4629-9992-eda9b8bc4fb9,8916,West Oʻahu: Pōkaʻi Bay- Inside,21.4415602,-158.1907114,2023-08-06,2023-08-06T18:02:00.000Z,20,=,incoming,0,0.7,1.1,0.0,26.6,21.0
8b00ae67-85bd-496c-94fa-8eb91bfe2360,8894,East Oʻahu: Kailua Beach Park,21.397806,-157.726,2023-08-06,2023-08-06T17:00:00.000Z,10,<,incoming,0,2.1,29.2,0.0,25.8,23.5
a159fd9f-7e44-42b8-a7d7-11670ee9e149,777,East Oʻahu: Kahaluʻu Beach,21.46011,-157.839571,2023-08-06,2023-08-06T16:20:00.000Z,109,=,incoming,0,2.8,37.6,0.0,24.9,21.9
d0b2f8e1-119b-4a0c-bf04-a1300e60906e,858,South Oʻahu: Magic Island Bowls,21.282953,-157.845657,2023-07-23,2023-07-23T19:15:00.000Z,20,=,outgoing,0,1.3,7.4,3.0,26.5,25.7
6ec2b70b-de52-48fe-b2e8-4890ba9f8985,776,South Oʻahu: Kaʻalāwai (Black Point/Cromwells),21.2574,-157.7968,2023-07-23,2023-07-23T18:40:00.000Z,52,=,outgoing,0,3.7,12.2,0.0,26.0,26.0
71091786-402b-4c55-ba24-cf6095bef604,861,South Oʻahu: Waialae Beach Park,21.26885,-157.77655,2023-07-23,2023-07-23T18:25:00.000Z,10,<,outgoing,0,3.7,12.2,0.0,26.0,26.0
ff2955e1-6dde-4f98-aee4-b831adeb9180,780,North Oʻahu: Pūpūkea tidepools,21.649846,-158.062988,2023-07-23,2023-07-23T18:05:00.000Z,10,<,incoming,0,2.1,16.6,0.0,25.9,25.3
2dd511ed-0c6d-4ca0-951f-1c8848a1fceb,1197,North Oʻahu: Kaiaka Bay,21.5902778,-158.1191667,2023-07-23,2023-07-23T18:05:00.000Z,52,=,outgoing,0,2.1,16.6,0.0,25.9,25.3
0db0f256-6080-40f0-a2a4-2e891eda4e61,859,South Oʻahu: Magic Island Canoe Launch,21.28777,-157.844116,2023-07-23,2023-07-23T18:00:00.000Z,97,=,outgoing,0,1.3,7.4,3.0,26.5,25.7
8af399ed-580f-49aa-b9ef-d6987c251f92,8894,East Oʻahu: Kailua Beach Park,21.397806,-157.726,2023-07-23,2023-07-23T16:43:00.000Z,10,<,incoming,0,6.9,48.2,0.0,25.5,25.1
5876d32e-2f23-4446-99f4-4df7bbc34ff3,777,East Oʻahu: Kahaluʻu Beach,21.46011,-157.839571,2023-07-23,2023-07-23T16:26:00.000Z,5475,=,outgoing,1,9.6,64.3,0.0,24.9,20.5
8118fcdb-673f-4d44-9b00-49831893a17c,777,East Oʻahu: Kahaluʻu Beach,21.46011,-157.839571,2023-07-23,2023-07-23T16:26:00.000Z,3654,=,outgoing,1,9.6,64.3,0.0,24.9,20.5
291fe09a-a55b-4adf-8ed4-5371d3a03f6c,858,South Oʻahu: Magic Island Bowls,21.282953,-157.845657,2023-07-09,2023-07-09T19:15:00.000Z,10,=,incoming,0,0.1,2.0,8.0,25.8,28.7
20647470-605e-4675-a144-cf8f531b7a3b,859,South Oʻahu: Magic Island Canoe Launch,21.28777,-157.844116,2023-07-09,2023-07-09T19:00:00.000Z,10,<,incoming,0,0.1,2.0,8.0,25.8,28.7
103da8c3-52f0-4274-a61e-13024b601076,776,South Oʻahu: Kaʻalāwai (Black Point/Cromwells),21.2574,-157.7968,2023-07-09,2023-07-09T18:45:00.000Z,10,<,incoming,0,0.5,5.0,0.0,25.4,28.7
f25773ea-f4b9-4850-9be0-7bb4293a0d8b,861,South Oʻahu: Waialae Beach Park,21.26885,-157.77655,2023-07-09,2023-07-09T18:35:00.000Z,10,<,incoming,0,0.5,5.0,0.0,25.5,28.7
41c62572-a7bc-4d04-be25-79498ae41463,1197,North Oʻahu: Kaiaka Bay,21.5902778,-158.1191667,2023-07-09,2023-07-09T18:07:00.000Z,10,=,incoming,0,0.4,3.6,0.0,25.2,29.1
544b7341-3216-416e-b19f-ef14703edd1b,780,North Oʻahu: Pūpūkea tidepools,21.649846,-158.062988,2023-07-09,2023-07-09T18:00:00.000Z,10,<,incoming,0,0.4,3.6,0.0,25.2,29.1
a8803b10-c6db-483f-bfc7-fb1d0e511156,8916,West Oʻahu: Pōkaʻi Bay- Inside,21.4415602,-158.1907114,2023-07-09,2023-07-09T17:32:00.000Z,10,<,outgoing,0,0.0,2.5,2.0,26.0,24.0
a034f8c7-81f8-4e43-904e-a3637adb4e10,8894,East Oʻahu: Kailua Beach Park,21.397806,-157.726,2023-07-09,2023-07-09T17:00:00.000Z,10,<,incoming,0,1.1,23.1,0.0,25.2,29.5
a15b438b-c85d-461b-9925-f972e13e1bad,777,East Oʻahu: Kahaluʻu Beach,21.46011,-157.839571,2023-07-09,2023-07-09T16:27:00.000Z,1785,=,incoming,1,1.7,37.5,0.0,24.4,29.4
9efef0ad-cc98-46ca-99d7-8f1cefa102a9,858,South Oʻahu: Magic Island Bowls,21.282953,-157.845657,2023-06-25,2023-06-25T19:30:00.000Z,41,=,incoming,0,0.4,6.6,1.0,25.6,30.4
a018e08c-1270-46ad-8d42-bd4eaf79780b,859,South Oʻahu: Magic Island Canoe Launch,21.28777,-157.844116,2023-06-25,2023-06-25T19:15:00.000Z,10,=,incoming,0,0.4,6.6,1.0,25.6,30.4
1ca15bf6-2ffe-4d0e-8938-517877420b4e,776,South Oʻahu: Kaʻalāwai (Black Point/Cromwells),21.2574,-157.7968,2023-06-25,2023-06-25T18:45:00.000Z,20,=,incoming,0,0.8,13.4,0.0,25.5,29.3
2fe341e0-90f1-4e92-a22e-db0536bcd3d4,8916,West Oʻahu: Pōkaʻi Bay- Inside,21.4415602,-158.1907114,2023-06-25,2023-06-25T18:40:00.000Z,10,<,outgoing,0,0.0,10.5,1.0,25.7,24.4
7ecd4947-ea19-4260-b413-58b91cfde443,861,South Oʻahu: Waialae Beach Park,21.26885,-157.77655,2023-06-25,2023-06-25T18:20:00.000Z,10,<,incoming,0,0.8,13.4,0.0,25.5,29.3
5957ae53-fda7-42a5-bb37-99e0906def89,1197,North Oʻahu: Kaiaka Bay,21.5902778,-158.1191667,2023-06-25,2023-06-25T18:02:00.000Z,10,<,incoming,0,1.8,11.4,0.0,24.6,29.8
3cfb4562-afcc-442e-aad5-559f7a7515bf,780,North Oʻahu: Pūpūkea tidepools,21.649846,-158.062988,2023-06-25,2023-06-25T18:00:00.000Z,10,<,incoming,0,1.8,11.4,0.0,24.6,29.8
68b1a51c-3e3b-4337-812a-e06651ea6f3b,8894,East Oʻahu: Kailua Beach Park,21.397806,-157.726,2023-06-25,2023-06-25T17:00:00.000Z,10,<,incoming,0,3.9,22.7,0.0,25.0,29.5
bd3365df-e77b-4fcf-a265-f986ad4d5c15,777,East Oʻahu: Kahaluʻu Beach,21.46011,-157.839571,2023-06-25,2023-06-25T16:36:00.000Z,959,=,incoming,1,4.3,33.8,0.0,24.2,30.0
ebd57972-a163-4b83-906d-589b07a5d794,859,South Oʻahu: Magic Island Canoe Launch,21.28777,-157.844116,2023-06-11,2023-06-11T20:00:00.000Z,10,=,incoming,0,0.0,1.7,6.0,26.4,26.3
fe8689fe-8ce2-4cad-af92-a45d6cd0b48f,858,South Oʻahu: Magic Island Bowls,21.282953,-157.845657,2023-06-11,2023-06-11T19:40:00.000Z,10,=,incoming,0,0.0,1.7,6.0,26.4,26.3
cbbc4ea4-4252-42ed-bee8-58c818c2a05a,861,South Oʻahu: Waialae Beach Park,21.26885,-157.77655,2023-06-11,2023-06-11T18:45:00.000Z,10,<,incoming,0,0.0,5.6,6.0,26.1,25.0
c74d1352-dcac-4939-9474-df51ff782b64,8916,West Oʻahu: Pōkaʻi Bay- Inside,21.4415602,-158.1907114,2023-06-11,2023-06-11T18:29:00.000Z,10,<,incoming,0,0.0,5.5,3.0,26.3,20.1
78b44d9b-6629-49d3-b553-653540236905,1197,North Oʻahu: Kaiaka Bay,21.5902778,-158.1191667,2023-06-11,2023-06-11T18:10:00.000Z,119,=,incoming,0,0.1,3.3,6.0,25.8,23.9
c11b286a-1ae4-4bdd-9f9d-807f194f0b2a,780,North Oʻahu: Pūpūkea tidepools,21.649846,-158.062988,2023-06-11,2023-06-11T18:00:00.000Z,10,=,incoming,0,0.1,3.3,6.0,25.8,23.9
681072fb-9258-44d7-8bd3-dd3cfb7b9817,8894,East Oʻahu: Kailua Beach Park,21.397806,-157.726,2023-06-11,2023-06-11T17:00:00.000Z,10,<,incoming,0,0.1,17.0,0.0,25.6,27.4
475a521e-1745-4a2d-b677-cdb520f16b28,777,East Oʻahu: Kahaluʻu Beach,21.46011,-157.839571,2023-06-11,2023-06-11T16:22:00.000Z,784,=,incoming,1,0.2,25.1,0.0,24.9,26.6
b976bd7d-57a2-41bc-ab4e-7caec670aa8f,858,South Oʻahu: Magic Island Bowls,21.282953,-157.845657,2023-05-28,2023-05-28T19:15:00.000Z,10,=,incoming,0,1.4,6.1,1.0,24.4,15.4
19f663c7-a988-4c12-acb2-13d1d2e418b9,859,South Oʻahu: Magic Island Canoe Launch,21.28777,-157.844116,2023-05-28,2023-05-28T19:00:00.000Z,10,=,incoming,0,1.4,6.1,1.0,24.3,15.4
9ce66272-100b-4eb6-a577-e8a6ba32737c,776,South Oʻahu: Kaʻalāwai (Black Point/Cromwells),21.2574,-157.7968,2023-05-28,2023-05-28T18:40:00.000Z,10,=,incoming,0,1.8,8.3,1.0,24.3,16.8
a1d3642a-24b2-4ec5-998b-aa6020f4a657,8916,West Oʻahu: Pōkaʻi Bay- Inside,21.4415602,-158.1907114,2023-05-28,2023-05-28T18:35:00.000Z,10,<,low,0,5.8,12.7,0.0,23.0,8.9
bb3d5128-a6d9-45b5-b4e0-bdbf20d095bb,861,South Oʻahu: Waialae Beach Park,21.26885,-157.77655,2023-05-28,2023-05-28T18:25:00.000Z,10,<,incoming,0,1.8,8.3,1.0,24.3,16.8
901070ec-0837-4e44-8708-9500c1b695c0,1197,North Oʻahu: Kaiaka Bay,21.5902778,-158.1191667,2023-05-28,2023-05-28T18:15:00.000Z,10,=,low,0,3.3,8.4,1.0,23.5,14.8
9bae408b-bada-4c36-9264-c1b31d460a89,780,North Oʻahu: Pūpūkea tidepools,21.649846,-158.062988,2023-05-28,2023-05-28T18:00:00.000Z,10,<,low,0,3.3,8.4,1.0,23.5,14.8
c321f853-96b7-4737-87b5-cedc2881c371,8894,East Oʻahu: Kailua Beach Park,21.397806,-157.726,2023-05-28,2023-05-28T17:00:00.000Z,10,<,incoming,0,1.8,19.5,1.0,23.8,15.9
70c802b6-7b05-4005-80fe-67270c718a4a,777,East Oʻahu: Kahaluʻu Beach,21.46011,-157.839571,2023-05-28,2023-05-28T16:25:00.000Z,529,=,low,1,3.0,23.6,1.0,23.2,15.5
7eab94dd-693e-4d6d-8f1e-ac44bdaa4b6a,859,South Oʻahu: Magic Island Canoe Launch,21.28777,-157.844116,2023-05-14,2023-05-14T19:20:00.000Z,3076,=,incoming,1,0.0,8.5,0.0,23.1,21.9
89b5116a-d75f-40e8-a347-bdd4dc5c7041,776,South Oʻahu: Kaʻalāwai (Black Point/Cromwells),21.2574,-157.7968,2023-05-14,2023-05-14T19:00:00.000Z,4352,=,incoming,1,1.2,10.2,0.0,23.1,19.6
976782bb-42d5-4672-a12c-835675a9ab8c,858,South Oʻahu: Magic Island Bowls,21.282953,-157.845657,2023-05-14,2023-05-14T18:50:00.000Z,1785,=,incoming,1,0.0,8.5,0.0,23.1,21.9
b9adcf58-9e40-48eb-9b19-34c5b13dd8ae,861,South Oʻahu: Waialae Beach Park,21.26885,-157.77655,2023-05-14,2023-05-14T18:30:00.000Z,4352,=,incoming,1,1.2,10.2,0.0,23.1,19.6
090224d9-9fdb-496b-807d-32423c64972c,780,North Oʻahu: Pūpūkea tidepools,21.649846,-158.062988,2023-05-14,2023-05-14T18:00:00.000Z,10,<,incoming,0,2.5,11.5,0.0,22.6,20.9
781d75d4-0d03-4256-a3d2-955830e14d38,8894,East Oʻahu: Kailua Beach Park,21.397806,-157.726,2023-05-14,2023-05-14T17:55:00.000Z,10,<,incoming,0,3.7,21.6,3.0,22.8,19.5
52b35867-e556-49ff-aa5f-c80563201eba,1197,North Oʻahu: Kaiaka Bay,21.5902778,-158.1191667,2023-05-14,2023-05-14T17:55:00.000Z,379,=,incoming,1,2.5,11.5,0.0,22.6,20.9
a07b2c80-c36c-4752-a97a-f8ed4e3c032a,8916,West Oʻahu: Pōkaʻi Bay- Inside,21.4415602,-158.1907114,2023-05-14,2023-05-14T17:15:00.000Z,10,=,outgoing,0,0.9,8.7,0.0,23.3,15.3
21f9888c-d0bc-48ab-91ac-2f1ddc6ef0a7,777,East Oʻahu: Kahaluʻu Beach,21.46011,-157.839571,2023-05-14,2023-05-14T16:25:00.000Z,4106,=,incoming,1,2.3,22.2,0.0,22.4,20.1
6791322d-ecc7-4996-a8ca-5bc7ba665818,858,South Oʻahu: Magic Island Bowls,21.282953,-157.845657,2023-04-30,2023-04-30T19:15:00.000Z,20,=,incoming,0,0.5,28.2,0.0,24.0,23.5
d0522b47-98ed-45df-bcbd-0cc42a82fe5b,859,South Oʻahu: Magic Island Canoe Launch,21.28777,-157.844116,2023-04-30,2023-04-30T19:00:00.000Z,10,<,incoming,0,0.5,28.2,0.0,24.0,23.5
a4042cae-4d4f-49d0-8ad1-bb6f47b8afe2,861,South Oʻahu: Waialae Beach Park,21.26885,-157.77655,2023-04-30,2023-04-30T18:30:00.000Z,10,<,incoming,0,2.8,31.8,0.0,24.2,23.3
872d9aee-1639-4e5c-ac5d-81b1d6362d65,8916,West Oʻahu: Pōkaʻi Bay- Inside,21.4415602,-158.1907114,2023-04-30,2023-04-30T18:20:00.000Z,10,<,incoming,0,0.0,20.7,1.0,24.3,17.3
2bf52748-cf59-489c-87a7-25c20c9a0d48,776,South Oʻahu: Kaʻalāwai (Black Point/Cromwells),21.2574,-157.7968,2023-04-30,2023-04-30T18:15:00.000Z,10,=,incoming,0,2.8,31.8,0.0,24.2,23.3
0bbacf03-d451-4fe0-bbb7-f1886b0c0023,780,North Oʻahu: Pūpūkea tidepools,21.649846,-158.062988,2023-04-30,2023-04-30T18:00:00.000Z,10,<,incoming,0,0.5,38.1,0.0,24.0,22.5
5e055c34-e0c7-49ff-b07a-d676e75fd361,1197,North Oʻahu: Kaiaka Bay,21.5902778,-158.1191667,2023-04-30,2023-04-30T17:55:00.000Z,657,=,incoming,1,0.5,38.1,0.0,24.0,22.5
a8f959c2-e742-40be-9012-31f879dee68c,8894,East Oʻahu: Kailua Beach Park,21.397806,-157.726,2023-04-30,2023-04-30T17:00:00.000Z,41,=,incoming,0,4.5,31.2,0.0,23.9,22.7
58c7b1d1-1cb2-4070-a8c4-f2fda456278e,777,East Oʻahu: Kahaluʻu Beach,21.46011,-157.839571,2023-04-30,2023-04-30T16:20:00.000Z,1722,=,outgoing,1,4.5,42.2,0.0,23.5,21.4
065dc8e2-ec34-41e8-bec6-ead89c813e08,858,South Oʻahu: Magic Island Bowls,21.282953,-157.845657,2023-04-16,2023-04-16T19:15:00.000Z,10,<,outgoing,0,1.8,6.4,2.0,24.0,17.5
a907139d-3abd-4e71-9a00-43e3ee8acfdd,859,South Oʻahu: Magic Island Canoe Launch,21.28777,-157.844116,2023-04-16,2023-04-16T19:15:00.000Z,31,=,outgoing,0,1.8,6.4,2.0,24.0,17.5
fb851757-df5d-4ba5-a9ba-2955d6d645e2,776,South Oʻahu: Kaʻalāwai (Black Point/Cromwells),21.2574,-157.7968,2023-04-16,2023-04-16T18:45:00.000Z,10,<,incoming,0,4.7,12.9,0.0,24.1,16.9
84378b72-57d6-458b-89e6-cb861c5a8175,8916,West Oʻahu: Pōkaʻi Bay- Inside,21.4415602,-158.1907114,2023-04-16,2023-04-16T18:30:00.000Z,10,=,incoming,0,0.7,6.7,0.0,24.3,16.8
ad691084-4bb2-4704-902a-b12c6b56e270,861,South Oʻahu: Waialae Beach Park,21.26885,-157.77655,2023-04-16,2023-04-16T18:20:00.000Z,10,<,incoming,0,4.7,12.9,0.0,24.2,16.9
60020b1b-f418-4be2-900a-927153658df0,1197,North Oʻahu: Kaiaka Bay,21.5902778,-158.1191667,2023-04-16,2023-04-16T18:15:00.000Z,20,=,incoming,0,2.1,20.5,0.0,23.8,14.9
42f695a6-7ce9-499f-ac8f-9fe8caab71e0,780,North Oʻahu: Pūpūkea tidepools,21.649846,-158.062988,2023-04-16,2023-04-16T18:10:00.000Z,41,=,incoming,0,2.1,20.5,0.0,23.8,14.9
6eff62f4-c185-4fde-bd31-032fe376d2af,8894,East Oʻahu: Kailua Beach Park,21.397806,-157.726,2023-04-16,2023-04-16T17:00:00.000Z,10,<,low,0,6.0,22.7,0.0,23.7,15.6
c4402487-ac66-459c-80b0-1fb4f7cc60d5,777,East Oʻahu: Kahaluʻu Beach,21.46011,-157.839571,2023-04-16,2023-04-16T16:20:00.000Z,10,=,outgoing,0,4.0,50.1,0.0,23.2,16.5
fe598ed0-263d-4519-90f9-e88bf2e5233d,858,South Oʻahu: Magic Island Bowls,21.282953,-157.845657,2023-04-02,2023-04-02T20:20:00.000Z,20,=,incoming,0,7.5,35.1,0.0,22.8,21.8
bbd8844c-e6b4-43ee-bec8-1dbe6d70e45f,859,South Oʻahu: Magic Island Canoe Launch,21.28777,-157.844116,2023-04-02,2023-04-02T20:10:00.000Z,52,=,incoming,0,7.5,35.1,0.0,22.8,21.8
0ed0a2bf-58c9-4a77-a370-452fd26b86a4,776,South Oʻahu: Kaʻalāwai (Black Point/Cromwells),21.2574,-157.7968,2023-04-02,2023-04-02T19:05:00.000Z,10,=,outgoing,0,12.2,32.5,0.0,23.0,24.8
d6e79a46-9edf-43f4-beca-354018ec114f,861,South Oʻahu: Waialae Beach Park,21.26885,-157.77655,2023-04-02,2023-04-02T18:40:00.000Z,10,<,outgoing,0,12.2,32.5,0.0,23.0,24.8
4ec91d56-599f-408f-935f-ad7c4a748e38,1197,North Oʻahu: Kaiaka Bay,21.5902778,-158.1191667,2023-04-02,2023-04-02T18:15:00.000Z,9804,=,incoming,1,9.2,35.7,0.0,22.5,29.0
7b127c3d-b320-46d3-94af-9ed2796771c2,780,North Oʻahu: Pūpūkea tidepools,21.649846,-158.062988,2023-04-02,2023-04-02T18:00:00.000Z,41,=,incoming,0,9.2,35.7,0.0,22.5,29.0
2fb9e329-a720-4c6d-9254-1a2467c74c81,8916,West Oʻahu: Pōkaʻi Bay- Inside,21.4415602,-158.1907114,2023-04-02,2023-04-02T18:00:00.000Z,10,=,outgoing,0,12.6,30.3,0.0,22.9,22.3
5129f259-e317-4ef3-b87b-3247a06bbeac,8894,East Oʻahu: Kailua Beach Park,21.397806,-157.726,2023-04-02,2023-04-02T17:00:00.000Z,10,<,outgoing,0,14.4,33.4,0.0,22.7,26.1
79e5c50e-3205-4ab3-beab-27bc4e2a4f97,777,East Oʻahu: Kahaluʻu Beach,21.46011,-157.839571,2023-04-02,2023-04-02T16:20:00.000Z,1541,=,outgoing,1,5.2,32.0,0.0,22.3,26.0
cba0e921-9417-4463-a5d8-5f0ff9d146c0,858,South Oʻahu: Magic Island Bowls,21.282953,-157.845657,2023-03-19,2023-03-19T19:15:00.000Z,20,=,low,0,0.2,16.6,0.0,24.1,16.2
5edc3328-1cfd-4638-bd9f-7b8c25a3e9b0,776,South Oʻahu: Kaʻalāwai (Black Point/Cromwells),21.2574,-157.7968,2023-03-19,2023-03-19T19:10:00.000Z,10,<,low,0,1.2,13.2,0.0,24.0,16.9
90ae6802-7ced-486c-8be2-fd564c6cd298,859,South Oʻahu: Magic Island Canoe Launch,21.28777,-157.844116,2023-03-19,2023-03-19T19:00:00.000Z,122,=,low,0,0.2,16.6,0.0,24.1,16.2
e2b89873-27df-48b7-bd61-73ea1710e566,1197,North Oʻahu: Kaiaka Bay,21.5902778,-158.1191667,2023-03-19,2023-03-19T19:00:00.000Z,41,=,low,0,2.8,14.6,0.0,23.3,11.3
993baece-044d-429b-97cf-37b98f4350de,861,South Oʻahu: Waialae Beach Park,21.26885,-157.77655,2023-03-19,2023-03-19T18:55:00.000Z,265,=,low,1,1.2,13.2,0.0,24.0,16.9
626a0dd8-771c-4267-87ae-f27cdb1a896c,780,North Oʻahu: Pūpūkea tidepools,21.649846,-158.062988,2023-03-19,2023-03-19T18:00:00.000Z,75,=,low,0,2.8,14.6,0.0,23.3,11.3
2e4ccbec-1677-4e0c-a162-a580c667c921,8916,West Oʻahu: Pōkaʻi Bay- Inside,21.4415602,-158.1907114,2023-03-19,2023-03-19T17:40:00.000Z,10,<,outgoing,0,0.7,18.8,0.0,23.7,15.5
231fa5ab-759c-443d-8940-d39d04227f20,8894,East Oʻahu: Kailua Beach Park,21.397806,-157.726,2023-03-19,2023-03-19T17:10:00.000Z,10,=,low,0,0.2,7.3,0.0,24.0,15.4
bc06a329-21f8-4a75-8ac2-14a847c99c1c,777,East Oʻahu: Kahaluʻu Beach,21.46011,-157.839571,2023-03-19,2023-03-19T16:25:00.000Z,331,=,low,1,0.3,6.3,0.0,23.5,15.6
9a67a60a-f039-4df7-927e-ba6d90cfb1b5,858,South Oʻahu: Magic Island Bowls,21.282953,-157.845657,2023-03-05,2023-03-05T20:25:00.000Z,10,<,outgoing,0,2.5,6.4,0.0,22.2,13.3
bf120c92-9875-46d5-a09d-eb77eb99c8aa,859,South Oʻahu: Magic Island Canoe Launch,21.28777,-157.844116,2023-03-05,2023-03-05T20:10:00.000Z,63,=,outgoing,0,2.5,6.4,0.0,22.1,13.3
619a7b67-d646-4b49-9fde-87cc79a2aab8,776,South Oʻahu: Kaʻalāwai (Black Point/Cromwells),21.2574,-157.7968,2023-03-05,2023-03-05T19:30:00.000Z,31,=,low,0,2.3,10.7,0.0,22.3,13.5
f429c87e-3068-4a10-ab25-f46c181d5507,861,South Oʻahu: Waialae Beach Park,21.26885,-157.77655,2023-03-05,2023-03-05T19:10:00.000Z,85,=,low,0,2.3,10.7,0.0,22.3,13.5
3746233c-501d-43a1-9172-58f0e8994e09,780,North Oʻahu: Pūpūkea tidepools,21.649846,-158.062988,2023-03-05,2023-03-05T17:55:00.000Z,41,=,outgoing,0,2.3,23.6,0.0,22.3,14.1
424cc289-061a-4fe0-bf44-9ae951342fe4,8916,West Oʻahu: Pōkaʻi Bay- Inside,21.4415602,-158.1907114,2023-03-05,2023-03-05T17:43:00.000Z,10,<,incoming,0,0.4,4.5,0.0,22.2,13.7
7b721495-3ffa-443d-a542-c7384a54ba32,1197,North Oʻahu: Kaiaka Bay,21.5902778,-158.1191667,2023-03-05,2023-03-05T17:31:00.000Z,279,=,low,1,2.3,23.6,0.0,22.3,14.1
618b3874-bb74-45ad-b8ba-e86874c88863,8894,East Oʻahu: Kailua Beach Park,21.397806,-157.726,2023-03-05,2023-03-05T17:10:00.000Z,10,<,outgoing,0,0.7,29.2,0.0,21.8,11.0
4ed54aa1-20ce-4c8b-869a-f48d3075bc03,777,East Oʻahu: Kahaluʻu Beach,21.46011,-157.839571,2023-03-05,2023-03-05T16:45:00.000Z,235,=,outgoing,1,5.5,44.2,0.0,21.2,9.9
1b362421-2e91-4f81-a550-bd03e24e8528,859,South Oʻahu: Magic Island Canoe Launch,21.28777,-157.844116,2023-02-19,2023-02-19T20:20:00.000Z,1296,=,outgoing,1,5.3,59.5,0.0,23.1,18.8
9f1b13bb-413c-4d54-8a4f-691ef5081257,776,South Oʻahu: Kaʻalāwai (Black Point/Cromwells),21.2574,-157.7968,2023-02-19,2023-02-19T18:55:00.000Z,52,=,outgoing,0,9.3,69.4,0.0,23.1,20.5
7491efd8-c2e1-430a-824b-748014814552,861,South Oʻahu: Waialae Beach Park,21.26885,-157.77655,2023-02-19,2023-02-19T18:35:00.000Z,5794,=,outgoing,1,9.3,69.4,0.0,23.1,20.5
9a046bb5-8383-4c82-9989-43f056d1cb66,1197,North Oʻahu: Kaiaka Bay,21.5902778,-158.1191667,2023-02-19,2023-02-19T18:20:00.000Z,9606,=,outgoing,1,1.4,54.7,0.0,23.1,26.8
0f1831dd-5eb7-41b4-9eb7-7d8d936ebbd9,858,South Oʻahu: Magic Island Bowls,21.282953,-157.845657,2023-02-19,2023-02-19T18:15:00.000Z,464,=,outgoing,1,5.3,59.5,0.0,23.1,18.8
31b7ce34-5dad-43fb-92ac-3a06aac8e075,8916,West Oʻahu: Pōkaʻi Bay- Inside,21.4415602,-158.1907114,2023-02-19,2023-02-19T18:00:00.000Z,10,<,outgoing,0,3.9,58.5,0.0,23.2,19.1
2dbbfe3d-f7f7-4bc0-bf34-68f70b8b7906,8894,East Oʻahu: Kailua Beach Park,21.397806,-157.726,2023-02-19,2023-02-19T17:00:00.000Z,265,=,outgoing,1,7.4,72.0,0.0,22.8,26.7
dab15d0e-e019-4c9c-9b4f-774c35a27651,780,North Oʻahu: Pūpūkea tidepools,21.649846,-158.062988,2023-02-19,2023-02-19T16:55:00.000Z,10,=,outgoing,0,1.4,54.7,0.0,23.1,26.8
70c4ab00-1f51-40c0-82d7-9577e80ed009,777,East Oʻahu: Kahaluʻu Beach,21.46011,-157.839571,2023-02-19,2023-02-19T16:25:00.000Z,213,=,outgoing,1,7.5,102.4,0.0,22.5,26.3
e9d7df59-a321-4757-99fa-f8c8bed707ba,859,South Oʻahu: Magic Island Canoe Launch,21.28777,-157.844116,2023-02-05,2023-02-05T19:00:00.000Z,397,=,high,1,1.2,20.1,0.0,23.4,28.1
06b6b34d-def4-4659-873f-888e0bb9afc4,861,South Oʻahu: Waialae Beach Park,21.26885,-157.77655,2023-02-05,2023-02-05T19:00:00.000Z,960,=,outgoing,1,2.1,27.4,0.0,23.5,27.3
b335b2db-9fcd-4901-8c02-641251980b4f,858,South Oʻahu: Magic Island Bowls,21.282953,-157.845657,2023-02-05,2023-02-05T19:00:00.000Z,216,=,high,1,1.2,20.1,0.0,23.4,28.1
0f6c6b34-7d84-4861-bea4-798914bc2708,1197,North Oʻahu: Kaiaka Bay,21.5902778,-158.1191667,2023-02-05,2023-02-05T18:00:00.000Z,24196,>,low,1,2.5,37.9,0.0,23.2,28.8
93089c82-2357-456f-9ed7-6e08f6026aa5,8894,East Oʻahu: Kailua Beach Park,21.397806,-157.726,2023-02-05,2023-02-05T17:10:00.000Z,228,=,outgoing,1,5.2,43.2,0.0,23.2,25.7
d4180637-fce9-4c34-91c5-3a5f2a4f15d0,8916,West Oʻahu: Pōkaʻi Bay- Inside,21.4415602,-158.1907114,2023-02-05,2023-02-05T17:10:00.000Z,85,=,low,0,0.0,22.7,0.0,24.0,22.8
8c12e460-68e5-4d57-a458-f62c0cfcbc42,777,East Oʻahu: Kahaluʻu Beach,21.46011,-157.839571,2023-02-05,2023-02-05T16:30:00.000Z,19863,=,outgoing,1,12.7,44.2,0.0,22.7,27.9
c8d76ced-e198-4969-8f2d-09d48789c3ab,858,South Oʻahu: Magic Island Bowls,21.282953,-157.845657,2023-01-22,2023-01-22T19:00:00.000Z,30,=,incoming,0,0.0,3.5,1.0,23.8,16.7
914e6e29-cf09-4423-b007-66586e42c3a5,859,South Oʻahu: Magic Island Canoe Launch,21.28777,-157.844116,2023-01-22,2023-01-22T19:00:00.000Z,231,=,incoming,1,0.0,3.5,1.0,23.8,16.7
fccbb778-9768-466b-ae20-7f7b55a22b59,776,South Oʻahu: Kaʻalāwai (Black Point/Cromwells),21.2574,-157.7968,2023-01-22,2023-01-22T18:35:00.000Z,10,=,outgoing,0,0.3,2.3,17.0,23.4,19.1
0d73257f-922c-4e56-b3a2-65a300226d26,861,South Oʻahu: Waialae Beach Park,21.26885,-157.77655,2023-01-22,2023-01-22T18:20:00.000Z,683,=,outgoing,1,0.3,2.3,17.0,23.5,19.1
d51c752a-bbb6-47d2-911d-1f32465c760a,8916,West Oʻahu: Pōkaʻi Bay- Inside,21.4415602,-158.1907114,2023-01-22,2023-01-22T18:20:00.000Z,332,=,outgoing,1,2.6,5.5,0.0,23.1,13.6
04609978-46c8-488a-a745-e0605d28600d,8894,East Oʻahu: Kailua Beach Park,21.397806,-157.726,2023-01-22,2023-01-22T17:00:00.000Z,52,=,outgoing,0,1.3,9.6,2.0,23.1,18.5
f1a053ad-21e6-4109-ab6a-daac6c2347e1,777,East Oʻahu: Kahaluʻu Beach,21.46011,-157.839571,2023-01-22,2023-01-22T16:30:00.000Z,173,=,outgoing,1,1.2,7.3,2.0,22.8,17.7
76e934e6-69f7-4031-bef5-5b37a1b9da81,776,South Oʻahu: Kaʻalāwai (Black Point/Cromwells),21.2574,-157.7968,2023-01-08,2023-01-09T06:50:00.000Z,10,<,outgoing,0,0.0,7.2,3.0,22.7,16.3
45f0f9c1-d897-4d95-ba45-a6941bff88f2,859,South Oʻahu: Magic Island Canoe Launch,21.28777,-157.844116,2023-01-08,2023-01-08T20:50:00.000Z,201,=,outgoing,1,0.0,2.3,3.0,23.0,15.9
2f688a5d-a400-4713-8c37-6f32b1a5f5fb,858,South Oʻahu: Magic Island Bowls,21.282953,-157.845657,2023-01-08,2023-01-08T20:20:00.000Z,10,=,outgoing,0,0.0,2.3,3.0,23.0,15.9
1502f1c0-7e97-48b3-a23d-797d47b9780e,861,South Oʻahu: Waialae Beach Park,21.26885,-157.77655,2023-01-08,2023-01-08T18:30:00.000Z,98,=,outgoing,0,0.0,7.2,3.0,22.7,16.3
2632c747-b2df-4c08-a8b7-1dac7188d2b7,8916,West Oʻahu: Pōkaʻi Bay- Inside,21.4415602,-158.1907114,2023-01-08,2023-01-08T18:25:00.000Z,10,<,outgoing,0,0.0,4.4,2.0,22.5,19.3
838f00b5-e58c-4940-9f2f-ba61975c00d4,1197,North Oʻahu: Kaiaka Bay,21.5902778,-158.1191667,2023-01-08,2023-01-08T18:00:00.000Z,10,<,outgoing,0,0.2,6.9,3.0,22.3,16.2
15b9f1d6-4f7b-4be7-8530-9394731df6ec,780,North Oʻahu: Pūpūkea tidepools,21.649846,-158.062988,2023-01-08,2023-01-08T18:00:00.000Z,10,<,outgoing,0,0.2,6.9,3.0,22.3,16.2
f09f838b-68f8-4906-9643-279c90717bb9,8894,East Oʻahu: Kailua Beach Park,21.397806,-157.726,2023-01-08,2023-01-08T17:00:00.000Z,10,<,outgoing,0,0.0,14.4,1.0,22.8,18.0
49c94774-4ba1-4bfd-8cf3-08a12d592379,777,East Oʻahu: Kahaluʻu Beach,21.46011,-157.839571,2023-01-08,2023-01-08T16:25:00.000Z,110,=,outgoing,0,0.0,17.5,1.0,22.6,18.3
0175b0c3-0029-4f30-a4a1-255829c040e2,859,South Oʻahu: Magic Island Canoe Launch,21.28777,-157.844116,2022-12-11,2022-12-11T19:30:00.000Z,10,=,outgoing,0,0.5,3.2,5.0,24.4,31.1
be7ec326-10dd-45cf-8b7c-37ee3aa7b80c,858,South Oʻahu: Magic Island Bowls,21.282953,-157.845657,2022-12-11,2022-12-11T19:25:00.000Z,10,<,outgoing,0,0.5,3.2,5.0,24.4,31.1
c6af3f14-01e5-499b-8f4e-ff2cd0d53876,776,South Oʻahu: Kaʻalāwai (Black Point/Cromwells),21.2574,-157.7968,2022-12-11,2022-12-11T18:30:00.000Z,10,<,high,0,0.2,5.9,6.0,24.3,29.1
268af55a-7128-405d-aaf4-24322c6d820c,1197,North Oʻahu: Kaiaka Bay,21.5902778,-158.1191667,2022-12-11,2022-12-11T18:20:00.000Z,171,=,outgoing,1,1.7,8.9,3.0,23.6,27.9
074e6b6c-d6f0-4b7b-8f5a-b3ef77cf7384,8916,West Oʻahu: Pōkaʻi Bay- Inside,21.4415602,-158.1907114,2022-12-11,2022-12-11T18:00:00.000Z,10,<,incoming,0,0.1,2.5,4.0,24.4,23.1
ea8be44e-a25b-463d-8ac0-6cce1d1c60c0,780,North Oʻahu: Pūpūkea tidepools,21.649846,-158.062988,2022-12-11,2022-12-11T18:00:00.000Z,20,=,outgoing,0,1.7,8.9,3.0,23.6,27.9
7083f712-d792-4aea-b484-136b5e3181fd,8894,East Oʻahu: Kailua Beach Park,21.397806,-157.726,2022-12-11,2022-12-11T17:00:00.000Z,10,=,high,0,2.7,12.0,1.0,24.0,27.4
acd43601-b77e-4d21-833a-bc972577c52c,777,East Oʻahu: Kahaluʻu Beach,21.46011,-157.839571,2022-12-11,2022-12-11T16:30:00.000Z,676,=,high,1,7.3,15.9,2.0,23.4,27.0
6b721996-6e5a-479b-9fdc-895e2c6fbf68,861,South Oʻahu: Waialae Beach Park,21.26885,-157.77655,2022-11-27,2022-11-27T18:45:00.000Z,96,=,high,0,5.3,6.1,2.0,23.0,11.3
df8e7de3-2f7c-4847-abdc-b959a2caeb24,8916,West Oʻahu: Pōkaʻi Bay- Inside,21.4415602,-158.1907114,2022-11-27,2022-11-27T18:35:00.000Z,30,=,high,0,0.0,0.7,9.0,23.1,14.0
5049f8c2-e978-4f41-a06a-74cb79763330,780,North Oʻahu: Pūpūkea tidepools,21.649846,-158.062988,2022-11-27,2022-11-27T18:30:00.000Z,988,=,high,1,0.0,8.8,1.0,22.7,11.7
b750bc90-dd58-4426-9c2c-928169c815dc,858,South Oʻahu: Magic Island Bowls,21.282953,-157.845657,2022-11-27,2022-11-27T18:30:00.000Z,10,=,outgoing,0,2.4,3.1,2.0,22.9,17.9
84f91b1b-dfbd-40dc-9bf4-27e90014400f,859,South Oʻahu: Magic Island Canoe Launch,21.28777,-157.844116,2022-11-27,2022-11-27T18:30:00.000Z,168,=,outgoing,1,2.4,3.1,2.0,22.9,17.9
71814906-6c72-4063-9d6e-1bb4e156c19f,1197,North Oʻahu: Kaiaka Bay,21.5902778,-158.1191667,2022-11-27,2022-11-27T18:00:00.000Z,10,<,high,0,0.0,8.8,1.0,22.7,11.7
c358e219-f00a-49c2-98d0-58e8ff1e581e,8894,East Oʻahu: Kailua Beach Park,21.397806,-157.726,2022-11-27,2022-11-27T17:00:00.000Z,31,=,outgoing,0,4.0,16.2,2.0,22.7,10.8
93c58536-eee9-4370-bfc2-319d0d624712,777,East Oʻahu: Kahaluʻu Beach,21.46011,-157.839571,2022-11-27,2022-11-27T16:25:00.000Z,265,=,high,1,0.8,18.5,0.0,22.3,10.8
9aa7dc7e-31fd-4f59-be78-8e9a93622154,858,South Oʻahu: Magic Island Bowls,21.282953,-157.845657,2022-11-13,2022-11-13T19:00:00.000Z,41,=,high,0,0.4,3.5,0.0,24.5,24.8
5201c784-c2e8-4cbd-8294-46c8be6814c9,776,South Oʻahu: Kaʻalāwai (Black Point/Cromwells),21.2574,-157.7968,2022-11-13,2022-11-13T18:55:00.000Z,749,=,high,1,1.8,10.0,0.0,24.5,23.9
9d145e78-b8ea-4cf1-b942-12aeccf133ca,859,South Oʻahu: Magic Island Canoe Launch,21.28777,-157.844116,2022-11-13,2022-11-13T18:50:00.000Z,3076,=,high,1,0.4,3.5,0.0,24.5,24.8
44ffe3e7-7926-4319-8d08-291854aa8db5,861,South Oʻahu: Waialae Beach Park,21.26885,-157.77655,2022-11-13,2022-11-13T18:30:00.000Z,74,=,high,0,1.8,10.0,0.0,24.6,23.9
58887158-2bd6-49e8-b39a-988a0c7f212e,1197,North Oʻahu: Kaiaka Bay,21.5902778,-158.1191667,2022-11-13,2022-11-13T18:00:00.000Z,573,=,high,1,1.9,10.8,0.0,24.2,23.5
60913daf-3236-419f-8a37-388d89af24af,780,North Oʻahu: Pūpūkea tidepools,21.649846,-158.062988,2022-11-13,2022-11-13T18:00:00.000Z,171,=,high,1,1.9,10.8,0.0,24.2,23.5
36312784-ba60-4f32-ad6c-cdc8d7d96f60,8916,West Oʻahu: Pōkaʻi Bay- Inside,21.4415602,-158.1907114,2022-11-13,2022-11-13T17:30:00.000Z,20,=,high,0,0.0,1.0,10.0,24.8,16.4
282db184-7341-4259-ad92-0f88d424cb06,8894,East Oʻahu: Kailua Beach Park,21.397806,-157.726,2022-11-13,2022-11-13T17:10:00.000Z,10,<,high,0,4.6,12.1,0.0,24.3,23.1
754400f0-73be-4678-b8bb-6b242ca1fa1e,777,East Oʻahu: Kahaluʻu Beach,21.46011,-157.839571,2022-11-13,2022-11-13T16:25:00.000Z,1565,=,high,1,3.6,29.0,0.0,23.8,22.3
04327c1b-2f3e-46ba-9052-4f8464229dc3,858,South Oʻahu: Magic Island Bowls,21.282953,-157.845657,2022-10-30,2022-10-30T19:10:00.000Z,52,=,high,0,0.2,6.3,1.0,26.2,23.2
da203a90-33f0-4403-9ecc-4fac5202fe0c,776,South Oʻahu: Kaʻalāwai (Black Point/Cromwells),21.2574,-157.7968,2022-10-30,2022-10-30T18:45:00.000Z,120,=,high,0,0.8,13.9,1.0,26.1,23.1
bc8c459c-3a2b-4567-8547-03d5507f91f6,859,South Oʻahu: Magic Island Canoe Launch,21.28777,-157.844116,2022-10-30,2022-10-30T18:45:00.000Z,209,=,high,1,0.2,6.3,1.0,26.1,23.2
fe6e1e0e-5325-4f19-9d15-3233a45bc74d,861,South Oʻahu: Waialae Beach Park,21.26885,-157.77655,2022-10-30,2022-10-30T18:25:00.000Z,52,=,high,0,0.8,13.9,1.0,26.1,23.1
283fd26c-ca7a-4cba-9648-4ea116344858,8916,West Oʻahu: Pōkaʻi Bay- Inside,21.4415602,-158.1907114,2022-10-30,2022-10-30T18:15:00.000Z,10,<,incoming,0,0.4,3.8,1.0,26.3,14.1
34d692e1-8caa-411f-973b-fd0d01d8a9af,780,North Oʻahu: Pūpūkea tidepools,21.649846,-158.062988,2022-10-30,2022-10-30T18:10:00.000Z,52,=,high,0,0.8,18.6,1.0,25.6,22.4
a008a88a-8a33-4b8c-851d-3d15fa0d2036,1197,North Oʻahu: Kaiaka Bay,21.5902778,-158.1191667,2022-10-30,2022-10-30T18:00:00.000Z,323,=,high,1,0.8,18.6,1.0,25.6,22.4
c0649db3-0974-4c36-ad38-3850dc26c503,8894,East Oʻahu: Kailua Beach Park,21.397806,-157.726,2022-10-30,2022-10-30T17:10:00.000Z,20,=,high,0,1.1,27.6,0.0,25.7,21.6
21e9df8b-ed1f-4a8d-aaae-80c88f6ebb0d,777,East Oʻahu: Kahaluʻu Beach,21.46011,-157.839571,2022-10-30,2022-10-30T16:25:00.000Z,905,=,high,1,3.3,42.7,0.0,25.3,20.9
220d1ff9-43be-4660-beb6-b4001bc5b684,776,South Oʻahu: Kaʻalāwai (Black Point/Cromwells),21.2574,-157.7968,2022-10-16,2022-10-16T18:55:00.000Z,20,=,high,0,0.1,15.7,1.0,26.1,18.5
a72ea215-7b42-46be-b815-6f8ef596dd1d,861,South Oʻahu: Waialae Beach Park,21.26885,-157.77655,2022-10-16,2022-10-16T18:30:00.000Z,10,=,high,0,0.1,15.7,1.0,26.1,18.5
cadbd87d-43cd-4f07-b566-7473118672a0,858,South Oʻahu: Magic Island Bowls,21.282953,-157.845657,2022-10-16,2022-10-16T18:15:00.000Z,10,=,high,0,0.0,13.8,1.0,25.8,17.9
991d93db-e81a-432d-968d-b018b03c75bb,859,South Oʻahu: Magic Island Canoe Launch,21.28777,-157.844116,2022-10-16,2022-10-16T18:15:00.000Z,97,=,high,0,0.0,13.8,1.0,25.8,17.9
68061227-c40e-4fdb-8954-c9b208f5a6da,780,North Oʻahu: Pūpūkea tidepools,21.649846,-158.062988,2022-10-16,2022-10-16T18:00:00.000Z,10,<,high,0,0.0,26.4,1.0,25.6,18.4
7ce3917f-7376-44a2-b79f-89cb245327fe,1197,North Oʻahu: Kaiaka Bay,21.5902778,-158.1191667,2022-10-16,2022-10-16T17:55:00.000Z,10,=,high,0,0.0,26.4,1.0,25.6,18.4
ddc6f0c9-be37-4b8a-9957-9df18ceaaab1,8916,West Oʻahu: Pōkaʻi Bay- Inside,21.4415602,-158.1907114,2022-10-16,2022-10-16T17:45:00.000Z,10,=,incoming,0,0.7,12.5,2.0,25.4,12.8
42c4f673-cbbe-4afd-82d9-ee88981f7d5a,8894,East Oʻahu: Kailua Beach Park,21.397806,-157.726,2022-10-16,2022-10-16T17:25:00.000Z,10,=,high,0,2.4,20.3,0.0,25.7,18.7
35a3f22e-4bb0-40d6-be01-22332b78be39,777,East Oʻahu: Kahaluʻu Beach,21.46011,-157.839571,2022-10-16,2022-10-16T16:20:00.000Z,2613,=,incoming,1,2.1,36.3,1.0,25.0,17.8
eeed0417-eb78-47ab-b413-67d29b1a4519,859,South Oʻahu: Magic Island Canoe Launch,21.28777,-157.844116,2022-10-02,2022-10-02T19:00:00.000Z,75,=,high,0,1.5,3.6,6.0,25.6,21.9
d892e078-614b-4629-8810-83e65270f2c2,858,South Oʻahu: Magic Island Bowls,21.282953,-157.845657,2022-10-02,2022-10-02T18:50:00.000Z,10,<,high,0,1.5,3.6,6.0,25.6,21.9
553fcfa2-974f-4187-8345-422d0fc7cf64,776,South Oʻahu: Kaʻalāwai (Black Point/Cromwells),21.2574,-157.7968,2022-10-02,2022-10-02T18:45:00.000Z,20,=,high,0,2.5,5.1,6.0,25.3,21.9
42cea4c9-d333-4ae1-9584-7e364d75c889,861,South Oʻahu: Waialae Beach Park,21.26885,-157.77655,2022-10-02,2022-10-02T18:25:00.000Z,20,=,high,0,2.5,5.1,6.0,25.3,21.9
26578fa2-cccb-468e-bb69-0681228d6eba,780,North Oʻahu: Pūpūkea tidepools,21.649846,-158.062988,2022-10-02,2022-10-02T18:15:00.000Z,754,=,high,1,2.2,0.7,9.0,25.4,19.8
18694c45-f5b0-4bba-98d7-7f65f7572285,1197,North Oʻahu: Kaiaka Bay,21.5902778,-158.1191667,2022-10-02,2022-10-02T17:40:00.000Z,84,=,high,0,2.2,0.7,9.0,25.4,19.8
9889da64-f1f5-4098-be68-bdba154c83ba,8916,West Oʻahu: Pōkaʻi Bay- Inside,21.4415602,-158.1907114,2022-10-02,2022-10-02T17:35:00.000Z,10,=,incoming,0,1.9,7.5,0.0,25.5,12.4
9e2d6942-beb7-4296-a5b1-4acab77a2052,8894,East Oʻahu: Kailua Beach Park,21.397806,-157.726,2022-10-02,2022-10-02T17:10:00.000Z,10,=,incoming,0,3.9,9.4,0.0,25.1,20.0
b21da66e-6654-4c45-bacc-8d9302ee91a5,777,East Oʻahu: Kahaluʻu Beach,21.46011,-157.839571,2022-10-02,2022-10-02T16:30:00.000Z,63,=,incoming,0,6.0,8.2,1.0,24.6,18.8
c9f84708-6e86-4246-a9fc-e1416ce69255,776,South Oʻahu: Kaʻalāwai (Black Point/Cromwells),21.2574,-157.7968,2022-09-18,2022-09-18T18:55:00.000Z,52,=,high,0,2.7,10.6,1.0,26.4,21.9
952b6a88-0773-40a2-814a-a42efa3966c6,858,South Oʻahu: Magic Island Bowls,21.282953,-157.845657,2022-09-18,2022-09-18T18:55:00.000Z,10,=,high,0,2.6,4.4,1.0,26.5,22.5
48313cff-9379-4850-812d-238194c1ad3d,859,South Oʻahu: Magic Island Canoe Launch,21.28777,-157.844116,2022-09-18,2022-09-18T18:45:00.000Z,63,=,high,0,2.6,4.4,1.0,26.5,22.5
fa904336-74f7-4dfc-8f05-739d24dc7c30,861,South Oʻahu: Waialae Beach Park,21.26885,-157.77655,2022-09-18,2022-09-18T18:35:00.000Z,10,<,high,0,2.7,10.6,1.0,26.4,21.9
a4a1f388-cf2c-45bf-9d5e-65eae1450268,780,North Oʻahu: Pūpūkea tidepools,21.649846,-158.062988,2022-09-18,2022-09-18T18:10:00.000Z,10,<,high,0,1.5,6.4,1.0,26.2,20.9
72adfa0d-586f-4a6b-8498-47d4de35f527,1197,North Oʻahu: Kaiaka Bay,21.5902778,-158.1191667,2022-09-18,2022-09-18T17:51:00.000Z,10,=,high,0,1.5,6.4,1.0,26.2,20.9
b2b6c89d-fea0-4d14-b1ae-29fa87a7a283,8916,West Oʻahu: Pōkaʻi Bay- Inside,21.4415602,-158.1907114,2022-09-18,2022-09-18T17:30:00.000Z,10,<,low,0,0.8,19.6,0.0,26.7,16.7
1c54252f-b0d2-49fe-b1c2-566bd10b0735,8894,East Oʻahu: Kailua Beach Park,21.397806,-157.726,2022-09-18,2022-09-18T17:15:00.000Z,10,<,incoming,0,3.6,14.4,1.0,26.0,18.9
f2f31c66-c29f-4b58-963f-44e7ac7c2259,777,East Oʻahu: Kahaluʻu Beach,21.46011,-157.839571,2022-09-18,2022-09-18T16:30:00.000Z,933,=,incoming,1,6.9,15.2,1.0,25.2,20.5
5a6dd000-d061-4b48-87cf-829e5ee24169,858,South Oʻahu: Magic Island Bowls,21.282953,-157.845657,2022-09-04,2022-09-04T19:10:00.000Z,63,=,incoming,0,0.0,3.7,0.0,27.0,23.0
7621943d-f713-458e-b97b-7e92653f2d8e,859,South Oʻahu: Magic Island Canoe Launch,21.28777,-157.844116,2022-09-04,2022-09-04T19:00:00.000Z,216,=,incoming,1,0.0,3.7,0.0,26.9,23.0
3110baff-a455-4b63-a585-58b10cef53fc,776,South Oʻahu: Kaʻalāwai (Black Point/Cromwells),21.2574,-157.7968,2022-09-04,2022-09-04T18:40:00.000Z,10,<,incoming,0,1.0,9.9,0.0,26.6,22.6
d1c6286a-6fa4-483f-a027-be1b7e90f3fb,861,South Oʻahu: Waialae Beach Park,21.26885,-157.77655,2022-09-04,2022-09-04T18:15:00.000Z,41,=,incoming,0,1.0,9.9,0.0,26.7,22.6
7dda6c86-8c14-4d97-8b33-5e091d355510,8916,West Oʻahu: Pōkaʻi Bay- Inside,21.4415602,-158.1907114,2022-09-04,2022-09-04T17:35:00.000Z,51,=,incoming,0,3.2,7.5,1.0,27.0,14.8
02d24d59-3615-4b63-b794-56fa4baefe31,8894,East Oʻahu: Kailua Beach Park,21.397806,-157.726,2022-09-04,2022-09-04T17:00:00.000Z,10,<,incoming,0,3.1,29.5,0.0,26.2,21.5
7f9364dc-ae0c-48c4-a0df-abb8c141d38c,777,East Oʻahu: Kahaluʻu Beach,21.46011,-157.839571,2022-09-04,2022-09-04T16:35:00.000Z,11199,=,incoming,1,6.0,28.3,0.0,25.5,20.7
acbf0eac-9c37-4d58-b9fa-ad61dc35a0bd,859,South Oʻahu: Magic Island Canoe Launch,21.28777,-157.844116,2022-08-21,2022-08-21T18:30:00.000Z,20,=,incoming,0,0.0,2.8,2.0,26.7,23.5
5fade58b-e1ac-42e0-a2e4-c39027148332,858,South Oʻahu: Magic Island Bowls,21.282953,-157.845657,2022-08-21,2022-08-21T18:30:00.000Z,10,<,incoming,0,0.0,2.8,2.0,26.7,23.5
81e20965-5f80-4b6b-a1b4-fa4e4cbe4b61,1197,North Oʻahu: Kaiaka Bay,21.5902778,-158.1191667,2022-08-21,2022-08-21T18:05:00.000Z,10,<,incoming,0,0.0,6.6,3.0,26.2,22.2
62a419f6-0046-40b8-811f-3b6065c367f3,780,North Oʻahu: Pūpūkea tidepools,21.649846,-158.062988,2022-08-21,2022-08-21T18:05:00.000Z,161,=,incoming,1,0.0,6.6,3.0,26.2,22.2
8b29dfe4-23ae-47e4-bfb8-d9550258e860,8916,West Oʻahu: Pōkaʻi Bay- Inside,21.4415602,-158.1907114,2022-08-21,2022-08-21T18:00:00.000Z,10,<,low,0,0.0,5.7,2.0,26.9,15.5
95770f5e-4849-47ed-9bb7-6e297b90b355,8894,East Oʻahu: Kailua Beach Park,21.397806,-157.726,2022-08-21,2022-08-21T17:15:00.000Z,10,<,incoming,0,0.7,26.9,0.0,26.0,21.8
038a41c0-ff9b-4eec-9ab5-3b70449b1ad0,777,East Oʻahu: Kahaluʻu Beach,21.46011,-157.839571,2022-08-21,2022-08-21T16:28:00.000Z,384,=,low,1,3.8,26.8,0.0,25.4,22.1
bd63d63e-47f0-4d58-ab96-a7f64d9ece58,858,South Oʻahu: Magic Island Bowls,21.282953,-157.845657,2022-08-07,2022-08-07T19:10:00.000Z,10,<,incoming,0,0.1,5.9,1.0,27.4,22.9
18b11968-a00c-46dd-b86e-75cd49616b66,8916,West Oʻahu: Pōkaʻi Bay- Inside,21.4415602,-158.1907114,2022-08-07,2022-08-07T19:10:00.000Z,10,<,low,0,0.5,11.1,0.0,26.9,18.0
6fdc46e0-202f-42da-b734-ae5b45cc5052,859,South Oʻahu: Magic Island Canoe Launch,21.28777,-157.844116,2022-08-07,2022-08-07T19:00:00.000Z,441,=,incoming,1,0.1,5.9,1.0,27.4,22.9
839fe3a2-8cca-4ee8-9483-c492a9a40a64,776,South Oʻahu: Kaʻalāwai (Black Point/Cromwells),21.2574,-157.7968,2022-08-07,2022-08-07T18:50:00.000Z,30,=,incoming,0,0.1,9.7,2.0,27.1,22.2
297dbd84-a58e-4128-9cac-cd8c50815833,861,South Oʻahu: Waialae Beach Park,21.26885,-157.77655,2022-08-07,2022-08-07T18:30:00.000Z,20,=,incoming,0,0.1,9.7,2.0,27.2,22.2
41c0a420-0ea5-4646-9c6f-e988ed419a00,8894,East Oʻahu: Kailua Beach Park,21.397806,-157.726,2022-08-07,2022-08-07T18:00:00.000Z,10,<,incoming,0,0.0,24.8,0.0,26.7,21.0
1d3b5d46-6749-4517-a348-6a9dafac4c77,777,East Oʻahu: Kahaluʻu Beach,21.46011,-157.839571,2022-08-07,2022-08-07T16:25:00.000Z,3255,=,incoming,1,0.3,36.6,0.0,25.9,20.7
0207f700-651c-46b3-aeb5-32b6f4399659,858,South Oʻahu: Magic Island Bowls,21.282953,-157.845657,2022-07-24,2022-07-24T19:05:00.000Z,10,<,incoming,0,0.0,2.7,8.0,26.1,21.9
d8310ee1-b5e9-4d0e-9b3c-2872f27ae970,859,South Oʻahu: Magic Island Canoe Launch,21.28777,-157.844116,2022-07-24,2022-07-24T18:50:00.000Z,52,=,incoming,0,0.0,2.7,8.0,26.1,21.9
af2a0e65-a466-46bf-a0f6-7c28d050a0f9,776,South Oʻahu: Kaʻalāwai (Black Point/Cromwells),21.2574,-157.7968,2022-07-24,2022-07-24T18:45:00.000Z,10,=,incoming,0,0.0,7.3,2.0,25.8,21.1
7369a15b-e0cf-4733-9bd0-912521a9bb18,861,South Oʻahu: Waialae Beach Park,21.26885,-157.77655,2022-07-24,2022-07-24T18:25:00.000Z,10,<,incoming,0,0.0,7.3,2.0,25.8,21.1
d990021a-f2d9-418b-9dd3-baa936c81c65,8916,West Oʻahu: Pōkaʻi Bay- Inside,21.4415602,-158.1907114,2022-07-24,2022-07-24T18:10:00.000Z,10,<,low,0,0.0,0.0,8.0,26.6,18.5
bbaabf60-d8bf-46da-bbb7-e347a361229d,780,North Oʻahu: Pūpūkea tidepools,21.649846,-158.062988,2022-07-24,2022-07-24T18:05:00.000Z,1246,=,incoming,1,0.0,8.3,1.0,25.6,22.8
fe360bdb-712a-43fe-b8ea-64625e50defa,1197,North Oʻahu: Kaiaka Bay,21.5902778,-158.1191667,2022-07-24,2022-07-24T17:50:00.000Z,146,=,incoming,1,0.0,8.3,1.0,25.6,22.8
1b0407f5-5400-4fdb-a7ee-c1b5f8287a61,8894,East Oʻahu: Kailua Beach Park,21.397806,-157.726,2022-07-24,2022-07-24T17:05:00.000Z,74,=,incoming,0,0.4,29.2,0.0,25.4,21.3
2cc11ea4-df28-4c8b-b57c-0eace231946f,777,East Oʻahu: Kahaluʻu Beach,21.46011,-157.839571,2022-07-24,2022-07-24T16:35:00.000Z,621,=,outgoing,1,5.3,48.8,0.0,24.6,22.7
448efa46-f7c7-4e89-b5d5-c96aa19a4444,858,South Oʻahu: Magic Island Bowls,21.282953,-157.845657,2022-07-10,2022-07-10T19:05:00.000Z,10,=,incoming,0,1.2,5.3,4.0,25.8,29.5
246df0f1-44e4-45e4-8194-282c830b7fe7,1197,North Oʻahu: Kaiaka Bay,21.5902778,-158.1191667,2022-07-10,2022-07-10T18:50:00.000Z,8164,=,incoming,1,0.6,21.1,0.0,25.4,29.4
a0437a48-8768-4b7d-8fc9-7fa2c8f3f18a,776,South Oʻahu: Kaʻalāwai (Black Point/Cromwells),21.2574,-157.7968,2022-07-10,2022-07-10T18:50:00.000Z,10,=,incoming,0,2.1,16.1,0.0,25.5,28.3
39aa067e-c2ee-4fcf-bed8-58c483180a19,859,South Oʻahu: Magic Island Canoe Launch,21.28777,-157.844116,2022-07-10,2022-07-10T18:45:00.000Z,108,=,incoming,0,1.2,5.3,4.0,25.8,29.5
4e7f7d71-630e-43f8-9385-1782ce288a3b,780,North Oʻahu: Pūpūkea tidepools,21.649846,-158.062988,2022-07-10,2022-07-10T18:20:00.000Z,1529,=,incoming,1,0.6,21.1,0.0,25.4,29.4
e9d0ab16-f0d5-4b42-8158-f391b9a843ff,861,South Oʻahu: Waialae Beach Park,21.26885,-157.77655,2022-07-10,2022-07-10T18:15:00.000Z,10,<,incoming,0,2.1,16.1,0.0,25.6,28.3
5d7f0896-3f93-428f-8e15-be480b7b563a,8894,East Oʻahu: Kailua Beach Park,21.397806,-157.726,2022-07-10,2022-07-10T17:15:00.000Z,10,<,incoming,0,6.1,40.1,0.0,25.1,28.5
d125fd8a-adb5-4504-8920-0a9b780f5416,777,East Oʻahu: Kahaluʻu Beach,21.46011,-157.839571,2022-07-10,2022-07-10T16:30:00.000Z,908,=,incoming,1,5.4,66.1,0.0,24.5,27.7
0a802c9f-0acb-4360-a910-bcfbe4f56803,776,South Oʻahu: Kaʻalāwai (Black Point/Cromwells),21.2574,-157.7968,2022-06-26,2022-06-26T18:40:00.000Z,10,<,low,0,0.0,14.0,0.0,25.8,16.7
42fde9e4-3a7e-4fe9-b100-17e82dd1c153,861,South Oʻahu: Waialae Beach Park,21.26885,-157.77655,2022-06-26,2022-06-26T18:25:00.000Z,10,<,low,0,0.0,14.0,0.0,25.9,16.7
6e036df9-0e32-4101-89cc-092b09de5f9b,859,South Oʻahu: Magic Island Canoe Launch,21.28777,-157.844116,2022-06-26,2022-06-26T18:25:00.000Z,20,=,low,0,0.0,8.2,1.0,26.1,16.8
86f0b3fa-7d0c-483d-994c-cf7c50fddcca,1197,North Oʻahu: Kaiaka Bay,21.5902778,-158.1191667,2022-06-26,2022-06-26T18:00:00.000Z,10,=,low,0,0.0,6.2,0.0,25.4,18.1
19963ef4-acad-4c5b-b2a4-4af1a0359b3e,780,North Oʻahu: Pūpūkea tidepools,21.649846,-158.062988,2022-06-26,2022-06-26T18:00:00.000Z,10,<,low,0,0.0,6.2,0.0,25.4,18.1
e5b0b9b3-06ed-423c-b43b-29f2e5cd75f2,858,South Oʻahu: Magic Island Bowls,21.282953,-157.845657,2022-06-26,2022-06-26T18:00:00.000Z,41,=,incoming,0,0.0,8.2,1.0,26.1,16.8
f10704d2-7c66-4885-ba28-bbeab3ec22e5,8894,East Oʻahu: Kailua Beach Park,21.397806,-157.726,2022-06-26,2022-06-26T18:00:00.000Z,10,<,low,0,0.1,24.2,0.0,25.4,16.3
f587bc98-512b-4c4c-afdb-d6a4af1f98ac,777,East Oʻahu: Kahaluʻu Beach,21.46011,-157.839571,2022-06-26,2022-06-26T16:26:00.000Z,1086,=,low,1,0.3,35.9,0.0,24.3,17.4
b9a66572-bcb9-490f-a214-5f1abf8d2086,776,South Oʻahu: Kaʻalāwai (Black Point/Cromwells),21.2574,-157.7968,2022-06-12,2022-06-12T19:00:00.000Z,10,=,incoming,0,2.5,7.3,1.0,25.5,27.5
e29dfb7a-d6f6-4776-ba17-c1a512021b1f,1197,North Oʻahu: Kaiaka Bay,21.5902778,-158.1191667,2022-06-12,2022-06-12T19:00:00.000Z,10,<,incoming,0,3.1,0.6,22.0,24.7,27.7
9f2f9ace-952f-426f-b9fb-b573a992d295,777,East Oʻahu: Kahaluʻu Beach,21.46011,-157.839571,2022-06-12,2022-06-12T19:00:00.000Z,798,=,outgoing,1,9.4,19.2,0.0,24.2,28.6
68300326-f77c-4d86-8820-372be483b9b4,859,South Oʻahu: Magic Island Canoe Launch,21.28777,-157.844116,2022-06-12,2022-06-12T19:00:00.000Z,20,<,incoming,0,0.3,1.7,13.0,25.8,28.3
74563465-0230-40e5-a99a-a2d64e82e21f,8894,East Oʻahu: Kailua Beach Park,21.397806,-157.726,2022-06-12,2022-06-12T19:00:00.000Z,10,<,incoming,0,7.3,18.4,0.0,25.1,27.5
cfcee268-6f34-43c8-ab70-af32c7f569e8,780,North Oʻahu: Pūpūkea tidepools,21.649846,-158.062988,2022-06-12,2022-06-12T19:00:00.000Z,10,<,incoming,0,3.1,0.6,22.0,24.7,27.7
97e50048-f56b-4043-bdb5-d91725c1f859,858,South Oʻahu: Magic Island Bowls,21.282953,-157.845657,2022-06-12,2022-06-12T19:00:00.000Z,10,=,incoming,0,0.3,1.7,13.0,25.8,28.3
e9435ede-ef08-4e8a-b7ad-b76494044f58,861,South Oʻahu: Waialae Beach Park,21.26885,-157.77655,2022-06-12,2022-06-12T19:00:00.000Z,10,=,incoming,0,2.5,7.3,1.0,25.6,27.5
a3cb753e-1b2a-47d9-9109-fd8a110782bf,861,South Oʻahu: Waialae Beach Park,21.26885,-157.77655,2022-05-29,2022-05-29T19:10:00.000Z,10,=,low,0,1.2,4.4,0.0,25.4,16.3
6dd7e7d8-e2ec-4310-848f-9c2f87b18294,1197,North Oʻahu: Kaiaka Bay,21.5902778,-158.1191667,2022-05-29,2022-05-29T18:50:00.000Z,10,=,low,0,0.0,0.6,8.0,25.1,15.4
0f51ea24-23b4-4955-b09a-3e2fe9d26621,776,South Oʻahu: Kaʻalāwai (Black Point/Cromwells),21.2574,-157.7968,2022-05-29,2022-05-29T18:35:00.000Z,259,=,low,1,1.2,4.4,0.0,25.4,16.3
195bce56-7b57-4ef9-bd90-e3390b890f04,8894,East Oʻahu: Kailua Beach Park,21.397806,-157.726,2022-05-29,2022-05-29T18:25:00.000Z,20,=,low,0,1.5,14.7,0.0,25.0,17.4
c602f010-4d64-4432-ba5e-057ead78dae3,858,South Oʻahu: Magic Island Bowls,21.282953,-157.845657,2022-05-29,2022-05-29T18:15:00.000Z,10,<,low,0,1.5,0.5,8.0,25.3,17.4
48797d2f-d255-4dd0-819b-2c232b363316,859,South Oʻahu: Magic Island Canoe Launch,21.28777,-157.844116,2022-05-29,2022-05-29T18:05:00.000Z,97,=,low,0,1.5,0.5,8.0,25.3,17.4
8ca0a282-ca5d-43f0-9075-9c4922554638,780,North Oʻahu: Pūpūkea tidepools,21.649846,-158.062988,2022-05-29,2022-05-29T18:00:00.000Z,132,=,low,1,0.0,0.6,8.0,25.1,15.4
d7eab558-a2db-4aa9-948f-54816d597d59,777,East Oʻahu: Kahaluʻu Beach,21.46011,-157.839571,2022-05-29,2022-05-29T17:50:00.000Z,24196,>,low,1,0.8,9.8,0.0,24.1,16.4
f4ec26bb-7f47-43fe-84ec-e74902edc428,859,South Oʻahu: Magic Island Canoe Launch,21.28777,-157.844116,2022-05-15,2022-05-15T19:00:00.000Z,20,=,low,0,1.7,0.3,11.0,24.7,19.6
8091d8d3-9bea-4d19-8557-8154a1e0864e,776,South Oʻahu: Kaʻalāwai (Black Point/Cromwells),21.2574,-157.7968,2022-05-15,2022-05-15T18:50:00.000Z,10,<,low,0,4.6,1.0,8.0,24.5,19.6
e2c42c6d-13cb-4a3f-92b0-fd058c0dcef2,858,South Oʻahu: Magic Island Bowls,21.282953,-157.845657,2022-05-15,2022-05-15T18:40:00.000Z,10,<,low,0,1.7,0.3,11.0,24.7,19.6
700878e2-01b4-4774-9699-624f9e7c8cc4,8894,East Oʻahu: Kailua Beach Park,21.397806,-157.726,2022-05-15,2022-05-15T18:30:00.000Z,10,<,low,0,2.1,9.6,0.0,24.1,20.9
9c649f4a-c918-4f96-bcc8-bc3c620ba2ec,861,South Oʻahu: Waialae Beach Park,21.26885,-157.77655,2022-05-15,2022-05-15T18:30:00.000Z,10,<,low,0,4.6,1.0,8.0,24.5,19.6
25345661-83fc-4deb-b77f-b29f6f1fb9b7,780,North Oʻahu: Pūpūkea tidepools,21.649846,-158.062988,2022-05-15,2022-05-15T17:55:00.000Z,10,<,low,0,0.2,4.8,3.0,24.1,18.9
1db12dfd-53c0-4144-a4bb-b5f7e07798d1,1197,North Oʻahu: Kaiaka Bay,21.5902778,-158.1191667,2022-05-15,2022-05-15T17:41:00.000Z,10,<,low,0,0.2,4.8,3.0,24.1,18.9
643adbb9-ab19-450f-8622-e04d36cca816,777,East Oʻahu: Kahaluʻu Beach,21.46011,-157.839571,2022-05-15,2022-05-15T16:30:00.000Z,2603,=,low,1,5.0,34.8,0.0,23.4,19.4
70991523-ac50-4910-b8bc-5c7c88745c6a,858,South Oʻahu: Magic Island Bowls,21.282953,-157.845657,2022-05-01,2022-05-01T19:10:00.000Z,86,=,low,0,2.8,3.7,0.0,23.9,30.8
6ee4aa4d-de50-4d67-9848-17fcb70ad1f3,859,South Oʻahu: Magic Island Canoe Launch,21.28777,-157.844116,2022-05-01,2022-05-01T18:55:00.000Z,228,=,low,1,2.8,3.7,0.0,23.9,30.8
461a569d-0443-4037-8d50-b94c75c86513,776,South Oʻahu: Kaʻalāwai (Black Point/Cromwells),21.2574,-157.7968,2022-05-01,2022-05-01T18:35:00.000Z,10,<,low,0,2.9,12.8,0.0,23.8,29.5
bdb9895a-7c0b-4920-8edb-50ffe566f211,861,South Oʻahu: Waialae Beach Park,21.26885,-157.77655,2022-05-01,2022-05-01T18:15:00.000Z,10,<,low,0,2.9,12.8,0.0,23.8,29.5
208ac2ee-6e1f-4b54-8428-cd5484e8afdc,780,North Oʻahu: Pūpūkea tidepools,21.649846,-158.062988,2022-05-01,2022-05-01T18:00:00.000Z,10,<,low,0,8.2,6.8,0.0,23.2,31.2
fd124b42-f73d-4057-b2dd-4874d156b660,1197,North Oʻahu: Kaiaka Bay,21.5902778,-158.1191667,2022-05-01,2022-05-01T17:40:00.000Z,97,=,low,0,8.2,6.8,0.0,23.2,31.2
7b73ab43-ee93-44e8-a9bb-dfce70602885,8894,East Oʻahu: Kailua Beach Park,21.397806,-157.726,2022-05-01,2022-05-01T17:15:00.000Z,309,=,low,1,5.9,27.5,0.0,23.4,28.6
f0840374-3f52-461d-8a96-2dcaa67f74da,777,East Oʻahu: Kahaluʻu Beach,21.46011,-157.839571,2022-05-01,2022-05-01T16:25:00.000Z,1664,=,low,1,11.6,51.3,0.0,22.7,29.2
912aa6f7-8a4b-4524-924f-aef2d5bfd7ba,861,South Oʻahu: Waialae Beach Park,21.26885,-157.77655,2022-04-18,2022-04-18T19:00:00.000Z,63,=,low,0,0.7,9.4,0.0,23.6,24.6
771d6146-df5e-4469-8579-7b490dc789c5,777,East Oʻahu: Kahaluʻu Beach,21.46011,-157.839571,2022-04-18,2022-04-18T19:00:00.000Z,19863,=,low,1,3.9,42.8,0.0,22.6,22.8
fecdb386-df6f-4b29-8b2a-6eb82935b748,1197,North Oʻahu: Kaiaka Bay,21.5902778,-158.1191667,2022-04-18,2022-04-18T19:00:00.000Z,52,=,low,0,1.0,7.9,0.0,23.0,25.5
91dbaae5-6f82-4eca-8c27-7d428eb3885f,858,South Oʻahu: Magic Island Bowls,21.282953,-157.845657,2022-04-18,2022-04-18T19:00:00.000Z,20,=,low,0,0.2,3.8,0.0,23.7,25.2
b4d674fa-9a44-457c-bfd9-5786ad9f7c12,859,South Oʻahu: Magic Island Canoe Launch,21.28777,-157.844116,2022-04-18,2022-04-18T19:00:00.000Z,121,=,low,0,0.2,3.8,0.0,23.7,25.2
c597241d-df23-4327-bde0-4c0f2bbae6bf,8894,East Oʻahu: Kailua Beach Park,21.397806,-157.726,2022-04-18,2022-04-18T19:00:00.000Z,10,<,low,0,1.8,27.9,0.0,23.3,22.9
142bbf0c-45ac-4e00-9032-14ebae051bac,776,South Oʻahu: Kaʻalāwai (Black Point/Cromwells),21.2574,-157.7968,2022-04-18,2022-04-18T19:00:00.000Z,41,=,low,0,0.7,9.4,0.0,23.6,24.6
5a182362-a041-47fd-8a22-a8c3a7142601,780,North Oʻahu: Pūpūkea tidepools,21.649846,-158.062988,2022-04-18,2022-04-18T19:00:00.000Z,10,=,low,0,1.0,7.9,0.0,23.0,25.5
e360d940-9e0f-404f-88ed-0f300fe6f2d2,858,South Oʻahu: Magic Island Bowls,21.282953,-157.845657,2022-04-03,2022-04-03T19:20:00.000Z,10,=,low,0,0.0,11.0,1.0,24.4,31.0
ceba4c02-31e2-4a5b-b88a-73713f97ebd6,780,North Oʻahu: Pūpūkea tidepools,21.649846,-158.062988,2022-04-03,2022-04-03T18:55:00.000Z,20,=,low,0,0.8,12.6,0.0,23.7,31.9
da0ea99f-3f70-46c0-b8ae-eb4075c475fe,859,South Oʻahu: Magic Island Canoe Launch,21.28777,-157.844116,2022-04-03,2022-04-03T18:55:00.000Z,74,=,low,0,0.0,11.0,1.0,24.4,31.0
8f41793c-6802-4588-bf3b-91eae23b54cf,776,South Oʻahu: Kaʻalāwai (Black Point/Cromwells),21.2574,-157.7968,2022-04-03,2022-04-03T18:30:00.000Z,10,<,low,0,1.0,17.0,0.0,24.3,30.0
14eb7dc9-a37a-4d76-978d-7556711f9ddb,8894,East Oʻahu: Kailua Beach Park,21.397806,-157.726,2022-04-03,2022-04-03T18:15:00.000Z,20,=,low,0,3.2,21.0,0.0,24.0,30.5
4fce67d2-0bc6-465c-b012-e3630ec1060a,861,South Oʻahu: Waialae Beach Park,21.26885,-157.77655,2022-04-03,2022-04-03T18:15:00.000Z,160,=,low,1,1.0,17.0,0.0,24.3,30.0
f3337b23-02cb-4ac5-8a88-4b05dff537d8,1197,North Oʻahu: Kaiaka Bay,21.5902778,-158.1191667,2022-04-03,2022-04-03T17:35:00.000Z,169,=,outgoing,1,0.8,12.6,0.0,23.7,31.9
11ecd5ac-4b30-48ae-b52f-38cf8e36c495,777,East Oʻahu: Kahaluʻu Beach,21.46011,-157.839571,2022-04-03,2022-04-03T16:20:00.000Z,1259,=,outgoing,1,3.2,43.7,0.0,23.4,29.9
b63d6e78-10a1-48d9-8c02-2b46509fc919,858,South Oʻahu: Magic Island Bowls,21.282953,-157.845657,2022-03-20,2022-03-20T18:45:00.000Z,10,<,outgoing,0,1.9,2.8,0.0,24.4,20.5
99c89ea6-b4a5-49c0-a108-e0e651c8c705,776,South Oʻahu: Kaʻalāwai (Black Point/Cromwells),21.2574,-157.7968,2022-03-20,2022-03-20T18:40:00.000Z,10,<,low,0,2.6,3.8,0.0,24.7,17.6
479ae837-4b76-484b-afc6-69c00446f315,859,South Oʻahu: Magic Island Canoe Launch,21.28777,-157.844116,2022-03-20,2022-03-20T18:30:00.000Z,97,=,outgoing,0,1.9,2.8,0.0,24.4,20.5
67cbc6d0-6896-4cc7-addb-09c39931406a,861,South Oʻahu: Waialae Beach Park,21.26885,-157.77655,2022-03-20,2022-03-20T18:20:00.000Z,63,=,low,0,2.6,3.8,0.0,24.7,17.6
4b7e3b5d-5705-4ecc-9509-91cab50e76b9,777,East Oʻahu: Kahaluʻu Beach,21.46011,-157.839571,2022-03-20,2022-03-20T16:20:00.000Z,134,=,outgoing,1,2.8,11.2,0.0,23.6,13.9
d956fd20-a814-4b26-8245-475d417873e4,858,South Oʻahu: Magic Island Bowls,21.282953,-157.845657,2022-03-06,2022-03-06T19:10:00.000Z,10,=,low,0,0.0,2.0,17.0,23.2,19.5
f994d5cc-5107-47e1-83d5-2bc6153cd98c,780,North Oʻahu: Pūpūkea tidepools,21.649846,-158.062988,2022-03-06,2022-03-06T19:00:00.000Z,41,=,outgoing,0,0.0,5.2,1.0,22.3,12.6
ad1ac640-622a-41a6-b13d-8e1cef62481e,859,South Oʻahu: Magic Island Canoe Launch,21.28777,-157.844116,2022-03-06,2022-03-06T18:50:00.000Z,301,=,outgoing,1,0.0,2.0,17.0,23.2,19.5
2a4dc9ce-8566-4704-bce5-929a25cffae4,776,South Oʻahu: Kaʻalāwai (Black Point/Cromwells),21.2574,-157.7968,2022-03-06,2022-03-06T18:45:00.000Z,10,<,outgoing,0,0.3,6.6,1.0,23.2,13.3
3dfd3d49-69ab-4098-a90d-74c1fac54ab0,861,South Oʻahu: Waialae Beach Park,21.26885,-157.77655,2022-03-06,2022-03-06T18:35:00.000Z,171,=,outgoing,1,0.3,6.6,1.0,23.2,13.3
bb8c0b67-2c6a-4565-8f95-9ba3fa5f7a62,1197,North Oʻahu: Kaiaka Bay,21.5902778,-158.1191667,2022-03-06,2022-03-06T18:00:00.000Z,10,=,outgoing,0,0.0,5.2,1.0,22.3,12.6
8b68a6d5-987e-4b48-bb22-403b0d94892f,777,East Oʻahu: Kahaluʻu Beach,21.46011,-157.839571,2022-03-06,2022-03-06T16:30:00.000Z,10,=,outgoing,0,0.0,15.6,2.0,22.3,11.9
7b030fae-a05f-41e1-86f9-08ae29febdf2,776,South Oʻahu: Kaʻalāwai (Black Point/Cromwells),21.2574,-157.7968,2022-02-20,2022-02-20T18:55:00.000Z,10,<,outgoing,0,0.0,9.2,0.0,22.9,22.6
1476647c-a680-48ed-8779-d8a280843c7b,861,South Oʻahu: Waialae Beach Park,21.26885,-157.77655,2022-02-20,2022-02-20T18:35:00.000Z,393,=,outgoing,1,0.0,9.2,0.0,22.9,22.6
cb8fb7d9-6f03-4024-aafd-c1b8bcc559b1,858,South Oʻahu: Magic Island Bowls,21.282953,-157.845657,2022-02-20,2022-02-20T18:30:00.000Z,959,=,outgoing,1,0.0,4.0,3.0,23.2,23.5
90c3a5e0-ebc0-47d3-a9ef-295947215cab,859,South Oʻahu: Magic Island Canoe Launch,21.28777,-157.844116,2022-02-20,2022-02-20T18:15:00.000Z,368,=,outgoing,1,0.0,4.0,3.0,23.1,23.5
d793e5f0-0258-4e40-b4a0-a56c1430a269,1197,North Oʻahu: Kaiaka Bay,21.5902778,-158.1191667,2022-02-20,2022-02-20T17:55:00.000Z,228,=,outgoing,1,1.4,11.0,0.0,22.0,17.8
a55a10da-3cb8-42cc-8192-e20cd3151db1,780,North Oʻahu: Pūpūkea tidepools,21.649846,-158.062988,2022-02-20,2022-02-20T16:25:00.000Z,61,=,outgoing,0,1.4,11.0,0.0,22.0,17.8
291bd347-9e05-4d6e-8950-4fae9818b248,777,East Oʻahu: Kahaluʻu Beach,21.46011,-157.839571,2022-02-20,2022-02-20T16:25:00.000Z,3654,=,outgoing,1,1.2,13.9,1.0,22.0,19.5
8f3a8142-4188-4d99-89b0-1f3c2e38967c,858,South Oʻahu: Magic Island Bowls,21.282953,-157.845657,2022-02-06,2022-02-06T18:50:00.000Z,62,=,high,0,0.0,1.6,3.0,23.8,25.1
29b4164e-4631-4c83-aae8-d3af634b5a5b,776,South Oʻahu: Kaʻalāwai (Black Point/Cromwells),21.2574,-157.7968,2022-02-06,2022-02-06T18:50:00.000Z,10,<,outgoing,0,0.5,2.5,0.0,23.6,23.7
6414f9da-755f-408a-a2e0-5a23ce71feca,859,South Oʻahu: Magic Island Canoe Launch,21.28777,-157.844116,2022-02-06,2022-02-06T18:40:00.000Z,96,=,outgoing,0,0.0,1.6,3.0,23.8,25.1
ed3594c2-5430-419f-ac3d-39746b160f85,861,South Oʻahu: Waialae Beach Park,21.26885,-157.77655,2022-02-06,2022-02-06T18:35:00.000Z,31,=,outgoing,0,0.5,2.5,0.0,23.6,23.7
845c30d3-5883-407a-8fd7-82c390446b3d,780,North Oʻahu: Pūpūkea tidepools,21.649846,-158.062988,2022-02-06,2022-02-06T17:10:00.000Z,10,=,outgoing,0,0.0,0.8,14.0,23.3,23.7
f7b845b0-8d31-4351-b3ac-6911e92b036f,1197,North Oʻahu: Kaiaka Bay,21.5902778,-158.1191667,2022-02-06,2022-02-06T17:10:00.000Z,41,=,outgoing,0,0.0,0.8,14.0,23.3,23.7
74da0c85-6c0a-4d70-a7a3-45c98e8eaf4c,777,East Oʻahu: Kahaluʻu Beach,21.46011,-157.839571,2022-02-06,2022-02-06T16:20:00.000Z,1050,=,high,1,2.0,5.0,0.0,22.8,23.3
a3f603f6-2e4a-40c9-a4b0-0ef1b32e102e,780,North Oʻahu: Pūpūkea tidepools,21.649846,-158.062988,2022-01-23,2022-01-23T19:15:00.000Z,30,=,high,0,0.0,8.7,0.0,23.3,17.2
641d117d-b6d3-42bc-afa9-fedf94f40096,858,South Oʻahu: Magic Island Bowls,21.282953,-157.845657,2022-01-23,2022-01-23T19:15:00.000Z,122,=,high,0,0.0,0.2,7.0,23.5,17.6
dfaa5a9e-4f92-43ea-a712-55318dac42e9,859,South Oʻahu: Magic Island Canoe Launch,21.28777,-157.844116,2022-01-23,2022-01-23T19:00:00.000Z,332,=,high,1,0.0,0.2,7.0,23.5,17.6
5867ad3c-663e-464e-9a82-182e1becb2a6,776,South Oʻahu: Kaʻalāwai (Black Point/Cromwells),21.2574,-157.7968,2022-01-23,2022-01-23T18:50:00.000Z,10,<,high,0,0.4,1.8,8.0,23.7,17.7
d0aa19cc-8d8c-4f16-92da-e9c3553d805d,1197,North Oʻahu: Kaiaka Bay,21.5902778,-158.1191667,2022-01-23,2022-01-23T18:40:00.000Z,20,=,high,0,0.0,8.7,0.0,23.3,17.2
b02e9194-482e-49e5-8927-70b929a9ff24,861,South Oʻahu: Waialae Beach Park,21.26885,-157.77655,2022-01-23,2022-01-23T18:35:00.000Z,175,=,high,1,0.4,1.8,8.0,23.8,17.7
a495f17d-f6a4-417b-b9f9-c085376cb5c0,777,East Oʻahu: Kahaluʻu Beach,21.46011,-157.839571,2022-01-23,2022-01-23T16:30:00.000Z,52,=,high,0,2.1,3.2,7.0,22.9,18.8
aa4e8f14-f040-4559-832b-80b3bd9c6f91,858,South Oʻahu: Magic Island Bowls,21.282953,-157.845657,2022-01-09,2022-01-09T19:25:00.000Z,134,=,high,1,0.0,30.5,0.0,21.7,14.8
8ac56821-fe25-4494-a8c7-6950438a7fc5,859,South Oʻahu: Magic Island Canoe Launch,21.28777,-157.844116,2022-01-09,2022-01-09T19:10:00.000Z,1191,=,high,1,0.0,30.5,0.0,21.7,14.8
66470906-09cd-46bc-bf62-a1e9959bc0c3,776,South Oʻahu: Kaʻalāwai (Black Point/Cromwells),21.2574,-157.7968,2022-01-09,2022-01-09T18:55:00.000Z,31,=,high,0,0.4,26.2,0.0,21.8,10.7
58bd39e8-442e-49c8-98ce-44a42aaf7011,1197,North Oʻahu: Kaiaka Bay,21.5902778,-158.1191667,2022-01-09,2022-01-09T18:50:00.000Z,598,=,high,1,0.9,14.5,0.0,21.2,10.6
f61b06c7-6669-4590-89ae-1b10452ce990,861,South Oʻahu: Waialae Beach Park,21.26885,-157.77655,2022-01-09,2022-01-09T18:45:00.000Z,2359,=,high,1,0.4,26.2,0.0,21.8,10.7
bf6e7b48-1e6d-4d99-848a-536b2a283cdd,777,East Oʻahu: Kahaluʻu Beach,21.46011,-157.839571,2022-01-09,2022-01-09T16:30:00.000Z,238,=,high,1,0.6,13.6,4.0,21.8,7.1
a5f636fc-f4bb-4076-b5f5-0dd47f74e407,858,South Oʻahu: Magic Island Bowls,21.282953,-157.845657,2021-12-26,2021-12-26T19:15:00.000Z,130,=,high,0,1.4,5.4,3.0,22.7,22.8
950190a7-a569-4b89-aa7f-362ef86a65e5,859,South Oʻahu: Magic Island Canoe Launch,21.28777,-157.844116,2021-12-26,2021-12-26T19:05:00.000Z,238,=,high,1,1.4,5.4,3.0,22.7,22.8
cac06bd1-65d2-43e1-a114-2b85d2ab8bbf,776,South Oʻahu: Kaʻalāwai (Black Point/Cromwells),21.2574,-157.7968,2021-12-26,2021-12-26T18:50:00.000Z,10,=,high,0,1.9,7.9,1.0,22.8,22.8
da3b396f-454f-447f-b36e-6183483165ce,1197,North Oʻahu: Kaiaka Bay,21.5902778,-158.1191667,2021-12-26,2021-12-26T18:45:00.000Z,299,=,high,1,2.2,20.6,1.0,22.0,24.2
8b1cc577-5c0f-4a1f-8d7d-7e783bb5e572,861,South Oʻahu: Waialae Beach Park,21.26885,-157.77655,2021-12-26,2021-12-26T18:30:00.000Z,41,=,high,0,1.9,7.9,1.0,22.8,22.8
cac0a484-f42f-4ba3-8b22-7e5f80d353bf,780,North Oʻahu: Pūpūkea tidepools,21.649846,-158.062988,2021-12-26,2021-12-26T17:55:00.000Z,31,=,high,0,2.2,20.6,1.0,22.0,24.2
5ad47d02-508a-4a83-87f9-194b2993e0b3,777,East Oʻahu: Kahaluʻu Beach,21.46011,-157.839571,2021-12-26,2021-12-26T16:35:00.000Z,627,=,high,1,4.1,46.9,0.0,22.0,23.1
3d987df0-ed16-4909-b7bc-5eafe00e8fb2,858,South Oʻahu: Magic Island Bowls,21.282953,-157.845657,2021-12-12,2021-12-12T19:15:00.000Z,512,=,incoming,1,0.0,119.2,4.0,23.6,31.1
0f8f12ee-c9c7-445b-9045-afff9696d1ab,859,South Oʻahu: Magic Island Canoe Launch,21.28777,-157.844116,2021-12-12,2021-12-12T19:00:00.000Z,1842,=,incoming,1,0.0,119.2,4.0,23.6,31.1
a5fb9a7d-29e5-43c7-994b-9657c81220f1,1197,North Oʻahu: Kaiaka Bay,21.5902778,-158.1191667,2021-12-12,2021-12-12T19:00:00.000Z,5247,=,incoming,1,2.2,88.3,0.0,23.3,28.2
b65db30b-a08f-4b31-a16f-4abd31ed4d31,861,South Oʻahu: Waialae Beach Park,21.26885,-157.77655,2021-12-12,2021-12-12T18:35:00.000Z,173,=,incoming,1,0.6,168.4,0.0,23.6,30.8
080a3c90-c3a0-4dee-94b4-41c58bd7cd1e,780,North Oʻahu: Pūpūkea tidepools,21.649846,-158.062988,2021-12-12,2021-12-12T17:50:00.000Z,10,<,incoming,0,2.2,88.3,0.0,23.3,28.2
57890830-b0df-468b-91b3-cacfb40c6bdd,777,East Oʻahu: Kahaluʻu Beach,21.46011,-157.839571,2021-12-12,2021-12-12T17:20:00.000Z,2603,=,incoming,1,8.9,158.9,0.0,23.0,28.4
4eda8e28-930a-4be9-9f21-5036739d5dae,858,South Oʻahu: Magic Island Bowls,21.282953,-157.845657,2021-11-28,2021-11-28T19:10:00.000Z,10,=,high,0,0.4,0.9,11.0,23.8,25.8
14260813-021a-418b-a6de-11b9f09e33b3,861,South Oʻahu: Waialae Beach Park,21.26885,-157.77655,2021-11-28,2021-11-28T19:00:00.000Z,10,<,incoming,0,1.4,2.1,5.0,23.6,26.5
02f4c5ce-e294-4514-b497-ca4b9e9863f2,776,South Oʻahu: Kaʻalāwai (Black Point/Cromwells),21.2574,-157.7968,2021-11-28,2021-11-28T18:50:00.000Z,420,=,high,1,1.4,2.1,5.0,23.5,26.5
a34970bf-c2bd-406a-9d1d-241acfa6e431,859,South Oʻahu: Magic Island Canoe Launch,21.28777,-157.844116,2021-11-28,2021-11-28T18:50:00.000Z,97,=,high,0,0.4,0.9,11.0,23.8,25.8
165da04f-9df5-471c-affc-e02be611cb65,780,North Oʻahu: Pūpūkea tidepools,21.649846,-158.062988,2021-11-28,2021-11-28T18:00:00.000Z,10,<,incoming,0,1.7,2.5,0.0,23.1,24.9
6cc8140d-a3b8-4d7f-9fe8-aea4972d681a,777,East Oʻahu: Kahaluʻu Beach,21.46011,-157.839571,2021-11-28,2021-11-28T16:35:00.000Z,8164,=,incoming,1,8.9,15.6,0.0,22.8,25.7
7d3a6830-3fa5-4bc6-a0d3-200606f29b96,858,South Oʻahu: Magic Island Bowls,21.282953,-157.845657,2021-11-14,2021-11-14T19:10:00.000Z,41,=,incoming,0,12.7,0.7,11.0,24.1,15.1
ff4de41e-2521-4864-bd21-f16982b26c00,780,North Oʻahu: Pūpūkea tidepools,21.649846,-158.062988,2021-11-14,2021-11-14T19:10:00.000Z,10,<,incoming,0,1.2,2.8,8.0,24.3,10.3
25ba9c65-306c-41a3-b3a3-a7871c684016,859,South Oʻahu: Magic Island Canoe Launch,21.28777,-157.844116,2021-11-14,2021-11-14T18:55:00.000Z,209,=,incoming,1,12.7,0.7,11.0,24.1,15.1
37ede64c-fb5f-4298-b932-23d07262fc54,776,South Oʻahu: Kaʻalāwai (Black Point/Cromwells),21.2574,-157.7968,2021-11-14,2021-11-14T18:50:00.000Z,10,=,high,0,16.8,3.0,1.0,23.7,14.2
ca94c8bd-0978-4537-966d-28848d5c91fa,861,South Oʻahu: Waialae Beach Park,21.26885,-157.77655,2021-11-14,2021-11-14T18:35:00.000Z,10,<,high,0,16.8,3.0,1.0,23.8,14.2
de304ce6-5ee7-4f4e-9807-c2fab67bafad,777,East Oʻahu: Kahaluʻu Beach,21.46011,-157.839571,2021-11-14,2021-11-14T16:30:00.000Z,10,=,low,0,11.2,7.6,5.0,23.9,12.5
e89c7ec0-c70c-4aea-b617-371ec0c87846,776,South Oʻahu: Kaʻalāwai (Black Point/Cromwells),21.2574,-157.7968,2021-10-31,2021-10-31T18:55:00.000Z,10,<,incoming,0,1.6,9.5,1.0,24.4,13.3
f7c440e5-3ec7-47f3-a391-cd9662eda4c0,861,South Oʻahu: Waialae Beach Park,21.26885,-157.77655,2021-10-31,2021-10-31T18:40:00.000Z,10,<,incoming,0,1.6,9.5,1.0,24.4,13.3
14268684-e7e1-4634-a8f9-e17adcf0cc68,859,South Oʻahu: Magic Island Canoe Launch,21.28777,-157.844116,2021-10-31,2021-10-31T18:30:00.000Z,10,=,incoming,0,0.8,3.5,2.0,24.2,15.3
7547858b-6049-47d5-8920-90b0f9033ac9,780,North Oʻahu: Pūpūkea tidepools,21.649846,-158.062988,2021-10-31,2021-10-31T18:00:00.000Z,10,=,high,0,2.2,6.9,2.0,23.9,13.0
a6846f43-247e-40ab-8941-5d758166ae69,777,East Oʻahu: Kahaluʻu Beach,21.46011,-157.839571,2021-10-31,2021-10-31T16:35:00.000Z,85,=,low,0,4.0,19.6,1.0,23.5,7.8
05144c44-aaaf-4085-ad22-2e0b01ddefc0,776,South Oʻahu: Kaʻalāwai (Black Point/Cromwells),21.2574,-157.7968,2021-10-17,2021-10-17T19:00:00.000Z,10,=,low,0,0.3,14.4,0.0,24.9,27.9
53c5c94d-b010-48f8-af0f-859bb3529faa,858,South Oʻahu: Magic Island Bowls,21.282953,-157.845657,2021-10-17,2021-10-17T18:50:00.000Z,119,=,low,0,0.1,9.0,0.0,25.0,28.5
3154e7db-6174-4b83-ad70-ea5a255891fe,859,South Oʻahu: Magic Island Canoe Launch,21.28777,-157.844116,2021-10-17,2021-10-17T18:50:00.000Z,414,=,low,1,0.1,9.0,0.0,25.0,28.5
f15e3568-e5cd-4916-a3ab-1846bfc984f1,861,South Oʻahu: Waialae Beach Park,21.26885,-157.77655,2021-10-17,2021-10-17T18:45:00.000Z,10,<,low,0,0.3,14.4,0.0,24.9,27.9
d9dd6036-b91a-44ad-9f1b-27880babcbce,780,North Oʻahu: Pūpūkea tidepools,21.649846,-158.062988,2021-10-17,2021-10-17T18:10:00.000Z,10,=,low,0,0.3,17.2,0.0,24.6,28.8
f294d5ac-f236-47a3-ad1f-babb84a6fee5,777,East Oʻahu: Kahaluʻu Beach,21.46011,-157.839571,2021-10-17,2021-10-17T16:35:00.000Z,1723,=,low,1,1.4,43.1,0.0,24.1,24.0
df8e1961-1051-473c-a38f-b4496d391198,858,South Oʻahu: Magic Island Bowls,21.282953,-157.845657,2021-10-03,2021-10-03T19:15:00.000Z,10,<,incoming,0,0.8,4.1,2.0,25.3,22.9
481b50d5-8c04-4341-8fb3-33fce3e7bfb5,859,South Oʻahu: Magic Island Canoe Launch,21.28777,-157.844116,2021-10-03,2021-10-03T18:45:00.000Z,10,=,incoming,0,0.8,4.1,2.0,25.3,22.9
d5d650c6-aa94-4e1b-af41-5f53dfaee56b,776,South Oʻahu: Kaʻalāwai (Black Point/Cromwells),21.2574,-157.7968,2021-10-03,2021-10-03T18:45:00.000Z,10,<,low,0,4.9,12.4,0.0,25.1,21.9
9ae81adc-17be-4477-bfba-b28ef4c37c1d,780,North Oʻahu: Pūpūkea tidepools,21.649846,-158.062988,2021-10-03,2021-10-03T18:45:00.000Z,108,=,,0,2.9,12.9,0.0,24.6,22.5
db4e5eae-1c76-46f0-a270-248215e4d57c,861,South Oʻahu: Waialae Beach Park,21.26885,-157.77655,2021-10-03,2021-10-03T18:25:00.000Z,10,<,low,0,4.9,12.4,0.0,25.2,21.9
e76a9df1-3801-4918-aa39-e93705e50955,777,East Oʻahu: Kahaluʻu Beach,21.46011,-157.839571,2021-10-03,2021-10-03T16:35:00.000Z,1376,=,low,1,9.6,32.1,0.0,24.1,21.7
081fa080-9e79-43d3-b6e0-383e1d6c759e,858,South Oʻahu: Magic Island Bowls,21.282953,-157.845657,2021-09-19,2021-09-19T20:05:00.000Z,20,=,low,0,0.9,3.5,3.0,25.8,25.1
9c9d10fd-2723-4552-9dec-53e634b56342,859,South Oʻahu: Magic Island Canoe Launch,21.28777,-157.844116,2021-09-19,2021-09-19T20:00:00.000Z,422,=,low,1,0.9,3.5,3.0,25.8,25.1
55bd93fc-8bee-4110-9bb0-85eb9eb22067,776,South Oʻahu: Kaʻalāwai (Black Point/Cromwells),21.2574,-157.7968,2021-09-19,2021-09-19T18:50:00.000Z,10,<,low,0,2.2,13.0,1.0,25.7,23.8
8f0bbb26-9ba5-4c5f-a14f-3c6bdc8b8778,861,South Oʻahu: Waialae Beach Park,21.26885,-157.77655,2021-09-19,2021-09-19T18:30:00.000Z,31,=,low,0,2.2,13.0,1.0,25.7,23.8
0c31d6a7-d53b-4197-a69a-39c63391bff2,780,North Oʻahu: Pūpūkea tidepools,21.649846,-158.062988,2021-09-19,2021-09-19T18:05:00.000Z,41,=,low,0,1.6,14.4,3.0,25.3,24.5
e35d6f67-4218-4764-ba53-e306e0ef34fa,777,East Oʻahu: Kahaluʻu Beach,21.46011,-157.839571,2021-09-19,2021-09-19T16:30:00.000Z,8664,=,low,1,5.3,39.0,0.0,24.6,23.8
97ff6a2f-e63c-443a-aa55-ba74813ae809,858,South Oʻahu: Magic Island Bowls,21.282953,-157.845657,2021-09-05,2021-09-06T07:15:00.000Z,20,=,low,0,0.4,2.3,0.0,25.6,22.2
b5e19171-03c6-44ae-9168-58aa0db87803,776,South Oʻahu: Kaʻalāwai (Black Point/Cromwells),21.2574,-157.7968,2021-09-05,2021-09-06T06:45:00.000Z,10,<,low,0,2.0,6.9,0.0,25.4,22.5
e80d2034-24ec-4ad0-ad21-ab23f36d3d3d,859,South Oʻahu: Magic Island Canoe Launch,21.28777,-157.844116,2021-09-05,2021-09-05T19:05:00.000Z,195,=,low,1,0.4,2.3,0.0,25.6,22.2
737c3e7a-5fca-46e0-a891-b78a23c6ceef,861,South Oʻahu: Waialae Beach Park,21.26885,-157.77655,2021-09-05,2021-09-05T19:00:00.000Z,31,=,outgoing,0,2.0,6.9,0.0,25.5,22.5
9e715d40-a420-4214-922e-92459ced0de5,780,North Oʻahu: Pūpūkea tidepools,21.649846,-158.062988,2021-09-05,2021-09-05T18:00:00.000Z,10,<,low,0,0.6,10.2,0.0,24.9,21.3
82506351-ebe9-4bc5-95e6-51c371e2a610,777,East Oʻahu: Kahaluʻu Beach,21.46011,-157.839571,2021-09-05,2021-09-05T16:35:00.000Z,2310,=,low,1,8.0,17.0,0.0,24.2,19.2
09859f50-d88d-4c21-b7b0-17a5714fa5c4,776,South Oʻahu: Kaʻalāwai (Black Point/Cromwells),21.2574,-157.7968,2021-08-22,2021-08-22T18:55:00.000Z,10,<,low,0,1.1,12.0,0.0,26.1,22.8
25b8d471-785c-434c-9933-2791d980c942,858,South Oʻahu: Magic Island Bowls,21.282953,-157.845657,2021-08-22,2021-08-22T18:35:00.000Z,10,=,low,0,0.4,5.9,4.0,26.4,23.3
5eab5c2b-ae2f-46e1-98b6-52059d06ef1d,780,North Oʻahu: Pūpūkea tidepools,21.649846,-158.062988,2021-08-22,2021-08-22T18:35:00.000Z,31,=,low,0,2.0,11.5,1.0,25.7,22.2
3afe2152-bd7d-4fcc-8ff2-f8d32ad47ff4,861,South Oʻahu: Waialae Beach Park,21.26885,-157.77655,2021-08-22,2021-08-22T18:35:00.000Z,10,<,low,0,1.1,12.0,0.0,26.2,22.8
285f7534-210b-4910-99a0-dc076df5bca8,859,South Oʻahu: Magic Island Canoe Launch,21.28777,-157.844116,2021-08-22,2021-08-22T18:20:00.000Z,98,=,low,0,0.4,5.9,4.0,26.4,23.3
db9ba758-bf19-43a9-81c2-ddab09173ff1,777,East Oʻahu: Kahaluʻu Beach,21.46011,-157.839571,2021-08-22,2021-08-22T16:35:00.000Z,906,=,low,1,6.2,23.4,0.0,24.9,21.6
1de2d1f0-85ad-4f16-9180-2dd345d3e59b,776,South Oʻahu: Kaʻalāwai (Black Point/Cromwells),21.2574,-157.7968,2021-08-08,2021-08-08T19:00:00.000Z,10,<,low,0,0.7,5.7,2.0,25.7,24.1
a111157a-a7ad-463a-9266-3e7e8752fd97,861,South Oʻahu: Waialae Beach Park,21.26885,-157.77655,2021-08-08,2021-08-08T18:40:00.000Z,10,<,low,0,0.7,5.7,2.0,25.8,24.1
7be4e313-6726-4e58-8655-41750b358b9f,858,South Oʻahu: Magic Island Bowls,21.282953,-157.845657,2021-08-08,2021-08-08T18:35:00.000Z,10,<,low,0,0.1,2.5,2.0,26.0,24.6
b73c1f57-8f51-4afe-bdfe-9a3171310196,859,South Oʻahu: Magic Island Canoe Launch,21.28777,-157.844116,2021-08-08,2021-08-08T18:20:00.000Z,52,=,low,0,0.1,2.5,2.0,26.0,24.6
2a481ee4-d926-4cd9-b281-a256d24690ad,780,North Oʻahu: Pūpūkea tidepools,21.649846,-158.062988,2021-08-08,2021-08-08T17:40:00.000Z,10,<,low,0,0.9,5.4,2.0,25.4,22.8
48325a83-a3c9-42b8-9a45-a53c8610e1dc,861,South Oʻahu: Waialae Beach Park,21.26885,-157.77655,2021-07-25,2021-07-25T19:00:00.000Z,10,<,outgoing,0,0.6,15.8,0.0,26.6,27.1
e48559d2-1c16-467e-a02d-dcf4c0331c5c,858,South Oʻahu: Magic Island Bowls,21.282953,-157.845657,2021-07-25,2021-07-25T19:00:00.000Z,10,=,outgoing,0,0.2,4.7,3.0,26.7,29.1
36724935-3a40-4cc9-8e37-b1459a8ca5f8,776,South Oʻahu: Kaʻalāwai (Black Point/Cromwells),21.2574,-157.7968,2021-07-25,2021-07-25T18:50:00.000Z,10,<,outgoing,0,0.6,15.8,0.0,26.6,27.1
bed433af-7802-409f-92e5-2e8b6bfb7aa7,859,South Oʻahu: Magic Island Canoe Launch,21.28777,-157.844116,2021-07-25,2021-07-25T18:20:00.000Z,31,=,outgoing,0,0.2,4.7,3.0,26.7,29.1
83906834-e507-4b64-bb63-4be0a5ce8cf8,780,North Oʻahu: Pūpūkea tidepools,21.649846,-158.062988,2021-07-25,2021-07-25T17:30:00.000Z,10,<,incoming,0,1.2,12.6,1.0,26.2,27.4
a23a3db7-72fb-49a2-a918-849a2dd61fcf,777,East Oʻahu: Kahaluʻu Beach,21.46011,-157.839571,2021-07-25,2021-07-25T16:35:00.000Z,754,=,outgoing,1,9.6,46.0,0.0,25.1,23.9
00b88b6f-b2e5-4841-8687-87448ebf1fff,858,South Oʻahu: Magic Island Bowls,21.282953,-157.845657,2021-07-11,2021-07-11T19:05:00.000Z,203,=,outgoing,1,0.0,4.0,0.0,25.7,26.8
edff05a9-c5b3-49f7-90a4-2941d55930aa,859,South Oʻahu: Magic Island Canoe Launch,21.28777,-157.844116,2021-07-11,2021-07-11T18:50:00.000Z,52,=,outgoing,0,0.0,4.0,0.0,25.7,26.8
7b0caac3-5c65-44f7-91cf-534d5f29aa04,776,South Oʻahu: Kaʻalāwai (Black Point/Cromwells),21.2574,-157.7968,2021-07-11,2021-07-11T18:45:00.000Z,10,<,outgoing,0,0.1,11.5,0.0,25.4,26.3
7bf60053-99d0-467b-98e9-1eac0d822330,861,South Oʻahu: Waialae Beach Park,21.26885,-157.77655,2021-07-11,2021-07-11T18:20:00.000Z,10,<,outgoing,0,0.1,11.5,0.0,25.5,26.3
df2a3ddf-60ac-475a-b2af-7b62b8667012,777,East Oʻahu: Kahaluʻu Beach,21.46011,-157.839571,2021-07-11,2021-07-11T16:35:00.000Z,3076,=,outgoing,1,6.7,38.8,0.0,24.3,24.3
4e255f2e-670a-46df-92bf-4e26a1de2629,776,South Oʻahu: Kaʻalāwai (Black Point/Cromwells),21.2574,-157.7968,2021-06-27,2021-06-27T18:50:00.000Z,10,<,outgoing,0,0.8,4.8,5.0,25.7,21.4
a21df94d-a0aa-41f1-b5f2-caf47bb2545b,858,South Oʻahu: Magic Island Bowls,21.282953,-157.845657,2021-06-27,2021-06-27T18:50:00.000Z,10,<,outgoing,0,0.2,2.2,6.0,25.8,23.9
5026b326-e90e-4a8e-81f6-819b661d61ec,859,South Oʻahu: Magic Island Canoe Launch,21.28777,-157.844116,2021-06-27,2021-06-27T18:40:00.000Z,73,=,outgoing,0,0.2,2.2,6.0,25.8,23.9
33c09902-6d44-40de-8eee-6e9f7b1186f9,861,South Oʻahu: Waialae Beach Park,21.26885,-157.77655,2021-06-27,2021-06-27T18:25:00.000Z,10,<,outgoing,0,0.8,4.8,5.0,25.7,21.4
790d992e-3302-4120-a7d7-120e7dce5eb0,777,East Oʻahu: Kahaluʻu Beach,21.46011,-157.839571,2021-06-27,2021-06-27T16:35:00.000Z,41,=,outgoing,0,2.0,12.4,3.0,24.4,18.2
7f371ad7-342c-47b0-8a45-9c7eacc6d955,780,North Oʻahu: Pūpūkea tidepools,21.649846,-158.062988,2021-06-13,2021-06-13T19:00:00.000Z,10,<,incoming,0,1.3,10.7,0.0,24.2,23.2
c713225a-13a7-4918-8559-91dd8eee1cb7,858,South Oʻahu: Magic Island Bowls,21.282953,-157.845657,2021-06-13,2021-06-13T18:50:00.000Z,10,<,outgoing,0,0.1,2.5,1.0,25.0,24.4
fb1185a3-f4d5-4c34-b3f4-66936416f3a7,776,South Oʻahu: Kaʻalāwai (Black Point/Cromwells),21.2574,-157.7968,2021-06-13,2021-06-13T18:45:00.000Z,10,<,outgoing,0,0.7,9.9,0.0,24.9,23.9
2f83fa5b-ea33-4211-955e-9902133e06a7,859,South Oʻahu: Magic Island Canoe Launch,21.28777,-157.844116,2021-06-13,2021-06-13T18:35:00.000Z,20,=,outgoing,0,0.1,2.5,1.0,25.0,24.4
0dbbc3a8-a34f-466f-b0a1-eaf93b1f936e,861,South Oʻahu: Waialae Beach Park,21.26885,-157.77655,2021-06-13,2021-06-13T18:20:00.000Z,10,<,outgoing,0,0.7,9.9,0.0,24.9,23.9
efb44884-4386-4ece-9e10-716eb95c869c,777,East Oʻahu: Kahaluʻu Beach,21.46011,-157.839571,2021-06-13,2021-06-13T16:35:00.000Z,988,=,outgoing,1,2.6,47.2,0.0,23.7,23.1
fc1ffabd-bbf3-4269-876e-72c7a282ce32,776,South Oʻahu: Kaʻalāwai (Black Point/Cromwells),21.2574,-157.7968,2021-05-30,2021-05-30T19:05:00.000Z,10,<,,0,0.0,9.2,2.0,25.3,15.2
566b3774-42a9-4aac-af6f-ed9e2c10bcdb,858,South Oʻahu: Magic Island Bowls,21.282953,-157.845657,2021-05-30,2021-05-30T19:05:00.000Z,20,=,,0,0.0,4.1,4.0,24.9,17.6
b859cce9-e7a8-4eb2-a73f-adb4f7cabe47,861,South Oʻahu: Waialae Beach Park,21.26885,-157.77655,2021-05-30,2021-05-30T19:00:00.000Z,10,<,outgoing,0,0.0,9.2,2.0,25.3,15.2
4252f520-b496-4248-8969-2b281b3629ef,777,East Oʻahu: Kahaluʻu Beach,21.46011,-157.839571,2021-05-30,2021-05-30T18:00:00.000Z,41,=,outgoing,0,0.4,26.5,0.0,23.9,12.5
8a43e10a-b789-484b-9788-a21164de1515,780,North Oʻahu: Pūpūkea tidepools,21.649846,-158.062988,2021-05-30,2021-05-30T17:45:00.000Z,10,=,,0,0.3,5.5,0.0,24.8,10.1
a7bd1e73-fa51-413f-8764-7e06a8a9f7a4,859,South Oʻahu: Magic Island Canoe Launch,21.28777,-157.844116,2021-05-30,2021-05-30T17:15:00.000Z,30,=,,0,0.0,4.1,4.0,24.8,17.6
d46d9b26-7141-4c7c-b3b0-5804502ac964,776,South Oʻahu: Kaʻalāwai (Black Point/Cromwells),21.2574,-157.7968,2021-05-16,2021-05-16T18:50:00.000Z,110,=,outgoing,0,1.5,10.4,0.0,23.3,30.1
448088ab-7731-44ad-b0b7-c93ae338aac5,858,South Oʻahu: Magic Island Bowls,21.282953,-157.845657,2021-05-16,2021-05-16T18:47:00.000Z,10,=,outgoing,0,0.9,3.7,6.0,23.4,30.3
f693bfbc-8584-4a03-9a74-04eb561d48c8,780,North Oʻahu: Pūpūkea tidepools,21.649846,-158.062988,2021-05-16,2021-05-16T18:40:00.000Z,10,<,outgoing,0,1.4,19.2,0.0,22.9,30.9
e90266f2-2480-4cc4-9dbd-0dcb1d2df3e0,861,South Oʻahu: Waialae Beach Park,21.26885,-157.77655,2021-05-16,2021-05-16T18:40:00.000Z,20,=,outgoing,0,1.5,10.4,0.0,23.4,30.1
e0e6b215-595b-42cb-977b-b47195aad501,859,South Oʻahu: Magic Island Canoe Launch,21.28777,-157.844116,2021-05-16,2021-05-16T18:37:00.000Z,203,=,outgoing,1,0.9,3.7,6.0,23.4,30.3
77e4f065-bfd2-4dd7-98d3-1d6f67cd2a65,777,East Oʻahu: Kahaluʻu Beach,21.46011,-157.839571,2021-05-16,2021-05-16T16:42:00.000Z,199,=,outgoing,1,8.5,27.2,0.0,22.3,29.3
f1e00967-7b6d-448f-a3da-fecc7cd19e58,859,South Oʻahu: Magic Island Canoe Launch,21.28777,-157.844116,2021-05-02,2021-05-02T20:37:00.000Z,10,<,incoming,0,0.3,9.8,1.0,24.4,26.1
aaaf2aab-2ae4-42ca-8e92-4284d3a1fdee,858,South Oʻahu: Magic Island Bowls,21.282953,-157.845657,2021-05-02,2021-05-02T20:17:00.000Z,10,<,incoming,0,0.3,9.8,1.0,24.4,26.1
7f89cc4e-4f38-4fbc-92bd-a130f141e0a9,776,South Oʻahu: Kaʻalāwai (Black Point/Cromwells),21.2574,-157.7968,2021-05-02,2021-05-02T18:55:00.000Z,30,=,incoming,0,1.5,20.2,0.0,24.3,25.8
358efdf6-b333-46c9-8298-3778a44066e3,861,South Oʻahu: Waialae Beach Park,21.26885,-157.77655,2021-05-02,2021-05-02T18:30:00.000Z,420,=,incoming,1,1.5,20.2,0.0,24.3,25.8
e511a042-3f0d-4317-a155-1fe0a40c02bb,777,East Oʻahu: Kahaluʻu Beach,21.46011,-157.839571,2021-05-02,2021-05-02T18:15:00.000Z,1050,=,outgoing,1,4.4,34.4,0.0,23.4,24.6
332a59bd-de04-449f-9354-5c89cd1d4ba3,780,North Oʻahu: Pūpūkea tidepools,21.649846,-158.062988,2021-05-02,2021-05-02T18:00:00.000Z,10,<,incoming,0,0.0,13.9,0.0,24.1,25.1
61748b1a-9605-4915-a7a7-c7024463d12d,859,South Oʻahu: Magic Island Canoe Launch,21.28777,-157.844116,2021-04-18,2021-04-18T19:05:00.000Z,31,=,outgoing,0,0.0,10.2,5.0,23.8,20.9
702c0205-c482-4739-bf40-d5086031f22b,776,South Oʻahu: Kaʻalāwai (Black Point/Cromwells),21.2574,-157.7968,2021-04-18,2021-04-18T19:00:00.000Z,10,<,outgoing,0,0.0,8.7,3.0,23.5,20.3
b35ce843-a47c-48c1-9276-b0dad9a0b626,780,North Oʻahu: Pūpūkea tidepools,21.649846,-158.062988,2021-04-18,2021-04-18T19:00:00.000Z,20,=,outgoing,0,0.0,16.6,0.0,23.0,18.8
45a92ee2-89cb-4d27-bb9b-12f07772d4d0,858,South Oʻahu: Magic Island Bowls,21.282953,-157.845657,2021-04-18,2021-04-18T18:50:00.000Z,10,=,outgoing,0,0.0,10.2,5.0,23.8,20.9
ae25e2c5-3905-4f48-b55b-38e4a32b64c1,861,South Oʻahu: Waialae Beach Park,21.26885,-157.77655,2021-04-18,2021-04-18T18:45:00.000Z,10,=,outgoing,0,0.0,8.7,3.0,23.5,20.3
bcc4c8a7-b632-4b83-ad7d-36555160fcff,777,East Oʻahu: Kahaluʻu Beach,21.46011,-157.839571,2021-04-18,2021-04-18T16:35:00.000Z,1153,=,outgoing,1,0.4,28.3,0.0,22.5,18.8
24f7be1c-f2ad-4a9f-a73f-b3f1b70a8127,776,South Oʻahu: Kaʻalāwai (Black Point/Cromwells),21.2574,-157.7968,2021-04-04,2021-04-04T19:10:00.000Z,10,=,incoming,0,5.9,9.9,0.0,21.8,28.4
e62dc095-b35f-48d9-84aa-372293b63406,858,South Oʻahu: Magic Island Bowls,21.282953,-157.845657,2021-04-04,2021-04-04T19:00:00.000Z,31,=,incoming,0,2.9,5.0,2.0,22.1,31.2
aac3150c-a7ce-4661-a0c0-70abd67faa51,859,South Oʻahu: Magic Island Canoe Launch,21.28777,-157.844116,2021-04-04,2021-04-04T18:54:00.000Z,670,=,incoming,1,2.9,5.0,2.0,22.1,31.2
15d10d4e-4d8f-4f2e-8ad3-71bcaa8b4e96,861,South Oʻahu: Waialae Beach Park,21.26885,-157.77655,2021-04-04,2021-04-04T18:30:00.000Z,10,<,incoming,0,5.9,9.9,0.0,21.8,28.4
00c955d3-b3af-4da8-a6f6-313ec5523789,780,North Oʻahu: Pūpūkea tidepools,21.649846,-158.062988,2021-04-04,2021-04-04T18:00:00.000Z,10,<,low,0,5.8,9.0,0.0,21.5,28.7
78bdbe14-902c-4b84-8881-38cfbe4df399,777,East Oʻahu: Kahaluʻu Beach,21.46011,-157.839571,2021-04-04,2021-04-04T16:35:00.000Z,1935,=,outgoing,1,15.9,24.4,0.0,21.3,25.4
c0611001-88be-479f-998b-09e5d88bc8e1,776,South Oʻahu: Kaʻalāwai (Black Point/Cromwells),21.2574,-157.7968,2021-03-21,2021-03-21T19:50:00.000Z,432,=,low,1,2.7,32.9,0.0,22.4,32.6
60eb0250-c7cb-4612-9821-e1839e375860,858,South Oʻahu: Magic Island Bowls,21.282953,-157.845657,2021-03-21,2021-03-21T19:10:00.000Z,473,=,incoming,1,1.2,19.7,0.0,22.2,34.0
be5a9cca-f836-424e-a2d0-25e0f0aa4877,859,South Oʻahu: Magic Island Canoe Launch,21.28777,-157.844116,2021-03-21,2021-03-21T18:50:00.000Z,1723,=,incoming,1,1.2,19.7,0.0,22.2,34.0
e8ddba0d-cdfd-4971-a39a-dee4d9fcfbad,861,South Oʻahu: Waialae Beach Park,21.26885,-157.77655,2021-03-21,2021-03-21T18:35:00.000Z,4884,=,incoming,1,2.7,32.9,0.0,22.4,32.6
34aa92e4-b6ab-424b-b0c7-eebf32137331,777,East Oʻahu: Kahaluʻu Beach,21.46011,-157.839571,2021-03-21,2021-03-21T18:20:00.000Z,988,=,low,1,5.1,70.7,0.0,21.8,33.2
6a7c9355-ade8-4d10-b471-80046fd92b4f,780,North Oʻahu: Pūpūkea tidepools,21.649846,-158.062988,2021-03-21,2021-03-21T18:00:00.000Z,20,=,low,0,3.2,54.1,0.0,22.0,34.2
911d7a53-d40c-44c2-8152-7f3c69017968,858,South Oʻahu: Magic Island Bowls,21.282953,-157.845657,2021-03-07,2021-03-07T19:15:00.000Z,546,=,incoming,1,0.2,12.8,0.0,22.9,26.3
38d6e582-432a-41d6-b3fb-5df92ac9fd85,776,South Oʻahu: Kaʻalāwai (Black Point/Cromwells),21.2574,-157.7968,2021-03-07,2021-03-07T18:50:00.000Z,20,=,low,0,1.2,22.5,0.0,23.0,24.5
473412a3-4533-4f52-bd37-10623e108cf3,859,South Oʻahu: Magic Island Canoe Launch,21.28777,-157.844116,2021-03-07,2021-03-07T18:30:00.000Z,8164,=,incoming,1,0.2,12.8,0.0,22.9,26.3
d7300bdf-073a-4e5f-a89f-87fa9a699281,780,North Oʻahu: Pūpūkea tidepools,21.649846,-158.062988,2021-03-07,2021-03-07T18:30:00.000Z,10,<,low,0,2.5,35.8,0.0,22.3,24.1
7a77964d-47a1-4eab-b112-d0109b585aa6,861,South Oʻahu: Waialae Beach Park,21.26885,-157.77655,2021-03-07,2021-03-07T18:30:00.000Z,884,=,low,1,1.2,22.5,0.0,23.0,24.5
ae196203-e692-48c9-8b3c-505e16414627,861,South Oʻahu: Waialae Beach Park,21.26885,-157.77655,2021-03-07,2021-03-07T18:15:00.000Z,2489,=,outgoing,1,1.2,22.5,0.0,23.0,24.5
d3a5a1f1-ba72-4937-ae5c-5769f160f8bd,777,East Oʻahu: Kahaluʻu Beach,21.46011,-157.839571,2021-03-07,2021-03-07T16:37:00.000Z,1860,=,outgoing,1,5.2,44.2,0.0,22.1,23.2
4ec7db67-878a-429a-950f-7acbf5b91d10,858,South Oʻahu: Magic Island Bowls,21.282953,-157.845657,2021-02-21,2021-02-21T18:50:00.000Z,41,=,incoming,0,3.4,10.7,1.0,23.5,27.9
ad5f4d78-8cfc-463d-bf07-7d2293831320,776,South Oʻahu: Kaʻalāwai (Black Point/Cromwells),21.2574,-157.7968,2021-02-21,2021-02-21T18:50:00.000Z,10,=,low,0,5.5,13.6,1.0,23.6,27.5
81a14481-74c6-4b58-96b1-71fb4f2f8fe0,859,South Oʻahu: Magic Island Canoe Launch,21.28777,-157.844116,2021-02-21,2021-02-21T18:40:00.000Z,10,=,outgoing,0,3.4,10.7,1.0,23.5,27.9
f59a483f-56b3-4513-91a8-05891ec2cdba,861,South Oʻahu: Waialae Beach Park,21.26885,-157.77655,2021-02-21,2021-02-21T18:30:00.000Z,86,=,low,0,5.5,13.6,1.0,23.6,27.5
b44c92a0-a575-4388-9f7d-552b8399bf2f,780,North Oʻahu: Pūpūkea tidepools,21.649846,-158.062988,2021-02-21,2021-02-21T18:00:00.000Z,74,=,low,0,2.0,16.8,0.0,23.3,28.2
cf9e0f49-2723-4956-a0ce-e5b934027d20,777,East Oʻahu: Kahaluʻu Beach,21.46011,-157.839571,2021-02-21,2021-02-21T16:45:00.000Z,2723,=,outgoing,1,4.5,26.4,0.0,23.0,25.9
341d6cec-a07d-4fe7-92ee-f02ca2df7dfd,776,South Oʻahu: Kaʻalāwai (Black Point/Cromwells),21.2574,-157.7968,2021-02-07,2021-02-07T18:50:00.000Z,41,=,outgoing,0,0.0,33.5,3.0,21.5,8.8
17ac33eb-568c-425a-b988-6de8b2922bac,858,South Oʻahu: Magic Island Bowls,21.282953,-157.845657,2021-02-07,2021-02-07T18:47:00.000Z,86,=,outgoing,0,0.0,34.2,3.0,20.8,14.8
94fd4b9e-ff36-4467-b52a-1fd8194a3d03,859,South Oʻahu: Magic Island Canoe Launch,21.28777,-157.844116,2021-02-07,2021-02-07T18:35:00.000Z,2700,=,low,1,0.0,34.2,3.0,20.8,14.8
cb757d3e-2c7b-49d2-b055-c037cbc8d5b5,861,South Oʻahu: Waialae Beach Park,21.26885,-157.77655,2021-02-07,2021-02-07T18:30:00.000Z,909,=,low,1,0.0,33.5,3.0,21.5,8.8
e71165f3-47a0-4977-9711-6643faaf08b4,780,North Oʻahu: Pūpūkea tidepools,21.649846,-158.062988,2021-02-07,2021-02-07T17:00:00.000Z,10462,=,outgoing,1,0.1,32.3,1.0,21.2,11.6
27652165-83a7-4a9e-871a-f4ce75fcd8aa,777,East Oʻahu: Kahaluʻu Beach,21.46011,-157.839571,2021-02-07,2021-02-07T16:35:00.000Z,10,=,outgoing,0,0.0,38.6,3.0,20.5,12.1
3100f2a6-6ef3-4ce5-a516-d8312c6c3f31,776,South Oʻahu: Kaʻalāwai (Black Point/Cromwells),21.2574,-157.7968,2021-01-24,2021-01-24T19:00:00.000Z,20,=,outgoing,0,3.8,19.5,0.0,23.9,30.7
8ae29426-6467-4c22-99d5-bf49111a5aa1,859,South Oʻahu: Magic Island Canoe Launch,21.28777,-157.844116,2021-01-24,2021-01-24T18:50:00.000Z,288,=,outgoing,1,2.9,10.7,0.0,23.9,30.1
f808ff4e-570b-487b-87a0-41073a7ee988,861,South Oʻahu: Waialae Beach Park,21.26885,-157.77655,2021-01-24,2021-01-24T18:25:00.000Z,2755,=,outgoing,1,3.8,19.5,0.0,24.0,30.7
1a6ac40c-5e3b-47bd-b035-2eb4b2b846e3,858,South Oʻahu: Magic Island Bowls,21.282953,-157.845657,2021-01-24,2021-01-24T18:25:00.000Z,185,=,outgoing,1,2.9,10.7,0.0,23.9,30.1
534eb950-ab2f-4b14-9eb6-fed572c515b8,780,North Oʻahu: Pūpūkea tidepools,21.649846,-158.062988,2021-01-24,2021-01-24T17:30:00.000Z,20,=,low,0,1.7,36.1,0.0,23.4,33.6
f2f61a92-a288-4a94-b57a-74000029059c,777,East Oʻahu: Kahaluʻu Beach,21.46011,-157.839571,2021-01-24,2021-01-24T16:52:00.000Z,5794,=,outgoing,1,9.3,56.6,0.0,23.2,28.1
f31742b7-b6d6-49e0-8dd1-84ae56a2e1fa,859,South Oʻahu: Magic Island Canoe Launch,21.28777,-157.844116,2021-01-10,2021-01-10T19:25:00.000Z,1470,=,outgoing,1,0.3,1.5,14.0,23.8,23.1
3c90ab3b-1107-4bb7-9556-b21de380c82e,858,South Oʻahu: Magic Island Bowls,21.282953,-157.845657,2021-01-10,2021-01-10T19:03:00.000Z,275,=,outgoing,1,0.3,1.5,14.0,23.8,23.1
3a7e6185-89f1-4009-b4c3-f4db3923d212,861,South Oʻahu: Waialae Beach Park,21.26885,-157.77655,2021-01-10,2021-01-10T19:02:00.000Z,135,=,low,1,0.4,3.9,4.0,23.6,22.6
3cc28eca-9038-47f3-8c9d-708de8cdba1c,776,South Oʻahu: Kaʻalāwai (Black Point/Cromwells),21.2574,-157.7968,2021-01-10,2021-01-10T18:45:00.000Z,10,=,low,0,0.4,3.9,4.0,23.6,22.6
8c9d9bfb-7ff2-47dc-89c1-acb9066a1ffe,780,North Oʻahu: Pūpūkea tidepools,21.649846,-158.062988,2021-01-10,2021-01-10T18:00:00.000Z,85,=,,0,0.0,2.8,6.0,23.0,23.5
a58487fc-0cd0-44c9-9c58-13b67f194e68,777,East Oʻahu: Kahaluʻu Beach,21.46011,-157.839571,2021-01-10,2021-01-10T16:57:00.000Z,1259,=,outgoing,1,2.0,14.6,2.0,22.7,21.7
9b93ab93-52ab-4496-9ca1-3316d167d8ab,861,South Oʻahu: Waialae Beach Park,21.26885,-157.77655,2020-12-27,2020-12-27T19:04:00.000Z,473,=,low,1,4.4,18.5,0.0,24.2,27.3
c030a618-3089-43c1-aa29-80f044521342,776,South Oʻahu: Kaʻalāwai (Black Point/Cromwells),21.2574,-157.7968,2020-12-27,2020-12-27T18:45:00.000Z,160,,low,1,4.4,18.5,0.0,24.1,27.3
cacc96e7-d9ca-4616-975b-9ef34e1536bf,858,South Oʻahu: Magic Island Bowls,21.282953,-157.845657,2020-12-27,2020-12-27T18:33:00.000Z,1223,=,low,1,0.8,9.3,0.0,24.0,26.3
5aa38114-f62a-4c55-9c44-6da036333f2b,859,South Oʻahu: Magic Island Canoe Launch,21.28777,-157.844116,2020-12-27,2020-12-27T18:25:00.000Z,5794,=,low,1,0.8,9.3,0.0,24.0,26.3
c75825cf-4491-4f33-90e2-db9a166fd733,780,North Oʻahu: Pūpūkea tidepools,21.649846,-158.062988,2020-12-27,2020-12-27T18:00:00.000Z,10,<,low,0,3.0,20.7,0.0,23.7,25.3
ffe277ef-70e0-47a4-9faf-81e41b3c1613,777,East Oʻahu: Kahaluʻu Beach,21.46011,-157.839571,2020-12-27,2020-12-27T16:50:00.000Z,1953,=,outgoing,1,2.5,34.6,0.0,23.4,24.2
4e80107e-7192-474a-b1f3-0647af3fabd2,776,South Oʻahu: Kaʻalāwai (Black Point/Cromwells),21.2574,-157.7968,2020-12-13,2020-12-13T19:00:00.000Z,20,=,outgoing,0,2.2,3.9,3.0,24.9,15.8
52a1a103-42dc-4d03-84e2-ab7ce68f9db0,861,South Oʻahu: Waialae Beach Park,21.26885,-157.77655,2020-12-13,2020-12-13T18:41:00.000Z,275,=,outgoing,1,2.2,3.9,3.0,24.9,15.8
345619a8-54d6-4a0d-9f44-4c0bf57e7da8,858,South Oʻahu: Magic Island Bowls,21.282953,-157.845657,2020-12-13,2020-12-13T18:30:00.000Z,41,=,outgoing,0,0.7,3.4,3.0,24.9,17.7
12c9a408-34dc-408f-89de-aa2b15d9cd60,859,South Oʻahu: Magic Island Canoe Launch,21.28777,-157.844116,2020-12-13,2020-12-13T18:20:00.000Z,109,=,outgoing,0,0.7,3.4,3.0,24.9,17.7
5ebbf5b7-1a35-41d2-976c-0d894854522c,777,East Oʻahu: Kahaluʻu Beach,21.46011,-157.839571,2020-12-13,2020-12-13T16:53:00.000Z,749,=,outgoing,1,2.2,10.2,0.0,23.8,12.6
747f9912-5ea9-4bd5-9912-679a80bef78b,858,South Oʻahu: Magic Island Bowls,21.282953,-157.845657,2020-11-29,2020-11-29T19:05:00.000Z,31,,outgoing,0,1.6,6.3,2.0,23.1,23.5
90c5d2b5-dec7-4e82-8778-a1191d5b0359,861,South Oʻahu: Waialae Beach Park,21.26885,-157.77655,2020-11-29,2020-11-29T19:02:00.000Z,63,,low,0,3.6,14.8,2.0,23.0,21.4
2621833a-a9e7-47bd-85f9-49068935b764,859,South Oʻahu: Magic Island Canoe Launch,21.28777,-157.844116,2020-11-29,2020-11-29T19:00:00.000Z,199,,outgoing,1,1.6,6.3,2.0,23.1,23.5
15c7653d-56f2-4849-85e5-9c9c7ace152a,776,South Oʻahu: Kaʻalāwai (Black Point/Cromwells),21.2574,-157.7968,2020-11-29,2020-11-29T18:15:00.000Z,63,,outgoing,0,3.6,14.8,2.0,22.9,21.4
bf9ac976-541a-489c-8154-363e50683545,780,North Oʻahu: Pūpūkea tidepools,21.649846,-158.062988,2020-11-29,2020-11-29T18:00:00.000Z,10,,outgoing,0,3.8,14.0,0.0,22.6,21.1
2a45b6ef-d79b-42ea-be82-07fda690d2a0,777,East Oʻahu: Kahaluʻu Beach,21.46011,-157.839571,2020-11-29,2020-11-29T16:51:00.000Z,1793,,low,1,6.3,52.1,0.0,22.3,20.1
8e4d6b7a-4c4d-4ba6-be54-cc59cd1aa0cf,861,South Oʻahu: Waialae Beach Park,21.26885,-157.77655,2020-11-15,2020-11-15T19:07:00.000Z,20,=,outgoing,0,0.8,5.8,1.0,25.3,15.9
b0a03cfc-9b3e-4fcd-b493-568db009bdff,858,South Oʻahu: Magic Island Bowls,21.282953,-157.845657,2020-11-15,2020-11-15T18:30:00.000Z,41,=,outgoing,0,0.5,2.4,5.0,25.3,18.5
d54849a5-7e0f-45a0-afe6-568bedd0c878,859,South Oʻahu: Magic Island Canoe Launch,21.28777,-157.844116,2020-11-15,2020-11-15T18:11:00.000Z,75,=,outgoing,0,0.5,2.4,5.0,25.3,18.5
bc26beff-2a51-4023-99ea-25a149fdf8aa,776,South Oʻahu: Kaʻalāwai (Black Point/Cromwells),21.2574,-157.7968,2020-11-15,2020-11-15T18:00:00.000Z,20,=,outgoing,0,0.8,5.8,1.0,25.3,15.9
81ef0a36-11d1-409c-84bc-a42b5ff28235,780,North Oʻahu: Pūpūkea tidepools,21.649846,-158.062988,2020-11-15,2020-11-15T18:00:00.000Z,74,=,outgoing,0,1.0,10.7,3.0,24.6,17.6
958a74d8-d0aa-4b26-aa62-66f5b2cd8446,777,East Oʻahu: Kahaluʻu Beach,21.46011,-157.839571,2020-11-15,2020-11-15T16:56:00.000Z,1565,=,outgoing,1,1.9,39.1,0.0,24.1,15.6
95e329d7-dd15-4eb6-9570-ea0161fd51de,861,South Oʻahu: Waialae Beach Park,21.26885,-157.77655,2020-11-01,2020-11-01T19:10:00.000Z,10,<,outgoing,0,0.5,15.9,0.0,25.4,12.4
8063a275-51d8-499c-acda-6db0d8d047bc,858,South Oʻahu: Magic Island Bowls,21.282953,-157.845657,2020-11-01,2020-11-01T18:45:00.000Z,62,=,outgoing,0,0.3,15.8,0.0,24.7,8.4
0977c6e0-74eb-48f7-8567-a2565675a8d0,776,South Oʻahu: Kaʻalāwai (Black Point/Cromwells),21.2574,-157.7968,2020-11-01,2020-11-01T18:45:00.000Z,10,=,outgoing,0,0.5,15.9,0.0,25.4,12.4
9b72dd91-f830-43c8-9070-49c2f9a2509a,859,South Oʻahu: Magic Island Canoe Launch,21.28777,-157.844116,2020-11-01,2020-11-01T18:30:00.000Z,31,=,outgoing,0,0.3,15.8,0.0,24.7,8.4
7d229d64-4e1c-4f0f-9da1-9aa7b0d6b6d2,777,East Oʻahu: Kahaluʻu Beach,21.46011,-157.839571,2020-11-01,2020-11-01T16:53:00.000Z,323,=,outgoing,1,0.3,16.1,3.0,24.2,13.2
b0f39b3b-f8bf-49ec-a1ef-210751981250,776,South Oʻahu: Kaʻalāwai (Black Point/Cromwells),21.2574,-157.7968,2020-10-18,2020-10-18T18:40:00.000Z,20,=,outgoing,0,1.6,15.5,0.0,26.4,13.1
f4cf756e-b626-470b-b9fd-d42f06f6f952,858,South Oʻahu: Magic Island Bowls,21.282953,-157.845657,2020-10-18,2020-10-18T18:35:00.000Z,10,=,outgoing,0,1.7,8.0,0.0,26.4,14.5
fc7a5a02-e250-4d13-a81f-48fa68478f90,859,South Oʻahu: Magic Island Canoe Launch,21.28777,-157.844116,2020-10-18,2020-10-18T18:15:00.000Z,253,=,outgoing,1,1.7,8.0,0.0,26.4,14.5
10d7f9fd-01d3-4b55-a5a6-12eb4d5addc5,780,North Oʻahu: Pūpūkea tidepools,21.649846,-158.062988,2020-10-18,2020-10-18T18:00:00.000Z,10,<,incoming,0,5.0,16.4,0.0,25.7,10.8
955e9983-9f6c-4a4f-b599-8923b6411832,861,South Oʻahu: Waialae Beach Park,21.26885,-157.77655,2020-10-18,2020-10-18T18:00:00.000Z,161,,outgoing,1,1.6,15.5,0.0,26.4,13.1
3ace9fdf-b16c-4712-9b43-da8fd8e747ff,777,East Oʻahu: Kahaluʻu Beach,21.46011,-157.839571,2020-10-18,2020-10-18T16:53:00.000Z,161,=,outgoing,1,1.6,29.5,0.0,25.6,13.2
4beba85a-0b3d-447a-8479-3d87a0703338,776,South Oʻahu: Kaʻalāwai (Black Point/Cromwells),21.2574,-157.7968,2020-10-04,2020-10-04T18:45:00.000Z,341,=,outgoing,1,0.7,8.0,1.0,26.6,24.7
10ca24a8-4770-464c-84ff-89638d8e0065,858,South Oʻahu: Magic Island Bowls,21.282953,-157.845657,2020-10-04,2020-10-04T18:45:00.000Z,86,=,outgoing,0,0.3,4.2,1.0,26.8,24.2
d7a25bf1-fb93-4b0e-b3cb-dbefb7288eb3,861,South Oʻahu: Waialae Beach Park,21.26885,-157.77655,2020-10-04,2020-10-04T18:40:00.000Z,30,=,outgoing,0,0.7,8.0,1.0,26.6,24.7
4011719b-fa11-433d-bd0e-e5c8fcf55cfc,859,South Oʻahu: Magic Island Canoe Launch,21.28777,-157.844116,2020-10-04,2020-10-04T18:35:00.000Z,197,=,outgoing,1,0.3,4.2,1.0,26.8,24.2
8d3db0c9-4fb7-4245-846c-706d57751974,780,North Oʻahu: Pūpūkea tidepools,21.649846,-158.062988,2020-10-04,2020-10-04T18:00:00.000Z,160,=,outgoing,1,0.0,21.4,1.0,26.3,22.1
8c3a46ff-520b-4159-b214-32548073dbc1,777,East Oʻahu: Kahaluʻu Beach,21.46011,-157.839571,2020-10-04,2020-10-04T16:55:00.000Z,1314,=,outgoing,1,1.6,15.9,1.0,25.6,21.7
47243022-8bba-4549-8889-5eef4ab5e040,861,South Oʻahu: Waialae Beach Park,21.26885,-157.77655,2020-09-20,2020-09-20T18:50:00.000Z,10,=,outgoing,0,1.9,2.4,0.0,26.2,24.9
79e60d2b-7584-442a-98e1-a8ba47ac6ade,858,South Oʻahu: Magic Island Bowls,21.282953,-157.845657,2020-09-20,2020-09-20T18:44:00.000Z,10,<,outgoing,0,0.7,0.6,44.0,26.3,25.9
a93402d1-7fa1-431c-896b-9ae613a1ad37,776,South Oʻahu: Kaʻalāwai (Black Point/Cromwells),21.2574,-157.7968,2020-09-20,2020-09-20T18:40:00.000Z,10,<,outgoing,0,1.9,2.4,0.0,26.2,24.9
68a2e529-2983-4bba-8001-8ec2ceb24b88,780,North Oʻahu: Pūpūkea tidepools,21.649846,-158.062988,2020-09-20,2020-09-20T17:50:00.000Z,10,<,outgoing,0,2.2,1.3,0.0,26.0,23.5
67602e8d-e81b-4bc0-a549-2f64a8937f22,777,East Oʻahu: Kahaluʻu Beach,21.46011,-157.839571,2020-09-20,2020-09-20T16:55:00.000Z,1039,=,outgoing,1,5.0,10.5,0.0,25.2,21.7
e794dc6f-4169-4108-a51f-783fd40cdcbd,776,South Oʻahu: Kaʻalāwai (Black Point/Cromwells),21.2574,-157.7968,2020-09-06,2020-09-06T19:05:00.000Z,10,<,outgoing,0,1.4,3.2,3.0,26.1,24.4
85431a28-048c-46a9-91fb-35fb12cffbb8,861,South Oʻahu: Waialae Beach Park,21.26885,-157.77655,2020-09-06,2020-09-06T19:00:00.000Z,10,<,outgoing,0,1.4,3.2,3.0,26.1,24.4
fdc41fb5-7bef-4f15-8eae-2345927e5267,858,South Oʻahu: Magic Island Bowls,21.282953,-157.845657,2020-09-06,2020-09-06T18:56:00.000Z,10,<,outgoing,0,0.5,0.2,30.0,26.3,25.6
c4cd92c1-ada6-4cd6-86b5-3150b6c0ee53,859,South Oʻahu: Magic Island Canoe Launch,21.28777,-157.844116,2020-09-06,2020-09-06T18:50:00.000Z,10,<,outgoing,0,0.5,0.2,30.0,26.3,25.6
387e09b7-ce6f-432d-ab74-a9812c775f95,780,North Oʻahu: Pūpūkea tidepools,21.649846,-158.062988,2020-09-06,2020-09-06T17:30:00.000Z,10,<,outgoing,0,1.2,2.2,5.0,25.7,24.1
2de743e4-a19d-4155-90a8-db15cdc761e7,777,East Oʻahu: Kahaluʻu Beach,21.46011,-157.839571,2020-09-06,2020-09-06T16:55:00.000Z,315,=,outgoing,1,3.6,29.5,0.0,24.9,22.0
25da2a4d-779e-42b2-b09e-246af241b95b,776,South Oʻahu: Kaʻalāwai (Black Point/Cromwells),21.2574,-157.7968,2020-08-23,2020-08-23T19:15:00.000Z,10,<,high,0,0.6,3.1,4.0,26.9,22.8
fce91c11-280d-4525-aff4-0b7c1f3a63af,858,South Oʻahu: Magic Island Bowls,21.282953,-157.845657,2020-08-23,2020-08-23T19:15:00.000Z,10,<,high,0,0.0,0.3,16.0,27.1,24.0
16a3e861-7376-4622-bda9-a321fbd59a6a,861,South Oʻahu: Waialae Beach Park,21.26885,-157.77655,2020-08-23,2020-08-23T18:59:00.000Z,10,<,high,0,0.6,3.1,4.0,26.9,22.8
bb5a0dac-ef34-444d-b5ef-0d578b46b6af,859,South Oʻahu: Magic Island Canoe Launch,21.28777,-157.844116,2020-08-23,2020-08-23T18:56:00.000Z,10,<,high,0,0.0,0.3,16.0,27.1,24.0
4ab4a046-fa2d-4221-b5c8-63c65e95a7bb,780,North Oʻahu: Pūpūkea tidepools,21.649846,-158.062988,2020-08-23,2020-08-23T18:01:00.000Z,10,<,high,0,0.1,2.4,5.0,26.6,23.1
9cf50bad-908e-42f8-b28d-ac2fc76bb378,777,East Oʻahu: Kahaluʻu Beach,21.46011,-157.839571,2020-08-23,2020-08-23T16:55:00.000Z,305,=,high,1,2.9,24.7,0.0,25.6,21.5
398aed53-ae35-4cf9-8977-6a9eb1a4cc3e,858,South Oʻahu: Magic Island Bowls,21.282953,-157.845657,2020-08-09,2020-08-09T19:05:00.000Z,10,=,high,0,0.0,3.0,2.0,26.3,33.8
2915d37b-a302-474d-820b-f39eb8fdaf53,861,South Oʻahu: Waialae Beach Park,21.26885,-157.77655,2020-08-09,2020-08-09T18:49:00.000Z,10,=,high,0,2.7,8.6,0.0,26.1,32.1
c045798a-84d4-443d-be3b-50fad53c80b3,859,South Oʻahu: Magic Island Canoe Launch,21.28777,-157.844116,2020-08-09,2020-08-09T18:48:00.000Z,10,<,high,0,0.0,3.0,2.0,26.3,33.8
51659cb9-d90e-4a60-a88b-06b22f26e562,776,South Oʻahu: Kaʻalāwai (Black Point/Cromwells),21.2574,-157.7968,2020-08-09,2020-08-09T18:40:00.000Z,10,<,high,0,2.7,8.6,0.0,26.1,32.1
a499dc08-b82c-4c79-bda7-3c3ffce96905,780,North Oʻahu: Pūpūkea tidepools,21.649846,-158.062988,2020-08-09,2020-08-09T17:45:00.000Z,10,<,,0,1.1,8.9,0.0,25.8,31.9
8cf7b4dd-31fa-4292-8304-b79452c168eb,777,East Oʻahu: Kahaluʻu Beach,21.46011,-157.839571,2020-08-09,2020-08-09T16:50:00.000Z,301,=,high,1,8.2,46.7,0.0,25.0,28.5
17c6e2b4-28e6-4354-8d11-81d9f6857582,861,South Oʻahu: Waialae Beach Park,21.26885,-157.77655,2020-07-12,2020-07-12T18:52:00.000Z,424,=,incoming,1,1.3,14.8,0.0,25.5,25.3
810a9884-f2de-4278-93bd-44bd58bb2a78,858,South Oʻahu: Magic Island Bowls,21.282953,-157.845657,2020-07-12,2020-07-12T18:25:00.000Z,1031,,incoming,1,0.1,4.0,4.0,25.6,25.9
2a31c0a0-048e-4990-831a-6b5559a4d4af,776,South Oʻahu: Kaʻalāwai (Black Point/Cromwells),21.2574,-157.7968,2020-07-12,2020-07-12T18:20:00.000Z,901,=,incoming,1,1.3,14.8,0.0,25.5,25.3
49b75ea9-8c02-4b76-86ca-9223b7aec396,859,South Oʻahu: Magic Island Canoe Launch,21.28777,-157.844116,2020-07-12,2020-07-12T18:15:00.000Z,383,=,incoming,1,0.1,4.0,4.0,25.6,25.9
18587c28-21f0-47fd-9501-2bbaebd2a0df,780,North Oʻahu: Pūpūkea tidepools,21.649846,-158.062988,2020-07-12,2020-07-12T17:30:00.000Z,233,=,incoming,1,2.1,11.2,0.0,25.0,24.6
ecd84caa-9646-48af-bf67-19da07af7ab2,777,East Oʻahu: Kahaluʻu Beach,21.46011,-157.839571,2020-07-12,2020-07-12T16:55:00.000Z,695,,incoming,1,3.2,35.3,0.0,24.4,23.0
9804bda0-d8df-41d3-a72d-c3a0f88e1085,776,South Oʻahu: Kaʻalāwai (Black Point/Cromwells),21.2574,-157.7968,2020-03-15,2020-03-15T20:00:00.000Z,10,<,outgoing,0,3.6,13.2,1.0,23.6,14.3
80f627ed-5e27-4f70-96ff-d67d79bc47e6,780,North Oʻahu: Pūpūkea tidepools,21.649846,-158.062988,2020-03-15,2020-03-15T19:15:00.000Z,10,=,outgoing,0,3.5,19.8,0.0,23.3,14.9
c6a83ba3-bb1f-40df-898b-3a683e61b621,858,South Oʻahu: Magic Island Bowls,21.282953,-157.845657,2020-03-15,2020-03-15T19:02:00.000Z,10,=,incoming,0,2.5,10.2,1.0,23.5,17.6
5a19f0e2-6ca8-4a83-a1a7-4adf232557e3,861,South Oʻahu: Waialae Beach Park,21.26885,-157.77655,2020-03-15,2020-03-15T19:00:00.000Z,10,=,outgoing,0,3.6,13.2,1.0,23.6,14.3
50107481-e54f-485e-a3bb-77551f8888ba,859,South Oʻahu: Magic Island Canoe Launch,21.28777,-157.844116,2020-03-15,2020-03-15T18:45:00.000Z,173,=,outgoing,1,2.5,10.2,1.0,23.5,17.6
5d021ff8-0380-46ef-8ae6-b25afc0f86af,777,East Oʻahu: Kahaluʻu Beach,21.46011,-157.839571,2020-03-15,2020-03-15T17:40:00.000Z,10112,=,outgoing,1,3.4,24.3,0.0,22.7,12.0
553114935,859,South Oʻahu: Magic Island Canoe Launch,21.28777,-157.844116,2020-03-01,2020-03-01T18:30:00Z,4034,=,high,1,2.5,1.7,0.0,21.8,36.1
553114949,858,South Oʻahu: Magic Island Bowls,21.282953,-157.845657,2020-03-01,2020-03-01T18:30:00Z,336,=,medium,1,2.5,1.7,0.0,21.8,36.1
553114944,859,South Oʻahu: Magic Island Canoe Launch,21.28777,-157.844116,2020-03-01,2020-03-01T18:30:00Z,201,=,medium,1,2.5,1.7,0.0,21.8,36.1
553114952,780,North Oʻahu: Pūpūkea tidepools,21.649846,-158.062988,2020-03-01,2020-03-01T18:30:00Z,10,<,high,0,11.3,12.0,0.0,21.0,37.2
553114946,861,South Oʻahu: Waialae Beach Park,21.26885,-157.77655,2020-03-01,2020-03-01T18:30:00Z,231,=,,1,8.0,7.1,0.0,21.7,34.8
553114574,776,South Oʻahu: Kaʻalāwai (Black Point/Cromwells),21.2574,-157.7968,2020-02-16,2020-02-16T20:30:00Z,10,<,medium,0,1.5,15.2,3.0,23.2,31.4
553114571,859,South Oʻahu: Magic Island Canoe Launch,21.28777,-157.844116,2020-02-16,2020-02-16T18:30:00Z,31,=,medium,0,0.2,9.5,3.0,23.2,32.2
553114573,780,North Oʻahu: Pūpūkea tidepools,21.649846,-158.062988,2020-02-16,2020-02-16T18:30:00Z,10,=,medium,0,0.5,45.7,2.0,22.7,30.8
553114583,861,South Oʻahu: Waialae Beach Park,21.26885,-157.77655,2020-02-16,2020-02-16T18:30:00Z,10,<,medium,0,1.5,15.2,3.0,23.2,31.4
553114572,858,South Oʻahu: Magic Island Bowls,21.282953,-157.845657,2020-02-16,2020-02-16T17:30:00Z,10,=,medium,0,0.2,9.5,3.0,23.2,32.2
553114577,777,East Oʻahu: Kahaluʻu Beach,21.46011,-157.839571,2020-02-16,2020-02-16T17:30:00Z,397,=,medium,1,4.3,24.4,0.0,22.4,27.9
553113950,780,North Oʻahu: Pūpūkea tidepools,21.649846,-158.062988,2020-01-19,2020-01-19T18:30:00Z,10,<,high,0,0.1,21.2,1.0,22.3,27.9
553113939,859,South Oʻahu: Magic Island Canoe Launch,21.28777,-157.844116,2020-01-19,2020-01-19T18:30:00Z,173,=,medium,1,0.0,15.4,2.0,22.7,28.6
553113942,861,South Oʻahu: Waialae Beach Park,21.26885,-157.77655,2020-01-19,2020-01-19T18:30:00Z,10,=,medium,0,0.2,20.4,1.0,23.0,27.4
553113940,858,South Oʻahu: Magic Island Bowls,21.282953,-157.845657,2020-01-19,2020-01-19T18:30:00Z,30,=,medium,0,0.0,15.4,2.0,22.7,28.6
553113946,777,East Oʻahu: Kahaluʻu Beach,21.46011,-157.839571,2020-01-19,2020-01-19T17:30:00Z,669,=,medium,1,1.7,49.5,1.0,22.2,27.4
553113289,776,South Oʻahu: Kaʻalāwai (Black Point/Cromwells),21.2574,-157.7968,2019-12-15,2019-12-15T19:30:00Z,145,=,medium,1,1.5,5.2,0.0,24.6,22.4
553113291,861,South Oʻahu: Waialae Beach Park,21.26885,-157.77655,2019-12-15,2019-12-15T19:30:00Z,195,=,high,1,1.5,5.2,0.0,24.7,22.4
553113286,780,North Oʻahu: Pūpūkea tidepools,21.649846,-158.062988,2019-12-15,2019-12-15T18:30:00Z,10,<,high,0,1.6,12.5,0.0,24.1,22.6
553112868,776,South Oʻahu: Kaʻalāwai (Black Point/Cromwells),21.2574,-157.7968,2019-12-01,2019-12-01T20:30:00Z,10,<,medium,0,2.6,6.4,3.0,24.2,32.0
553112861,858,South Oʻahu: Magic Island Bowls,21.282953,-157.845657,2019-12-01,2019-12-01T20:30:00Z,158,=,high,1,1.7,2.3,3.0,24.2,34.8
553112858,859,South Oʻahu: Magic Island Canoe Launch,21.28777,-157.844116,2019-12-01,2019-12-01T19:30:00Z,1043,=,high,1,1.7,2.3,3.0,24.2,34.8
553112854,780,North Oʻahu: Pūpūkea tidepools,21.649846,-158.062988,2019-12-01,2019-12-01T18:30:00Z,122,=,medium,0,4.8,9.1,0.0,23.7,31.8
553112856,861,South Oʻahu: Waialae Beach Park,21.26885,-157.77655,2019-12-01,2019-12-01T18:30:00Z,10,=,medium,0,2.6,6.4,3.0,24.2,32.0
553112853,777,East Oʻahu: Kahaluʻu Beach,21.46011,-157.839571,2019-12-01,2019-12-01T17:30:00Z,2382,=,high,1,7.5,18.5,0.0,23.6,31.0
553112509,776,South Oʻahu: Kaʻalāwai (Black Point/Cromwells),21.2574,-157.7968,2019-11-17,2019-11-17T19:30:00Z,10,<,medium,0,2.0,3.6,0.0,25.0,23.4
553112503,858,South Oʻahu: Magic Island Bowls,21.282953,-157.845657,2019-11-17,2019-11-17T18:30:00Z,10,<,high,0,0.9,1.5,7.0,25.2,26.2
553112510,859,South Oʻahu: Magic Island Canoe Launch,21.28777,-157.844116,2019-11-17,2019-11-17T18:30:00Z,30,=,high,0,0.9,1.5,7.0,25.2,26.2
553112508,861,South Oʻahu: Waialae Beach Park,21.26885,-157.77655,2019-11-17,2019-11-17T18:30:00Z,10,<,high,0,2.0,3.6,0.0,25.0,23.4
553112160,859,South Oʻahu: Magic Island Canoe Launch,21.28777,-157.844116,2019-11-03,2019-11-03T19:30:00Z,10,=,high,0,1.2,4.4,2.0,25.7,16.0
553112157,780,North Oʻahu: Pūpūkea tidepools,21.649846,-158.062988,2019-11-03,2019-11-03T18:30:00Z,10,=,high,0,2.5,13.2,1.0,24.9,12.1
553112166,861,South Oʻahu: Waialae Beach Park,21.26885,-157.77655,2019-11-03,2019-11-03T18:30:00Z,10,<,high,0,3.1,5.6,2.0,25.7,12.5
553111211,780,North Oʻahu: Pūpūkea tidepools,21.649846,-158.062988,2019-09-30,2019-09-30T18:30:00Z,10,<,low,0,3.8,23.0,0.0,26.1,20.9
553111208,777,East Oʻahu: Kahaluʻu Beach,21.46011,-157.839571,2019-09-29,2019-09-29T19:30:00Z,744,=,low,1,3.8,38.7,0.0,25.8,22.9
553112879,859,South Oʻahu: Magic Island Canoe Launch,21.28777,-157.844116,2019-09-29,2019-09-29T19:30:00Z,556,=,low,1,0.3,19.8,0.0,26.6,22.8
553111204,858,South Oʻahu: Magic Island Bowls,21.282953,-157.845657,2019-09-29,2019-09-29T19:30:00Z,31,=,low,0,0.3,19.8,0.0,26.6,22.8
553110700,780,North Oʻahu: Pūpūkea tidepools,21.649846,-158.062988,2019-09-08,2019-09-08T18:30:00Z,20,=,low,0,4.4,3.6,6.0,26.8,28.2
553110695,861,South Oʻahu: Waialae Beach Park,21.26885,-157.77655,2019-09-08,2019-09-08T17:30:00Z,20,=,medium,0,3.8,9.4,1.0,27.4,28.9
553110454,776,South Oʻahu: Kaʻalāwai (Black Point/Cromwells),21.2574,-157.7968,2019-08-25,2019-08-25T20:30:00Z,10,<,medium,0,0.7,5.6,1.0,27.4,28.6
553110452,858,South Oʻahu: Magic Island Bowls,21.282953,-157.845657,2019-08-25,2019-08-25T20:30:00Z,10,=,high,0,0.1,2.6,1.0,27.6,29.0
553110451,859,South Oʻahu: Magic Island Canoe Launch,21.28777,-157.844116,2019-08-25,2019-08-25T19:30:00Z,20,=,high,0,0.1,2.6,1.0,27.6,29.0
553110443,780,North Oʻahu: Pūpūkea tidepools,21.649846,-158.062988,2019-08-25,2019-08-25T18:30:00Z,10,=,medium,0,1.6,4.1,1.0,26.9,30.0
553110285,859,South Oʻahu: Magic Island Canoe Launch,21.28777,-157.844116,2019-08-11,2019-08-11T19:30:00Z,20,=,medium,0,0.1,13.6,1.0,28.5,19.3
553110289,861,South Oʻahu: Waialae Beach Park,21.26885,-157.77655,2019-08-11,2019-08-11T19:30:00Z,10,<,medium,0,0.5,12.0,3.0,28.3,18.1
553110286,858,South Oʻahu: Magic Island Bowls,21.282953,-157.845657,2019-08-11,2019-08-11T19:30:00Z,10,<,medium,0,0.1,13.6,1.0,28.5,19.3
553109361,776,South Oʻahu: Kaʻalāwai (Black Point/Cromwells),21.2574,-157.7968,2019-06-30,2019-06-30T19:30:00Z,1670,=,low,1,1.2,107.6,1.0,26.1,16.7
553109389,861,South Oʻahu: Waialae Beach Park,21.26885,-157.77655,2019-06-30,2019-06-30T18:30:00Z,689,=,low,1,1.2,107.6,1.0,26.2,16.7
553109392,780,North Oʻahu: Pūpūkea tidepools,21.649846,-158.062988,2019-06-30,2019-06-30T18:30:00Z,20,=,medium,0,1.8,157.7,2.0,25.8,21.1
553109387,859,South Oʻahu: Magic Island Canoe Launch,21.28777,-157.844116,2019-06-30,2019-06-30T18:30:00Z,1081,=,low,1,0.4,85.1,1.0,26.0,15.3
553109104,780,North Oʻahu: Pūpūkea tidepools,21.649846,-158.062988,2019-06-16,2019-06-16T18:30:00Z,10,<,low,0,0.3,0.5,10.0,25.6,22.3
553109102,776,South Oʻahu: Kaʻalāwai (Black Point/Cromwells),21.2574,-157.7968,2019-06-16,2019-06-16T18:30:00Z,10,<,low,0,0.4,3.7,6.0,26.2,22.2
553109099,859,South Oʻahu: Magic Island Canoe Launch,21.28777,-157.844116,2019-06-16,2019-06-16T17:30:00Z,30,=,low,0,0.0,1.4,6.0,26.4,23.7
553109101,858,South Oʻahu: Magic Island Bowls,21.282953,-157.845657,2019-06-16,2019-06-16T17:30:00Z,10,<,low,0,0.0,1.4,6.0,26.4,23.7
553109098,861,South Oʻahu: Waialae Beach Park,21.26885,-157.77655,2019-06-16,2019-06-16T17:30:00Z,10,<,low,0,0.4,3.7,6.0,26.2,22.2
553108737,780,North Oʻahu: Pūpūkea tidepools,21.649846,-158.062988,2019-05-26,2019-05-26T19:30:00Z,235,=,high,1,0.0,6.7,2.0,25.5,21.6
553108730,859,South Oʻahu: Magic Island Canoe Launch,21.28777,-157.844116,2019-05-26,2019-05-26T18:30:00Z,81,=,low,0,0.0,11.8,0.0,26.2,22.0
553108733,776,South Oʻahu: Kaʻalāwai (Black Point/Cromwells),21.2574,-157.7968,2019-05-26,2019-05-26T18:30:00Z,10,<,low,0,0.1,12.3,0.0,25.9,22.4
553108728,861,South Oʻahu: Waialae Beach Park,21.26885,-157.77655,2019-05-26,2019-05-26T18:30:00Z,10,<,medium,0,0.1,12.3,0.0,26.0,22.4
553108726,858,South Oʻahu: Magic Island Bowls,21.282953,-157.845657,2019-05-26,2019-05-26T18:30:00Z,10,<,low,0,0.0,11.8,0.0,26.2,22.0
553108053,777,East Oʻahu: Kahaluʻu Beach,21.46011,-157.839571,2019-04-28,2019-04-28T19:30:00Z,1112,=,medium,1,4.7,23.5,0.0,23.1,7.9
553108057,780,North Oʻahu: Pūpūkea tidepools,21.649846,-158.062988,2019-04-28,2019-04-28T19:30:00Z,10,<,low,0,12.9,6.6,0.0,23.3,9.4
553108063,859,South Oʻahu: Magic Island Canoe Launch,21.28777,-157.844116,2019-04-28,2019-04-28T17:30:00Z,52,=,low,0,3.3,3.9,0.0,23.8,12.2
553108062,858,South Oʻahu: Magic Island Bowls,21.282953,-157.845657,2019-04-28,2019-04-28T17:30:00Z,31,=,low,0,3.3,3.9,0.0,23.8,12.2
553107797,861,South Oʻahu: Waialae Beach Park,21.26885,-157.77655,2019-04-07,2019-04-07T19:30:00Z,160,=,low,1,0.2,5.4,0.0,23.5,14.8
553107803,777,East Oʻahu: Kahaluʻu Beach,21.46011,-157.839571,2019-04-07,2019-04-07T19:30:00Z,142,=,low,1,0.2,9.1,0.0,22.1,12.8
553107793,780,North Oʻahu: Pūpūkea tidepools,21.649846,-158.062988,2019-04-07,2019-04-07T18:30:00Z,20,=,low,0,0.2,4.8,4.0,22.8,17.6
553107794,858,South Oʻahu: Magic Island Bowls,21.282953,-157.845657,2019-04-07,2019-04-07T17:30:00Z,10,=,medium,0,0.6,1.5,8.0,23.6,16.3
553107802,776,South Oʻahu: Kaʻalāwai (Black Point/Cromwells),21.2574,-157.7968,2019-04-07,2019-04-07T17:30:00Z,10,<,medium,0,0.2,5.4,0.0,23.5,14.8
553107795,859,South Oʻahu: Magic Island Canoe Launch,21.28777,-157.844116,2019-04-07,2019-04-07T17:30:00Z,1320,=,medium,1,0.6,1.5,8.0,23.6,16.3
553107344,777,East Oʻahu: Kahaluʻu Beach,21.46011,-157.839571,2019-03-24,2019-03-24T19:30:00Z,75,=,medium,0,2.6,8.4,0.0,22.6,22.1
553107350,780,North Oʻahu: Pūpūkea tidepools,21.649846,-158.062988,2019-03-24,2019-03-24T18:30:00Z,10,=,low,0,0.1,5.2,0.0,23.0,22.3
553107349,776,South Oʻahu: Kaʻalāwai (Black Point/Cromwells),21.2574,-157.7968,2019-03-24,2019-03-24T18:30:00Z,10,<,medium,0,0.0,3.1,4.0,23.5,23.5
553107354,861,South Oʻahu: Waialae Beach Park,21.26885,-157.77655,2019-03-24,2019-03-24T17:30:00Z,63,=,medium,0,0.0,3.1,4.0,23.5,23.5
553107034,777,East Oʻahu: Kahaluʻu Beach,21.46011,-157.839571,2019-03-10,2019-03-10T20:30:00Z,269,=,low,1,5.7,21.7,0.0,21.9,31.4
553107025,776,South Oʻahu: Kaʻalāwai (Black Point/Cromwells),21.2574,-157.7968,2019-03-10,2019-03-10T19:30:00Z,10,<,,0,1.4,5.3,4.0,22.8,31.8
553107027,858,South Oʻahu: Magic Island Bowls,21.282953,-157.845657,2019-03-10,2019-03-10T18:30:00Z,10,<,high,0,0.6,1.2,14.0,23.0,31.9
553107028,859,South Oʻahu: Magic Island Canoe Launch,21.28777,-157.844116,2019-03-10,2019-03-10T18:30:00Z,30,=,high,0,0.6,1.2,14.0,23.0,31.9
553107033,861,South Oʻahu: Waialae Beach Park,21.26885,-157.77655,2019-03-10,2019-03-10T18:30:00Z,86,=,high,0,1.4,5.3,4.0,22.8,31.8
553107038,780,North Oʻahu: Pūpūkea tidepools,21.649846,-158.062988,2019-03-10,2019-03-10T18:30:00Z,10,<,medium,0,1.8,8.8,0.0,22.1,33.8
553106770,859,South Oʻahu: Magic Island Canoe Launch,21.28777,-157.844116,2019-02-24,2019-02-24T19:30:00Z,41,=,high,0,0.0,18.0,0.0,21.7,22.6
553106781,861,South Oʻahu: Waialae Beach Park,21.26885,-157.77655,2019-02-24,2019-02-24T19:30:00Z,199,=,low,1,0.0,22.0,4.0,22.1,22.4
553106775,777,East Oʻahu: Kahaluʻu Beach,21.46011,-157.839571,2019-02-24,2019-02-24T18:30:00Z,1935,=,high,1,0.0,35.2,0.0,21.3,21.0
553106769,776,South Oʻahu: Kaʻalāwai (Black Point/Cromwells),21.2574,-157.7968,2019-02-24,2019-02-24T18:30:00Z,10,<,medium,0,0.0,22.0,4.0,22.0,22.4
553106779,780,North Oʻahu: Pūpūkea tidepools,21.649846,-158.062988,2019-02-24,2019-02-24T18:30:00Z,10,=,medium,0,0.0,25.6,3.0,21.4,20.2
553106768,858,South Oʻahu: Magic Island Bowls,21.282953,-157.845657,2019-02-24,2019-02-24T18:30:00Z,10,<,high,0,0.0,18.0,0.0,21.7,22.6
553106740,777,East Oʻahu: Kahaluʻu Beach,21.46011,-157.839571,2019-02-10,2019-02-10T19:30:00Z,62,=,medium,0,4.9,24.9,0.0,17.7,34.9
553106739,776,South Oʻahu: Kaʻalāwai (Black Point/Cromwells),21.2574,-157.7968,2019-02-10,2019-02-10T19:30:00Z,3130,=,low,1,2.5,8.1,2.0,18.4,45.4
553106742,861,South Oʻahu: Waialae Beach Park,21.26885,-157.77655,2019-02-10,2019-02-10T18:30:00Z,450,=,medium,1,2.5,8.1,2.0,18.4,45.4
553106738,859,South Oʻahu: Magic Island Canoe Launch,21.28777,-157.844116,2019-02-10,2019-02-10T18:30:00Z,428,=,high,1,3.1,7.5,2.0,18.3,50.0
553106737,858,South Oʻahu: Magic Island Bowls,21.282953,-157.845657,2019-02-10,2019-02-10T17:30:00Z,10,=,high,0,3.1,7.5,2.0,18.3,50.0
553106724,777,East Oʻahu: Kahaluʻu Beach,21.46011,-157.839571,2019-01-27,2019-01-27T19:30:00Z,546,=,medium,1,1.6,10.5,1.0,20.3,28.1
553106715,861,South Oʻahu: Waialae Beach Park,21.26885,-157.77655,2019-01-27,2019-01-27T19:30:00Z,10,<,medium,0,0.6,7.1,1.0,21.0,26.9
553106132,776,South Oʻahu: Kaʻalāwai (Black Point/Cromwells),21.2574,-157.7968,2019-01-27,2019-01-27T18:30:00Z,10,=,high,0,0.6,7.1,1.0,21.0,26.9
553106727,780,North Oʻahu: Pūpūkea tidepools,21.649846,-158.062988,2019-01-27,2019-01-27T18:30:00Z,10,=,high,0,0.3,11.3,1.0,20.5,27.2
553106721,859,South Oʻahu: Magic Island Canoe Launch,21.28777,-157.844116,2019-01-27,2019-01-27T18:30:00Z,231,=,high,1,0.0,3.0,1.0,20.9,26.7
553106720,858,South Oʻahu: Magic Island Bowls,21.282953,-157.845657,2019-01-27,2019-01-27T18:30:00Z,10,=,high,0,0.0,3.0,1.0,20.9,26.7
553106130,776,South Oʻahu: Kaʻalāwai (Black Point/Cromwells),21.2574,-157.7968,2018-12-16,2018-12-16T19:30:00Z,10,=,high,0,0.0,7.4,3.0,23.3,24.8
553106123,777,East Oʻahu: Kahaluʻu Beach,21.46011,-157.839571,2018-12-16,2018-12-16T19:30:00Z,266,=,high,1,0.0,25.6,2.0,22.5,24.6
553104831,777,East Oʻahu: Kahaluʻu Beach,21.46011,-157.839571,2018-11-25,2018-11-25T20:30:00Z,226,=,low,1,0.8,23.7,1.0,23.6,13.2
553104830,780,North Oʻahu: Pūpūkea tidepools,21.649846,-158.062988,2018-11-25,2018-11-25T18:30:00Z,52,=,medium,0,0.0,8.5,2.0,24.1,10.6
553104533,776,South Oʻahu: Kaʻalāwai (Black Point/Cromwells),21.2574,-157.7968,2018-11-11,2018-11-11T19:30:00Z,10,<,high,0,0.1,11.4,0.0,24.0,25.2
553104539,780,North Oʻahu: Pūpūkea tidepools,21.649846,-158.062988,2018-11-11,2018-11-11T18:30:00Z,10,<,medium,0,1.4,22.8,0.0,23.4,24.9
553104088,780,North Oʻahu: Pūpūkea tidepools,21.649846,-158.062988,2018-10-21,2018-10-21T19:30:00Z,52,=,medium,0,0.6,7.3,0.0,25.4,20.8
553104085,777,East Oʻahu: Kahaluʻu Beach,21.46011,-157.839571,2018-10-21,2018-10-21T18:30:00Z,520,=,medium,1,6.1,11.8,0.0,24.9,17.7
553103941,776,South Oʻahu: Kaʻalāwai (Black Point/Cromwells),21.2574,-157.7968,2018-10-07,2018-10-07T20:30:00Z,10,<,low,0,0.8,8.1,0.0,26.6,21.2
553103944,777,East Oʻahu: Kahaluʻu Beach,21.46011,-157.839571,2018-10-07,2018-10-07T19:30:00Z,847,=,medium,1,4.3,21.0,0.0,25.6,21.0
553103946,780,North Oʻahu: Pūpūkea tidepools,21.649846,-158.062988,2018-10-07,2018-10-07T18:30:00Z,495,=,low,1,1.6,5.6,0.0,26.0,22.4
553103520,776,South Oʻahu: Kaʻalāwai (Black Point/Cromwells),21.2574,-157.7968,2018-09-23,2018-09-23T19:30:00Z,10,<,low,0,0.6,3.6,2.0,26.4,12.4
553103524,780,North Oʻahu: Pūpūkea tidepools,21.649846,-158.062988,2018-09-23,2018-09-23T19:30:00Z,10,<,low,0,0.6,2.5,6.0,26.1,15.1
553103522,777,East Oʻahu: Kahaluʻu Beach,21.46011,-157.839571,2018-09-23,2018-09-23T18:30:00Z,285,=,low,1,1.7,23.2,0.0,25.4,15.6
553103340,777,East Oʻahu: Kahaluʻu Beach,21.46011,-157.839571,2018-09-09,2018-09-09T19:30:00Z,73,=,low,0,0.7,33.0,1.0,25.2,16.2
553103337,780,North Oʻahu: Pūpūkea tidepools,21.649846,-158.062988,2018-09-09,2018-09-09T18:30:00Z,816,=,low,1,0.3,11.8,0.0,25.6,17.7
553102767,777,East Oʻahu: Kahaluʻu Beach,21.46011,-157.839571,2018-08-05,2018-08-05T19:30:00Z,134,=,high,1,2.6,37.7,0.0,25.0,27.4
553102774,780,North Oʻahu: Pūpūkea tidepools,21.649846,-158.062988,2018-08-05,2018-08-05T18:30:00Z,313,=,medium,1,1.5,16.2,0.0,25.5,28.5
553102379,777,East Oʻahu: Kahaluʻu Beach,21.46011,-157.839571,2018-07-22,2018-07-22T19:30:00Z,108,=,medium,0,4.6,38.6,0.0,24.8,22.2
553102380,776,South Oʻahu: Kaʻalāwai (Black Point/Cromwells),21.2574,-157.7968,2018-07-22,2018-07-22T18:30:00Z,10,<,,0,1.6,8.4,4.0,26.0,25.1
553102382,780,North Oʻahu: Pūpūkea tidepools,21.649846,-158.062988,2018-07-22,2018-07-22T18:30:00Z,10,<,low,0,2.2,5.9,3.0,25.3,22.6
553102135,780,North Oʻahu: Pūpūkea tidepools,21.649846,-158.062988,2018-07-08,2018-07-08T19:30:00Z,80,=,high,0,5.0,11.2,0.0,24.1,23.7
553102146,776,South Oʻahu: Kaʻalāwai (Black Point/Cromwells),21.2574,-157.7968,2018-07-08,2018-07-08T19:30:00Z,10,=,medium,0,6.4,14.0,0.0,24.8,25.0
553102149,777,East Oʻahu: Kahaluʻu Beach,21.46011,-157.839571,2018-07-08,2018-07-08T17:30:00Z,605,=,medium,1,4.9,46.1,0.0,23.8,20.9
553101837,777,East Oʻahu: Kahaluʻu Beach,21.46011,-157.839571,2018-06-24,2018-06-24T18:30:00Z,75,=,medium,0,6.2,16.1,0.0,24.1,25.6
553101840,780,North Oʻahu: Pūpūkea tidepools,21.649846,-158.062988,2018-06-24,2018-06-24T18:30:00Z,10,<,low,0,7.3,5.4,0.0,24.5,26.5
553101834,776,South Oʻahu: Kaʻalāwai (Black Point/Cromwells),21.2574,-157.7968,2018-06-24,2018-06-24T17:30:00Z,10,<,low,0,8.7,6.4,1.0,25.0,27.0
553101697,776,South Oʻahu: Kaʻalāwai (Black Point/Cromwells),21.2574,-157.7968,2018-06-12,2018-06-13T02:30:00Z,10,=,low,0,0.4,14.2,1.0,25.2,25.7
553101702,780,North Oʻahu: Pūpūkea tidepools,21.649846,-158.062988,2018-06-12,2018-06-13T02:30:00Z,41,=,high,0,0.4,10.2,2.0,24.6,27.1
553101705,777,East Oʻahu: Kahaluʻu Beach,21.46011,-157.839571,2018-06-12,2018-06-12T22:30:00Z,81,=,high,0,12.4,46.1,0.0,24.0,23.1
553100987,776,South Oʻahu: Kaʻalāwai (Black Point/Cromwells),21.2574,-157.7968,2018-05-06,2018-05-06T19:30:00Z,10,=,low,0,0.4,13.1,2.0,23.4,24.7
553100983,780,North Oʻahu: Pūpūkea tidepools,21.649846,-158.062988,2018-05-06,2018-05-06T18:30:00Z,10,<,high,0,1.6,14.6,1.0,22.6,22.1
553100984,777,East Oʻahu: Kahaluʻu Beach,21.46011,-157.839571,2018-05-06,2018-05-06T17:30:00Z,197,=,medium,1,1.2,16.9,3.0,22.5,21.3
553100696,777,East Oʻahu: Kahaluʻu Beach,21.46011,-157.839571,2018-04-21,2018-04-21T20:30:00Z,1115,=,low,1,5.8,46.3,0.0,22.9,23.2
553100700,780,North Oʻahu: Pūpūkea tidepools,21.649846,-158.062988,2018-04-21,2018-04-21T19:30:00Z,10,<,low,0,0.5,7.7,2.0,23.3,26.0
553100692,776,South Oʻahu: Kaʻalāwai (Black Point/Cromwells),21.2574,-157.7968,2018-04-21,2018-04-21T19:30:00Z,450,=,low,1,1.2,13.1,0.0,23.8,24.8
553100518,776,South Oʻahu: Kaʻalāwai (Black Point/Cromwells),21.2574,-157.7968,2018-04-08,2018-04-08T22:30:00Z,41,=,,0,1.0,45.8,0.0,23.3,19.9
553100520,777,East Oʻahu: Kahaluʻu Beach,21.46011,-157.839571,2018-04-08,2018-04-08T22:30:00Z,6895,=,,1,3.6,41.0,0.0,22.8,21.4
553100523,780,North Oʻahu: Pūpūkea tidepools,21.649846,-158.062988,2018-04-08,2018-04-08T22:30:00Z,20,=,,0,8.6,44.5,0.0,22.8,19.3
553100213,776,South Oʻahu: Kaʻalāwai (Black Point/Cromwells),21.2574,-157.7968,2018-03-25,2018-03-25T19:30:00Z,10,=,low,0,0.0,51.4,0.0,22.3,12.1
553100216,780,North Oʻahu: Pūpūkea tidepools,21.649846,-158.062988,2018-03-25,2018-03-25T17:30:00Z,10,<,,0,3.0,35.5,0.0,22.0,9.0
553100193,777,East Oʻahu: Kahaluʻu Beach,21.46011,-157.839571,2018-03-11,2018-03-11T20:30:00Z,269,=,medium,1,2.2,20.1,0.0,20.0,24.5
553100191,776,South Oʻahu: Kaʻalāwai (Black Point/Cromwells),21.2574,-157.7968,2018-03-11,2018-03-11T20:30:00Z,10,=,medium,0,0.2,5.9,3.0,20.8,24.5
553100196,780,North Oʻahu: Pūpūkea tidepools,21.649846,-158.062988,2018-03-11,2018-03-11T19:30:00Z,281,=,high,1,1.4,9.5,0.0,20.1,25.0
553100188,777,East Oʻahu: Kahaluʻu Beach,21.46011,-157.839571,2018-02-21,2018-02-21T19:30:00Z,980,=,medium,1,0.3,41.9,2.0,21.8,14.6
553100187,780,North Oʻahu: Pūpūkea tidepools,21.649846,-158.062988,2018-02-21,2018-02-21T18:30:00Z,10,<,medium,0,0.0,47.9,2.0,22.3,18.1
553100184,776,South Oʻahu: Kaʻalāwai (Black Point/Cromwells),21.2574,-157.7968,2018-02-21,2018-02-21T18:30:00Z,10,=,high,0,0.0,46.2,2.0,22.5,17.4
553100180,777,East Oʻahu: Kahaluʻu Beach,21.46011,-157.839571,2018-02-04,2018-02-04T19:30:00Z,326,=,medium,1,9.6,15.5,1.0,22.9,19.4
553100178,776,South Oʻahu: Kaʻalāwai (Black Point/Cromwells),21.2574,-157.7968,2018-02-04,2018-02-04T18:30:00Z,10,<,high,0,9.0,30.4,0.0,23.3,20.8
