location_id,latitude,longitude,elevation,utc_offset_seconds,timezone,timezone_abbreviation
0,21.476273,-157.84474,0.0,-36000,Pacific/Honolulu,GMT-10
1,21.405973,-157.77551,0.0,-36000,Pacific/Honolulu,GMT-10
2,21.335676,-157.88991,0.0,-36000,Pacific/Honolulu,GMT-10
3,21.335676,-157.88991,1.0,-36000,Pacific/Honolulu,GMT-10
4,21.335676,-157.79817,4.0,-36000,Pacific/Honolulu,GMT-10
5,21.335676,-157.79817,0.0,-36000,Pacific/Honolulu,GMT-10
6,21.61687,-158.07574,0.0,-36000,Pacific/Honolulu,GMT-10
7,21.61687,-158.07574,0.0,-36000,Pacific/Honolulu,GMT-10
8,21.405973,-158.14285,0.0,-36000,Pacific/Honolulu,GMT-10

location_id,time,rain_sum (mm),precipitation_sum (mm),wind_speed_10m_max (km/h),temperature_2m_mean (°C)
0,2018-01-01,0.60,0.60,19.5,22.3
0,2018-01-02,1.20,1.20,20.6,21.9
0,2018-01-03,0.00,0.00,23.9,22.0
0,2018-01-04,0.10,0.10,27.3,22.2
0,2018-01-05,0.00,0.00,27.2,22.0
0,2018-01-06,3.10,3.10,28.3,22.3
0,2018-01-07,3.80,3.80,27.0,22.4
0,2018-01-08,2.40,2.40,24.2,22.6
0,2018-01-09,0.40,0.40,17.3,22.6
0,2018-01-10,0.50,0.50,17.0,21.6
0,2018-01-11,3.70,3.70,19.1,22.1
0,2018-01-12,0.20,0.20,10.6,22.1
0,2018-01-13,0.00,0.00,15.5,21.8
0,2018-01-14,0.00,0.00,13.0,21.8
0,2018-01-15,0.00,0.00,19.2,21.9
0,2018-01-16,0.10,0.10,22.7,22.4
0,2018-01-17,1.10,1.10,33.2,22.3
0,2018-01-18,2.60,2.60,37.8,22.7
0,2018-01-19,16.30,16.30,29.9,22.7
0,2018-01-20,14.00,14.00,26.6,22.3
0,2018-01-21,3.60,3.60,22.6,22.5
0,2018-01-22,0.00,0.00,24.0,22.5
0,2018-01-23,5.60,5.60,28.8,22.6
0,2018-01-24,2.40,2.40,25.3,22.6
0,2018-01-25,3.50,3.50,23.8,22.8
0,2018-01-26,0.00,0.00,5.9,22.4
0,2018-01-27,2.50,2.50,7.5,21.9
0,2018-01-28,0.30,0.30,17.4,21.8
0,2018-01-29,0.20,0.20,11.8,21.5
0,2018-01-30,0.00,0.00,23.1,21.5
0,2018-01-31,0.80,0.80,25.0,22.3
0,2018-02-01,6.50,6.50,20.9,23.2
0,2018-02-02,7.30,7.30,17.0,23.3
0,2018-02-03,0.40,0.40,17.7,23.5
0,2018-02-04,9.60,9.60,19.4,22.9
0,2018-02-05,4.90,4.90,21.4,21.3
0,2018-02-06,3.50,3.50,9.2,20.7
0,2018-02-07,4.40,4.40,12.9,20.9
0,2018-02-08,0.00,0.00,27.7,20.2
0,2018-02-09,0.10,0.10,27.5,20.5
0,2018-02-10,0.20,0.20,22.0,20.1
0,2018-02-11,0.00,0.00,13.2,20.7
0,2018-02-12,0.30,0.30,11.6,21.6
0,2018-02-13,0.10,0.10,20.1,22.4
0,2018-02-14,15.90,15.90,21.6,21.6
0,2018-02-15,3.30,3.30,12.0,21.7
0,2018-02-16,3.00,3.00,10.2,21.1
0,2018-02-17,1.20,1.20,11.2,21.0
0,2018-02-18,17.50,17.50,17.7,20.7
0,2018-02-19,0.60,0.60,13.8,20.6
0,2018-02-20,0.40,0.40,9.4,20.6
0,2018-02-21,0.30,0.30,14.6,21.8
0,2018-02-22,5.30,5.30,19.6,22.3
0,2018-02-23,1.80,1.80,19.5,22.9
0,2018-02-24,3.60,3.60,24.9,23.2
0,2018-02-25,8.10,8.10,26.5,22.7
0,2018-02-26,10.40,10.40,26.9,22.4
0,2018-02-27,12.20,12.20,31.0,22.4
0,2018-02-28,11.30,11.30,31.8,22.2
0,2018-03-01,16.70,16.70,30.0,22.2
0,2018-03-02,24.90,24.90,24.9,22.2
0,2018-03-03,6.90,6.90,27.8,22.3
0,2018-03-04,4.60,4.60,22.3,22.2
0,2018-03-05,1.90,1.90,26.9,21.7
0,2018-03-06,3.00,3.00,26.7,21.0
0,2018-03-07,2.70,2.70,21.1,20.1
0,2018-03-08,3.10,3.10,24.9,19.8
0,2018-03-09,2.00,2.00,28.8,19.8
0,2018-03-10,2.80,2.80,25.0,20.2
0,2018-03-11,2.20,2.20,24.5,20.0
0,2018-03-12,3.20,3.20,26.4,20.4
0,2018-03-13,6.80,6.80,28.3,21.2
0,2018-03-14,4.30,4.30,22.7,22.4
0,2018-03-15,0.20,0.20,9.8,23.7
0,2018-03-16,1.70,1.70,8.9,23.5
0,2018-03-17,0.40,0.40,14.0,22.9
0,2018-03-18,6.40,6.40,24.3,21.9
0,2018-03-19,4.40,4.40,23.2,21.1
0,2018-03-20,1.70,1.70,26.1,21.4
0,2018-03-21,1.50,1.50,26.2,21.9
0,2018-03-22,14.80,14.80,24.1,21.7
0,2018-03-23,4.50,4.50,21.3,21.9
0,2018-03-24,19.80,19.80,11.9,21.6
0,2018-03-25,2.70,2.70,7.6,21.6
0,2018-03-26,1.10,1.10,11.7,22.5
0,2018-03-27,1.10,1.10,8.7,21.6
0,2018-03-28,0.00,0.00,8.4,21.4
0,2018-03-29,2.70,2.70,10.1,22.2
0,2018-03-30,0.00,0.00,10.3,23.2
0,2018-03-31,4.70,4.70,12.3,22.9
0,2018-04-01,0.20,0.20,7.3,23.4
0,2018-04-02,19.20,19.20,20.6,22.9
0,2018-04-03,1.20,1.20,13.8,23.8
0,2018-04-04,4.10,4.10,27.7,24.8
0,2018-04-05,7.30,7.30,20.0,25.0
0,2018-04-06,4.40,4.40,24.2,23.0
0,2018-04-07,4.60,4.60,18.1,22.9
0,2018-04-08,3.60,3.60,21.4,22.8
0,2018-04-09,2.00,2.00,23.5,22.1
0,2018-04-10,5.30,5.30,26.0,22.7
0,2018-04-11,9.20,9.20,26.8,22.7
0,2018-04-12,4.10,4.10,21.2,22.9
0,2018-04-13,6.10,6.10,20.6,23.0
0,2018-04-14,9.50,9.50,30.6,22.4
0,2018-04-15,8.60,8.60,25.1,23.0
0,2018-04-16,7.70,7.70,29.9,23.3
0,2018-04-17,4.00,4.00,29.5,22.9
0,2018-04-18,9.00,9.00,26.8,22.8
0,2018-04-19,4.10,4.10,24.9,22.7
0,2018-04-20,3.40,3.40,23.8,23.0
0,2018-04-21,5.80,5.80,23.2,22.9
0,2018-04-22,2.40,2.40,25.3,23.2
0,2018-04-23,2.00,2.00,29.0,22.9
0,2018-04-24,8.30,8.30,28.8,22.6
0,2018-04-25,5.40,5.40,25.5,22.8
0,2018-04-26,3.60,3.60,19.2,22.5
0,2018-04-27,1.20,1.20,13.8,22.6
0,2018-04-28,0.20,0.20,22.4,20.7
0,2018-04-29,0.00,0.00,15.0,20.7
0,2018-04-30,1.30,1.30,14.0,21.2
0,2018-05-01,0.00,0.00,12.7,21.3
0,2018-05-02,14.70,14.70,13.1,22.5
0,2018-05-03,0.30,0.30,21.6,23.3
0,2018-05-04,0.40,0.40,18.6,23.3
0,2018-05-05,0.20,0.20,16.3,22.9
0,2018-05-06,1.20,1.20,21.3,22.5
0,2018-05-07,3.30,3.30,24.8,22.1
0,2018-05-08,3.00,3.00,25.9,22.2
0,2018-05-09,4.20,4.20,22.9,22.5
0,2018-05-10,2.20,2.20,13.7,23.0
0,2018-05-11,2.50,2.50,11.3,23.3
0,2018-05-12,4.90,4.90,22.3,23.5
0,2018-05-13,10.40,10.40,27.6,23.1
0,2018-05-14,11.90,11.90,25.4,22.2
0,2018-05-15,3.80,3.80,16.7,22.6
0,2018-05-16,1.10,1.10,15.1,23.3
0,2018-05-17,4.60,4.60,20.7,24.2
0,2018-05-18,2.30,2.30,26.7,24.3
0,2018-05-19,0.10,0.10,29.7,24.1
0,2018-05-20,0.20,0.20,25.8,24.1
0,2018-05-21,2.20,2.20,26.6,23.8
0,2018-05-22,1.70,1.70,27.2,23.6
0,2018-05-23,7.60,7.60,25.5,23.3
0,2018-05-24,10.10,10.10,28.1,23.6
0,2018-05-25,3.90,3.90,25.6,23.8
0,2018-05-26,2.50,2.50,25.7,23.6
0,2018-05-27,7.40,7.40,21.3,23.3
0,2018-05-28,4.30,4.30,22.8,23.9
0,2018-05-29,6.60,6.60,24.5,24.2
0,2018-05-30,6.80,6.80,27.0,24.1
0,2018-05-31,3.80,3.80,26.2,23.8
0,2018-06-01,5.00,5.00,22.2,23.6
0,2018-06-02,3.20,3.20,22.8,23.7
0,2018-06-03,6.30,6.30,25.9,24.3
0,2018-06-04,14.10,14.10,29.7,23.9
0,2018-06-05,11.10,11.10,29.0,23.6
0,2018-06-06,7.90,7.90,23.5,23.3
0,2018-06-07,6.00,6.00,21.2,23.6
0,2018-06-08,5.80,5.80,21.5,24.3
0,2018-06-09,8.30,8.30,24.3,24.5
0,2018-06-10,5.40,5.40,26.6,24.3
0,2018-06-11,1.60,1.60,24.1,24.3
0,2018-06-12,12.40,12.40,23.1,24.0
0,2018-06-13,5.80,5.80,20.4,24.2
0,2018-06-14,4.00,4.00,20.1,24.4
0,2018-06-15,4.60,4.60,17.5,24.3
0,2018-06-16,2.90,2.90,18.1,24.2
0,2018-06-17,1.00,1.00,16.6,24.2
0,2018-06-18,0.00,0.00,13.8,24.3
0,2018-06-19,0.00,0.00,10.9,24.9
0,2018-06-20,0.30,0.30,16.3,25.1
0,2018-06-21,1.50,1.50,23.3,25.0
0,2018-06-22,10.00,10.00,23.9,24.4
0,2018-06-23,3.30,3.30,25.3,24.5
0,2018-06-24,6.20,6.20,25.6,24.1
0,2018-06-25,3.30,3.30,21.1,24.3
0,2018-06-26,5.50,5.50,29.1,24.6
0,2018-06-27,7.40,7.40,28.3,24.7
0,2018-06-28,9.80,9.80,26.6,24.3
0,2018-06-29,0.10,0.10,24.5,24.6
0,2018-06-30,3.70,3.70,17.9,24.5
0,2018-07-01,7.00,7.00,18.7,24.3
0,2018-07-02,6.00,6.00,22.0,24.7
0,2018-07-03,4.20,4.20,22.9,24.4
0,2018-07-04,7.40,7.40,23.8,24.6
0,2018-07-05,4.20,4.20,21.6,24.9
0,2018-07-06,7.80,7.80,29.5,24.8
0,2018-07-07,9.50,9.50,24.1,24.3
0,2018-07-08,4.90,4.90,20.9,23.8
0,2018-07-09,4.10,4.10,17.5,24.2
0,2018-07-10,5.10,5.10,23.4,25.0
0,2018-07-11,0.70,0.70,27.2,24.8
0,2018-07-12,6.20,6.20,23.4,24.3
0,2018-07-13,4.80,4.80,25.5,24.7
0,2018-07-14,5.70,5.70,18.7,24.5
0,2018-07-15,5.00,5.00,24.5,25.2
0,2018-07-16,7.30,7.30,27.4,25.4
0,2018-07-17,11.00,11.00,28.5,25.0
0,2018-07-18,4.90,4.90,25.3,25.3
0,2018-07-19,3.80,3.80,26.8,25.1
0,2018-07-20,4.40,4.40,22.5,24.8
0,2018-07-21,2.20,2.20,23.7,24.7
0,2018-07-22,4.60,4.60,22.2,24.8
0,2018-07-23,10.30,10.30,22.1,25.4
0,2018-07-24,4.50,4.50,22.8,25.1
0,2018-07-25,2.40,2.40,24.8,24.9
0,2018-07-26,5.40,5.40,21.7,25.3
0,2018-07-27,4.50,4.50,27.0,25.6
0,2018-07-28,6.50,6.50,27.3,25.1
0,2018-07-29,4.10,4.10,21.9,25.0
0,2018-07-30,6.50,6.50,19.5,25.2
0,2018-07-31,3.50,3.50,24.7,25.6
0,2018-08-01,6.50,6.50,31.6,25.4
0,2018-08-02,2.90,2.90,30.3,25.2
0,2018-08-03,8.10,8.10,29.0,24.4
0,2018-08-04,6.10,6.10,30.4,25.1
0,2018-08-05,2.60,2.60,27.4,25.0
0,2018-08-06,0.90,0.90,25.0,25.2
0,2018-08-07,6.00,6.00,26.0,24.8
0,2018-08-08,3.40,3.40,28.0,25.0
0,2018-08-09,34.70,34.70,24.6,25.1
0,2018-08-10,23.80,23.80,21.8,25.3
0,2018-08-11,4.90,4.90,17.9,25.1
0,2018-08-12,4.50,4.50,23.9,25.4
0,2018-08-13,3.50,3.50,24.5,25.1
0,2018-08-14,0.70,0.70,18.4,25.0
0,2018-08-15,4.00,4.00,18.2,25.1
0,2018-08-16,2.80,2.80,17.9,25.5
0,2018-08-17,4.20,4.20,16.8,25.7
0,2018-08-18,15.10,15.10,19.7,25.6
0,2018-08-19,5.70,5.70,21.4,26.0
0,2018-08-20,3.20,3.20,23.7,25.9
0,2018-08-21,2.50,2.50,28.7,25.5
0,2018-08-22,5.10,5.10,26.5,25.5
0,2018-08-23,33.00,33.00,28.7,25.1
0,2018-08-24,38.20,38.20,33.8,25.1
0,2018-08-25,8.50,8.50,27.5,25.2
0,2018-08-26,11.40,11.40,23.7,25.2
0,2018-08-27,10.60,10.60,21.4,25.2
0,2018-08-28,6.70,6.70,23.1,25.3
0,2018-08-29,8.10,8.10,29.2,25.5
0,2018-08-30,10.20,10.20,27.5,24.8
0,2018-08-31,4.80,4.80,20.8,24.4
0,2018-09-01,2.30,2.30,20.4,24.5
0,2018-09-02,5.80,5.80,10.2,24.6
0,2018-09-03,3.90,3.90,19.2,25.4
0,2018-09-04,8.80,8.80,22.7,25.8
0,2018-09-05,5.20,5.20,24.5,25.4
0,2018-09-06,3.50,3.50,25.8,25.4
0,2018-09-07,5.50,5.50,19.7,25.2
0,2018-09-08,0.30,0.30,10.9,25.2
0,2018-09-09,0.70,0.70,16.2,25.2
0,2018-09-10,2.00,2.00,18.2,25.0
0,2018-09-11,4.50,4.50,24.7,25.7
0,2018-09-12,30.30,30.30,44.8,25.0
0,2018-09-13,28.40,28.40,25.4,24.9
0,2018-09-14,4.10,4.10,27.9,25.5
0,2018-09-15,7.40,7.40,26.7,24.8
0,2018-09-16,7.60,7.60,26.4,24.5
0,2018-09-17,8.00,8.00,23.6,24.6
0,2018-09-18,0.30,0.30,20.5,24.8
0,2018-09-19,0.00,0.00,10.0,24.7
0,2018-09-20,0.80,0.80,14.7,25.9
0,2018-09-21,4.30,4.30,20.9,26.0
0,2018-09-22,2.20,2.20,21.9,25.5
0,2018-09-23,1.70,1.70,15.6,25.4
0,2018-09-24,0.30,0.30,15.3,26.0
0,2018-09-25,0.10,0.10,16.9,26.9
0,2018-09-26,4.90,4.90,16.8,26.5
0,2018-09-27,7.20,7.20,11.2,26.0
0,2018-09-28,6.30,6.30,17.2,25.9
0,2018-09-29,6.80,6.80,15.5,26.0
0,2018-09-30,5.20,5.20,17.6,25.7
0,2018-10-01,6.90,6.90,13.4,25.5
0,2018-10-02,0.00,0.00,13.8,25.7
0,2018-10-03,1.20,1.20,18.9,25.5
0,2018-10-04,1.10,1.10,14.3,25.6
0,2018-10-05,2.10,2.10,14.8,25.5
0,2018-10-06,4.50,4.50,14.8,25.3
0,2018-10-07,4.30,4.30,21.0,25.6
0,2018-10-08,6.80,6.80,20.1,25.7
0,2018-10-09,3.30,3.30,20.6,25.1
0,2018-10-10,3.80,3.80,15.5,24.3
0,2018-10-11,2.50,2.50,10.4,24.1
0,2018-10-12,2.80,2.80,8.9,24.9
0,2018-10-13,1.50,1.50,14.4,24.4
0,2018-10-14,0.70,0.70,19.5,24.3
0,2018-10-15,2.40,2.40,19.1,24.3
0,2018-10-16,1.30,1.30,20.0,24.3
0,2018-10-17,0.80,0.80,21.6,24.6
0,2018-10-18,1.20,1.20,16.8,24.7
0,2018-10-19,2.70,2.70,13.0,24.6
0,2018-10-20,2.70,2.70,18.3,24.5
0,2018-10-21,6.10,6.10,17.7,24.9
0,2018-10-22,5.20,5.20,22.0,24.9
0,2018-10-23,8.80,8.80,20.5,24.9
0,2018-10-24,6.20,6.20,23.5,24.9
0,2018-10-25,4.00,4.00,20.1,24.8
0,2018-10-26,7.20,7.20,20.9,24.7
0,2018-10-27,3.10,3.10,23.2,25.2
0,2018-10-28,3.90,3.90,21.7,25.4
0,2018-10-29,1.20,1.20,15.1,25.5
0,2018-10-30,26.30,26.30,25.6,24.8
0,2018-10-31,5.50,5.50,13.0,24.6
0,2018-11-01,7.20,7.20,15.5,25.1
0,2018-11-02,3.10,3.10,17.4,24.8
0,2018-11-03,6.80,6.80,24.4,24.5
0,2018-11-04,6.00,6.00,23.6,24.3
0,2018-11-05,2.60,2.60,21.2,24.8
0,2018-11-06,4.60,4.60,20.1,24.4
0,2018-11-07,1.80,1.80,12.7,24.3
0,2018-11-08,1.40,1.40,11.5,24.3
0,2018-11-09,5.50,5.50,13.0,23.8
0,2018-11-10,4.60,4.60,28.1,23.2
0,2018-11-11,0.30,0.30,24.0,23.4
0,2018-11-12,3.90,3.90,22.3,23.4
0,2018-11-13,1.90,1.90,21.5,23.9
0,2018-11-14,0.00,0.00,10.3,24.0
0,2018-11-15,1.00,1.00,15.2,23.9
0,2018-11-16,7.70,7.70,24.4,23.9
0,2018-11-17,8.70,8.70,25.8,23.3
0,2018-11-18,2.00,2.00,26.1,23.8
0,2018-11-19,1.50,1.50,27.3,23.5
0,2018-11-20,6.50,6.50,27.6,23.1
0,2018-11-21,6.50,6.50,26.5,23.6
0,2018-11-22,5.80,5.80,22.9,23.6
0,2018-11-23,1.40,1.40,19.9,23.9
0,2018-11-24,0.00,0.00,17.3,24.0
0,2018-11-25,0.80,0.80,13.2,23.6
0,2018-11-26,3.30,3.30,15.0,23.2
0,2018-11-27,7.10,7.10,21.6,23.5
0,2018-11-28,0.70,0.70,23.5,23.9
0,2018-11-29,1.60,1.60,11.1,23.6
0,2018-11-30,2.60,2.60,17.6,23.9
0,2018-12-01,1.10,1.10,16.0,23.0
0,2018-12-02,0.50,0.50,17.5,23.0
0,2018-12-03,4.70,4.70,25.5,23.2
0,2018-12-04,3.20,3.20,26.5,23.7
0,2018-12-05,0.20,0.20,24.6,23.7
0,2018-12-06,1.10,1.10,24.1,23.4
0,2018-12-07,7.70,7.70,24.1,22.6
0,2018-12-08,6.50,6.50,32.4,22.2
0,2018-12-09,3.70,3.70,29.8,22.8
0,2018-12-10,7.00,7.00,32.2,22.7
0,2018-12-11,7.30,7.30,31.2,23.1
0,2018-12-12,6.30,6.30,26.2,23.1
0,2018-12-13,1.20,1.20,32.3,23.1
0,2018-12-14,0.00,0.00,28.4,23.0
0,2018-12-15,0.10,0.10,27.6,23.0
0,2018-12-16,0.00,0.00,24.6,22.5
0,2018-12-17,0.00,0.00,19.7,22.2
0,2018-12-18,3.60,3.60,28.1,21.0
0,2018-12-19,2.00,2.00,27.6,21.4
0,2018-12-20,0.40,0.40,18.8,22.0
0,2018-12-21,5.40,5.40,20.3,22.3
0,2018-12-22,5.10,5.10,22.0,23.1
0,2018-12-23,1.80,1.80,23.8,23.2
0,2018-12-24,10.00,10.00,22.7,22.9
0,2018-12-25,6.20,6.20,19.8,23.0
0,2018-12-26,0.00,0.00,8.7,23.2
0,2018-12-27,0.20,0.20,9.4,23.1
0,2018-12-28,12.70,12.70,14.7,22.3
0,2018-12-29,3.10,3.10,23.2,23.5
0,2018-12-30,3.30,3.30,26.4,23.7
0,2018-12-31,5.70,5.70,24.8,23.2
0,2019-01-01,3.00,3.00,26.3,23.2
0,2019-01-02,0.20,0.20,26.0,23.3
0,2019-01-03,4.00,4.00,28.0,22.7
0,2019-01-04,0.70,0.70,29.8,22.9
0,2019-01-05,0.30,0.30,26.3,22.6
0,2019-01-06,0.20,0.20,13.9,21.7
0,2019-01-07,0.10,0.10,17.1,21.2
0,2019-01-08,0.20,0.20,13.7,22.0
0,2019-01-09,1.50,1.50,9.4,21.6
0,2019-01-10,3.50,3.50,16.5,21.8
0,2019-01-11,0.70,0.70,8.6,21.4
0,2019-01-12,0.70,0.70,18.7,21.6
0,2019-01-13,0.30,0.30,16.7,22.8
0,2019-01-14,0.40,0.40,11.3,21.5
0,2019-01-15,0.00,0.00,11.6,21.1
0,2019-01-16,0.40,0.40,15.9,22.0
0,2019-01-17,4.80,4.80,24.8,22.8
0,2019-01-18,4.20,4.20,17.6,21.4
0,2019-01-19,4.40,4.40,25.1,22.2
0,2019-01-20,1.90,1.90,17.0,23.1
0,2019-01-21,0.10,0.10,12.8,22.0
0,2019-01-22,1.00,1.00,13.6,22.3
0,2019-01-23,0.40,0.40,14.4,22.9
0,2019-01-24,1.90,1.90,14.5,22.8
0,2019-01-25,4.90,4.90,29.2,21.4
0,2019-01-26,0.30,0.30,28.7,20.5
0,2019-01-27,1.60,1.60,28.1,20.3
0,2019-01-28,0.30,0.30,33.6,20.6
0,2019-01-29,3.80,3.80,30.6,21.2
0,2019-01-30,10.20,10.20,28.6,21.4
0,2019-01-31,15.40,15.40,32.2,21.4
0,2019-02-01,10.80,10.80,25.7,21.7
0,2019-02-02,14.20,14.20,22.5,21.7
0,2019-02-03,8.20,8.20,18.2,21.4
0,2019-02-04,4.50,4.50,21.9,21.1
0,2019-02-05,2.90,2.90,17.4,21.3
0,2019-02-06,3.40,3.40,17.7,21.6
0,2019-02-07,1.30,1.30,13.4,21.7
0,2019-02-08,1.00,1.00,25.7,21.3
0,2019-02-09,3.60,3.60,30.8,18.6
0,2019-02-10,4.90,4.90,34.9,17.7
0,2019-02-11,0.90,0.90,26.5,20.0
0,2019-02-12,3.90,3.90,21.5,19.6
0,2019-02-13,16.40,16.40,24.7,18.0
0,2019-02-14,16.90,16.90,26.2,18.0
0,2019-02-15,7.20,7.20,28.3,19.6
0,2019-02-16,5.80,5.80,22.0,20.4
0,2019-02-17,12.60,12.60,23.4,20.2
0,2019-02-18,2.60,2.60,11.6,20.5
0,2019-02-19,16.60,16.60,16.4,20.5
0,2019-02-20,0.80,0.80,10.2,20.5
0,2019-02-21,0.50,0.50,10.6,20.8
0,2019-02-22,0.90,0.90,13.2,20.7
0,2019-02-23,1.20,1.20,15.5,21.3
0,2019-02-24,0.00,0.00,21.0,21.3
0,2019-02-25,4.40,4.40,19.1,20.2
0,2019-02-26,4.90,4.90,19.3,20.0
0,2019-02-27,1.50,1.50,25.7,19.5
0,2019-02-28,0.90,0.90,25.1,19.1
0,2019-03-01,1.00,1.00,21.1,19.4
0,2019-03-02,3.20,3.20,17.8,20.0
0,2019-03-03,2.10,2.10,21.2,20.3
0,2019-03-04,0.60,0.60,26.3,20.1
0,2019-03-05,2.60,2.60,29.2,20.3
0,2019-03-06,4.00,4.00,28.4,21.0
0,2019-03-07,4.90,4.90,29.6,21.3
0,2019-03-08,4.50,4.50,32.2,21.1
0,2019-03-09,3.00,3.00,28.6,21.4
0,2019-03-10,5.70,5.70,31.4,21.9
0,2019-03-11,3.30,3.30,28.7,21.8
0,2019-03-12,3.70,3.70,19.8,21.4
0,2019-03-13,5.90,5.90,21.1,21.7
0,2019-03-14,2.20,2.20,17.4,22.1
0,2019-03-15,0.00,0.00,15.0,21.8
0,2019-03-16,0.00,0.00,14.6,21.8
0,2019-03-17,0.30,0.30,24.6,20.6
0,2019-03-18,0.10,0.10,20.9,20.8
0,2019-03-19,3.50,3.50,19.9,21.4
0,2019-03-20,1.00,1.00,13.2,21.3
0,2019-03-21,0.60,0.60,17.7,22.0
0,2019-03-22,1.70,1.70,20.2,22.2
0,2019-03-23,1.20,1.20,20.5,22.2
0,2019-03-24,2.60,2.60,22.1,22.6
0,2019-03-25,3.70,3.70,20.4,21.9
0,2019-03-26,0.90,0.90,20.1,21.9
0,2019-03-27,1.40,1.40,9.4,22.3
0,2019-03-28,0.60,0.60,15.0,21.9
0,2019-03-29,6.90,6.90,14.3,20.8
0,2019-03-30,0.00,0.00,14.8,20.9
0,2019-03-31,0.80,0.80,16.3,22.6
0,2019-04-01,0.50,0.50,16.0,21.6
0,2019-04-02,3.70,3.70,22.4,22.0
0,2019-04-03,1.20,1.20,20.9,22.1
0,2019-04-04,0.00,0.00,22.6,22.4
0,2019-04-05,0.00,0.00,13.3,22.8
0,2019-04-06,2.90,2.90,12.3,22.5
0,2019-04-07,0.20,0.20,12.8,22.1
0,2019-04-08,2.10,2.10,14.7,22.7
0,2019-04-09,18.80,18.80,23.3,23.0
0,2019-04-10,13.20,13.20,26.2,22.8
0,2019-04-11,11.60,11.60,28.8,22.7
0,2019-04-12,8.80,8.80,29.6,22.8
0,2019-04-13,10.70,10.70,28.7,22.5
0,2019-04-14,4.30,4.30,30.0,22.4
0,2019-04-15,1.00,1.00,24.4,22.4
0,2019-04-16,3.10,3.10,18.4,22.4
0,2019-04-17,3.80,3.80,17.7,22.9
0,2019-04-18,5.90,5.90,19.8,23.0
0,2019-04-19,2.70,2.70,24.7,23.2
0,2019-04-20,5.20,5.20,28.0,23.0
0,2019-04-21,5.30,5.30,26.4,23.5
0,2019-04-22,5.20,5.20,23.5,23.4
0,2019-04-23,2.40,2.40,23.7,23.3
0,2019-04-24,0.90,0.90,17.9,23.0
0,2019-04-25,3.70,3.70,17.6,23.0
0,2019-04-26,3.00,3.00,16.6,23.2
0,2019-04-27,3.00,3.00,7.3,23.4
0,2019-04-28,4.70,4.70,7.9,23.1
0,2019-04-29,6.90,6.90,13.4,22.1
0,2019-04-30,2.00,2.00,19.5,23.2
0,2019-05-01,6.70,6.70,20.4,22.8
0,2019-05-02,6.80,6.80,15.2,22.9
0,2019-05-03,12.60,12.60,10.6,23.3
0,2019-05-04,13.50,13.50,22.9,21.6
0,2019-05-05,0.40,0.40,20.9,20.6
0,2019-05-06,3.20,3.20,10.5,21.3
0,2019-05-07,1.10,1.10,11.6,22.4
0,2019-05-08,5.70,5.70,8.4,22.9
0,2019-05-09,0.10,0.10,14.8,23.0
0,2019-05-10,0.20,0.20,15.3,23.3
0,2019-05-11,1.70,1.70,17.8,23.7
0,2019-05-12,0.80,0.80,17.0,23.8
0,2019-05-13,2.00,2.00,14.0,24.3
0,2019-05-14,4.50,4.50,17.3,24.2
0,2019-05-15,6.70,6.70,21.6,23.7
0,2019-05-16,1.80,1.80,20.3,24.2
0,2019-05-17,4.90,4.90,21.3,24.4
0,2019-05-18,7.50,7.50,20.5,24.4
0,2019-05-19,5.10,5.10,22.0,24.4
0,2019-05-20,2.80,2.80,21.3,24.8
0,2019-05-21,0.30,0.30,11.8,24.5
0,2019-05-22,0.90,0.90,21.6,25.1
0,2019-05-23,6.60,6.60,23.5,24.8
0,2019-05-24,5.50,5.50,27.0,24.9
0,2019-05-25,3.70,3.70,19.9,24.8
0,2019-05-26,1.80,1.80,21.2,24.7
0,2019-05-27,2.20,2.20,16.3,24.7
0,2019-05-28,7.40,7.40,18.4,24.9
0,2019-05-29,0.30,0.30,15.4,24.9
0,2019-05-30,2.60,2.60,19.5,24.8
0,2019-05-31,6.80,6.80,21.9,24.8
0,2019-06-01,5.30,5.30,25.6,24.5
0,2019-06-02,7.00,7.00,23.7,24.6
0,2019-06-03,8.10,8.10,24.5,24.5
0,2019-06-04,6.60,6.60,20.3,24.0
0,2019-06-05,6.40,6.40,22.3,25.0
0,2019-06-06,6.70,6.70,23.3,25.1
0,2019-06-07,1.00,1.00,19.1,25.1
0,2019-06-08,5.70,5.70,18.9,24.6
0,2019-06-09,2.20,2.20,16.5,24.8
0,2019-06-10,4.10,4.10,18.2,24.9
0,2019-06-11,1.30,1.30,17.7,24.8
0,2019-06-12,1.90,1.90,17.7,24.6
0,2019-06-13,0.00,0.00,18.0,25.0
0,2019-06-14,2.00,2.00,22.3,24.9
0,2019-06-15,0.60,0.60,23.3,25.0
0,2019-06-16,4.50,4.50,22.7,24.7
0,2019-06-17,8.50,8.50,19.5,25.3
0,2019-06-18,2.20,2.20,23.3,25.8
0,2019-06-19,2.10,2.10,22.3,25.3
0,2019-06-20,3.40,3.40,18.2,24.7
0,2019-06-21,6.30,6.30,13.4,25.1
0,2019-06-22,0.20,0.20,14.2,26.1
0,2019-06-23,5.20,5.20,14.8,25.8
0,2019-06-24,7.80,7.80,10.0,25.6
0,2019-06-25,29.50,29.50,13.7,25.5
0,2019-06-26,85.20,85.20,18.4,25.3
0,2019-06-27,3.60,3.60,15.1,25.9
0,2019-06-28,4.20,4.20,22.7,25.7
0,2019-06-29,2.60,2.60,21.6,25.6
0,2019-06-30,4.90,4.90,21.3,25.2
0,2019-07-01,2.80,2.80,17.6,25.6
0,2019-07-02,1.90,1.90,17.7,25.2
0,2019-07-03,0.30,0.30,17.7,25.6
0,2019-07-04,4.20,4.20,10.7,25.3
0,2019-07-05,2.00,2.00,14.2,25.9
0,2019-07-06,1.00,1.00,17.9,26.0
0,2019-07-07,2.10,2.10,24.1,25.8
0,2019-07-08,7.30,7.30,25.0,25.7
0,2019-07-09,7.20,7.20,18.8,26.0
0,2019-07-10,8.00,8.00,17.4,25.8
0,2019-07-11,5.10,5.10,22.1,25.7
0,2019-07-12,5.50,5.50,24.3,25.5
0,2019-07-13,4.00,4.00,21.8,25.4
0,2019-07-14,1.70,1.70,23.2,25.8
0,2019-07-15,5.00,5.00,18.9,25.3
0,2019-07-16,4.70,4.70,23.5,25.9
0,2019-07-17,3.00,3.00,27.7,25.9
0,2019-07-18,2.30,2.30,29.5,25.9
0,2019-07-19,6.80,6.80,28.4,25.9
0,2019-07-20,5.30,5.30,24.4,25.5
0,2019-07-21,1.70,1.70,24.7,25.8
0,2019-07-22,0.20,0.20,25.9,26.1
0,2019-07-23,1.00,1.00,27.8,26.2
0,2019-07-24,0.70,0.70,24.2,26.2
0,2019-07-25,3.20,3.20,21.9,25.4
0,2019-07-26,5.80,5.80,24.6,25.5
0,2019-07-27,4.50,4.50,23.3,25.7
0,2019-07-28,9.20,9.20,21.3,25.4
0,2019-07-29,4.60,4.60,22.1,25.6
0,2019-07-30,10.30,10.30,23.5,25.8
0,2019-07-31,3.80,3.80,24.0,25.6
0,2019-08-01,5.50,5.50,29.5,25.9
0,2019-08-02,7.60,7.60,28.7,26.1
0,2019-08-03,0.80,0.80,24.3,26.7
0,2019-08-04,2.70,2.70,16.0,26.5
0,2019-08-05,3.30,3.30,16.7,26.1
0,2019-08-06,3.30,3.30,10.5,26.6
0,2019-08-07,3.70,3.70,8.8,26.4
0,2019-08-08,0.30,0.30,13.9,26.3
0,2019-08-09,4.20,4.20,15.5,26.6
0,2019-08-10,2.60,2.60,14.4,26.5
0,2019-08-11,2.50,2.50,15.0,26.8
0,2019-08-12,0.50,0.50,21.0,26.5
0,2019-08-13,2.80,2.80,19.1,26.2
0,2019-08-14,7.10,7.10,19.5,26.1
0,2019-08-15,3.80,3.80,23.6,26.2
0,2019-08-16,5.80,5.80,24.5,26.2
0,2019-08-17,1.90,1.90,21.7,26.3
0,2019-08-18,1.00,1.00,17.3,25.9
0,2019-08-19,5.50,5.50,16.6,25.6
0,2019-08-20,4.60,4.60,20.4,25.9
0,2019-08-21,4.80,4.80,21.1,26.1
0,2019-08-22,3.30,3.30,21.7,26.2
0,2019-08-23,5.20,5.20,19.6,26.2
0,2019-08-24,4.20,4.20,27.6,26.4
0,2019-08-25,5.70,5.70,29.3,26.2
0,2019-08-26,1.10,1.10,23.1,26.3
0,2019-08-27,5.00,5.00,17.8,26.0
0,2019-08-28,0.30,0.30,12.9,26.2
0,2019-08-29,0.20,0.20,15.4,26.2
0,2019-08-30,0.30,0.30,19.2,26.5
0,2019-08-31,4.20,4.20,16.7,26.4
0,2019-09-01,6.50,6.50,17.3,25.8
0,2019-09-02,3.40,3.40,21.9,26.2
0,2019-09-03,1.80,1.80,14.7,26.3
0,2019-09-04,4.90,4.90,23.4,26.3
0,2019-09-05,3.70,3.70,24.5,26.7
0,2019-09-06,16.40,16.40,26.5,26.4
0,2019-09-07,9.60,9.60,28.2,26.4
0,2019-09-08,10.30,10.30,26.9,26.1
0,2019-09-09,7.20,7.20,25.3,26.3
0,2019-09-10,4.50,4.50,23.7,26.1
0,2019-09-11,0.10,0.10,19.1,26.0
0,2019-09-12,6.30,6.30,19.6,25.8
0,2019-09-13,7.30,7.30,14.8,25.6
0,2019-09-14,2.70,2.70,13.1,26.1
0,2019-09-15,4.40,4.40,21.3,26.4
0,2019-09-16,3.90,3.90,24.5,26.7
0,2019-09-17,0.80,0.80,21.1,26.7
0,2019-09-18,0.20,0.20,23.0,26.7
0,2019-09-19,2.70,2.70,19.3,26.5
0,2019-09-20,5.90,5.90,21.6,25.6
0,2019-09-21,5.60,5.60,23.3,25.7
0,2019-09-22,3.80,3.80,18.6,26.2
0,2019-09-23,8.50,8.50,21.2,26.6
0,2019-09-24,1.10,1.10,19.8,26.4
0,2019-09-25,2.90,2.90,8.4,26.0
0,2019-09-26,7.80,7.80,8.1,26.4
0,2019-09-27,5.20,5.20,18.7,26.3
0,2019-09-28,9.40,9.40,17.7,26.2
0,2019-09-29,3.80,3.80,22.9,25.8
0,2019-09-30,5.00,5.00,21.1,25.7
0,2019-10-01,4.50,4.50,23.1,25.6
0,2019-10-02,3.70,3.70,27.1,25.6
0,2019-10-03,8.00,8.00,27.3,25.5
0,2019-10-04,4.70,4.70,25.6,25.9
0,2019-10-05,2.90,2.90,15.6,24.9
0,2019-10-06,0.90,0.90,13.4,24.8
0,2019-10-07,3.60,3.60,9.5,24.3
0,2019-10-08,1.40,1.40,11.4,25.0
0,2019-10-09,0.80,0.80,16.3,26.2
0,2019-10-10,4.50,4.50,14.9,27.0
0,2019-10-11,7.40,7.40,24.5,26.5
0,2019-10-12,2.70,2.70,27.6,26.3
0,2019-10-13,3.70,3.70,21.2,26.0
0,2019-10-14,3.00,3.00,26.6,26.0
0,2019-10-15,3.00,3.00,23.1,25.5
0,2019-10-16,12.40,12.40,20.1,25.2
0,2019-10-17,8.90,8.90,23.0,25.6
0,2019-10-18,5.30,5.30,20.8,25.4
0,2019-10-19,5.40,5.40,26.0,25.7
0,2019-10-20,1.80,1.80,20.7,26.0
0,2019-10-21,6.50,6.50,22.4,26.1
0,2019-10-22,0.70,0.70,24.3,26.0
0,2019-10-23,4.50,4.50,19.1,25.7
0,2019-10-24,1.90,1.90,15.5,25.5
0,2019-10-25,0.60,0.60,14.9,25.4
0,2019-10-26,0.30,0.30,18.7,26.0
0,2019-10-27,2.30,2.30,18.7,25.3
0,2019-10-28,3.00,3.00,18.3,25.0
0,2019-10-29,5.40,5.40,12.0,24.4
0,2019-10-30,12.00,12.00,12.2,24.2
0,2019-10-31,4.90,4.90,4.6,24.9
0,2019-11-01,2.70,2.70,8.1,24.8
0,2019-11-02,3.00,3.00,8.9,24.1
0,2019-11-03,3.80,3.80,9.4,24.4
0,2019-11-04,3.10,3.10,9.7,24.9
0,2019-11-05,0.00,0.00,11.5,24.7
0,2019-11-06,3.10,3.10,18.9,25.0
0,2019-11-07,6.10,6.10,20.9,23.9
0,2019-11-08,2.20,2.20,10.6,23.8
0,2019-11-09,0.60,0.60,13.8,23.7
0,2019-11-10,0.00,0.00,11.0,24.4
0,2019-11-11,0.40,0.40,12.2,24.5
0,2019-11-12,0.30,0.30,13.0,24.6
0,2019-11-13,0.00,0.00,11.8,24.5
0,2019-11-14,0.50,0.50,13.8,24.7
0,2019-11-15,1.00,1.00,11.4,25.0
0,2019-11-16,1.60,1.60,14.6,24.9
0,2019-11-17,4.20,4.20,22.9,24.0
0,2019-11-18,2.20,2.20,16.4,24.3
0,2019-11-19,15.40,15.40,18.5,24.0
0,2019-11-20,8.60,8.60,20.8,24.6
0,2019-11-21,5.30,5.30,25.7,24.5
0,2019-11-22,7.10,7.10,29.9,24.9
0,2019-11-23,6.20,6.20,29.5,24.6
0,2019-11-24,0.80,0.80,23.9,25.0
0,2019-11-25,4.40,4.40,26.4,25.2
0,2019-11-26,0.20,0.20,19.9,25.0
0,2019-11-27,5.60,5.60,13.0,24.7
0,2019-11-28,2.00,2.00,21.3,24.9
0,2019-11-29,2.30,2.30,25.0,24.7
0,2019-11-30,3.20,3.20,31.4,24.4
0,2019-12-01,7.50,7.50,31.0,23.6
0,2019-12-02,3.40,3.40,24.8,23.5
0,2019-12-03,4.40,4.40,20.9,23.8
0,2019-12-04,4.40,4.40,21.6,23.6
0,2019-12-05,2.00,2.00,22.6,23.8
0,2019-12-06,15.30,15.30,17.9,23.0
0,2019-12-07,0.90,0.90,14.7,23.3
0,2019-12-08,0.20,0.20,12.6,22.8
0,2019-12-09,0.00,0.00,12.8,23.0
0,2019-12-10,0.20,0.20,9.7,23.9
0,2019-12-11,2.00,2.00,15.8,24.3
0,2019-12-12,2.50,2.50,17.4,24.1
0,2019-12-13,7.90,7.90,25.1,24.2
0,2019-12-14,5.40,5.40,24.6,23.8
0,2019-12-15,4.30,4.30,20.8,23.7
0,2019-12-16,6.10,6.10,26.4,23.7
0,2019-12-17,8.40,8.40,32.3,24.0
0,2019-12-18,2.50,2.50,26.6,24.2
0,2019-12-19,4.60,4.60,22.5,23.7
0,2019-12-20,12.10,12.10,35.4,23.2
0,2019-12-21,12.60,12.60,35.5,22.9
0,2019-12-22,0.70,0.70,30.7,23.5
0,2019-12-23,1.20,1.20,25.6,23.9
0,2019-12-24,1.90,1.90,25.7,24.0
0,2019-12-25,67.20,67.20,28.4,23.7
0,2019-12-26,2.00,2.00,14.1,23.8
0,2019-12-27,6.80,6.80,25.2,23.3
0,2019-12-28,5.50,5.50,22.0,24.0
0,2019-12-29,3.00,3.00,25.6,24.3
0,2019-12-30,1.40,1.40,26.0,24.1
0,2019-12-31,4.60,4.60,27.0,23.7
0,2020-01-01,2.70,2.70,19.1,22.4
0,2020-01-02,5.10,5.10,21.9,22.1
0,2020-01-03,13.30,13.30,25.3,22.4
0,2020-01-04,10.20,10.20,27.9,22.8
0,2020-01-05,3.90,3.90,27.6,23.6
0,2020-01-06,3.60,3.60,30.9,23.4
0,2020-01-07,5.70,5.70,35.3,23.1
0,2020-01-08,5.60,5.60,33.4,23.0
0,2020-01-09,6.50,6.50,34.9,22.6
0,2020-01-10,13.20,13.20,30.2,22.0
0,2020-01-11,16.10,16.10,29.3,22.6
0,2020-01-12,15.50,15.50,28.1,23.1
0,2020-01-13,6.70,6.70,31.7,23.8
0,2020-01-14,4.50,4.50,30.7,23.6
0,2020-01-15,8.70,8.70,26.3,22.9
0,2020-01-16,8.50,8.50,18.0,22.5
0,2020-01-17,5.10,5.10,27.1,22.1
0,2020-01-18,0.50,0.50,25.9,21.9
0,2020-01-19,1.70,1.70,27.4,22.2
0,2020-01-20,5.80,5.80,22.5,22.4
0,2020-01-21,0.00,0.00,16.9,22.7
0,2020-01-22,0.00,0.00,10.5,22.3
0,2020-01-23,0.00,0.00,14.1,22.9
0,2020-01-24,0.60,0.60,15.5,22.5
0,2020-01-25,2.80,2.80,16.3,22.6
0,2020-01-26,2.10,2.10,17.0,23.0
0,2020-01-27,1.10,1.10,21.2,22.7
0,2020-01-28,0.50,0.50,15.5,22.5
0,2020-01-29,0.00,0.00,11.1,23.0
0,2020-01-30,0.00,0.00,12.1,22.8
0,2020-01-31,1.50,1.50,19.9,23.0
0,2020-02-01,7.60,7.60,24.2,22.0
0,2020-02-02,4.40,4.40,22.7,22.3
0,2020-02-03,4.90,4.90,22.7,23.0
0,2020-02-04,2.80,2.80,16.2,22.4
0,2020-02-05,1.60,1.60,12.2,22.6
0,2020-02-06,14.40,14.40,29.2,20.3
0,2020-02-07,1.30,1.30,23.5,20.1
0,2020-02-08,1.50,1.50,23.3,19.9
0,2020-02-09,2.00,2.00,27.5,20.9
0,2020-02-10,5.50,5.50,32.6,19.1
0,2020-02-11,5.20,5.20,26.7,20.9
0,2020-02-12,4.10,4.10,19.5,21.7
0,2020-02-13,4.50,4.50,25.9,23.8
0,2020-02-14,1.50,1.50,24.2,23.5
0,2020-02-15,1.60,1.60,26.7,23.1
0,2020-02-16,4.30,4.30,27.9,22.4
0,2020-02-17,5.20,5.20,30.4,22.0
0,2020-02-18,4.80,4.80,31.1,22.1
0,2020-02-19,16.80,16.80,34.3,22.0
0,2020-02-20,5.40,5.40,32.2,22.2
0,2020-02-21,0.30,0.30,27.5,22.7
0,2020-02-22,1.10,1.10,20.2,22.7
0,2020-02-23,2.90,2.90,14.5,22.4
0,2020-02-24,3.40,3.40,18.1,21.5
0,2020-02-25,4.40,4.40,25.9,22.5
0,2020-02-26,3.10,3.10,31.0,22.4
0,2020-02-27,2.20,2.20,30.0,21.9
0,2020-02-28,5.00,5.00,32.2,21.8
0,2020-02-29,6.00,6.00,33.0,21.5
0,2020-03-01,7.00,7.00,35.2,21.1
0,2020-03-02,7.80,7.80,27.5,21.5
0,2020-03-03,3.70,3.70,18.5,22.4
0,2020-03-04,6.40,6.40,17.1,22.8
0,2020-03-05,5.60,5.60,23.0,21.6
0,2020-03-06,8.50,8.50,30.3,21.9
0,2020-03-07,7.40,7.40,33.5,21.8
0,2020-03-08,2.30,2.30,31.3,21.4
0,2020-03-09,5.50,5.50,23.3,20.9
0,2020-03-10,2.10,2.10,13.7,21.6
0,2020-03-11,3.70,3.70,8.4,21.1
0,2020-03-12,6.90,6.90,12.9,21.8
0,2020-03-13,2.40,2.40,18.9,21.6
0,2020-03-14,1.40,1.40,16.2,22.0
0,2020-03-15,3.40,3.40,12.0,22.7
0,2020-03-16,10.60,10.60,18.8,22.5
0,2020-03-17,26.00,26.00,16.4,22.1
0,2020-03-18,8.00,8.00,14.0,22.6
0,2020-03-19,0.30,0.30,15.9,22.3
0,2020-03-20,1.00,1.00,10.9,23.2
0,2020-03-21,2.30,2.30,17.7,23.1
0,2020-03-22,2.90,2.90,27.3,22.6
0,2020-03-23,4.70,4.70,34.1,22.2
0,2020-03-24,3.20,3.20,33.0,22.0
0,2020-03-25,3.80,3.80,34.4,22.1
0,2020-03-26,6.00,6.00,34.1,21.5
0,2020-03-27,12.70,12.70,25.0,21.3
0,2020-03-28,5.00,5.00,22.3,22.2
0,2020-03-29,7.40,7.40,19.7,21.7
0,2020-03-30,4.70,4.70,19.9,22.4
0,2020-03-31,0.00,0.00,17.6,22.3
0,2020-04-01,5.40,5.40,15.6,22.0
0,2020-04-02,1.30,1.30,12.4,22.4
0,2020-04-03,0.20,0.20,12.3,23.0
0,2020-04-04,2.00,2.00,8.5,23.3
0,2020-04-05,1.70,1.70,9.2,23.5
0,2020-04-06,6.70,6.70,15.0,23.1
0,2020-04-07,3.00,3.00,9.5,23.0
0,2020-04-08,5.90,5.90,6.5,22.5
0,2020-04-09,7.50,7.50,11.8,22.0
0,2020-04-10,0.20,0.20,14.5,22.9
0,2020-04-11,5.50,5.50,14.1,23.1
0,2020-04-12,0.00,0.00,16.5,22.4
0,2020-04-13,3.40,3.40,15.4,22.9
0,2020-04-14,3.70,3.70,8.2,23.2
0,2020-04-15,1.50,1.50,24.9,23.9
0,2020-04-16,5.00,5.00,26.6,23.3
0,2020-04-17,0.00,0.00,18.9,23.3
0,2020-04-18,0.00,0.00,17.6,23.1
0,2020-04-19,0.50,0.50,15.7,22.8
0,2020-04-20,1.10,1.10,15.1,23.5
0,2020-04-21,1.80,1.80,11.0,23.0
0,2020-04-22,2.90,2.90,19.8,23.2
0,2020-04-23,1.70,1.70,23.7,23.7
0,2020-04-24,3.80,3.80,23.0,23.4
0,2020-04-25,0.80,0.80,24.0,23.4
0,2020-04-26,3.10,3.10,25.3,23.3
0,2020-04-27,5.20,5.20,22.4,23.3
0,2020-04-28,7.30,7.30,27.2,23.2
0,2020-04-29,2.20,2.20,26.9,23.2
0,2020-04-30,0.30,0.30,31.3,23.7
0,2020-05-01,1.00,1.00,29.0,23.6
0,2020-05-02,2.10,2.10,27.5,23.5
0,2020-05-03,4.20,4.20,26.5,23.3
0,2020-05-04,0.10,0.10,26.1,23.6
0,2020-05-05,0.00,0.00,25.3,23.6
0,2020-05-06,1.60,1.60,19.1,23.4
0,2020-05-07,14.50,14.50,23.2,22.5
0,2020-05-08,1.80,1.80,22.4,22.9
0,2020-05-09,2.90,2.90,19.0,22.8
0,2020-05-10,1.40,1.40,19.6,23.1
0,2020-05-11,4.40,4.40,24.9,23.1
0,2020-05-12,2.10,2.10,16.6,23.3
0,2020-05-13,1.80,1.80,15.5,23.5
0,2020-05-14,5.30,5.30,12.9,23.5
0,2020-05-15,0.00,0.00,17.5,24.0
0,2020-05-16,0.20,0.20,20.7,24.2
0,2020-05-17,0.60,0.60,20.7,24.3
0,2020-05-18,17.80,17.80,22.4,23.2
0,2020-05-19,8.10,8.10,25.7,23.9
0,2020-05-20,8.90,8.90,24.6,23.4
0,2020-05-21,12.10,12.10,24.1,23.7
0,2020-05-22,3.90,3.90,22.5,23.7
0,2020-05-23,5.30,5.30,18.4,23.8
0,2020-05-24,5.30,5.30,20.2,24.1
0,2020-05-25,2.20,2.20,15.5,23.5
0,2020-05-26,1.60,1.60,15.5,24.0
0,2020-05-27,6.70,6.70,18.8,23.7
0,2020-05-28,0.00,0.00,24.6,24.2
0,2020-05-29,1.90,1.90,19.5,24.2
0,2020-05-30,2.80,2.80,20.7,23.7
0,2020-05-31,4.00,4.00,24.9,24.0
0,2020-06-01,3.20,3.20,17.1,24.3
0,2020-06-02,7.00,7.00,15.9,24.8
0,2020-06-03,8.50,8.50,21.3,24.7
0,2020-06-04,6.40,6.40,24.8,24.5
0,2020-06-05,5.20,5.20,28.5,24.5
0,2020-06-06,6.50,6.50,24.7,24.4
0,2020-06-07,5.90,5.90,21.3,24.4
0,2020-06-08,4.20,4.20,21.7,24.3
0,2020-06-09,10.70,10.70,24.1,24.4
0,2020-06-10,4.90,4.90,26.6,24.5
0,2020-06-11,8.80,8.80,31.1,24.4
0,2020-06-12,2.50,2.50,29.8,24.6
0,2020-06-13,0.00,0.00,29.7,24.7
0,2020-06-14,4.40,4.40,26.5,24.2
0,2020-06-15,5.00,5.00,28.0,24.4
0,2020-06-16,7.80,7.80,22.4,23.8
0,2020-06-17,2.30,2.30,21.9,24.4
0,2020-06-18,6.00,6.00,28.5,24.5
0,2020-06-19,5.00,5.00,28.6,24.1
0,2020-06-20,8.30,8.30,24.2,23.9
0,2020-06-21,6.10,6.10,23.2,24.1
0,2020-06-22,2.10,2.10,19.8,24.2
0,2020-06-23,9.10,9.10,22.8,24.2
0,2020-06-24,4.40,4.40,18.4,24.4
0,2020-06-25,2.40,2.40,23.8,25.0
0,2020-06-26,0.30,0.30,24.9,25.0
0,2020-06-27,5.40,5.40,21.1,24.4
0,2020-06-28,1.90,1.90,15.8,24.5
0,2020-06-29,1.40,1.40,17.5,24.9
0,2020-06-30,2.80,2.80,23.7,25.0
0,2020-07-01,6.40,6.40,25.9,24.7
0,2020-07-02,9.50,9.50,19.3,24.4
0,2020-07-03,4.30,4.30,17.6,24.3
0,2020-07-04,4.40,4.40,14.8,24.9
0,2020-07-05,1.40,1.40,16.3,25.3
0,2020-07-06,5.50,5.50,21.1,25.0
0,2020-07-07,3.70,3.70,23.3,24.6
0,2020-07-08,7.30,7.30,24.8,24.5
0,2020-07-09,8.70,8.70,22.5,24.8
0,2020-07-10,3.50,3.50,27.4,25.1
0,2020-07-11,5.20,5.20,27.0,24.7
0,2020-07-12,3.20,3.20,23.0,24.4
0,2020-07-13,4.30,4.30,21.3,24.4
0,2020-07-14,4.00,4.00,21.8,24.7
0,2020-07-15,4.60,4.60,21.7,24.9
0,2020-07-16,2.60,2.60,18.9,25.1
0,2020-07-17,3.20,3.20,17.3,25.6
0,2020-07-18,5.40,5.40,24.4,25.8
0,2020-07-19,4.40,4.40,28.1,25.5
0,2020-07-20,7.70,7.70,26.7,25.0
0,2020-07-21,7.00,7.00,16.1,24.3
0,2020-07-22,3.20,3.20,15.6,24.8
0,2020-07-23,9.20,9.20,21.5,25.1
0,2020-07-24,5.40,5.40,25.4,25.2
0,2020-07-25,8.50,8.50,26.4,25.2
0,2020-07-26,13.40,13.40,33.9,25.3
0,2020-07-27,6.00,6.00,28.1,25.7
0,2020-07-28,4.60,4.60,29.5,24.9
0,2020-07-29,6.70,6.70,23.3,24.5
0,2020-07-30,3.60,3.60,26.7,24.6
0,2020-07-31,0.50,0.50,25.1,24.9
0,2020-08-01,0.90,0.90,22.1,25.0
0,2020-08-02,8.00,8.00,22.4,24.5
0,2020-08-03,5.70,5.70,24.4,24.7
0,2020-08-04,4.10,4.10,22.0,24.9
0,2020-08-05,5.30,5.30,25.4,25.2
0,2020-08-06,5.10,5.10,20.1,25.3
0,2020-08-07,10.50,10.50,25.5,25.4
0,2020-08-08,8.00,8.00,30.0,25.2
0,2020-08-09,8.20,8.20,28.5,25.0
0,2020-08-10,5.90,5.90,25.6,24.8
0,2020-08-11,4.80,4.80,22.1,25.1
0,2020-08-12,10.10,10.10,21.1,25.0
0,2020-08-13,5.10,5.10,20.5,25.0
0,2020-08-14,2.80,2.80,20.0,25.2
0,2020-08-15,1.70,1.70,25.1,25.6
0,2020-08-16,1.90,1.90,20.0,25.3
0,2020-08-17,3.20,3.20,17.9,24.5
0,2020-08-18,8.50,8.50,21.5,24.9
0,2020-08-19,5.30,5.30,25.0,25.2
0,2020-08-20,0.10,0.10,25.0,25.7
0,2020-08-21,1.70,1.70,20.8,25.5
0,2020-08-22,4.00,4.00,21.9,25.4
0,2020-08-23,2.90,2.90,21.5,25.6
0,2020-08-24,4.00,4.00,25.1,25.4
0,2020-08-25,4.70,4.70,22.3,25.6
0,2020-08-26,4.90,4.90,20.7,25.3
0,2020-08-27,3.10,3.10,21.5,25.3
0,2020-08-28,2.10,2.10,19.0,25.3
0,2020-08-29,3.60,3.60,24.7,25.4
0,2020-08-30,1.50,1.50,26.2,25.4
0,2020-08-31,3.20,3.20,26.4,25.4
0,2020-09-01,13.60,13.60,24.3,25.3
0,2020-09-02,5.20,5.20,18.7,25.1
0,2020-09-03,3.00,3.00,18.8,25.0
0,2020-09-04,1.10,1.10,17.1,25.6
0,2020-09-05,1.90,1.90,25.0,25.6
0,2020-09-06,3.60,3.60,22.0,24.9
0,2020-09-07,3.30,3.30,21.1,25.5
0,2020-09-08,8.10,8.10,25.8,25.2
0,2020-09-09,9.10,9.10,21.1,25.1
0,2020-09-10,0.60,0.60,24.6,25.5
0,2020-09-11,0.40,0.40,20.9,25.5
0,2020-09-12,5.60,5.60,18.5,24.8
0,2020-09-13,0.40,0.40,14.5,25.0
0,2020-09-14,0.90,0.90,14.8,25.2
0,2020-09-15,2.00,2.00,16.6,25.3
0,2020-09-16,0.20,0.20,17.9,25.2
0,2020-09-17,0.90,0.90,23.1,25.5
0,2020-09-18,0.60,0.60,22.7,25.9
0,2020-09-19,5.50,5.50,22.4,25.2
0,2020-09-20,5.00,5.00,21.7,25.2
0,2020-09-21,3.60,3.60,18.7,25.0
0,2020-09-22,4.10,4.10,19.9,25.1
0,2020-09-23,4.40,4.40,23.2,25.4
0,2020-09-24,3.20,3.20,23.1,25.6
0,2020-09-25,3.00,3.00,22.3,25.5
0,2020-09-26,5.40,5.40,18.7,25.0
0,2020-09-27,4.20,4.20,16.0,24.9
0,2020-09-28,3.10,3.10,13.2,24.9
0,2020-09-29,0.70,0.70,14.5,24.8
0,2020-09-30,0.00,0.00,11.8,24.7
0,2020-10-01,0.00,0.00,12.3,25.2
0,2020-10-02,7.00,7.00,9.8,26.2
0,2020-10-03,0.90,0.90,15.2,25.9
0,2020-10-04,1.60,1.60,21.7,25.6
0,2020-10-05,1.60,1.60,17.2,25.5
0,2020-10-06,0.00,0.00,15.9,25.9
0,2020-10-07,5.40,5.40,18.5,25.8
0,2020-10-08,0.70,0.70,16.3,25.7
0,2020-10-09,1.40,1.40,18.4,26.0
0,2020-10-10,1.30,1.30,22.8,25.9
0,2020-10-11,6.60,6.60,18.2,25.3
0,2020-10-12,8.20,8.20,19.3,25.7
0,2020-10-13,5.00,5.00,24.6,25.6
0,2020-10-14,1.50,1.50,8.6,25.5
0,2020-10-15,2.50,2.50,10.6,25.4
0,2020-10-16,3.00,3.00,8.0,25.8
0,2020-10-17,2.70,2.70,10.0,25.5
0,2020-10-18,1.60,1.60,13.2,25.6
0,2020-10-19,1.60,1.60,11.9,25.7
0,2020-10-20,19.30,19.30,10.9,25.3
0,2020-10-21,7.00,7.00,7.1,25.4
0,2020-10-22,2.30,2.30,5.0,25.1
0,2020-10-23,2.30,2.30,13.5,25.4
0,2020-10-24,4.80,4.80,10.4,25.6
0,2020-10-25,2.60,2.60,13.7,25.5
0,2020-10-26,4.80,4.80,6.9,25.7
0,2020-10-27,2.10,2.10,9.7,25.2
0,2020-10-28,5.00,5.00,13.8,24.2
0,2020-10-29,0.50,0.50,8.9,24.6
0,2020-10-30,0.30,0.30,14.5,24.8
0,2020-10-31,0.80,0.80,14.8,24.4
0,2020-11-01,0.30,0.30,13.2,24.2
0,2020-11-02,0.30,0.30,16.2,24.8
0,2020-11-03,4.60,4.60,17.8,25.3
0,2020-11-04,4.00,4.00,16.0,25.8
0,2020-11-05,0.90,0.90,20.5,25.8
0,2020-11-06,3.30,3.30,24.2,25.5
0,2020-11-07,6.20,6.20,20.7,25.2
0,2020-11-08,3.50,3.50,25.7,25.4
0,2020-11-09,5.70,5.70,26.3,25.0
0,2020-11-10,2.90,2.90,27.8,24.9
0,2020-11-11,4.20,4.20,30.3,24.7
0,2020-11-12,8.80,8.80,27.9,24.8
0,2020-11-13,10.90,10.90,28.2,24.6
0,2020-11-14,3.10,3.10,18.4,24.6
0,2020-11-15,1.90,1.90,15.6,24.1
0,2020-11-16,5.10,5.10,18.1,24.0
0,2020-11-17,1.80,1.80,23.3,24.7
0,2020-11-18,9.60,9.60,23.7,24.0
0,2020-11-19,3.80,3.80,27.0,24.3
0,2020-11-20,4.70,4.70,26.3,24.6
0,2020-11-21,4.70,4.70,32.9,24.9
0,2020-11-22,7.70,7.70,34.3,24.5
0,2020-11-23,7.30,7.30,25.8,24.4
0,2020-11-24,12.60,12.60,22.2,24.1
0,2020-11-25,9.60,9.60,22.4,24.1
0,2020-11-26,6.30,6.30,20.8,24.0
0,2020-11-27,4.10,4.10,28.6,23.5
0,2020-11-28,4.50,4.50,21.5,23.1
0,2020-11-29,6.30,6.30,20.1,22.3
0,2020-11-30,1.40,1.40,15.9,23.3
0,2020-12-01,0.00,0.00,11.0,22.8
0,2020-12-02,0.00,0.00,13.5,23.0
0,2020-12-03,0.30,0.30,13.8,23.4
0,2020-12-04,6.50,6.50,26.5,24.1
0,2020-12-05,1.60,1.60,20.5,24.2
0,2020-12-06,0.00,0.00,12.0,23.5
0,2020-12-07,2.10,2.10,21.6,23.9
0,2020-12-08,4.60,4.60,26.4,24.2
0,2020-12-09,0.30,0.30,18.2,23.7
0,2020-12-10,0.60,0.60,13.5,23.5
0,2020-12-11,0.00,0.00,18.2,23.7
0,2020-12-12,2.60,2.60,25.0,24.1
0,2020-12-13,2.20,2.20,12.6,23.8
0,2020-12-14,1.60,1.60,18.0,24.0
0,2020-12-15,7.30,7.30,24.3,24.1
0,2020-12-16,5.00,5.00,19.4,23.5
0,2020-12-17,6.20,6.20,18.9,23.4
0,2020-12-18,1.60,1.60,33.0,23.7
0,2020-12-19,6.70,6.70,26.8,23.7
0,2020-12-20,7.50,7.50,21.4,23.3
0,2020-12-21,4.50,4.50,20.6,23.4
0,2020-12-22,0.00,0.00,12.0,23.0
0,2020-12-23,0.00,0.00,10.2,23.2
0,2020-12-24,1.30,1.30,15.3,22.5
0,2020-12-25,9.90,9.90,28.8,22.5
0,2020-12-26,11.40,11.40,29.4,22.0
0,2020-12-27,2.50,2.50,24.2,23.4
0,2020-12-28,0.60,0.60,15.9,23.9
0,2020-12-29,4.30,4.30,26.4,23.8
0,2020-12-30,3.70,3.70,24.5,23.5
0,2020-12-31,2.70,2.70,28.7,23.2
0,2021-01-01,6.10,6.10,33.0,23.2
0,2021-01-02,3.30,3.30,26.8,23.1
0,2021-01-03,3.30,3.30,24.8,23.1
0,2021-01-04,1.70,1.70,19.6,23.4
0,2021-01-05,4.80,4.80,19.7,22.9
0,2021-01-06,2.30,2.30,22.5,23.1
0,2021-01-07,1.20,1.20,22.6,23.3
0,2021-01-08,0.90,0.90,14.2,22.8
0,2021-01-09,0.40,0.40,10.8,22.4
0,2021-01-10,2.00,2.00,21.7,22.7
0,2021-01-11,1.30,1.30,18.7,23.0
0,2021-01-12,1.20,1.20,15.5,23.1
0,2021-01-13,2.70,2.70,15.7,23.2
0,2021-01-14,3.40,3.40,15.5,23.1
0,2021-01-15,0.50,0.50,14.9,23.0
0,2021-01-16,3.10,3.10,16.8,23.4
0,2021-01-17,5.10,5.10,26.6,23.0
0,2021-01-18,10.00,10.00,34.1,21.2
0,2021-01-19,14.70,14.70,28.0,21.9
0,2021-01-20,6.00,6.00,21.1,23.0
0,2021-01-21,9.50,9.50,26.1,22.9
0,2021-01-22,2.50,2.50,31.7,23.1
0,2021-01-23,8.80,8.80,30.1,22.8
0,2021-01-24,9.30,9.30,28.1,23.2
0,2021-01-25,13.70,13.70,27.8,23.1
0,2021-01-26,4.00,4.00,25.6,23.3
0,2021-01-27,7.30,7.30,29.0,23.1
0,2021-01-28,2.80,2.80,30.5,22.9
0,2021-01-29,5.80,5.80,27.1,22.2
0,2021-01-30,7.00,7.00,27.3,22.4
0,2021-01-31,5.10,5.10,23.3,22.4
0,2021-02-01,7.60,7.60,16.7,21.7
0,2021-02-02,0.70,0.70,14.6,22.3
0,2021-02-03,24.10,24.10,27.2,20.7
0,2021-02-04,0.30,0.30,18.4,19.5
0,2021-02-05,0.70,0.70,12.6,18.9
0,2021-02-06,0.10,0.10,11.6,20.2
0,2021-02-07,0.00,0.00,12.1,20.5
0,2021-02-08,1.00,1.00,20.0,21.2
0,2021-02-09,0.00,0.00,24.5,20.8
0,2021-02-10,0.00,0.00,21.0,21.0
0,2021-02-11,0.00,0.00,16.8,21.8
0,2021-02-12,0.50,0.50,19.4,22.8
0,2021-02-13,3.50,3.50,22.3,22.9
0,2021-02-14,4.60,4.60,19.8,23.2
0,2021-02-15,0.80,0.80,13.5,23.1
0,2021-02-16,0.90,0.90,13.7,23.1
0,2021-02-17,0.20,0.20,21.1,23.1
0,2021-02-18,7.50,7.50,23.6,22.3
0,2021-02-19,9.40,9.40,20.2,22.3
0,2021-02-20,3.00,3.00,22.2,23.0
0,2021-02-21,4.50,4.50,25.9,23.0
0,2021-02-22,5.70,5.70,25.5,22.9
0,2021-02-23,2.70,2.70,28.6,23.0
0,2021-02-24,6.00,6.00,28.1,22.8
0,2021-02-25,12.80,12.80,33.5,22.8
0,2021-02-26,4.60,4.60,29.9,22.7
0,2021-02-27,7.10,7.10,27.7,22.0
0,2021-02-28,7.20,7.20,28.8,21.8
0,2021-03-01,3.30,3.30,32.5,22.1
0,2021-03-02,6.60,6.60,33.6,21.7
0,2021-03-03,6.40,6.40,25.6,21.1
0,2021-03-04,2.90,2.90,20.4,20.9
0,2021-03-05,12.10,12.10,20.0,19.8
0,2021-03-06,5.70,5.70,20.9,20.5
0,2021-03-07,5.20,5.20,23.2,22.1
0,2021-03-08,38.90,38.90,28.1,21.2
0,2021-03-09,89.30,89.30,23.4,21.6
0,2021-03-10,5.00,5.00,14.0,22.1
0,2021-03-11,5.20,5.20,8.8,22.5
0,2021-03-12,7.90,7.90,21.5,22.1
0,2021-03-13,10.60,10.60,26.4,21.2
0,2021-03-14,6.60,6.60,21.6,22.0
0,2021-03-15,13.20,13.20,13.1,22.0
0,2021-03-16,11.70,11.70,24.4,21.7
0,2021-03-17,7.40,7.40,27.5,21.5
0,2021-03-18,17.90,17.90,27.4,20.2
0,2021-03-19,9.10,9.10,27.7,21.1
0,2021-03-20,4.80,4.80,28.1,21.4
0,2021-03-21,5.10,5.10,33.2,21.8
0,2021-03-22,5.30,5.30,25.1,22.4
0,2021-03-23,1.90,1.90,13.7,22.0
0,2021-03-24,6.80,6.80,21.6,22.9
0,2021-03-25,2.80,2.80,13.9,23.0
0,2021-03-26,1.10,1.10,17.5,22.8
0,2021-03-27,5.60,5.60,24.7,23.1
0,2021-03-28,3.20,3.20,27.8,22.4
0,2021-03-29,2.90,2.90,23.6,22.7
0,2021-03-30,1.90,1.90,20.6,23.0
0,2021-03-31,6.50,6.50,19.9,22.6
0,2021-04-01,2.70,2.70,18.6,22.5
0,2021-04-02,3.20,3.20,18.6,22.0
0,2021-04-03,4.00,4.00,23.2,21.6
0,2021-04-04,15.90,15.90,25.4,21.3
0,2021-04-05,7.80,7.80,26.9,21.9
0,2021-04-06,3.20,3.20,25.9,21.2
0,2021-04-07,2.70,2.70,24.0,20.7
0,2021-04-08,0.90,0.90,23.5,21.5
0,2021-04-09,2.90,2.90,22.4,21.1
0,2021-04-10,2.00,2.00,15.9,21.1
0,2021-04-11,9.30,9.30,17.4,20.3
0,2021-04-12,7.70,7.70,20.0,20.7
0,2021-04-13,3.40,3.40,18.8,21.6
0,2021-04-14,3.60,3.60,20.1,21.7
0,2021-04-15,1.90,1.90,17.9,21.8
0,2021-04-16,0.70,0.70,13.2,21.3
0,2021-04-17,1.70,1.70,19.4,21.1
0,2021-04-18,0.40,0.40,18.8,22.5
0,2021-04-19,1.70,1.70,10.8,23.2
0,2021-04-20,2.50,2.50,13.4,23.0
0,2021-04-21,0.10,0.10,13.5,23.6
0,2021-04-22,0.00,0.00,19.6,23.7
0,2021-04-23,3.40,3.40,26.3,23.0
0,2021-04-24,6.80,6.80,25.9,22.8
0,2021-04-25,2.90,2.90,25.7,22.9
0,2021-04-26,1.30,1.30,18.1,23.2
0,2021-04-27,6.00,6.00,10.0,22.6
0,2021-04-28,5.40,5.40,13.8,22.6
0,2021-04-29,3.20,3.20,19.1,22.6
0,2021-04-30,7.80,7.80,20.7,22.6
0,2021-05-01,7.80,7.80,24.7,23.6
0,2021-05-02,4.40,4.40,24.6,23.4
0,2021-05-03,2.70,2.70,18.3,23.6
0,2021-05-04,4.40,4.40,17.6,23.1
0,2021-05-05,7.00,7.00,23.8,23.2
0,2021-05-06,4.90,4.90,22.7,22.9
0,2021-05-07,1.80,1.80,26.6,23.5
0,2021-05-08,3.00,3.00,24.5,23.6
0,2021-05-09,3.60,3.60,22.7,23.5
0,2021-05-10,5.20,5.20,25.2,23.4
0,2021-05-11,4.40,4.40,23.7,23.4
0,2021-05-12,3.30,3.30,20.8,22.9
0,2021-05-13,2.50,2.50,22.8,23.3
0,2021-05-14,5.50,5.50,23.6,23.0
0,2021-05-15,2.70,2.70,23.1,22.5
0,2021-05-16,8.50,8.50,29.3,22.3
0,2021-05-17,4.70,4.70,25.8,23.1
0,2021-05-18,4.30,4.30,26.0,23.0
0,2021-05-19,4.70,4.70,26.6,23.1
0,2021-05-20,4.00,4.00,22.6,23.2
0,2021-05-21,2.40,2.40,23.7,23.2
0,2021-05-22,2.10,2.10,22.2,23.5
0,2021-05-23,7.80,7.80,16.9,23.6
0,2021-05-24,2.90,2.90,14.2,24.4
0,2021-05-25,1.40,1.40,13.7,24.1
0,2021-05-26,0.60,0.60,16.3,24.1
0,2021-05-27,5.90,5.90,16.6,23.8
0,2021-05-28,3.20,3.20,18.0,23.9
0,2021-05-29,4.70,4.70,16.6,23.8
0,2021-05-30,0.40,0.40,12.5,23.9
0,2021-05-31,1.90,1.90,9.8,24.4
0,2021-06-01,0.20,0.20,15.8,24.6
0,2021-06-02,5.30,5.30,19.4,24.1
0,2021-06-03,3.80,3.80,19.7,24.2
0,2021-06-04,2.20,2.20,22.0,24.8
0,2021-06-05,1.20,1.20,26.3,24.4
0,2021-06-06,3.10,3.10,25.3,23.8
0,2021-06-07,5.50,5.50,24.7,23.9
0,2021-06-08,8.30,8.30,27.3,23.9
0,2021-06-09,4.20,4.20,27.4,24.2
0,2021-06-10,2.70,2.70,28.3,24.2
0,2021-06-11,17.70,17.70,21.8,23.4
0,2021-06-12,5.70,5.70,20.6,23.7
0,2021-06-13,2.60,2.60,23.1,23.7
0,2021-06-14,0.50,0.50,18.2,23.9
0,2021-06-15,3.90,3.90,20.9,24.2
0,2021-06-16,1.90,1.90,20.8,24.5
0,2021-06-17,4.90,4.90,22.1,24.5
0,2021-06-18,0.00,0.00,18.9,24.4
0,2021-06-19,4.10,4.10,16.8,23.8
0,2021-06-20,4.40,4.40,15.6,23.9
0,2021-06-21,3.70,3.70,18.2,24.0
0,2021-06-22,0.80,0.80,15.5,24.1
0,2021-06-23,2.70,2.70,13.8,23.7
0,2021-06-24,0.30,0.30,17.4,24.3
0,2021-06-25,0.50,0.50,14.8,24.1
0,2021-06-26,0.00,0.00,13.2,24.3
0,2021-06-27,2.00,2.00,18.2,24.4
0,2021-06-28,0.20,0.20,18.1,24.5
0,2021-06-29,0.20,0.20,17.2,24.9
0,2021-06-30,7.10,7.10,23.9,24.6
0,2021-07-01,6.20,6.20,26.0,24.6
0,2021-07-02,3.80,3.80,28.1,24.6
0,2021-07-03,7.40,7.40,30.0,24.0
0,2021-07-04,5.10,5.10,25.4,23.7
0,2021-07-05,9.10,9.10,25.0,24.4
0,2021-07-06,4.70,4.70,21.6,24.4
0,2021-07-07,5.60,5.60,19.6,24.0
0,2021-07-08,5.70,5.70,15.7,23.9
0,2021-07-09,3.80,3.80,19.0,24.5
0,2021-07-10,4.80,4.80,20.2,24.4
0,2021-07-11,6.70,6.70,24.3,24.3
0,2021-07-12,11.90,11.90,21.7,24.6
0,2021-07-13,9.30,9.30,20.0,24.5
0,2021-07-14,6.00,6.00,18.8,24.3
0,2021-07-15,4.00,4.00,26.3,25.0
0,2021-07-16,0.90,0.90,28.2,25.1
0,2021-07-17,5.90,5.90,24.0,24.6
0,2021-07-18,4.60,4.60,25.6,24.6
0,2021-07-19,10.10,10.10,28.7,24.6
0,2021-07-20,3.70,3.70,29.9,24.6
0,2021-07-21,4.40,4.40,25.4,24.6
0,2021-07-22,3.80,3.80,28.8,24.7
0,2021-07-23,7.20,7.20,28.0,24.5
0,2021-07-24,12.20,12.20,25.5,24.8
0,2021-07-25,9.60,9.60,23.9,25.1
0,2021-07-26,5.00,5.00,25.3,25.0
0,2021-07-27,3.70,3.70,23.1,24.7
0,2021-07-28,6.90,6.90,21.1,24.7
0,2021-07-29,9.30,9.30,24.3,24.6
0,2021-07-30,6.60,6.60,27.1,24.9
0,2021-07-31,2.80,2.80,32.1,25.0
0,2021-08-01,0.20,0.20,32.0,25.1
0,2021-08-02,3.00,3.00,31.2,24.8
0,2021-08-03,5.10,5.10,29.4,24.4
0,2021-08-04,5.50,5.50,27.3,24.5
0,2021-08-05,6.30,6.30,25.4,24.4
0,2021-08-06,5.30,5.30,27.7,24.9
0,2021-08-07,4.20,4.20,25.1,24.6
0,2021-08-08,3.90,3.90,21.5,24.4
0,2021-08-09,1.70,1.70,19.0,24.6
0,2021-08-10,4.50,4.50,17.3,24.6
0,2021-08-11,0.20,0.20,16.1,25.0
0,2021-08-12,2.50,2.50,17.0,24.8
0,2021-08-13,3.50,3.50,21.8,24.7
0,2021-08-14,6.40,6.40,23.2,24.5
0,2021-08-15,2.40,2.40,19.0,24.6
0,2021-08-16,1.00,1.00,16.1,24.3
0,2021-08-17,2.40,2.40,12.3,24.6
0,2021-08-18,2.20,2.20,17.1,25.3
0,2021-08-19,5.20,5.20,22.8,24.9
0,2021-08-20,4.00,4.00,22.9,25.1
0,2021-08-21,6.20,6.20,26.1,24.9
0,2021-08-22,6.20,6.20,21.6,24.9
0,2021-08-23,32.70,32.70,39.5,24.7
0,2021-08-24,7.00,7.00,28.1,24.7
0,2021-08-25,5.60,5.60,24.2,24.7
0,2021-08-26,5.50,5.50,23.2,24.4
0,2021-08-27,1.30,1.30,21.1,24.5
0,2021-08-28,3.90,3.90,18.4,24.6
0,2021-08-29,3.40,3.40,15.1,24.3
0,2021-08-30,1.20,1.20,15.1,24.4
0,2021-08-31,1.20,1.20,12.8,24.4
0,2021-09-01,2.00,2.00,15.6,24.7
0,2021-09-02,1.90,1.90,23.1,25.5
0,2021-09-03,3.60,3.60,30.6,25.1
0,2021-09-04,3.70,3.70,25.6,24.3
0,2021-09-05,8.00,8.00,19.2,24.2
0,2021-09-06,4.30,4.30,16.8,24.3
0,2021-09-07,4.80,4.80,17.4,24.7
0,2021-09-08,4.60,4.60,20.5,24.6
0,2021-09-09,3.00,3.00,22.1,24.6
0,2021-09-10,4.80,4.80,17.6,24.1
0,2021-09-11,5.50,5.50,17.4,24.2
0,2021-09-12,11.80,11.80,20.9,24.2
0,2021-09-13,6.60,6.60,21.1,24.3
0,2021-09-14,3.10,3.10,20.4,24.1
0,2021-09-15,6.60,6.60,13.9,24.2
0,2021-09-16,2.00,2.00,23.2,25.5
0,2021-09-17,7.00,7.00,28.7,24.8
0,2021-09-18,1.90,1.90,28.4,24.8
0,2021-09-19,5.30,5.30,23.8,24.6
0,2021-09-20,8.50,8.50,25.9,24.7
0,2021-09-21,3.10,3.10,25.1,24.7
0,2021-09-22,5.80,5.80,24.4,24.5
0,2021-09-23,3.20,3.20,25.0,24.6
0,2021-09-24,7.00,7.00,20.4,24.0
0,2021-09-25,5.70,5.70,23.1,24.3
0,2021-09-26,7.10,7.10,25.2,24.8
0,2021-09-27,5.50,5.50,19.6,24.3
0,2021-09-28,2.10,2.10,21.0,24.4
0,2021-09-29,2.70,2.70,17.7,24.4
0,2021-09-30,7.70,7.70,19.6,24.3
0,2021-10-01,1.90,1.90,21.7,24.6
0,2021-10-02,5.10,5.10,19.3,24.2
0,2021-10-03,9.60,9.60,21.7,24.1
0,2021-10-04,3.80,3.80,22.2,24.4
0,2021-10-05,0.20,0.20,22.1,24.8
0,2021-10-06,2.50,2.50,27.3,24.7
0,2021-10-07,6.00,6.00,28.1,24.4
0,2021-10-08,2.10,2.10,31.2,24.6
0,2021-10-09,2.00,2.00,34.3,24.2
0,2021-10-10,5.10,5.10,30.2,24.3
0,2021-10-11,3.50,3.50,26.9,24.3
0,2021-10-12,9.10,9.10,30.8,24.7
0,2021-10-13,5.20,5.20,28.3,24.4
0,2021-10-14,7.30,7.30,26.9,23.7
0,2021-10-15,7.60,7.60,25.7,23.5
0,2021-10-16,5.30,5.30,22.1,23.6
0,2021-10-17,1.40,1.40,24.0,24.1
0,2021-10-18,4.80,4.80,21.6,23.8
0,2021-10-19,2.40,2.40,20.4,23.7
0,2021-10-20,0.10,0.10,15.9,23.9
0,2021-10-21,3.30,3.30,15.5,23.7
0,2021-10-22,2.60,2.60,22.4,24.2
0,2021-10-23,1.10,1.10,24.7,24.4
0,2021-10-24,7.00,7.00,24.5,24.0
0,2021-10-25,2.40,2.40,22.9,24.0
0,2021-10-26,1.50,1.50,17.4,24.3
0,2021-10-27,3.40,3.40,18.8,23.9
0,2021-10-28,2.90,2.90,14.4,23.9
0,2021-10-29,1.90,1.90,12.6,23.9
0,2021-10-30,0.50,0.50,10.7,23.6
0,2021-10-31,4.00,4.00,7.8,23.5
0,2021-11-01,1.10,1.10,9.5,23.8
0,2021-11-02,1.10,1.10,16.2,23.8
0,2021-11-03,5.00,5.00,14.0,24.2
0,2021-11-04,11.60,11.60,23.5,24.4
0,2021-11-05,6.60,6.60,27.8,24.6
0,2021-11-06,3.30,3.30,23.8,24.3
0,2021-11-07,5.60,5.60,23.5,23.8
0,2021-11-08,1.10,1.10,19.9,24.0
0,2021-11-09,0.00,0.00,11.8,23.7
0,2021-11-10,0.20,0.20,13.5,24.0
0,2021-11-11,0.00,0.00,18.7,24.3
0,2021-11-12,0.40,0.40,15.6,24.2
0,2021-11-13,0.30,0.30,9.2,23.8
0,2021-11-14,11.20,11.20,12.5,23.9
0,2021-11-15,2.00,2.00,11.5,23.6
0,2021-11-16,6.50,6.50,8.0,24.2
0,2021-11-17,0.60,0.60,12.6,24.4
0,2021-11-18,1.80,1.80,12.9,24.4
0,2021-11-19,0.90,0.90,18.1,24.6
0,2021-11-20,0.20,0.20,15.5,24.8
0,2021-11-21,1.20,1.20,19.5,24.4
0,2021-11-22,3.40,3.40,20.1,24.0
0,2021-11-23,1.70,1.70,17.7,24.3
0,2021-11-24,0.80,0.80,14.9,24.1
0,2021-11-25,5.90,5.90,21.4,24.0
0,2021-11-26,0.30,0.30,18.5,23.2
0,2021-11-27,2.30,2.30,16.5,22.6
0,2021-11-28,8.90,8.90,25.7,22.8
0,2021-11-29,2.00,2.00,29.8,23.4
0,2021-11-30,6.30,6.30,24.0,23.3
0,2021-12-01,7.80,7.80,19.7,23.7
0,2021-12-02,0.40,0.40,11.8,23.9
0,2021-12-03,3.60,3.60,31.2,22.2
0,2021-12-04,1.30,1.30,15.6,19.8
0,2021-12-05,39.00,39.00,20.4,21.7
0,2021-12-06,64.30,64.30,28.9,22.2
0,2021-12-07,25.60,25.60,20.1,22.5
0,2021-12-08,7.80,7.80,29.5,24.0
0,2021-12-09,4.40,4.40,33.3,24.0
0,2021-12-10,12.90,12.90,25.5,23.5
0,2021-12-11,4.90,4.90,29.3,23.4
0,2021-12-12,8.90,8.90,28.4,23.0
0,2021-12-13,5.70,5.70,25.3,23.3
0,2021-12-14,10.00,10.00,27.0,22.4
0,2021-12-15,3.80,3.80,21.7,23.2
0,2021-12-16,5.70,5.70,20.2,22.8
0,2021-12-17,6.10,6.10,15.0,22.4
0,2021-12-18,4.00,4.00,21.8,23.4
0,2021-12-19,10.50,10.50,23.8,22.5
0,2021-12-20,4.00,4.00,24.7,22.7
0,2021-12-21,14.80,14.80,23.8,21.3
0,2021-12-22,5.30,5.30,26.5,22.2
0,2021-12-23,0.10,0.10,27.2,22.6
0,2021-12-24,5.70,5.70,24.4,21.6
0,2021-12-25,6.50,6.50,21.8,22.1
0,2021-12-26,4.10,4.10,23.1,22.0
0,2021-12-27,6.30,6.30,23.8,22.6
0,2021-12-28,3.70,3.70,25.5,22.6
0,2021-12-29,6.80,6.80,26.6,22.5
0,2021-12-30,18.40,18.40,22.7,22.0
0,2021-12-31,10.90,10.90,19.1,22.4
0,2022-01-01,10.20,10.20,19.5,22.0
0,2022-01-02,6.40,6.40,17.2,21.5
0,2022-01-03,3.30,3.30,10.2,21.8
0,2022-01-04,2.80,2.80,18.2,22.0
0,2022-01-05,0.70,0.70,8.8,22.5
0,2022-01-06,0.00,0.00,11.0,22.0
0,2022-01-07,0.10,0.10,13.3,22.0
0,2022-01-08,0.30,0.30,14.4,21.8
0,2022-01-09,0.60,0.60,7.1,21.8
0,2022-01-10,0.00,0.00,20.9,22.0
0,2022-01-11,0.00,0.00,19.2,21.9
0,2022-01-12,1.20,1.20,13.1,22.3
0,2022-01-13,0.10,0.10,11.0,22.2
0,2022-01-14,0.80,0.80,7.9,22.8
0,2022-01-15,1.10,1.10,10.3,21.8
0,2022-01-16,0.90,0.90,7.3,22.1
0,2022-01-17,0.90,0.90,9.4,22.4
0,2022-01-18,0.10,0.10,7.7,22.1
0,2022-01-19,0.10,0.10,11.2,22.5
0,2022-01-20,0.60,0.60,9.5,22.9
0,2022-01-21,0.00,0.00,16.6,22.8
0,2022-01-22,0.60,0.60,18.9,22.9
0,2022-01-23,2.10,2.10,18.8,22.9
0,2022-01-24,0.10,0.10,19.9,22.6
0,2022-01-25,5.10,5.10,23.5,22.3
0,2022-01-26,2.00,2.00,20.4,22.4
0,2022-01-27,0.00,0.00,15.7,22.2
0,2022-01-28,1.00,1.00,15.3,22.4
0,2022-01-29,0.40,0.40,20.9,22.8
0,2022-01-30,0.80,0.80,21.8,22.9
0,2022-01-31,0.50,0.50,13.3,22.1
0,2022-02-01,1.10,1.10,17.2,22.7
0,2022-02-02,0.80,0.80,16.4,22.7
0,2022-02-03,0.10,0.10,17.0,21.9
0,2022-02-04,0.00,0.00,12.4,22.1
0,2022-02-05,1.70,1.70,15.3,21.9
0,2022-02-06,2.00,2.00,23.3,22.8
0,2022-02-07,2.50,2.50,25.8,22.8
0,2022-02-08,1.80,1.80,17.8,22.5
0,2022-02-09,0.20,0.20,17.8,22.8
0,2022-02-10,0.10,0.10,12.0,22.1
0,2022-02-11,0.00,0.00,11.0,22.6
0,2022-02-12,1.50,1.50,17.3,22.5
0,2022-02-13,4.20,4.20,20.3,21.8
0,2022-02-14,0.30,0.30,15.5,21.2
0,2022-02-15,2.00,2.00,16.3,21.6
0,2022-02-16,2.40,2.40,19.3,21.9
0,2022-02-17,2.40,2.40,17.4,22.2
0,2022-02-18,1.70,1.70,15.9,22.5
0,2022-02-19,0.90,0.90,14.5,22.0
0,2022-02-20,1.20,1.20,19.5,22.0
0,2022-02-21,3.30,3.30,15.7,22.3
0,2022-02-22,3.50,3.50,21.9,23.1
0,2022-02-23,0.20,0.20,26.2,23.4
0,2022-02-24,0.10,0.10,20.7,23.4
0,2022-02-25,2.70,2.70,25.0,23.0
0,2022-02-26,5.30,5.30,22.6,22.9
0,2022-02-27,6.20,6.20,11.7,22.7
0,2022-02-28,1.60,1.60,14.1,22.7
0,2022-03-01,0.30,0.30,13.2,22.0
0,2022-03-02,3.80,3.80,8.4,22.7
0,2022-03-03,3.30,3.30,14.1,22.3
0,2022-03-04,0.40,0.40,15.3,21.7
0,2022-03-05,0.00,0.00,12.3,21.6
0,2022-03-06,0.00,0.00,11.9,22.3
0,2022-03-07,1.00,1.00,14.2,22.7
0,2022-03-08,2.90,2.90,15.8,22.7
0,2022-03-09,3.70,3.70,16.6,23.1
0,2022-03-10,6.10,6.10,17.7,23.7
0,2022-03-11,1.40,1.40,19.4,23.7
0,2022-03-12,2.20,2.20,24.2,23.6
0,2022-03-13,1.30,1.30,19.1,23.6
0,2022-03-14,0.10,0.10,18.8,23.5
0,2022-03-15,0.30,0.30,16.3,23.7
0,2022-03-16,5.80,5.80,17.3,24.1
0,2022-03-17,0.60,0.60,21.8,23.6
0,2022-03-18,0.80,0.80,24.2,23.6
0,2022-03-19,2.30,2.30,20.9,23.5
0,2022-03-20,2.80,2.80,13.9,23.6
0,2022-03-21,3.30,3.30,13.3,22.9
0,2022-03-22,8.20,8.20,21.7,22.4
0,2022-03-23,6.30,6.30,28.8,23.1
0,2022-03-24,6.60,6.60,30.1,23.1
0,2022-03-25,15.10,15.10,27.3,21.7
0,2022-03-26,5.40,5.40,21.7,22.6
0,2022-03-27,1.00,1.00,16.8,22.2
0,2022-03-28,1.90,1.90,17.1,23.1
0,2022-03-29,3.30,3.30,18.7,23.4
0,2022-03-30,4.10,4.10,21.7,23.7
0,2022-03-31,16.60,16.60,24.4,22.7
0,2022-04-01,7.80,7.80,24.3,22.6
0,2022-04-02,9.00,9.00,30.3,22.9
0,2022-04-03,3.20,3.20,29.9,23.4
0,2022-04-04,2.00,2.00,25.5,23.1
0,2022-04-05,4.00,4.00,21.6,22.9
0,2022-04-06,3.20,3.20,20.1,22.4
0,2022-04-07,1.20,1.20,27.9,23.3
0,2022-04-08,6.80,6.80,27.9,22.9
0,2022-04-09,10.90,10.90,23.6,23.0
0,2022-04-10,3.60,3.60,23.9,23.7
0,2022-04-11,6.40,6.40,21.7,23.6
0,2022-04-12,6.20,6.20,21.1,23.5
0,2022-04-13,3.70,3.70,20.9,23.4
0,2022-04-14,3.30,3.30,24.7,23.1
0,2022-04-15,5.30,5.30,23.7,22.6
0,2022-04-16,6.90,6.90,24.3,22.0
0,2022-04-17,11.00,11.00,25.4,22.2
0,2022-04-18,3.90,3.90,22.8,22.6
0,2022-04-19,18.90,18.90,25.9,21.7
0,2022-04-20,16.10,16.10,23.9,22.1
0,2022-04-21,10.10,10.10,26.7,22.4
0,2022-04-22,10.90,10.90,23.5,23.2
0,2022-04-23,8.80,8.80,29.2,22.8
0,2022-04-24,9.00,9.00,26.4,23.0
0,2022-04-25,2.80,2.80,25.4,23.1
0,2022-04-26,6.20,6.20,23.8,23.0
0,2022-04-27,4.60,4.60,20.5,23.0
0,2022-04-28,6.10,6.10,20.8,23.4
0,2022-04-29,14.80,14.80,23.9,23.3
0,2022-04-30,7.80,7.80,24.7,23.2
0,2022-05-01,11.60,11.60,29.2,22.7
0,2022-05-02,6.00,6.00,27.3,22.7
0,2022-05-03,7.70,7.70,25.6,22.5
0,2022-05-04,4.50,4.50,26.7,22.9
0,2022-05-05,5.00,5.00,27.1,23.3
0,2022-05-06,5.10,5.10,28.2,23.4
0,2022-05-07,1.00,1.00,27.5,23.5
0,2022-05-08,3.70,3.70,24.7,23.8
0,2022-05-09,4.60,4.60,28.2,23.6
0,2022-05-10,7.40,7.40,26.2,23.3
0,2022-05-11,5.10,5.10,25.6,23.3
0,2022-05-12,3.90,3.90,26.1,23.5
0,2022-05-13,3.20,3.20,25.2,23.7
0,2022-05-14,6.90,6.90,22.0,22.9
0,2022-05-15,5.00,5.00,19.4,23.4
0,2022-05-16,2.10,2.10,13.4,23.5
0,2022-05-17,0.00,0.00,15.6,24.4
0,2022-05-18,5.30,5.30,23.2,24.1
0,2022-05-19,3.10,3.10,19.4,25.0
0,2022-05-20,4.20,4.20,9.9,25.0
0,2022-05-21,0.20,0.20,17.4,24.7
0,2022-05-22,2.40,2.40,23.1,24.2
0,2022-05-23,2.40,2.40,19.1,24.0
0,2022-05-24,0.10,0.10,20.0,23.6
0,2022-05-25,1.40,1.40,18.9,23.3
0,2022-05-26,0.80,0.80,21.0,23.4
0,2022-05-27,1.10,1.10,19.5,23.5
0,2022-05-28,1.60,1.60,19.2,23.8
0,2022-05-29,0.80,0.80,16.4,24.1
0,2022-05-30,2.20,2.20,17.9,23.9
0,2022-05-31,3.20,3.20,22.1,23.9
0,2022-06-01,5.00,5.00,20.3,23.9
0,2022-06-02,5.70,5.70,19.6,23.7
0,2022-06-03,4.80,4.80,16.1,23.7
0,2022-06-04,0.90,0.90,16.5,23.6
0,2022-06-05,3.30,3.30,16.6,23.7
0,2022-06-06,1.80,1.80,18.7,24.6
0,2022-06-07,4.20,4.20,19.2,24.4
0,2022-06-08,1.90,1.90,18.0,24.4
0,2022-06-09,2.50,2.50,17.7,24.4
0,2022-06-10,1.60,1.60,20.2,24.3
0,2022-06-11,3.90,3.90,23.9,24.4
0,2022-06-12,9.40,9.40,28.6,24.2
0,2022-06-13,8.00,8.00,26.1,24.3
0,2022-06-14,2.50,2.50,27.7,24.3
0,2022-06-15,4.20,4.20,21.9,24.1
0,2022-06-16,8.50,8.50,21.1,23.8
0,2022-06-17,5.00,5.00,19.1,24.3
0,2022-06-18,3.60,3.60,24.3,24.7
0,2022-06-19,5.00,5.00,23.8,24.6
0,2022-06-20,13.70,13.70,23.0,24.2
0,2022-06-21,3.20,3.20,21.1,24.1
0,2022-06-22,4.10,4.10,21.2,24.1
0,2022-06-23,4.20,4.20,19.7,24.0
0,2022-06-24,4.20,4.20,16.3,23.4
0,2022-06-25,1.50,1.50,16.7,23.9
0,2022-06-26,0.30,0.30,17.4,24.3
0,2022-06-27,4.20,4.20,22.7,24.3
0,2022-06-28,5.40,5.40,25.2,24.4
0,2022-06-29,10.00,10.00,27.0,24.0
0,2022-06-30,7.70,7.70,26.6,24.6
0,2022-07-01,10.50,10.50,29.2,24.4
0,2022-07-02,1.30,1.30,28.0,24.6
0,2022-07-03,10.10,10.10,26.4,24.0
0,2022-07-04,9.80,9.80,29.3,23.8
0,2022-07-05,11.30,11.30,27.6,23.7
0,2022-07-06,2.80,2.80,23.2,24.2
0,2022-07-07,13.70,13.70,22.3,23.6
0,2022-07-08,13.10,13.10,26.3,23.7
0,2022-07-09,5.30,5.30,26.9,24.5
0,2022-07-10,5.40,5.40,27.7,24.5
0,2022-07-11,6.70,6.70,23.3,24.1
0,2022-07-12,8.20,8.20,23.8,24.0
0,2022-07-13,12.40,12.40,24.7,24.5
0,2022-07-14,9.10,9.10,24.1,24.2
0,2022-07-15,8.10,8.10,24.0,24.4
0,2022-07-16,9.10,9.10,27.7,24.7
0,2022-07-17,7.20,7.20,28.1,24.9
0,2022-07-18,5.40,5.40,27.2,24.3
0,2022-07-19,11.30,11.30,25.0,24.1
0,2022-07-20,3.20,3.20,23.2,24.2
0,2022-07-21,9.00,9.00,23.6,24.2
0,2022-07-22,7.60,7.60,22.6,24.6
0,2022-07-23,5.10,5.10,23.0,24.6
0,2022-07-24,5.30,5.30,22.7,24.6
0,2022-07-25,5.60,5.60,21.0,24.4
0,2022-07-26,6.70,6.70,25.1,24.5
0,2022-07-27,0.80,0.80,22.0,24.9
0,2022-07-28,0.00,0.00,16.3,25.0
0,2022-07-29,0.00,0.00,17.2,25.0
0,2022-07-30,2.00,2.00,23.3,25.6
0,2022-07-31,1.50,1.50,28.5,25.1
0,2022-08-01,10.00,10.00,26.0,24.0
0,2022-08-02,10.20,10.20,21.5,24.5
0,2022-08-03,6.00,6.00,18.1,24.1
0,2022-08-04,3.50,3.50,14.4,24.5
0,2022-08-05,4.40,4.40,8.5,24.6
0,2022-08-06,1.00,1.00,18.7,25.2
0,2022-08-07,0.30,0.30,20.7,25.9
0,2022-08-08,3.30,3.30,23.0,25.5
0,2022-08-09,4.60,4.60,26.6,25.3
0,2022-08-10,4.20,4.20,30.1,25.5
0,2022-08-11,4.20,4.20,27.3,25.0
0,2022-08-12,6.40,6.40,19.8,24.6
0,2022-08-13,4.00,4.00,23.8,24.8
0,2022-08-14,3.70,3.70,22.1,25.1
0,2022-08-15,0.60,0.60,15.1,24.8
0,2022-08-16,4.60,4.60,9.8,24.9
0,2022-08-17,5.00,5.00,13.7,25.7
0,2022-08-18,5.50,5.50,17.6,25.5
0,2022-08-19,2.40,2.40,22.3,25.7
0,2022-08-20,5.00,5.00,23.1,25.0
0,2022-08-21,3.80,3.80,22.1,25.4
0,2022-08-22,5.30,5.30,20.0,24.7
0,2022-08-23,4.50,4.50,12.0,25.2
0,2022-08-24,1.60,1.60,13.6,25.7
0,2022-08-25,0.60,0.60,16.0,25.8
0,2022-08-26,6.00,6.00,19.5,25.6
0,2022-08-27,1.30,1.30,27.3,25.5
0,2022-08-28,3.20,3.20,20.2,24.9
0,2022-08-29,3.70,3.70,19.3,25.3
0,2022-08-30,1.70,1.70,15.2,25.1
0,2022-08-31,2.80,2.80,16.9,24.5
0,2022-09-01,3.10,3.10,19.7,25.4
0,2022-09-02,4.10,4.10,19.8,24.9
0,2022-09-03,9.70,9.70,18.4,24.6
0,2022-09-04,6.00,6.00,20.7,25.5
0,2022-09-05,2.40,2.40,20.8,25.6
0,2022-09-06,7.50,7.50,25.9,25.6
0,2022-09-07,1.80,1.80,23.2,26.0
0,2022-09-08,2.00,2.00,17.7,25.1
0,2022-09-09,7.20,7.20,17.6,24.2
0,2022-09-10,2.60,2.60,13.7,25.5
0,2022-09-11,2.00,2.00,15.5,25.8
0,2022-09-12,6.70,6.70,16.6,25.5
0,2022-09-13,2.40,2.40,20.5,25.4
0,2022-09-14,1.10,1.10,16.9,25.6
0,2022-09-15,1.10,1.10,13.7,25.3
0,2022-09-16,1.80,1.80,7.1,25.8
0,2022-09-17,0.10,0.10,17.1,25.8
0,2022-09-18,6.90,6.90,20.5,25.2
0,2022-09-19,3.50,3.50,25.9,25.3
0,2022-09-20,3.50,3.50,22.2,25.7
0,2022-09-21,3.60,3.60,17.6,25.1
0,2022-09-22,4.70,4.70,18.4,25.0
0,2022-09-23,2.80,2.80,18.3,25.3
0,2022-09-24,1.60,1.60,16.3,26.1
0,2022-09-25,3.10,3.10,14.8,25.6
0,2022-09-26,0.40,0.40,16.3,25.5
0,2022-09-27,1.00,1.00,19.9,25.4
0,2022-09-28,0.20,0.20,19.0,25.5
0,2022-09-29,1.30,1.30,19.4,25.6
0,2022-09-30,1.70,1.70,16.9,25.6
0,2022-10-01,0.50,0.50,15.8,25.5
0,2022-10-02,6.00,6.00,18.8,24.6
0,2022-10-03,1.10,1.10,16.8,25.2
0,2022-10-04,5.70,5.70,18.5,24.6
0,2022-10-05,0.70,0.70,17.5,25.0
0,2022-10-06,1.20,1.20,15.0,24.7
0,2022-10-07,0.00,0.00,13.9,24.8
0,2022-10-08,0.60,0.60,14.8,24.7
0,2022-10-09,0.40,0.40,11.5,24.5
0,2022-10-10,2.90,2.90,6.8,25.3
0,2022-10-11,8.30,8.30,9.3,25.1
0,2022-10-12,14.70,14.70,10.1,24.9
0,2022-10-13,6.40,6.40,10.4,25.3
0,2022-10-14,3.00,3.00,17.2,25.1
0,2022-10-15,0.60,0.60,18.7,25.1
0,2022-10-16,2.10,2.10,17.8,25.0
0,2022-10-17,0.60,0.60,14.1,25.2
0,2022-10-18,0.10,0.10,14.8,24.6
0,2022-10-19,25.20,25.20,21.2,23.9
0,2022-10-20,6.20,6.20,19.5,23.5
0,2022-10-21,0.70,0.70,14.5,25.5
0,2022-10-22,4.70,4.70,22.7,26.1
0,2022-10-23,2.70,2.70,23.7,25.4
0,2022-10-24,6.70,6.70,23.5,25.4
0,2022-10-25,7.00,7.00,28.1,25.5
0,2022-10-26,10.40,10.40,23.0,24.5
0,2022-10-27,4.70,4.70,20.4,24.7
0,2022-10-28,8.00,8.00,19.7,23.9
0,2022-10-29,3.20,3.20,21.0,25.3
0,2022-10-30,3.30,3.30,20.9,25.3
0,2022-10-31,9.90,9.90,22.4,24.8
0,2022-11-01,3.40,3.40,22.8,25.0
0,2022-11-02,6.00,6.00,21.6,24.9
0,2022-11-03,6.30,6.30,27.8,25.0
0,2022-11-04,5.50,5.50,28.1,25.5
0,2022-11-05,1.10,1.10,30.2,25.5
0,2022-11-06,1.50,1.50,22.1,25.2
0,2022-11-07,8.70,8.70,23.7,25.2
0,2022-11-08,5.20,5.20,26.3,24.7
0,2022-11-09,3.40,3.40,21.5,24.4
0,2022-11-10,3.90,3.90,20.4,23.8
0,2022-11-11,3.10,3.10,27.0,23.5
0,2022-11-12,3.20,3.20,27.3,23.7
0,2022-11-13,3.60,3.60,22.3,23.8
0,2022-11-14,4.90,4.90,20.0,23.9
0,2022-11-15,2.00,2.00,20.0,23.6
0,2022-11-16,0.00,0.00,21.3,24.2
0,2022-11-17,1.50,1.50,15.2,23.8
0,2022-11-18,3.80,3.80,19.8,23.7
0,2022-11-19,2.70,2.70,25.1,24.3
0,2022-11-20,2.50,2.50,26.9,24.5
0,2022-11-21,1.00,1.00,33.2,24.6
0,2022-11-22,2.00,2.00,23.7,24.3
0,2022-11-23,2.80,2.80,20.1,23.5
0,2022-11-24,8.20,8.20,34.8,22.2
0,2022-11-25,0.70,0.70,29.8,22.2
0,2022-11-26,1.30,1.30,18.4,22.3
0,2022-11-27,0.80,0.80,10.8,22.3
0,2022-11-28,2.80,2.80,7.1,22.8
0,2022-11-29,4.30,4.30,10.5,24.0
0,2022-11-30,1.20,1.20,18.2,23.7
0,2022-12-01,2.10,2.10,20.2,22.8
0,2022-12-02,3.70,3.70,20.0,23.1
0,2022-12-03,2.90,2.90,20.8,23.9
0,2022-12-04,2.30,2.30,19.0,23.7
0,2022-12-05,0.60,0.60,10.0,23.6
0,2022-12-06,4.80,4.80,24.5,24.0
0,2022-12-07,3.60,3.60,30.9,24.4
0,2022-12-08,3.70,3.70,32.8,24.1
0,2022-12-09,0.80,0.80,34.5,24.1
0,2022-12-10,0.10,0.10,29.9,23.8
0,2022-12-11,7.30,7.30,27.0,23.4
0,2022-12-12,14.60,14.60,30.0,22.9
0,2022-12-13,4.60,4.60,24.3,23.3
0,2022-12-14,0.60,0.60,21.3,23.6
0,2022-12-15,0.90,0.90,9.2,22.7
0,2022-12-16,11.60,11.60,11.9,22.8
0,2022-12-17,4.40,4.40,6.9,22.6
0,2022-12-18,14.60,14.60,23.4,21.2
0,2022-12-19,2.70,2.70,26.8,19.9
0,2022-12-20,0.70,0.70,21.7,21.9
0,2022-12-21,0.80,0.80,10.3,22.8
0,2022-12-22,0.10,0.10,16.8,22.3
0,2022-12-23,0.80,0.80,14.5,22.3
0,2022-12-24,0.10,0.10,20.5,23.5
0,2022-12-25,1.10,1.10,10.1,23.3
0,2022-12-26,0.10,0.10,15.1,23.4
0,2022-12-27,0.00,0.00,23.6,24.0
0,2022-12-28,0.40,0.40,21.8,23.5
0,2022-12-29,2.40,2.40,13.6,23.1
0,2022-12-30,0.00,0.00,16.5,22.9
0,2022-12-31,1.80,1.80,12.9,23.1
0,2023-01-01,2.40,2.40,15.3,22.7
0,2023-01-02,3.50,3.50,16.9,23.3
0,2023-01-03,0.40,0.40,17.7,22.7
0,2023-01-04,7.40,7.40,18.7,22.0
0,2023-01-05,2.10,2.10,14.9,22.8
0,2023-01-06,1.70,1.70,15.5,23.2
0,2023-01-07,0.00,0.00,17.1,22.7
0,2023-01-08,0.00,0.00,18.3,22.6
0,2023-01-09,0.00,0.00,9.9,22.4
0,2023-01-10,0.00,0.00,17.3,22.6
0,2023-01-11,0.30,0.30,22.9,22.1
0,2023-01-12,0.00,0.00,17.3,21.3
0,2023-01-13,0.00,0.00,11.4,22.1
0,2023-01-14,0.10,0.10,18.0,22.6
0,2023-01-15,1.20,1.20,26.2,23.4
0,2023-01-16,3.20,3.20,12.9,23.1
0,2023-01-17,0.30,0.30,8.3,22.7
0,2023-01-18,0.10,0.10,10.0,23.2
0,2023-01-19,2.50,2.50,12.7,22.9
0,2023-01-20,0.00,0.00,23.5,23.2
0,2023-01-21,0.00,0.00,18.4,24.1
0,2023-01-22,1.20,1.20,17.7,22.8
0,2023-01-23,1.40,1.40,10.2,22.8
0,2023-01-24,2.20,2.20,11.6,22.8
0,2023-01-25,4.00,4.00,21.1,21.8
0,2023-01-26,0.50,0.50,24.7,21.5
0,2023-01-27,3.90,3.90,25.9,21.5
0,2023-01-28,14.00,14.00,24.8,20.9
0,2023-01-29,16.70,16.70,28.7,20.4
0,2023-01-30,9.00,9.00,23.0,21.5
0,2023-01-31,1.10,1.10,11.5,22.3
0,2023-02-01,0.70,0.70,16.6,22.4
0,2023-02-02,0.90,0.90,12.6,22.6
0,2023-02-03,2.30,2.30,18.1,21.8
0,2023-02-04,13.50,13.50,27.0,22.1
0,2023-02-05,12.70,12.70,27.9,22.7
0,2023-02-06,1.90,1.90,26.0,23.5
0,2023-02-07,1.50,1.50,25.0,23.6
0,2023-02-08,2.00,2.00,36.7,23.0
0,2023-02-09,3.70,3.70,37.3,22.9
0,2023-02-10,0.00,0.00,38.4,23.2
0,2023-02-11,0.20,0.20,31.8,23.0
0,2023-02-12,5.30,5.30,29.3,21.9
0,2023-02-13,7.00,7.00,27.1,22.2
0,2023-02-14,9.70,9.70,26.3,22.0
0,2023-02-15,22.60,22.60,19.8,21.6
0,2023-02-16,11.80,11.80,25.2,22.1
0,2023-02-17,37.10,37.10,11.0,21.4
0,2023-02-18,8.90,8.90,14.5,22.2
0,2023-02-19,7.50,7.50,26.3,22.5
0,2023-02-20,13.60,13.60,28.4,22.7
0,2023-02-21,11.30,11.30,38.2,23.0
0,2023-02-22,9.70,9.70,32.8,22.9
0,2023-02-23,6.10,6.10,30.3,22.9
0,2023-02-24,13.70,13.70,30.5,22.0
0,2023-02-25,9.80,9.80,29.3,22.1
0,2023-02-26,4.70,4.70,29.7,22.2
0,2023-02-27,5.00,5.00,32.7,22.0
0,2023-02-28,5.90,5.90,32.2,21.9
0,2023-03-01,3.30,3.30,34.0,21.7
0,2023-03-02,10.10,10.10,32.4,21.4
0,2023-03-03,8.50,8.50,22.2,21.0
0,2023-03-04,6.70,6.70,19.6,21.6
0,2023-03-05,5.50,5.50,9.9,21.2
0,2023-03-06,6.80,6.80,19.6,22.1
0,2023-03-07,1.70,1.70,27.3,21.9
0,2023-03-08,2.40,2.40,38.5,22.4
0,2023-03-09,0.00,0.00,20.0,21.3
0,2023-03-10,1.00,1.00,9.8,21.0
0,2023-03-11,1.00,1.00,10.6,20.5
0,2023-03-12,0.40,0.40,25.5,23.2
0,2023-03-13,0.00,0.00,15.6,23.5
0,2023-03-14,3.90,3.90,19.2,23.8
0,2023-03-15,0.20,0.20,22.2,24.5
0,2023-03-16,0.00,0.00,17.9,24.3
0,2023-03-17,0.00,0.00,8.5,23.9
0,2023-03-18,1.80,1.80,10.9,23.5
0,2023-03-19,0.30,0.30,15.6,23.5
0,2023-03-20,3.80,3.80,22.9,23.8
0,2023-03-21,9.90,9.90,30.3,23.5
0,2023-03-22,2.40,2.40,12.7,23.8
0,2023-03-23,2.10,2.10,14.0,23.0
0,2023-03-24,0.50,0.50,10.9,23.4
0,2023-03-25,2.00,2.00,27.1,23.6
0,2023-03-26,2.70,2.70,24.7,23.4
0,2023-03-27,4.70,4.70,9.1,23.7
0,2023-03-28,9.90,9.90,16.6,23.1
0,2023-03-29,7.00,7.00,19.6,23.1
0,2023-03-30,0.90,0.90,13.0,24.0
0,2023-03-31,2.60,2.60,18.4,23.5
0,2023-04-01,4.20,4.20,16.9,23.2
0,2023-04-02,5.20,5.20,26.0,22.3
0,2023-04-03,3.70,3.70,20.4,22.6
0,2023-04-04,10.60,10.60,23.4,22.2
0,2023-04-05,3.70,3.70,25.7,23.2
0,2023-04-06,2.60,2.60,27.3,23.3
0,2023-04-07,3.30,3.30,24.5,22.7
0,2023-04-08,3.30,3.30,22.6,22.7
0,2023-04-09,13.80,13.80,22.8,21.9
0,2023-04-10,10.10,10.10,25.5,22.5
0,2023-04-11,7.20,7.20,26.5,22.8
0,2023-04-12,5.30,5.30,26.9,23.3
0,2023-04-13,6.80,6.80,30.7,22.8
0,2023-04-14,3.90,3.90,19.0,22.3
0,2023-04-15,3.00,3.00,21.6,22.4
0,2023-04-16,4.00,4.00,16.5,23.2
0,2023-04-17,1.30,1.30,16.5,23.2
0,2023-04-18,6.70,6.70,27.8,22.9
0,2023-04-19,12.90,12.90,30.8,23.9
0,2023-04-20,3.60,3.60,11.0,23.3
0,2023-04-21,3.10,3.10,12.7,23.9
0,2023-04-22,3.20,3.20,23.2,23.7
0,2023-04-23,2.80,2.80,13.0,23.8
0,2023-04-24,5.30,5.30,6.9,23.6
0,2023-04-25,16.40,16.40,20.0,22.8
0,2023-04-26,5.00,5.00,17.5,22.6
0,2023-04-27,5.40,5.40,15.9,22.2
0,2023-04-28,2.80,2.80,12.0,23.4
0,2023-04-29,4.50,4.50,19.6,23.0
0,2023-04-30,4.50,4.50,21.4,23.5
0,2023-05-01,1.90,1.90,22.8,24.0
0,2023-05-02,4.60,4.60,12.7,23.3
0,2023-05-03,8.00,8.00,31.2,23.5
0,2023-05-04,4.70,4.70,27.8,23.6
0,2023-05-05,5.50,5.50,29.4,23.5
0,2023-05-06,3.40,3.40,27.9,23.5
0,2023-05-07,2.90,2.90,25.8,23.3
0,2023-05-08,4.40,4.40,28.4,23.4
0,2023-05-09,5.90,5.90,25.3,23.2
0,2023-05-10,4.50,4.50,18.4,22.7
0,2023-05-11,2.60,2.60,14.7,23.0
0,2023-05-12,0.40,0.40,11.5,23.4
0,2023-05-13,1.50,1.50,18.1,22.4
0,2023-05-14,2.30,2.30,20.1,22.4
0,2023-05-15,0.20,0.20,16.9,22.3
0,2023-05-16,0.90,0.90,16.1,22.4
0,2023-05-17,1.30,1.30,15.9,23.1
0,2023-05-18,8.40,8.40,15.2,22.9
0,2023-05-19,1.20,1.20,16.8,24.1
0,2023-05-20,1.60,1.60,19.1,24.6
0,2023-05-21,1.90,1.90,22.2,24.4
0,2023-05-22,5.60,5.60,24.5,23.9
0,2023-05-23,3.60,3.60,23.2,23.9
0,2023-05-24,2.60,2.60,23.5,24.0
0,2023-05-25,6.50,6.50,20.9,23.1
0,2023-05-26,2.90,2.90,22.1,23.3
0,2023-05-27,0.50,0.50,15.2,23.5
0,2023-05-28,3.00,3.00,15.5,23.2
0,2023-05-29,6.90,6.90,21.9,23.8
0,2023-05-30,2.10,2.10,21.7,24.0
0,2023-05-31,7.80,7.80,20.8,24.0
0,2023-06-01,5.90,5.90,19.6,23.9
0,2023-06-02,1.70,1.70,20.3,23.9
0,2023-06-03,3.20,3.20,14.3,23.2
0,2023-06-04,2.80,2.80,16.1,23.6
0,2023-06-05,0.70,0.70,13.7,23.9
0,2023-06-06,5.60,5.60,15.8,24.1
0,2023-06-07,2.70,2.70,15.7,24.1
0,2023-06-08,4.40,4.40,17.7,24.1
0,2023-06-09,4.90,4.90,24.1,24.4
0,2023-06-10,4.00,4.00,25.5,24.6
0,2023-06-11,0.20,0.20,26.6,24.9
0,2023-06-12,6.10,6.10,24.9,24.7
0,2023-06-13,11.20,11.20,24.1,23.9
0,2023-06-14,7.10,7.10,20.0,24.2
0,2023-06-15,6.70,6.70,20.8,23.6
0,2023-06-16,2.30,2.30,22.3,24.4
0,2023-06-17,1.70,1.70,23.9,24.5
0,2023-06-18,2.30,2.30,18.2,24.6
0,2023-06-19,2.80,2.80,16.9,24.3
0,2023-06-20,2.50,2.50,15.9,24.2
0,2023-06-21,5.70,5.70,23.1,24.7
0,2023-06-22,6.60,6.60,25.5,24.2
0,2023-06-23,6.70,6.70,27.9,24.5
0,2023-06-24,7.20,7.20,26.5,24.2
0,2023-06-25,4.30,4.30,30.0,24.2
0,2023-06-26,5.50,5.50,27.1,24.3
0,2023-06-27,0.90,0.90,25.1,25.0
0,2023-06-28,12.80,12.80,20.8,24.2
0,2023-06-29,9.90,9.90,16.9,24.1
0,2023-06-30,7.80,7.80,16.1,23.8
0,2023-07-01,3.50,3.50,18.5,23.9
0,2023-07-02,2.70,2.70,16.9,24.2
0,2023-07-03,5.60,5.60,23.2,24.8
0,2023-07-04,2.80,2.80,22.4,24.9
0,2023-07-05,7.00,7.00,21.5,24.4
0,2023-07-06,8.20,8.20,19.5,24.2
0,2023-07-07,4.90,4.90,22.3,24.5
0,2023-07-08,6.30,6.30,25.5,24.4
0,2023-07-09,1.70,1.70,29.4,24.4
0,2023-07-10,5.10,5.10,22.1,24.1
0,2023-07-11,11.80,11.80,24.2,24.4
0,2023-07-12,2.30,2.30,22.0,25.0
0,2023-07-13,4.80,4.80,23.1,24.8
0,2023-07-14,1.30,1.30,19.7,24.8
0,2023-07-15,8.00,8.00,16.3,23.7
0,2023-07-16,6.20,6.20,19.9,24.1
0,2023-07-17,4.50,4.50,19.1,25.0
0,2023-07-18,8.40,8.40,30.5,24.8
0,2023-07-19,15.90,15.90,29.7,25.0
0,2023-07-20,11.90,11.90,23.1,24.8
0,2023-07-21,8.90,8.90,24.5,24.8
0,2023-07-22,8.50,8.50,18.6,24.8
0,2023-07-23,9.60,9.60,20.5,24.9
0,2023-07-24,5.00,5.00,21.5,24.9
0,2023-07-25,6.70,6.70,22.6,25.0
0,2023-07-26,3.50,3.50,23.2,24.9
0,2023-07-27,6.10,6.10,20.3,25.1
0,2023-07-28,3.60,3.60,29.4,24.9
0,2023-07-29,7.90,7.90,19.9,24.5
0,2023-07-30,1.40,1.40,19.6,25.0
0,2023-07-31,3.10,3.10,24.8,25.1
0,2023-08-01,5.20,5.20,27.2,25.0
0,2023-08-02,7.00,7.00,23.7,24.8
0,2023-08-03,5.00,5.00,18.7,24.4
0,2023-08-04,10.30,10.30,15.9,23.9
0,2023-08-05,5.60,5.60,15.1,24.0
0,2023-08-06,2.80,2.80,21.9,24.9
0,2023-08-07,6.30,6.30,31.4,25.5
0,2023-08-08,1.00,1.00,35.3,26.0
0,2023-08-09,2.10,2.10,30.9,25.3
0,2023-08-10,2.30,2.30,24.1,25.4
0,2023-08-11,1.60,1.60,21.3,25.2
0,2023-08-12,1.10,1.10,19.2,25.0
0,2023-08-13,0.10,0.10,20.0,24.9
0,2023-08-14,11.80,11.80,19.5,24.7
0,2023-08-15,3.70,3.70,19.3,24.9
0,2023-08-16,5.20,5.20,21.0,24.9
0,2023-08-17,4.90,4.90,19.9,25.1
0,2023-08-18,1.90,1.90,14.5,24.7
0,2023-08-19,3.70,3.70,15.5,24.8
0,2023-08-20,6.50,6.50,17.9,24.7
0,2023-08-21,6.90,6.90,18.2,25.1
0,2023-08-22,6.10,6.10,26.6,25.7
0,2023-08-23,3.50,3.50,23.7,25.5
0,2023-08-24,7.60,7.60,22.9,25.2
0,2023-08-25,4.10,4.10,20.3,25.0
0,2023-08-26,2.70,2.70,22.0,25.2
0,2023-08-27,8.10,8.10,21.0,24.9
0,2023-08-28,8.20,8.20,22.0,24.9
0,2023-08-29,4.00,4.00,24.2,25.1
0,2023-08-30,7.90,7.90,24.8,25.5
0,2023-08-31,3.70,3.70,29.9,25.4
0,2023-09-01,5.60,5.60,25.1,25.1
0,2023-09-02,8.40,8.40,24.6,25.2
0,2023-09-03,7.40,7.40,17.7,24.5
0,2023-09-04,0.30,0.30,13.8,24.9
0,2023-09-05,0.00,0.00,14.7,25.1
0,2023-09-06,1.40,1.40,13.5,25.0
0,2023-09-07,2.20,2.20,14.8,25.2
0,2023-09-08,2.00,2.00,14.8,25.3
0,2023-09-09,4.20,4.20,18.7,24.8
0,2023-09-10,7.20,7.20,22.5,25.0
0,2023-09-11,9.10,9.10,24.3,25.1
0,2023-09-12,4.10,4.10,21.7,25.3
0,2023-09-13,7.30,7.30,15.6,24.9
0,2023-09-14,6.70,6.70,17.2,24.7
0,2023-09-15,4.90,4.90,19.3,25.2
0,2023-09-16,3.00,3.00,23.1,25.7
0,2023-09-17,6.50,6.50,20.9,24.9
0,2023-09-18,6.60,6.60,22.6,24.9
0,2023-09-19,14.40,14.40,23.7,25.1
0,2023-09-20,5.80,5.80,21.9,25.2
0,2023-09-21,16.20,16.20,24.9,24.6
0,2023-09-22,4.40,4.40,26.6,25.2
0,2023-09-23,8.70,8.70,22.1,25.0
0,2023-09-24,11.20,11.20,23.8,24.7
0,2023-09-25,2.70,2.70,22.1,25.1
0,2023-09-26,3.90,3.90,25.8,25.1
0,2023-09-27,5.10,5.10,27.1,24.6
0,2023-09-28,4.20,4.20,21.6,25.1
0,2023-09-29,8.70,8.70,20.6,25.4
0,2023-09-30,5.20,5.20,26.6,25.7
0,2023-10-01,6.70,6.70,23.4,25.1
0,2023-10-02,1.10,1.10,14.3,24.8
0,2023-10-03,3.60,3.60,14.2,24.6
0,2023-10-04,0.70,0.70,13.3,24.1
0,2023-10-05,0.80,0.80,12.0,25.3
0,2023-10-06,2.40,2.40,13.3,25.3
0,2023-10-07,3.80,3.80,15.8,24.7
0,2023-10-08,1.60,1.60,19.8,24.7
0,2023-10-09,7.30,7.30,25.4,24.7
0,2023-10-10,0.60,0.60,19.6,25.1
0,2023-10-11,0.20,0.20,17.4,25.1
0,2023-10-12,0.30,0.30,17.2,25.3
0,2023-10-13,1.40,1.40,16.9,24.7
0,2023-10-14,0.50,0.50,15.7,25.1
0,2023-10-15,1.30,1.30,15.2,25.3
0,2023-10-16,1.70,1.70,15.2,25.4
0,2023-10-17,2.40,2.40,12.2,25.1
0,2023-10-18,3.30,3.30,16.7,24.5
0,2023-10-19,0.80,0.80,16.1,24.6
0,2023-10-20,1.80,1.80,16.7,24.4
0,2023-10-21,2.30,2.30,10.0,24.6
0,2023-10-22,0.90,0.90,16.1,24.7
0,2023-10-23,0.20,0.20,22.8,25.5
0,2023-10-24,3.30,3.30,11.7,24.9
0,2023-10-25,0.90,0.90,11.2,24.4
0,2023-10-26,0.10,0.10,10.1,23.8
0,2023-10-27,0.10,0.10,15.6,24.5
0,2023-10-28,0.70,0.70,14.0,24.3
0,2023-10-29,0.40,0.40,12.7,24.6
0,2023-10-30,0.00,0.00,13.7,25.0
0,2023-10-31,0.00,0.00,12.6,24.9
0,2023-11-01,0.00,0.00,11.3,24.3
0,2023-11-02,0.20,0.20,13.6,24.7
0,2023-11-03,2.20,2.20,20.3,24.8
0,2023-11-04,7.80,7.80,24.7,24.8
0,2023-11-05,1.40,1.40,30.1,25.6
0,2023-11-06,5.00,5.00,30.3,25.3
0,2023-11-07,6.70,6.70,25.1,24.5
0,2023-11-08,0.10,0.10,28.4,25.5
0,2023-11-09,0.50,0.50,32.7,25.6
0,2023-11-10,4.30,4.30,27.2,25.1
0,2023-11-11,4.50,4.50,24.0,24.7
0,2023-11-12,9.50,9.50,32.7,24.5
0,2023-11-13,3.30,3.30,30.4,24.7
0,2023-11-14,5.30,5.30,33.9,24.0
0,2023-11-15,4.30,4.30,32.1,23.6
0,2023-11-16,3.30,3.30,24.3,23.5
0,2023-11-17,0.80,0.80,23.2,24.0
0,2023-11-18,0.10,0.10,11.2,23.5
0,2023-11-19,4.90,4.90,29.3,23.9
0,2023-11-20,24.30,24.30,21.1,22.1
0,2023-11-21,9.10,9.10,18.3,22.9
0,2023-11-22,4.70,4.70,14.1,23.6
0,2023-11-23,4.40,4.40,16.6,24.1
0,2023-11-24,2.70,2.70,14.1,23.9
0,2023-11-25,3.10,3.10,14.3,23.8
0,2023-11-26,5.10,5.10,16.6,23.4
0,2023-11-27,9.80,9.80,19.1,23.3
0,2023-11-28,3.10,3.10,18.3,23.2
0,2023-11-29,27.20,27.20,14.6,22.7
0,2023-11-30,1.30,1.30,16.3,23.6
0,2023-12-01,14.10,14.10,15.0,22.8
0,2023-12-02,1.20,1.20,14.6,23.6
0,2023-12-03,2.90,2.90,13.3,23.7
0,2023-12-04,4.90,4.90,19.7,23.6
0,2023-12-05,16.10,16.10,25.4,23.5
0,2023-12-06,3.60,3.60,25.6,24.1
0,2023-12-07,0.20,0.20,20.4,23.9
0,2023-12-08,0.60,0.60,7.3,22.4
0,2023-12-09,0.00,0.00,14.6,23.0
0,2023-12-10,3.20,3.20,18.3,24.4
0,2023-12-11,2.90,2.90,17.9,24.5
0,2023-12-12,5.40,5.40,23.7,23.4
0,2023-12-13,23.90,23.90,29.0,21.9
0,2023-12-14,5.40,5.40,34.0,21.5
0,2023-12-15,4.50,4.50,31.6,21.3
0,2023-12-16,1.20,1.20,25.0,21.5
0,2023-12-17,3.90,3.90,25.0,21.6
0,2023-12-18,12.20,12.20,23.4,21.1
0,2023-12-19,10.50,10.50,30.9,22.1
0,2023-12-20,28.10,28.10,22.9,21.5
0,2023-12-21,1.70,1.70,28.5,23.4
0,2023-12-22,8.00,8.00,23.5,22.8
0,2023-12-23,3.10,3.10,26.9,22.8
0,2023-12-24,0.80,0.80,20.9,23.0
0,2023-12-25,0.10,0.10,15.3,22.4
0,2023-12-26,0.10,0.10,16.3,22.4
0,2023-12-27,0.30,0.30,18.4,21.4
0,2023-12-28,5.60,5.60,20.4,21.3
0,2023-12-29,3.10,3.10,14.6,21.9
0,2023-12-30,1.70,1.70,18.7,22.1
0,2023-12-31,0.00,0.00,15.3,22.3
0,2024-01-01,4.70,4.70,21.5,22.4
0,2024-01-02,0.00,0.00,29.0,23.5
0,2024-01-03,3.90,3.90,30.3,23.0
0,2024-01-04,1.60,1.60,21.0,23.3
0,2024-01-05,0.40,0.40,14.7,22.7
0,2024-01-06,3.20,3.20,21.7,22.3
0,2024-01-07,1.50,1.50,15.5,22.4
0,2024-01-08,24.30,24.30,28.2,22.0
0,2024-01-09,7.50,7.50,24.7,22.1
0,2024-01-10,0.00,0.00,15.9,21.0
0,2024-01-11,4.50,4.50,27.3,19.7
0,2024-01-12,1.60,1.60,26.5,19.3
0,2024-01-13,0.00,0.00,22.8,20.4
0,2024-01-14,0.00,0.00,9.5,20.3
0,2024-01-15,0.00,0.00,19.3,20.8
0,2024-01-16,2.30,2.30,35.2,23.3
0,2024-01-17,0.00,0.00,14.1,22.5
0,2024-01-18,0.10,0.10,10.4,21.4
0,2024-01-19,0.00,0.00,18.0,22.2
0,2024-01-20,0.00,0.00,18.2,23.2
0,2024-01-21,3.20,3.20,13.4,22.6
0,2024-01-22,0.10,0.10,22.9,23.2
0,2024-01-23,0.20,0.20,21.5,23.3
0,2024-01-24,3.40,3.40,33.1,23.8
0,2024-01-25,5.00,5.00,9.1,23.1
0,2024-01-26,0.10,0.10,18.1,22.5
0,2024-01-27,1.50,1.50,24.1,23.0
0,2024-01-28,3.40,3.40,30.6,23.4
0,2024-01-29,6.00,6.00,28.8,23.3
0,2024-01-30,11.70,11.70,10.9,22.3
0,2024-01-31,1.60,1.60,8.5,22.6
0,2024-02-01,5.30,5.30,14.8,21.9
0,2024-02-02,1.10,1.10,31.1,21.1
0,2024-02-03,0.40,0.40,33.0,20.6
0,2024-02-04,1.90,1.90,35.2,21.6
0,2024-02-05,3.10,3.10,33.5,22.1
0,2024-02-06,1.40,1.40,33.2,22.7
0,2024-02-07,2.10,2.10,30.3,22.6
0,2024-02-08,1.70,1.70,29.2,23.0
0,2024-02-09,9.80,9.80,17.7,22.2
0,2024-02-10,1.40,1.40,12.9,22.0
0,2024-02-11,5.40,5.40,7.5,21.0
0,2024-02-12,0.00,0.00,11.7,21.6
0,2024-02-13,5.50,5.50,5.9,20.9
0,2024-02-14,0.20,0.20,22.7,22.2
0,2024-02-15,1.10,1.10,26.5,21.2
0,2024-02-16,0.40,0.40,22.5,20.1
0,2024-02-17,0.00,0.00,25.0,20.6
0,2024-02-18,0.40,0.40,30.0,20.9
0,2024-02-19,0.00,0.00,24.4,21.5
0,2024-02-20,0.80,0.80,18.7,21.8
0,2024-02-21,2.80,2.80,29.7,22.3
0,2024-02-22,3.10,3.10,25.0,22.5
0,2024-02-23,8.20,8.20,27.0,22.4
0,2024-02-24,3.40,3.40,27.4,21.8
0,2024-02-25,4.70,4.70,27.1,21.5
0,2024-02-26,3.50,3.50,31.1,21.7
0,2024-02-27,3.30,3.30,28.5,21.9
0,2024-02-28,8.70,8.70,26.1,21.3
0,2024-02-29,5.60,5.60,28.3,22.1
0,2024-03-01,8.40,8.40,24.5,21.9
0,2024-03-02,3.60,3.60,26.4,22.1
0,2024-03-03,3.00,3.00,20.6,22.2
0,2024-03-04,9.30,9.30,25.3,22.0
0,2024-03-05,4.10,4.10,32.7,21.8
0,2024-03-06,7.40,7.40,30.4,20.7
0,2024-03-07,3.30,3.30,28.7,21.5
0,2024-03-08,4.50,4.50,31.1,21.7
0,2024-03-09,3.10,3.10,31.7,22.1
0,2024-03-10,2.20,2.20,29.2,22.3
0,2024-03-11,3.20,3.20,27.4,22.3
0,2024-03-12,7.60,7.60,21.2,22.7
0,2024-03-13,12.30,12.30,14.1,22.0
0,2024-03-14,3.20,3.20,20.9,21.3
0,2024-03-15,1.90,1.90,18.4,20.3
0,2024-03-16,1.30,1.30,18.1,20.5
0,2024-03-17,1.20,1.20,20.4,21.2
0,2024-03-18,0.30,0.30,18.8,21.7
0,2024-03-19,5.10,5.10,20.8,21.2
0,2024-03-20,1.10,1.10,22.5,21.6
0,2024-03-21,0.40,0.40,25.4,21.8
0,2024-03-22,9.40,9.40,25.3,21.4
0,2024-03-23,7.70,7.70,27.5,22.0
0,2024-03-24,1.00,1.00,27.8,22.7
0,2024-03-25,2.20,2.20,23.4,23.1
0,2024-03-26,8.90,8.90,22.5,22.5
0,2024-03-27,9.00,9.00,25.3,22.5
0,2024-03-28,6.60,6.60,32.7,22.6
0,2024-03-29,4.30,4.30,28.9,22.7
0,2024-03-30,7.00,7.00,24.4,21.9
0,2024-03-31,5.50,5.50,19.6,22.3
0,2024-04-01,5.00,5.00,23.9,22.0
0,2024-04-02,10.70,10.70,29.8,22.5
0,2024-04-03,8.00,8.00,30.6,22.6
0,2024-04-04,6.10,6.10,34.1,22.5
0,2024-04-05,19.70,19.70,32.8,21.2
0,2024-04-06,13.50,13.50,33.9,21.6
0,2024-04-07,5.80,5.80,29.9,21.7
0,2024-04-08,4.00,4.00,23.9,22.4
0,2024-04-09,4.70,4.70,24.6,22.1
0,2024-04-10,2.90,2.90,16.2,23.0
0,2024-04-11,3.80,3.80,20.8,23.3
0,2024-04-12,6.80,6.80,14.1,24.0
0,2024-04-13,2.30,2.30,16.3,24.2
0,2024-04-14,29.60,29.60,26.1,22.6
0,2024-04-15,0.40,0.40,19.7,22.6
0,2024-04-16,1.40,1.40,15.1,21.5
0,2024-04-17,1.40,1.40,15.3,21.8
0,2024-04-18,11.40,11.40,16.8,21.7
0,2024-04-19,7.30,7.30,22.7,22.0
0,2024-04-20,8.00,8.00,20.6,21.8
0,2024-04-21,9.00,9.00,24.5,21.8
0,2024-04-22,6.00,6.00,23.8,22.4
0,2024-04-23,15.70,15.70,26.9,22.6
0,2024-04-24,17.00,17.00,24.9,22.0
0,2024-04-25,13.40,13.40,31.5,22.6
0,2024-04-26,11.40,11.40,28.1,22.7
0,2024-04-27,15.50,15.50,22.3,22.4
0,2024-04-28,3.90,3.90,19.1,23.4
0,2024-04-29,4.40,4.40,21.0,23.3
0,2024-04-30,9.90,9.90,13.8,23.3
0,2024-05-01,1.60,1.60,18.8,23.5
0,2024-05-02,11.80,11.80,22.6,22.9
0,2024-05-03,10.70,10.70,26.8,22.7
0,2024-05-04,4.40,4.40,29.8,22.8
0,2024-05-05,4.10,4.10,28.1,22.9
0,2024-05-06,6.80,6.80,27.0,22.3
0,2024-05-07,3.40,3.40,21.1,22.7
0,2024-05-08,2.00,2.00,14.9,22.9
0,2024-05-09,9.20,9.20,13.8,22.3
0,2024-05-10,9.60,9.60,9.1,21.9
0,2024-05-11,5.90,5.90,13.9,21.4
0,2024-05-12,5.80,5.80,15.6,22.0
0,2024-05-13,9.10,9.10,12.6,23.2
0,2024-05-14,8.10,8.10,7.9,23.2
0,2024-05-15,3.20,3.20,21.7,23.8
0,2024-05-16,19.80,19.80,24.0,23.0
0,2024-05-17,5.80,5.80,14.8,24.2
0,2024-05-18,21.50,21.50,18.9,23.9
0,2024-05-19,3.60,3.60,11.0,23.7
0,2024-05-20,8.50,8.50,20.3,24.0
0,2024-05-21,7.60,7.60,18.0,24.1
0,2024-05-22,11.10,11.10,24.9,23.9
0,2024-05-23,8.90,8.90,24.9,24.0
0,2024-05-24,4.50,4.50,23.2,23.6
0,2024-05-25,8.40,8.40,21.3,23.5
0,2024-05-26,9.20,9.20,20.7,23.3
0,2024-05-27,10.60,10.60,22.5,23.3
0,2024-05-28,12.80,12.80,26.0,23.8
0,2024-05-29,13.80,13.80,23.4,23.5
0,2024-05-30,7.00,7.00,23.2,23.5
0,2024-05-31,9.10,9.10,23.0,23.3
0,2024-06-01,6.50,6.50,27.4,23.4
0,2024-06-02,6.20,6.20,25.0,23.5
0,2024-06-03,13.90,13.90,26.0,23.5
0,2024-06-04,12.00,12.00,25.6,23.6
0,2024-06-05,3.70,3.70,19.2,24.1
0,2024-06-06,0.20,0.20,11.3,24.2
0,2024-06-07,1.00,1.00,13.4,23.9
0,2024-06-08,0.50,0.50,14.8,24.0
0,2024-06-09,2.00,2.00,23.0,24.0
0,2024-06-10,3.60,3.60,25.3,24.0
0,2024-06-11,10.40,10.40,19.7,23.9
0,2024-06-12,12.70,12.70,19.6,23.7
0,2024-06-13,6.30,6.30,24.6,23.9
0,2024-06-14,7.40,7.40,25.8,24.2
0,2024-06-15,6.00,6.00,27.4,24.0
0,2024-06-16,9.70,9.70,21.1,23.7
0,2024-06-17,11.90,11.90,23.9,23.6
0,2024-06-18,3.70,3.70,25.9,23.8
0,2024-06-19,9.30,9.30,30.2,24.0
0,2024-06-20,14.90,14.90,29.8,23.5
0,2024-06-21,7.10,7.10,25.6,24.1
0,2024-06-22,13.30,13.30,28.3,23.7
0,2024-06-23,8.50,8.50,24.7,24.2
0,2024-06-24,9.90,9.90,28.1,24.0
0,2024-06-25,5.80,5.80,24.0,23.8
0,2024-06-26,10.40,10.40,16.4,23.6
0,2024-06-27,6.80,6.80,17.6,23.8
0,2024-06-28,14.10,14.10,17.8,23.0
0,2024-06-29,3.60,3.60,14.9,24.2
0,2024-06-30,0.00,0.00,18.2,24.3
0,2024-07-01,4.30,4.30,19.2,24.3
0,2024-07-02,4.70,4.70,18.9,24.1
0,2024-07-03,8.90,8.90,18.1,23.8
0,2024-07-04,8.90,8.90,20.7,24.0
0,2024-07-05,6.60,6.60,22.9,24.2
0,2024-07-06,5.70,5.70,17.2,24.0
0,2024-07-07,2.60,2.60,19.9,23.9
0,2024-07-08,9.40,9.40,19.6,24.2
0,2024-07-09,4.00,4.00,28.6,24.5
0,2024-07-10,10.00,10.00,27.9,24.2
0,2024-07-11,10.40,10.40,27.9,24.3
0,2024-07-12,11.60,11.60,25.7,24.6
0,2024-07-13,5.70,5.70,26.4,24.7
0,2024-07-14,8.10,8.10,23.8,24.5
0,2024-07-15,6.40,6.40,24.3,24.2
0,2024-07-16,6.40,6.40,24.5,24.2
0,2024-07-17,3.40,3.40,18.9,24.2
0,2024-07-18,4.40,4.40,17.1,24.2
0,2024-07-19,5.60,5.60,15.5,24.0
0,2024-07-20,6.20,6.20,17.2,24.9
0,2024-07-21,7.10,7.10,20.0,25.0
0,2024-07-22,8.50,8.50,21.3,24.7
0,2024-07-23,12.70,12.70,24.0,24.5
0,2024-07-24,5.90,5.90,26.1,25.2
0,2024-07-25,7.90,7.90,26.3,24.9
0,2024-07-26,7.70,7.70,30.0,23.9
0,2024-07-27,7.20,7.20,26.8,23.7
0,2024-07-28,6.60,6.60,22.8,24.4
0,2024-07-29,5.10,5.10,20.5,24.8
0,2024-07-30,10.90,10.90,20.3,24.3
0,2024-07-31,2.80,2.80,18.7,24.5
0,2024-08-01,6.30,6.30,17.9,24.1
0,2024-08-02,6.00,6.00,17.4,24.3
0,2024-08-03,12.00,12.00,18.0,24.7
0,2024-08-04,4.90,4.90,22.0,25.0
0,2024-08-05,4.10,4.10,20.7,25.1
0,2024-08-06,1.00,1.00,22.9,25.1
0,2024-08-07,1.20,1.20,25.6,25.1
0,2024-08-08,10.20,10.20,17.2,24.6
0,2024-08-09,2.20,2.20,19.5,24.7
0,2024-08-10,12.70,12.70,19.4,24.8
0,2024-08-11,9.10,9.10,22.0,24.7
0,2024-08-12,10.80,10.80,20.0,24.6
0,2024-08-13,6.60,6.60,23.9,24.9
0,2024-08-14,8.10,8.10,16.5,24.7
0,2024-08-15,6.60,6.60,17.5,24.8
0,2024-08-16,6.40,6.40,26.3,25.4
0,2024-08-17,9.00,9.00,23.9,25.1
0,2024-08-18,14.90,14.90,19.2,24.9
0,2024-08-19,9.00,9.00,19.5,24.9
0,2024-08-20,6.20,6.20,21.3,25.1
0,2024-08-21,1.60,1.60,27.2,25.4
0,2024-08-22,5.60,5.60,27.9,25.1
0,2024-08-23,10.70,10.70,28.3,25.2
0,2024-08-24,9.30,9.30,30.3,25.3
0,2024-08-25,19.20,19.20,34.6,24.9
0,2024-08-26,4.00,4.00,26.8,25.0
0,2024-08-27,7.70,7.70,19.7,24.6
0,2024-08-28,8.50,8.50,14.7,24.1
0,2024-08-29,9.50,9.50,17.3,24.9
0,2024-08-30,8.30,8.30,17.8,25.2
0,2024-08-31,4.50,4.50,14.1,26.1
0,2024-09-01,9.70,9.70,20.0,25.8
0,2024-09-02,4.20,4.20,25.0,25.7
0,2024-09-03,9.60,9.60,20.0,25.1
0,2024-09-04,4.90,4.90,16.4,24.8
0,2024-09-05,0.60,0.60,17.3,25.4
0,2024-09-06,1.70,1.70,14.6,25.2
0,2024-09-07,10.50,10.50,18.2,24.4
0,2024-09-08,0.40,0.40,14.0,24.2
0,2024-09-09,0.20,0.20,10.8,24.7
0,2024-09-10,4.40,4.40,9.7,24.5
0,2024-09-11,0.40,0.40,12.5,25.2
0,2024-09-12,6.40,6.40,17.4,25.5
0,2024-09-13,4.10,4.10,20.6,25.4
0,2024-09-14,6.50,6.50,23.7,25.1
0,2024-09-15,9.60,9.60,24.0,25.0
0,2024-09-16,7.90,7.90,22.7,25.3
0,2024-09-17,6.80,6.80,17.6,25.3
0,2024-09-18,3.60,3.60,24.1,25.5
0,2024-09-19,1.40,1.40,22.2,25.2
0,2024-09-20,8.90,8.90,20.9,24.6
0,2024-09-21,7.10,7.10,19.8,24.2
0,2024-09-22,4.10,4.10,19.2,24.8
0,2024-09-23,1.30,1.30,19.5,25.1
0,2024-09-24,2.50,2.50,23.2,25.3
0,2024-09-25,6.30,6.30,19.8,24.8
0,2024-09-26,6.60,6.60,16.7,24.7
0,2024-09-27,9.40,9.40,18.0,24.7
0,2024-09-28,2.90,2.90,22.4,25.2
0,2024-09-29,2.60,2.60,15.3,24.4
0,2024-09-30,10.90,10.90,18.2,24.7
0,2024-10-01,3.60,3.60,17.7,25.0
0,2024-10-02,4.80,4.80,18.4,25.0
0,2024-10-03,3.90,3.90,16.4,24.6
0,2024-10-04,7.50,7.50,15.2,24.1
0,2024-10-05,4.10,4.10,16.6,24.7
0,2024-10-06,7.10,7.10,21.8,24.7
0,2024-10-07,8.70,8.70,20.2,24.6
0,2024-10-08,3.30,3.30,21.6,24.6
0,2024-10-09,4.50,4.50,23.3,25.0
0,2024-10-10,4.00,4.00,14.5,24.8
0,2024-10-11,0.70,0.70,15.1,25.1
0,2024-10-12,0.50,0.50,17.0,24.4
0,2024-10-13,3.10,3.10,18.4,24.9
0,2024-10-14,15.10,15.10,23.4,24.8
0,2024-10-15,2.50,2.50,26.8,25.3
0,2024-10-16,1.40,1.40,32.4,25.3
0,2024-10-17,5.00,5.00,19.4,25.0
0,2024-10-18,0.50,0.50,17.8,25.6
0,2024-10-19,6.10,6.10,15.4,24.8
0,2024-10-20,0.70,0.70,25.5,25.1
0,2024-10-21,0.00,0.00,17.0,24.9
0,2024-10-22,0.80,0.80,12.9,24.5
0,2024-10-23,1.70,1.70,12.5,24.8
0,2024-10-24,3.00,3.00,14.0,24.7
0,2024-10-25,4.00,4.00,13.5,24.7
0,2024-10-26,6.50,6.50,18.3,24.3
0,2024-10-27,10.40,10.40,18.9,23.7
0,2024-10-28,4.30,4.30,29.0,24.9
0,2024-10-29,4.10,4.10,27.4,24.6
0,2024-10-30,8.80,8.80,27.7,24.4
0,2024-10-31,5.70,5.70,27.7,25.0
0,2024-11-01,8.10,8.10,24.9,24.4
0,2024-11-02,5.80,5.80,22.0,24.6
0,2024-11-03,7.00,7.00,19.7,24.3
0,2024-11-04,4.80,4.80,21.7,24.7
0,2024-11-05,3.50,3.50,15.0,25.1
0,2024-11-06,11.40,11.40,23.7,23.7
0,2024-11-07,8.50,8.50,27.6,23.8
0,2024-11-08,15.70,15.70,25.3,23.4
0,2024-11-09,8.30,8.30,24.1,24.0
0,2024-11-10,2.40,2.40,27.2,24.7
0,2024-11-11,13.20,13.20,26.1,24.3
0,2024-11-12,4.20,4.20,27.0,24.3
0,2024-11-13,9.20,9.20,26.6,23.9
0,2024-11-14,6.30,6.30,30.3,24.2
0,2024-11-15,2.60,2.60,30.8,24.6
0,2024-11-16,4.20,4.20,27.3,24.3
0,2024-11-17,7.10,7.10,28.8,23.8
0,2024-11-18,7.60,7.60,23.3,23.7
0,2024-11-19,6.30,6.30,20.3,23.7
0,2024-11-20,1.60,1.60,19.0,23.4
0,2024-11-21,0.10,0.10,19.1,23.2
0,2024-11-22,0.00,0.00,13.3,22.7
0,2024-11-23,0.00,0.00,11.5,22.5
0,2024-11-24,0.30,0.30,14.7,22.6
0,2024-11-25,0.70,0.70,15.1,23.1
0,2024-11-26,0.50,0.50,16.0,23.2
0,2024-11-27,0.70,0.70,19.2,23.6
0,2024-11-28,1.60,1.60,19.8,23.5
0,2024-11-29,3.40,3.40,15.4,23.1
0,2024-11-30,0.60,0.60,12.8,23.1
0,2024-12-01,0.10,0.10,10.2,23.0
0,2024-12-02,0.50,0.50,11.5,22.7
0,2024-12-03,0.50,0.50,10.2,22.9
0,2024-12-04,0.00,0.00,14.6,23.2
0,2024-12-05,0.00,0.00,16.5,23.8
0,2024-12-06,6.50,6.50,11.1,22.8
0,2024-12-07,1.00,1.00,11.0,23.1
0,2024-12-08,1.40,1.40,13.2,22.9
0,2024-12-09,0.30,0.30,18.8,24.1
0,2024-12-10,4.50,4.50,27.2,23.9
0,2024-12-11,0.40,0.40,31.7,24.3
0,2024-12-12,1.30,1.30,30.1,24.3
0,2024-12-13,4.30,4.30,23.6,24.2
0,2024-12-14,1.00,1.00,23.4,23.9
0,2024-12-15,5.40,5.40,20.7,23.5
0,2024-12-16,0.70,0.70,12.8,23.2
0,2024-12-17,0.40,0.40,6.3,22.5
0,2024-12-18,1.40,1.40,8.7,23.3
0,2024-12-19,0.50,0.50,9.8,23.1
0,2024-12-20,2.90,2.90,9.2,23.2
0,2024-12-21,0.00,0.00,11.0,22.5
0,2024-12-22,0.00,0.00,17.1,23.0
0,2024-12-23,3.10,3.10,25.7,23.9
0,2024-12-24,0.80,0.80,21.3,24.3
0,2024-12-25,1.10,1.10,23.3,24.0
0,2024-12-26,0.50,0.50,14.7,23.1
0,2024-12-27,0.70,0.70,17.5,23.2
0,2024-12-28,4.70,4.70,16.5,22.6
0,2024-12-29,11.00,11.00,19.5,21.9
0,2024-12-30,3.80,3.80,21.2,23.1
0,2024-12-31,3.20,3.20,22.5,23.8
0,2025-01-01,3.20,3.20,19.8,23.1
0,2025-01-02,2.60,2.60,18.8,23.4
0,2025-01-03,0.70,0.70,12.5,23.4
0,2025-01-04,0.00,0.00,7.7,22.5
0,2025-01-05,0.00,0.00,18.8,23.0
0,2025-01-06,0.00,0.00,15.3,23.7
0,2025-01-07,0.90,0.90,23.9,23.9
0,2025-01-08,1.50,1.50,14.8,23.7
0,2025-01-09,6.50,6.50,17.8,22.6
0,2025-01-10,4.60,4.60,16.0,22.8
0,2025-01-11,3.30,3.30,21.9,22.9
0,2025-01-12,4.40,4.40,20.1,22.8
0,2025-01-13,4.00,4.00,18.2,22.7
0,2025-01-14,3.00,3.00,16.4,22.4
0,2025-01-15,1.60,1.60,14.7,22.5
0,2025-01-16,3.10,3.10,5.4,21.9
0,2025-01-17,1.80,1.80,12.0,21.0
0,2025-01-18,0.00,0.00,19.9,22.2
0,2025-01-19,0.00,0.00,20.5,22.5
0,2025-01-20,2.50,2.50,19.9,22.1
0,2025-01-21,0.10,0.10,13.9,22.2
0,2025-01-22,0.50,0.50,18.4,20.3
0,2025-01-23,0.00,0.00,11.9,19.8
0,2025-01-24,0.00,0.00,12.8,20.7
0,2025-01-25,4.90,4.90,16.7,22.6
0,2025-01-26,6.00,6.00,11.6,21.7
0,2025-01-27,1.40,1.40,23.1,21.2
0,2025-01-28,2.00,2.00,17.0,20.2
0,2025-01-29,0.70,0.70,19.6,22.1
0,2025-01-30,84.90,84.90,29.9,22.3
0,2025-01-31,0.90,0.90,22.9,23.4
0,2025-02-01,0.00,0.00,15.0,21.7
0,2025-02-02,0.00,0.00,18.3,21.5
0,2025-02-03,0.50,0.50,17.3,21.8
0,2025-02-04,2.30,2.30,16.9,20.8
0,2025-02-05,4.90,4.90,9.6,20.2
0,2025-02-06,0.70,0.70,10.6,20.8
0,2025-02-07,0.70,0.70,13.7,22.2
0,2025-02-08,0.10,0.10,15.1,22.1
0,2025-02-09,1.60,1.60,16.6,23.0
0,2025-02-10,0.10,0.10,16.5,22.8
0,2025-02-11,0.20,0.20,12.1,22.2
0,2025-02-12,1.20,1.20,9.1,22.4
0,2025-02-13,0.10,0.10,17.2,22.6
0,2025-02-14,4.50,4.50,9.8,22.7
0,2025-02-15,3.60,3.60,13.5,22.8
0,2025-02-16,3.00,3.00,7.8,23.9
0,2025-02-17,21.00,21.00,12.0,22.8
0,2025-02-18,0.70,0.70,15.1,23.1
0,2025-02-19,5.70,5.70,20.0,22.8
0,2025-02-20,0.30,0.30,21.1,23.4
0,2025-02-21,1.00,1.00,14.1,23.4
0,2025-02-22,0.10,0.10,9.8,22.3
0,2025-02-23,3.80,3.80,18.3,22.9
0,2025-02-24,1.30,1.30,15.9,23.0
0,2025-02-25,1.60,1.60,16.2,22.5
0,2025-02-26,1.10,1.10,19.0,23.5
0,2025-02-27,0.00,0.00,16.8,23.6
0,2025-02-28,0.00,0.00,15.9,23.8
0,2025-03-01,0.00,0.00,12.2,23.7
0,2025-03-02,0.10,0.10,16.8,22.9
0,2025-03-03,1.10,1.10,25.2,24.1
0,2025-03-04,7.70,7.70,28.6,23.3
0,2025-03-05,3.10,3.10,28.5,23.7
0,2025-03-06,3.20,3.20,23.6,23.3
0,2025-03-07,11.70,11.70,26.1,22.0
0,2025-03-08,8.40,8.40,27.5,22.0
0,2025-03-09,9.20,9.20,21.3,22.1
0,2025-03-10,12.80,12.80,24.5,22.0
0,2025-03-11,9.20,9.20,28.7,22.1
0,2025-03-12,3.90,3.90,26.9,22.6
0,2025-03-13,3.10,3.10,25.5,23.3
0,2025-03-14,9.50,9.50,23.5,22.7
0,2025-03-15,4.40,4.40,13.7,21.8
0,2025-03-16,3.00,3.00,16.0,22.2
0,2025-03-17,8.70,8.70,16.1,23.3
0,2025-03-18,4.30,4.30,16.8,23.3
0,2025-03-19,5.20,5.20,22.0,23.1
0,2025-03-20,2.00,2.00,21.9,23.6
0,2025-03-21,7.40,7.40,19.3,23.1
0,2025-03-22,2.10,2.10,16.4,23.2
0,2025-03-23,0.30,0.30,12.3,22.9
0,2025-03-24,0.20,0.20,13.7,22.7
0,2025-03-25,3.10,3.10,17.1,23.1
0,2025-03-26,6.50,6.50,12.1,23.2
0,2025-03-27,1.10,1.10,13.4,23.3
0,2025-03-28,0.90,0.90,10.6,23.1
0,2025-03-29,0.10,0.10,14.1,23.1
0,2025-03-30,1.30,1.30,8.9,23.1
0,2025-03-31,0.90,0.90,16.6,23.7
0,2025-04-01,0.40,0.40,17.6,24.7
0,2025-04-02,1.90,1.90,9.3,23.9
0,2025-04-03,4.50,4.50,7.9,23.2
0,2025-04-04,2.70,2.70,16.9,23.5
0,2025-04-05,5.60,5.60,21.2,23.7
0,2025-04-06,6.30,6.30,23.1,23.8
0,2025-04-07,4.70,4.70,23.5,24.0
0,2025-04-08,6.50,6.50,20.7,22.6
0,2025-04-09,13.60,13.60,19.9,21.6
0,2025-04-10,11.80,11.80,21.8,22.3
0,2025-04-11,13.70,13.70,26.1,22.8
0,2025-04-12,6.50,6.50,21.6,23.0
0,2025-04-13,7.40,7.40,20.0,22.8
0,2025-04-14,13.40,13.40,21.8,23.1
0,2025-04-15,5.20,5.20,18.7,22.8
0,2025-04-16,6.10,6.10,14.4,22.5
0,2025-04-17,6.80,6.80,14.1,21.8
0,2025-04-18,12.70,12.70,13.0,21.4
0,2025-04-19,9.80,9.80,17.1,22.5
0,2025-04-20,6.80,6.80,17.2,22.4
0,2025-04-21,6.70,6.70,15.0,23.0
0,2025-04-22,3.60,3.60,11.0,23.1
0,2025-04-23,2.00,2.00,17.7,23.9
0,2025-04-24,2.30,2.30,10.9,24.4
0,2025-04-25,2.00,2.00,9.5,23.8
0,2025-04-26,2.10,2.10,9.6,23.7
0,2025-04-27,2.20,2.20,7.6,23.4
0,2025-04-28,8.10,8.10,9.5,23.2
0,2025-04-29,4.50,4.50,8.0,22.5
0,2025-04-30,2.70,2.70,14.8,23.1
0,2025-05-01,3.00,3.00,21.3,23.9
0,2025-05-02,2.20,2.20,24.8,24.1
0,2025-05-03,6.50,6.50,23.3,23.9
0,2025-05-04,8.30,8.30,21.7,24.0
0,2025-05-05,8.50,8.50,22.1,23.4
0,2025-05-06,10.10,10.10,23.2,23.0
0,2025-05-07,6.30,6.30,21.9,23.1
0,2025-05-08,5.70,5.70,18.8,23.3
0,2025-05-09,0.20,0.20,22.8,24.3
0,2025-05-10,4.10,4.10,26.2,23.8
0,2025-05-11,4.20,4.20,26.3,23.6
0,2025-05-12,6.10,6.10,21.9,23.4
0,2025-05-13,1.80,1.80,25.3,24.1
0,2025-05-14,10.80,10.80,18.4,22.9
0,2025-05-15,6.90,6.90,20.0,23.0
0,2025-05-16,8.80,8.80,19.6,23.1
0,2025-05-17,6.50,6.50,23.4,23.8
0,2025-05-18,2.10,2.10,19.5,24.0
0,2025-05-19,10.30,10.30,19.1,23.4
0,2025-05-20,16.10,16.10,18.6,23.0
0,2025-05-21,9.00,9.00,18.6,23.1
0,2025-05-22,11.10,11.10,19.3,23.0
0,2025-05-23,8.10,8.10,18.0,23.2
0,2025-05-24,5.10,5.10,21.1,23.4
0,2025-05-25,4.50,4.50,17.8,23.3
0,2025-05-26,0.50,0.50,15.3,24.2
0,2025-05-27,0.00,0.00,16.3,24.1
0,2025-05-28,0.00,0.00,14.5,24.2
0,2025-05-29,1.70,1.70,15.2,23.4
0,2025-05-30,11.30,11.30,18.2,23.4
0,2025-05-31,12.00,12.00,20.6,23.6
0,2025-06-01,5.10,5.10,16.1,24.2
0,2025-06-02,6.10,6.10,21.5,24.5
0,2025-06-03,9.50,9.50,24.1,24.3
0,2025-06-04,1.80,1.80,26.3,24.6
0,2025-06-05,7.20,7.20,21.1,23.6
0,2025-06-06,2.80,2.80,19.1,24.1
0,2025-06-07,2.50,2.50,14.3,23.9
0,2025-06-08,3.30,3.30,15.8,24.1
0,2025-06-09,5.30,5.30,16.3,23.8
0,2025-06-10,5.60,5.60,19.4,24.6
0,2025-06-11,5.80,5.80,23.2,24.7
0,2025-06-12,8.20,8.20,19.2,24.1
0,2025-06-13,5.00,5.00,20.2,24.4
0,2025-06-14,6.20,6.20,22.7,23.8
0,2025-06-15,4.50,4.50,25.2,24.7
0,2025-06-16,12.50,12.50,23.3,23.8
0,2025-06-17,10.90,10.90,23.4,23.8
0,2025-06-18,5.00,5.00,22.1,24.2
0,2025-06-19,8.10,8.10,21.4,23.9
0,2025-06-20,4.70,4.70,14.8,24.4
0,2025-06-21,4.70,4.70,24.3,25.1
0,2025-06-22,5.10,5.10,29.8,24.8
0,2025-06-23,2.60,2.60,24.9,24.4
0,2025-06-24,6.70,6.70,19.5,24.4
0,2025-06-25,11.90,11.90,20.5,24.0
0,2025-06-26,2.50,2.50,20.3,24.8
0,2025-06-27,3.00,3.00,22.0,24.8
0,2025-06-28,0.50,0.50,23.1,25.1
0,2025-06-29,7.10,7.10,15.4,24.3
0,2025-06-30,4.90,4.90,17.7,24.7
0,2025-07-01,0.30,0.30,16.7,24.7
0,2025-07-02,3.80,3.80,18.0,24.3
0,2025-07-03,2.80,2.80,20.4,25.1
0,2025-07-04,4.30,4.30,24.1,24.2
0,2025-07-05,6.90,6.90,26.6,24.4
0,2025-07-06,6.50,6.50,26.9,24.7
0,2025-07-07,10.50,10.50,24.8,24.5
0,2025-07-08,6.80,6.80,27.1,24.3
0,2025-07-09,7.90,7.90,24.0,24.6
0,2025-07-10,9.80,9.80,22.7,23.8
0,2025-07-11,16.10,16.10,20.9,23.5
0,2025-07-12,11.00,11.00,17.5,23.7
0,2025-07-13,4.00,4.00,19.8,24.6
0,2025-07-14,4.00,4.00,20.6,24.8
0,2025-07-15,4.00,4.00,22.6,24.6
0,2025-07-16,5.80,5.80,24.3,24.7
0,2025-07-17,9.80,9.80,18.3,24.5
0,2025-07-18,10.40,10.40,16.9,24.1
0,2025-07-19,8.80,8.80,20.4,24.2
0,2025-07-20,5.90,5.90,18.4,25.1
0,2025-07-21,3.20,3.20,22.7,25.1
0,2025-07-22,8.00,8.00,21.3,25.3
0,2025-07-23,3.40,3.40,21.8,25.3
0,2025-07-24,2.60,2.60,21.7,25.0
0,2025-07-25,3.70,3.70,17.0,24.7
0,2025-07-26,3.10,3.10,16.1,24.3
0,2025-07-27,2.90,2.90,14.7,24.5
0,2025-07-28,5.90,5.90,14.4,24.8
0,2025-07-29,6.70,6.70,21.0,25.2
0,2025-07-30,5.40,5.40,26.4,25.5
0,2025-07-31,3.90,3.90,27.8,25.3
0,2025-08-01,8.30,8.30,27.3,24.9
0,2025-08-02,9.80,9.80,27.6,24.8
0,2025-08-03,6.50,6.50,26.1,24.8
0,2025-08-04,2.10,2.10,22.3,25.3
0,2025-08-05,2.70,2.70,18.1,25.1
0,2025-08-06,3.40,3.40,14.0,25.4
0,2025-08-07,5.80,5.80,19.7,25.4
0,2025-08-08,7.50,7.50,21.9,25.2
0,2025-08-09,4.80,4.80,15.1,24.9
0,2025-08-10,2.40,2.40,11.3,25.2
0,2025-08-11,4.00,4.00,12.6,25.8
0,2025-08-12,5.70,5.70,17.5,25.4
0,2025-08-13,5.90,5.90,20.5,25.2
0,2025-08-14,3.30,3.30,13.5,24.7
0,2025-08-15,4.60,4.60,17.6,25.3
0,2025-08-16,3.00,3.00,25.4,25.8
0,2025-08-17,4.70,4.70,23.9,25.6
0,2025-08-18,4.90,4.90,15.3,25.2
0,2025-08-19,2.70,2.70,21.0,25.6
0,2025-08-20,5.30,5.30,21.7,25.4
0,2025-08-21,5.90,5.90,23.6,25.5
0,2025-08-22,2.50,2.50,20.3,25.8
0,2025-08-23,2.90,2.90,18.4,25.4
0,2025-08-24,0.10,0.10,21.3,25.9
0,2025-08-25,1.30,1.30,17.9,25.5
0,2025-08-26,2.40,2.40,22.3,25.7
0,2025-08-27,1.50,1.50,21.8,26.0
0,2025-08-28,1.80,1.80,18.4,25.7
0,2025-08-29,0.00,0.00,18.8,25.8
0,2025-08-30,0.00,0.00,14.7,25.9
0,2025-08-31,4.60,4.60,11.4,25.8
0,2025-09-01,0.70,0.70,17.4,26.2
0,2025-09-02,2.20,2.20,14.7,25.5
0,2025-09-03,0.50,0.50,15.6,26.0
0,2025-09-04,1.90,1.90,17.3,25.8
0,2025-09-05,3.40,3.40,18.2,25.4
0,2025-09-06,1.70,1.70,15.3,25.3
0,2025-09-07,2.60,2.60,9.9,25.1
0,2025-09-08,0.80,0.80,14.8,25.0
0,2025-09-09,3.30,3.30,16.3,25.3
0,2025-09-10,2.00,2.00,13.2,25.8
0,2025-09-11,4.90,4.90,16.5,25.5
0,2025-09-12,4.40,4.40,22.1,25.3
0,2025-09-13,1.00,1.00,22.0,25.7
0,2025-09-14,1.80,1.80,19.2,25.6
0,2025-09-15,0.10,0.10,19.2,25.9
0,2025-09-16,7.00,7.00,23.3,25.2
0,2025-09-17,4.90,4.90,25.6,25.3
0,2025-09-18,7.70,7.70,24.5,25.1
0,2025-09-19,13.40,13.40,18.0,25.2
0,2025-09-20,12.30,12.30,20.4,24.6
0,2025-09-21,15.00,15.00,16.8,24.4
0,2025-09-22,5.10,5.10,17.8,24.6
0,2025-09-23,1.80,1.80,18.9,24.8
0,2025-09-24,4.80,4.80,16.8,24.5
0,2025-09-25,3.10,3.10,12.7,24.5
0,2025-09-26,3.00,3.00,12.2,25.6
0,2025-09-27,1.00,1.00,13.8,25.2
0,2025-09-28,4.50,4.50,20.3,25.4
0,2025-09-29,4.20,4.20,19.7,25.2
0,2025-09-30,5.60,5.60,21.8,25.1
0,2025-10-01,6.40,6.40,14.4,24.4
0,2025-10-02,9.00,9.00,14.5,24.7
0,2025-10-03,4.10,4.10,20.2,24.9
0,2025-10-04,10.70,10.70,17.2,24.8
0,2025-10-05,3.40,3.40,18.7,24.8
0,2025-10-06,6.50,6.50,13.4,23.8
0,2025-10-07,3.90,3.90,6.9,23.7
0,2025-10-08,2.90,2.90,7.4,24.3
0,2025-10-09,1.60,1.60,11.3,25.5
0,2025-10-10,0.20,0.20,10.8,25.1
0,2025-10-11,2.70,2.70,16.2,25.4
0,2025-10-12,0.20,0.20,12.4,25.4
0,2025-10-13,2.50,2.50,10.7,24.5
0,2025-10-14,2.60,2.60,19.1,25.3
0,2025-10-15,2.60,2.60,22.4,25.6
0,2025-10-16,8.10,8.10,17.8,25.0
0,2025-10-17,10.20,10.20,24.5,24.4
0,2025-10-18,9.40,9.40,23.7,24.9
0,2025-10-19,4.40,4.40,20.4,24.9
0,2025-10-20,7.30,7.30,18.3,24.4
0,2025-10-21,12.10,12.10,21.5,24.0
0,2025-10-22,4.90,4.90,24.5,24.8
0,2025-10-23,3.70,3.70,22.9,25.1
0,2025-10-24,7.50,7.50,27.8,24.5
0,2025-10-25,0.30,0.30,26.2,25.4
0,2025-10-26,3.20,3.20,23.4,25.3
0,2025-10-27,0.30,0.30,19.9,25.3
0,2025-10-28,1.70,1.70,21.1,25.0
0,2025-10-29,1.70,1.70,19.1,24.8
0,2025-10-30,5.10,5.10,19.9,24.6
0,2025-10-31,10.00,10.00,16.4,24.3
0,2025-11-01,1.40,1.40,15.9,24.5
0,2025-11-02,4.60,4.60,17.9,23.9
0,2025-11-03,1.60,1.60,17.0,24.9
0,2025-11-04,6.20,6.20,15.7,24.6
0,2025-11-05,0.90,0.90,20.1,25.0
0,2025-11-06,3.00,3.00,15.3,25.4
0,2025-11-07,0.30,0.30,10.7,24.3
0,2025-11-08,10.70,10.70,17.5,23.7
0,2025-11-09,15.00,15.00,23.7,23.3
0,2025-11-10,9.10,9.10,25.7,23.6
0,2025-11-11,7.40,7.40,28.4,23.5
0,2025-11-12,13.00,13.00,31.4,23.1
0,2025-11-13,5.60,5.60,27.1,24.5
0,2025-11-14,2.00,2.00,22.8,24.5
0,2025-11-15,3.40,3.40,15.4,23.8
0,2025-11-16,7.70,7.70,14.3,23.1
0,2025-11-17,5.50,5.50,15.8,23.4
0,2025-11-18,2.50,2.50,14.3,23.8
0,2025-11-19,5.40,5.40,21.7,24.0
0,2025-11-20,6.10,6.10,24.7,24.2
0,2025-11-21,9.30,9.30,21.6,24.1
0,2025-11-22,5.70,5.70,20.5,23.8
0,2025-11-23,3.60,3.60,19.4,23.7
0,2025-11-24,0.00,0.00,17.7,24.5
0,2025-11-25,0.10,0.10,13.2,24.0
0,2025-11-26,0.20,0.20,11.9,23.9
0,2025-11-27,0.00,0.00,15.1,23.5
0,2025-11-28,0.10,0.10,13.8,24.2
0,2025-11-29,0.00,0.00,11.8,23.3
0,2025-11-30,0.00,0.00,13.8,23.4
0,2025-12-01,0.00,0.00,11.3,22.7
0,2025-12-02,0.20,0.20,11.9,22.8
0,2025-12-03,0.00,0.00,11.6,22.6
0,2025-12-04,2.80,2.80,22.0,23.4
0,2025-12-05,5.20,5.20,23.8,23.9
0,2025-12-06,2.80,2.80,16.0,23.8
0,2025-12-07,5.50,5.50,14.1,22.8
0,2025-12-08,2.10,2.10,15.2,23.2
0,2025-12-09,2.30,2.30,10.3,23.1
0,2025-12-10,0.00,0.00,12.0,22.8
0,2025-12-11,0.80,0.80,15.1,22.1
0,2025-12-12,0.10,0.10,9.0,22.7
0,2025-12-13,0.70,0.70,25.5,24.0
0,2025-12-14,31.30,31.30,14.5,22.7
0,2025-12-15,3.70,3.70,19.0,23.7
0,2025-12-16,4.70,4.70,15.7,23.9
0,2025-12-17,5.80,5.80,25.2,24.0
0,2025-12-18,4.30,4.30,12.0,22.9
0,2025-12-19,5.60,5.60,10.1,23.0
0,2025-12-20,13.50,13.50,7.5,23.3
0,2025-12-21,3.60,3.60,17.5,24.0
0,2025-12-22,7.60,7.60,22.0,24.2
0,2025-12-23,14.90,14.90,24.6,23.1
0,2025-12-24,0.60,0.60,22.0,23.4
0,2025-12-25,0.50,0.50,23.4,23.3
0,2025-12-26,6.40,6.40,19.6,22.8
0,2025-12-27,0.00,0.00,12.0,23.0
0,2025-12-28,0.00,0.00,11.8,22.7
0,2025-12-29,0.60,0.60,19.1,23.8
0,2025-12-30,3.90,3.90,20.7,23.3
0,2025-12-31,5.00,5.00,16.9,22.8
0,2026-01-01,5.20,5.20,18.6,22.8
0,2026-01-02,13.70,13.70,20.3,21.9
0,2026-01-03,3.70,3.70,14.4,22.1
0,2026-01-04,15.10,15.10,9.2,21.1
0,2026-01-05,10.20,10.20,31.6,22.7
0,2026-01-06,4.40,4.40,27.6,23.6
0,2026-01-07,0.10,0.10,21.3,23.6
0,2026-01-08,0.00,0.00,12.5,22.7
0,2026-01-09,1.50,1.50,9.9,22.9
0,2026-01-10,0.50,0.50,10.5,23.1
0,2026-01-11,2.40,2.40,8.9,22.8
0,2026-01-12,0.70,0.70,21.4,22.5
0,2026-01-13,0.00,0.00,13.6,21.8
0,2026-01-14,3.60,3.60,27.4,23.0
0,2026-01-15,10.40,10.40,25.4,21.2
0,2026-01-16,0.00,0.00,24.9,20.6
0,2026-01-17,0.00,0.00,22.0,21.3
0,2026-01-18,0.20,0.20,22.8,22.5
0,2026-01-19,0.00,0.00,17.9,22.9
0,2026-01-20,0.20,0.20,7.2,22.1
0,2026-01-21,2.10,2.10,21.8,21.2
0,2026-01-22,0.00,0.00,12.9,22.2
0,2026-01-23,1.90,1.90,12.5,22.3
0,2026-01-24,1.70,1.70,10.3,22.4
0,2026-01-25,1.10,1.10,9.3,22.5
0,2026-01-26,6.80,6.80,10.8,22.4
0,2026-01-27,0.80,0.80,6.6,22.8
0,2026-01-28,0.00,0.00,8.8,22.9
0,2026-01-29,2.70,2.70,6.1,22.9
0,2026-01-30,3.80,3.80,15.0,21.6
0,2026-01-31,1.00,1.00,8.3,22.3
0,2026-02-01,0.00,0.00,20.5,22.5
0,2026-02-02,1.30,1.30,34.8,24.2
0,2026-02-03,0.00,0.00,14.3,22.4
0,2026-02-04,0.00,0.00,13.9,21.8
0,2026-02-05,0.70,0.70,16.6,22.2
0,2026-02-06,8.10,8.10,11.8,21.9
0,2026-02-07,42.00,42.00,21.5,19.7
0,2026-02-08,20.60,20.60,30.5,19.8
0,2026-02-09,17.80,17.80,29.5,21.6
0,2026-02-10,13.20,13.20,29.9,22.1
0,2026-02-11,2.40,2.40,28.3,22.9
0,2026-02-12,9.90,9.90,25.2,22.4
0,2026-02-13,2.20,2.20,24.9,22.9
0,2026-02-14,6.30,6.30,27.1,22.5
0,2026-02-15,12.20,12.20,29.7,21.9
0,2026-02-16,6.70,6.70,29.6,21.4
0,2026-02-17,1.70,1.70,29.3,22.0
0,2026-02-18,0.80,0.80,32.6,22.5
0,2026-02-19,5.50,5.50,30.5,22.1
0,2026-02-20,12.70,12.70,27.2,21.8
0,2026-02-21,28.10,28.10,17.1,20.0
0,2026-02-22,4.50,4.50,18.1,20.5
0,2026-02-23,2.90,2.90,24.6,20.5
0,2026-02-24,11.10,11.10,22.0,20.0
0,2026-02-25,1.40,1.40,19.0,20.3
0,2026-02-26,0.10,0.10,19.3,21.2
0,2026-02-27,0.00,0.00,10.8,21.7
0,2026-02-28,1.10,1.10,11.4,22.4
0,2026-03-01,1.80,1.80,9.1,23.3
0,2026-03-02,7.70,7.70,13.9,22.6
0,2026-03-03,7.40,7.40,22.1,22.6
0,2026-03-04,7.10,7.10,23.2,23.0
0,2026-03-05,7.60,7.60,20.2,23.0
0,2026-03-06,6.10,6.10,22.1,22.8
0,2026-03-07,6.00,6.00,29.1,22.8
0,2026-03-08,7.20,7.20,24.7,22.6
0,2026-03-09,2.70,2.70,17.8,22.8
0,2026-03-10,5.60,5.60,14.6,23.0
0,2026-03-11,49.00,49.00,18.8,22.1
0,2026-03-12,31.40,31.40,16.4,21.8
0,2026-03-13,69.40,69.40,30.6,21.7
0,2026-03-14,30.30,30.30,20.9,22.4
0,2026-03-15,2.20,2.20,21.0,23.8
0,2026-03-16,3.00,3.00,5.9,22.9
0,2026-03-17,11.80,11.80,6.5,21.7
0,2026-03-18,6.10,6.10,9.9,22.1
0,2026-03-19,16.50,16.50,13.0,22.3
0,2026-03-20,15.90,15.90,22.6,22.6
0,2026-03-21,9.20,9.20,15.5,23.6
0,2026-03-22,22.90,22.90,13.5,22.6
0,2026-03-23,4.70,4.70,18.4,21.7
0,2026-03-24,3.20,3.20,24.2,22.0
0,2026-03-25,3.80,3.80,24.2,21.9
0,2026-03-26,0.30,0.30,16.9,22.0
0,2026-03-27,6.90,6.90,20.8,20.7
0,2026-03-28,1.30,1.30,25.0,20.8
0,2026-03-29,1.20,1.20,22.4,20.9
0,2026-03-30,0.20,0.20,23.8,21.2
0,2026-03-31,6.40,6.40,23.1,21.0
0,2026-04-01,3.70,3.70,22.3,21.3
0,2026-04-02,5.30,5.30,18.7,21.0
0,2026-04-03,0.30,0.30,19.2,22.0
0,2026-04-04,0.40,0.40,17.3,22.0
0,2026-04-05,9.30,9.30,16.5,21.5
0,2026-04-06,4.70,4.70,16.9,21.9
0,2026-04-07,11.30,11.30,8.8,21.5
0,2026-04-08,7.60,7.60,14.2,22.0
0,2026-04-09,16.20,16.20,19.8,22.5
0,2026-04-10,87.30,87.30,22.6,21.9
0,2026-04-11,4.70,4.70,8.0,23.4
0,2026-04-12,18.00,18.00,6.5,22.1
0,2026-04-13,4.60,4.60,14.4,22.9
0,2026-04-14,0.80,0.80,8.1,24.0
0,2026-04-15,5.80,5.80,8.3,23.8
0,2026-04-16,0.30,0.30,10.7,24.1
0,2026-04-17,0.20,0.20,18.1,24.0
0,2026-04-18,2.70,2.70,14.7,23.8
0,2026-04-19,0.80,0.80,13.9,24.2
0,2026-04-20,7.90,7.90,7.7,24.0
0,2026-04-21,7.10,7.10,9.6,23.5
0,2026-04-22,0.50,0.50,10.7,23.8
0,2026-04-23,4.00,4.00,13.0,23.5
0,2026-04-24,6.40,6.40,17.8,23.0
0,2026-04-25,3.70,3.70,18.5,23.1
0,2026-04-26,4.50,4.50,17.7,23.2
0,2026-04-27,5.50,5.50,14.8,23.1
0,2026-04-28,2.00,2.00,14.8,23.4
0,2026-04-29,1.40,1.40,21.6,23.3
0,2026-04-30,5.90,5.90,22.5,22.8
0,2026-05-01,11.40,11.40,24.7,22.6
0,2026-05-02,3.80,3.80,21.1,23.2
0,2026-05-03,10.30,10.30,14.7,22.4
0,2026-05-04,1.30,1.30,15.1,23.3
0,2026-05-05,4.90,4.90,9.1,23.5
0,2026-05-06,2.00,2.00,16.7,23.1
0,2026-05-07,1.50,1.50,13.6,23.3
0,2026-05-08,1.60,1.60,14.5,23.3
0,2026-05-09,7.60,7.60,17.4,22.6
0,2026-05-10,1.70,1.70,21.1,24.1
0,2026-05-11,7.40,7.40,21.1,23.5
0,2026-05-12,4.50,4.50,21.7,23.9
0,2026-05-13,7.30,7.30,22.7,23.8
0,2026-05-14,15.30,15.30,18.0,22.9
0,2026-05-15,13.40,13.40,17.3,22.6
0,2026-05-16,7.90,7.90,16.6,23.8
0,2026-05-17,12.70,12.70,15.2,23.7
0,2026-05-18,9.80,9.80,20.1,23.9
0,2026-05-19,6.40,6.40,19.9,24.5
0,2026-05-20,8.00,8.00,26.2,24.1
0,2026-05-21,7.70,7.70,28.7,23.8
0,2026-05-22,3.60,3.60,27.9,23.7
0,2026-05-23,7.80,7.80,27.5,22.9
0,2026-05-24,4.20,4.20,23.4,23.4
0,2026-05-25,6.30,6.30,20.8,23.4
0,2026-05-26,7.00,7.00,24.9,23.2
0,2026-05-27,6.30,6.30,21.7,23.4
0,2026-05-28,5.90,5.90,19.2,23.4
0,2026-05-29,4.60,4.60,17.8,23.1
0,2026-05-30,6.20,6.20,15.0,23.2
0,2026-05-31,5.40,5.40,13.2,23.2
0,2026-06-01,5.60,5.60,16.6,23.9
0,2026-06-02,21.20,21.20,18.0,23.6
0,2026-06-03,2.80,2.80,22.3,24.6
0,2026-06-04,13.10,13.10,19.0,23.4
0,2026-06-05,5.00,5.00,22.4,24.3
0,2026-06-06,2.50,2.50,21.3,24.1
0,2026-06-07,13.00,13.00,22.9,23.4
0,2026-06-08,13.60,13.60,18.5,23.6
0,2026-06-09,5.50,5.50,19.5,24.4
0,2026-06-10,7.10,7.10,17.1,23.9
0,2026-06-11,2.50,2.50,12.7,24.4
0,2026-06-12,0.00,0.00,14.1,23.9
0,2026-06-13,0.30,0.30,16.1,23.7
0,2026-06-14,7.60,7.60,13.6,23.7
0,2026-06-15,7.80,7.80,15.7,23.6
0,2026-06-16,3.50,3.50,15.0,24.1
0,2026-06-17,4.60,4.60,13.7,24.7
0,2026-06-18,4.80,4.80,10.5,24.7
0,2026-06-19,5.30,5.30,14.9,25.4
0,2026-06-20,2.50,2.50,13.3,25.3
0,2026-06-21,1.60,1.60,15.1,25.5
0,2026-06-22,3.90,3.90,15.8,25.0
0,2026-06-23,13.60,13.60,16.6,24.4
0,2026-06-24,7.90,7.90,21.8,24.6
0,2026-06-25,8.80,8.80,24.4,24.8
0,2026-06-26,7.00,7.00,21.7,25.1
0,2026-06-27,10.40,10.40,23.9,24.7
0,2026-06-28,1.30,1.30,20.8,25.1
0,2026-06-29,10.80,10.80,20.6,24.6
0,2026-06-30,2.10,2.10,16.9,25.3
0,2026-07-01,8.30,8.30,20.6,24.9
0,2026-07-02,7.20,7.20,17.6,24.5
0,2026-07-03,10.80,10.80,15.8,24.2
0,2026-07-04,6.80,6.80,17.9,24.3
0,2026-07-05,7.50,7.50,21.3,24.9
0,2026-07-06,7.50,7.50,24.6,24.3
0,2026-07-07,8.30,8.30,25.1,24.1
0,2026-07-08,10.50,10.50,23.6,24.5
0,2026-07-09,10.10,10.10,21.7,24.6
0,2026-07-10,4.10,4.10,22.0,25.2
0,2026-07-11,8.50,8.50,21.3,25.2
0,2026-07-12,9.00,9.00,19.8,24.6
0,2026-07-13,2.50,2.50,20.1,25.0
0,2026-07-14,5.40,5.40,11.5,23.4
0,2026-07-15,6.30,6.30,16.2,24.5
0,2026-07-16,6.40,6.40,18.1,24.8
0,2026-07-17,3.50,3.50,19.8,25.8
0,2026-07-18,2.70,2.70,22.6,25.8
0,2026-07-19,4.30,4.30,18.9,25.4
0,2026-07-20,10.50,10.50,14.5,24.4
0,2026-07-21,7.30,7.30,15.5,24.7
0,2026-07-22,6.60,6.60,23.7,24.9
0,2026-07-23,11.70,11.70,23.2,24.5
0,2026-07-24,10.00,10.00,24.2,24.6
0,2026-07-25,11.40,11.40,21.8,24.5
0,2026-07-26,10.50,10.50,20.9,24.1
0,2026-07-27,15.90,15.90,18.4,24.6
0,2026-07-28,13.80,13.80,16.4,24.8
0,2026-07-29,1.40,1.40,15.0,25.7
0,2026-07-30,7.30,7.30,16.7,25.6
0,2026-07-31,6.90,6.90,25.3,25.5
0,2026-08-01,11.10,11.10,25.7,25.2
0,2026-08-02,11.70,11.70,22.3,24.4
0,2026-08-03,12.00,12.00,15.2,24.3
0,2026-08-04,5.70,5.70,13.5,25.0
0,2026-08-05,0.90,0.90,14.2,25.5
0,2026-08-06,3.90,3.90,12.7,25.4
0,2026-08-07,2.70,2.70,13.7,26.0
0,2026-08-08,3.40,3.40,20.1,25.6
0,2026-08-09,7.80,7.80,16.2,25.3
0,2026-08-10,5.00,5.00,15.6,25.6
0,2026-08-11,5.50,5.50,15.3,25.5
0,2026-08-12,7.40,7.40,18.2,25.4
0,2026-08-13,5.50,5.50,21.5,25.4
0,2026-08-14,9.30,9.30,24.3,25.5
0,2026-08-15,20.10,20.10,29.5,24.7
0,2026-08-16,78.00,78.00,40.1,24.9
0,2026-08-17,8.20,8.20,19.1,25.6
0,2026-08-18,1.40,1.40,16.3,25.8
0,2026-08-19,0.90,0.90,14.1,25.7
0,2026-08-20,0.10,0.10,13.4,25.8
0,2026-08-21,2.80,2.80,15.0,26.1
0,2026-08-22,3.10,3.10,20.9,26.6
0,2026-08-23,7.30,7.30,20.4,26.2
0,2026-08-24,9.90,9.90,22.3,26.0
0,2026-08-25,1.90,1.90,23.3,26.6
0,2026-08-26,2.60,2.60,21.7,25.9
0,2026-08-27,3.10,3.10,21.5,25.9
0,2026-08-28,4.60,4.60,21.6,25.7
0,2026-08-29,6.90,6.90,23.2,25.3
0,2026-08-30,8.80,8.80,20.9,25.2
0,2026-08-31,7.10,7.10,22.6,25.5
0,2026-09-01,9.20,9.20,22.5,25.3
0,2026-09-02,10.50,10.50,25.1,25.5
0,2026-09-03,9.60,9.60,23.1,24.9
0,2026-09-04,4.30,4.30,23.4,25.3
0,2026-09-05,11.70,11.70,18.1,24.5
0,2026-09-06,21.70,21.70,19.1,24.3
0,2026-09-07,36.80,36.80,30.7,25.0
0,2026-09-08,5.10,5.10,29.7,26.7
0,2026-09-09,1.70,1.70,9.8,25.6
0,2026-09-10,4.90,4.90,18.9,25.8
0,2026-09-11,1.30,1.30,17.3,25.7
0,2026-09-12,0.30,0.30,12.6,25.2
0,2026-09-13,0.00,0.00,13.6,25.5
0,2026-09-14,1.10,1.10,14.9,25.3
1,2018-01-01,0.20,0.20,20.2,22.7
1,2018-01-02,0.60,0.60,20.0,22.3
1,2018-01-03,0.00,0.00,23.1,22.4
1,2018-01-04,0.00,0.00,25.0,22.6
1,2018-01-05,0.00,0.00,25.6,22.4
1,2018-01-06,2.60,2.60,28.4,22.9
1,2018-01-07,4.30,4.30,27.5,22.8
1,2018-01-08,0.90,0.90,26.0,23.0
1,2018-01-09,0.00,0.00,16.6,22.9
1,2018-01-10,1.10,1.10,18.5,22.2
1,2018-01-11,4.50,4.50,18.1,22.4
1,2018-01-12,0.00,0.00,7.9,22.1
1,2018-01-13,0.00,0.00,15.5,22.2
1,2018-01-14,0.00,0.00,14.3,22.2
1,2018-01-15,0.00,0.00,18.9,22.4
1,2018-01-16,0.00,0.00,22.7,22.9
1,2018-01-17,0.70,0.70,32.9,22.8
1,2018-01-18,0.70,0.70,36.3,23.2
1,2018-01-19,5.10,5.10,31.3,23.3
1,2018-01-20,9.60,9.60,27.0,22.8
1,2018-01-21,3.10,3.10,22.6,22.9
1,2018-01-22,0.00,0.00,24.8,22.9
1,2018-01-23,5.20,5.20,28.5,23.1
1,2018-01-24,2.50,2.50,25.2,23.0
1,2018-01-25,0.80,0.80,24.3,23.3
1,2018-01-26,0.00,0.00,6.2,22.9
1,2018-01-27,3.30,3.30,8.4,22.5
1,2018-01-28,0.90,0.90,18.3,22.3
1,2018-01-29,0.10,0.10,12.2,22.2
1,2018-01-30,0.00,0.00,21.5,22.6
1,2018-01-31,1.00,1.00,20.9,22.8
1,2018-02-01,7.70,7.70,21.2,23.6
1,2018-02-02,8.90,8.90,16.6,23.5
1,2018-02-03,0.30,0.30,19.0,23.8
1,2018-02-04,8.30,8.30,18.9,23.1
1,2018-02-05,2.70,2.70,20.4,21.5
1,2018-02-06,1.40,1.40,10.7,21.0
1,2018-02-07,5.00,5.00,12.4,21.4
1,2018-02-08,0.00,0.00,28.9,20.5
1,2018-02-09,0.20,0.20,26.9,21.0
1,2018-02-10,0.10,0.10,23.1,20.5
1,2018-02-11,0.00,0.00,13.4,21.0
1,2018-02-12,0.00,0.00,12.7,22.1
1,2018-02-13,0.70,0.70,20.7,22.8
1,2018-02-14,18.00,18.00,21.2,21.8
1,2018-02-15,8.80,8.80,12.6,21.8
1,2018-02-16,0.10,0.10,9.7,22.1
1,2018-02-17,1.70,1.70,11.0,21.4
1,2018-02-18,24.40,24.40,18.4,20.9
1,2018-02-19,0.10,0.10,14.3,21.3
1,2018-02-20,0.50,0.50,10.6,21.4
1,2018-02-21,1.10,1.10,14.7,22.3
1,2018-02-22,5.80,5.80,22.3,22.7
1,2018-02-23,1.60,1.60,20.9,23.3
1,2018-02-24,0.30,0.30,24.0,23.5
1,2018-02-25,4.80,4.80,26.5,23.1
1,2018-02-26,4.70,4.70,31.1,22.9
1,2018-02-27,4.10,4.10,32.1,22.8
1,2018-02-28,4.70,4.70,34.2,22.7
1,2018-03-01,6.50,6.50,29.6,22.6
1,2018-03-02,5.90,5.90,28.5,22.8
1,2018-03-03,1.70,1.70,25.8,22.7
1,2018-03-04,1.00,1.00,23.4,22.7
1,2018-03-05,0.30,0.30,27.1,22.1
1,2018-03-06,1.30,1.30,26.9,21.4
1,2018-03-07,2.50,2.50,21.7,20.7
1,2018-03-08,2.50,2.50,25.0,20.2
1,2018-03-09,3.50,3.50,28.3,20.2
1,2018-03-10,0.50,0.50,25.7,20.7
1,2018-03-11,1.10,1.10,24.5,20.5
1,2018-03-12,2.70,2.70,27.2,20.8
1,2018-03-13,4.50,4.50,26.7,21.7
1,2018-03-14,1.80,1.80,25.2,22.8
1,2018-03-15,0.00,0.00,10.5,24.1
1,2018-03-16,0.50,0.50,10.4,24.1
1,2018-03-17,0.10,0.10,14.5,23.3
1,2018-03-18,5.40,5.40,25.1,22.4
1,2018-03-19,2.70,2.70,22.9,21.7
1,2018-03-20,1.30,1.30,23.4,22.0
1,2018-03-21,1.80,1.80,24.1,22.3
1,2018-03-22,15.20,15.20,26.0,22.0
1,2018-03-23,4.40,4.40,20.6,22.2
1,2018-03-24,25.50,25.50,11.4,21.7
1,2018-03-25,0.10,0.10,8.2,22.0
1,2018-03-26,2.50,2.50,13.8,22.5
1,2018-03-27,0.00,0.00,13.5,22.2
1,2018-03-28,0.00,0.00,10.2,22.3
1,2018-03-29,1.50,1.50,10.6,22.8
1,2018-03-30,0.00,0.00,9.8,23.4
1,2018-03-31,3.80,3.80,12.8,23.2
1,2018-04-01,0.00,0.00,6.4,23.7
1,2018-04-02,16.90,16.90,20.6,23.1
1,2018-04-03,0.90,0.90,17.1,24.2
1,2018-04-04,6.30,6.30,26.0,24.9
1,2018-04-05,4.40,4.40,21.5,25.0
1,2018-04-06,3.90,3.90,23.7,23.5
1,2018-04-07,5.40,5.40,18.5,23.3
1,2018-04-08,5.40,5.40,21.7,23.0
1,2018-04-09,1.40,1.40,24.1,22.5
1,2018-04-10,2.90,2.90,25.7,23.3
1,2018-04-11,6.10,6.10,28.8,23.2
1,2018-04-12,2.90,2.90,21.3,23.4
1,2018-04-13,7.10,7.10,21.4,23.4
1,2018-04-14,9.40,9.40,28.5,22.9
1,2018-04-15,8.60,8.60,26.6,23.5
1,2018-04-16,4.00,4.00,29.1,23.7
1,2018-04-17,3.70,3.70,28.5,23.3
1,2018-04-18,4.10,4.10,26.6,23.4
1,2018-04-19,3.70,3.70,26.6,23.1
1,2018-04-20,3.50,3.50,26.1,23.3
1,2018-04-21,3.40,3.40,24.2,23.4
1,2018-04-22,1.20,1.20,24.7,23.6
1,2018-04-23,1.10,1.10,29.7,23.2
1,2018-04-24,4.10,4.10,28.8,23.0
1,2018-04-25,5.60,5.60,26.6,23.2
1,2018-04-26,4.70,4.70,18.7,22.9
1,2018-04-27,2.30,2.30,17.2,22.9
1,2018-04-28,0.30,0.30,20.8,21.0
1,2018-04-29,0.00,0.00,13.7,21.1
1,2018-04-30,0.30,0.30,14.3,21.9
1,2018-05-01,0.50,0.50,12.1,21.8
1,2018-05-02,12.30,12.30,13.8,22.8
1,2018-05-03,0.20,0.20,23.1,23.5
1,2018-05-04,0.40,0.40,18.1,23.7
1,2018-05-05,0.00,0.00,16.7,23.2
1,2018-05-06,1.40,1.40,22.5,23.0
1,2018-05-07,1.80,1.80,25.2,22.7
1,2018-05-08,3.30,3.30,26.1,22.7
1,2018-05-09,4.80,4.80,22.7,23.2
1,2018-05-10,1.90,1.90,15.0,23.7
1,2018-05-11,2.70,2.70,11.4,23.9
1,2018-05-12,4.20,4.20,24.0,23.9
1,2018-05-13,8.10,8.10,27.2,23.6
1,2018-05-14,6.80,6.80,24.8,22.6
1,2018-05-15,3.50,3.50,16.8,22.9
1,2018-05-16,3.10,3.10,16.1,23.8
1,2018-05-17,6.70,6.70,20.9,24.7
1,2018-05-18,0.70,0.70,26.4,24.7
1,2018-05-19,0.30,0.30,30.1,24.5
1,2018-05-20,0.80,0.80,26.1,24.5
1,2018-05-21,0.40,0.40,28.0,24.3
1,2018-05-22,1.20,1.20,26.3,24.0
1,2018-05-23,4.70,4.70,26.0,23.9
1,2018-05-24,5.30,5.30,29.2,24.1
1,2018-05-25,2.70,2.70,26.6,24.3
1,2018-05-26,2.20,2.20,24.7,24.0
1,2018-05-27,4.70,4.70,23.4,23.8
1,2018-05-28,3.20,3.20,24.0,24.4
1,2018-05-29,3.80,3.80,26.4,24.6
1,2018-05-30,7.50,7.50,27.2,24.5
1,2018-05-31,4.70,4.70,25.8,24.3
1,2018-06-01,3.00,3.00,21.5,24.1
1,2018-06-02,1.60,1.60,20.8,24.3
1,2018-06-03,2.90,2.90,27.0,24.8
1,2018-06-04,7.80,7.80,30.3,24.4
1,2018-06-05,7.60,7.60,28.7,24.0
1,2018-06-06,4.80,4.80,24.5,23.7
1,2018-06-07,4.00,4.00,21.2,24.0
1,2018-06-08,4.50,4.50,21.4,24.8
1,2018-06-09,3.00,3.00,21.9,25.0
1,2018-06-10,4.70,4.70,25.6,24.8
1,2018-06-11,2.00,2.00,25.3,24.8
1,2018-06-12,11.10,11.10,22.8,24.7
1,2018-06-13,4.00,4.00,20.2,24.7
1,2018-06-14,6.30,6.30,18.6,25.0
1,2018-06-15,3.80,3.80,17.2,24.8
1,2018-06-16,4.50,4.50,15.9,24.6
1,2018-06-17,0.60,0.60,19.4,24.7
1,2018-06-18,0.00,0.00,14.3,24.7
1,2018-06-19,0.00,0.00,12.3,25.3
1,2018-06-20,0.40,0.40,16.2,25.6
1,2018-06-21,0.50,0.50,22.9,25.6
1,2018-06-22,5.20,5.20,25.8,25.1
1,2018-06-23,2.40,2.40,26.6,25.0
1,2018-06-24,4.00,4.00,26.7,24.6
1,2018-06-25,1.60,1.60,22.8,24.8
1,2018-06-26,2.70,2.70,29.8,25.1
1,2018-06-27,6.00,6.00,28.1,25.3
1,2018-06-28,7.70,7.70,27.0,24.9
1,2018-06-29,0.20,0.20,25.3,25.1
1,2018-06-30,2.70,2.70,22.3,25.0
1,2018-07-01,3.50,3.50,20.9,24.8
1,2018-07-02,3.20,3.20,21.4,25.1
1,2018-07-03,2.40,2.40,25.4,24.9
1,2018-07-04,4.20,4.20,22.7,25.2
1,2018-07-05,3.80,3.80,22.7,25.4
1,2018-07-06,5.80,5.80,30.3,25.2
1,2018-07-07,6.60,6.60,25.8,24.7
1,2018-07-08,2.80,2.80,23.4,24.4
1,2018-07-09,2.90,2.90,18.4,24.8
1,2018-07-10,1.70,1.70,23.2,25.5
1,2018-07-11,0.30,0.30,27.9,25.3
1,2018-07-12,4.70,4.70,23.5,24.8
1,2018-07-13,5.70,5.70,27.4,25.2
1,2018-07-14,5.30,5.30,23.5,25.2
1,2018-07-15,3.80,3.80,23.0,25.9
1,2018-07-16,2.40,2.40,27.1,26.0
1,2018-07-17,9.10,9.10,28.6,25.7
1,2018-07-18,2.80,2.80,23.5,25.9
1,2018-07-19,1.90,1.90,26.9,25.7
1,2018-07-20,2.20,2.20,23.6,25.4
1,2018-07-21,3.80,3.80,24.1,25.3
1,2018-07-22,3.50,3.50,23.0,25.4
1,2018-07-23,8.80,8.80,24.2,26.1
1,2018-07-24,2.20,2.20,24.2,25.6
1,2018-07-25,1.20,1.20,25.1,25.5
1,2018-07-26,3.70,3.70,23.5,25.8
1,2018-07-27,0.70,0.70,24.3,26.3
1,2018-07-28,9.40,9.40,25.1,25.7
1,2018-07-29,3.70,3.70,23.4,25.6
1,2018-07-30,4.80,4.80,21.3,25.8
1,2018-07-31,5.60,5.60,23.9,26.3
1,2018-08-01,6.10,6.10,30.0,26.0
1,2018-08-02,2.00,2.00,29.7,25.8
1,2018-08-03,5.70,5.70,28.6,25.0
1,2018-08-04,6.70,6.70,29.8,25.6
1,2018-08-05,2.60,2.60,28.7,25.6
1,2018-08-06,0.50,0.50,26.0,25.7
1,2018-08-07,3.60,3.60,25.9,25.4
1,2018-08-08,2.10,2.10,28.5,25.4
1,2018-08-09,21.60,21.60,23.7,25.7
1,2018-08-10,14.00,14.00,21.4,25.7
1,2018-08-11,4.90,4.90,20.6,25.6
1,2018-08-12,4.20,4.20,22.2,25.9
1,2018-08-13,9.70,9.70,22.5,25.7
1,2018-08-14,0.10,0.10,18.1,25.5
1,2018-08-15,2.60,2.60,18.5,25.6
1,2018-08-16,2.20,2.20,20.1,25.9
1,2018-08-17,2.50,2.50,19.1,26.2
1,2018-08-18,11.50,11.50,21.5,26.1
1,2018-08-19,4.20,4.20,22.3,26.5
1,2018-08-20,3.00,3.00,25.2,26.3
1,2018-08-21,1.60,1.60,29.0,25.9
1,2018-08-22,3.40,3.40,27.0,26.2
1,2018-08-23,20.10,20.10,28.8,25.5
1,2018-08-24,28.90,28.90,31.5,25.5
1,2018-08-25,7.40,7.40,27.1,25.5
1,2018-08-26,13.20,13.20,24.0,25.5
1,2018-08-27,10.40,10.40,20.5,25.6
1,2018-08-28,5.90,5.90,23.1,25.8
1,2018-08-29,4.50,4.50,28.8,26.0
1,2018-08-30,0.20,0.20,26.6,25.2
1,2018-08-31,5.60,5.60,20.8,24.8
1,2018-09-01,2.10,2.10,20.4,24.9
1,2018-09-02,7.00,7.00,10.2,24.9
1,2018-09-03,2.40,2.40,18.9,25.9
1,2018-09-04,4.30,4.30,24.0,26.1
1,2018-09-05,3.10,3.10,25.3,25.7
1,2018-09-06,1.10,1.10,25.7,25.7
1,2018-09-07,3.40,3.40,19.6,25.7
1,2018-09-08,0.90,0.90,13.2,25.6
1,2018-09-09,0.60,0.60,15.7,25.6
1,2018-09-10,3.30,3.30,17.7,25.5
1,2018-09-11,3.20,3.20,23.2,26.2
1,2018-09-12,25.80,25.80,41.9,25.4
1,2018-09-13,23.70,23.70,23.6,25.4
1,2018-09-14,3.30,3.30,25.9,25.9
1,2018-09-15,3.20,3.20,26.8,25.3
1,2018-09-16,1.70,1.70,26.9,25.0
1,2018-09-17,2.60,2.60,23.7,25.0
1,2018-09-18,0.20,0.20,19.9,25.2
1,2018-09-19,0.00,0.00,10.6,25.3
1,2018-09-20,1.80,1.80,15.9,26.3
1,2018-09-21,1.30,1.30,22.7,26.4
1,2018-09-22,0.90,0.90,23.1,26.0
1,2018-09-23,1.20,1.20,14.9,25.9
1,2018-09-24,0.20,0.20,14.5,26.3
1,2018-09-25,0.40,0.40,15.3,27.1
1,2018-09-26,4.40,4.40,16.8,26.7
1,2018-09-27,7.30,7.30,9.9,26.2
1,2018-09-28,5.70,5.70,17.4,26.3
1,2018-09-29,2.80,2.80,18.5,26.3
1,2018-09-30,1.70,1.70,19.7,26.1
1,2018-10-01,4.70,4.70,14.8,26.0
1,2018-10-02,0.10,0.10,14.0,26.1
1,2018-10-03,0.50,0.50,18.9,26.0
1,2018-10-04,0.80,0.80,14.8,26.0
1,2018-10-05,3.00,3.00,15.0,26.0
1,2018-10-06,4.50,4.50,14.1,26.0
1,2018-10-07,3.30,3.30,23.5,26.2
1,2018-10-08,3.00,3.00,19.1,26.3
1,2018-10-09,2.40,2.40,20.7,25.5
1,2018-10-10,3.80,3.80,15.1,24.6
1,2018-10-11,3.30,3.30,10.7,24.5
1,2018-10-12,1.80,1.80,8.3,25.2
1,2018-10-13,1.60,1.60,15.1,25.0
1,2018-10-14,0.70,0.70,19.5,24.7
1,2018-10-15,1.90,1.90,19.0,24.7
1,2018-10-16,1.80,1.80,21.3,24.8
1,2018-10-17,1.10,1.10,21.3,25.1
1,2018-10-18,1.30,1.30,17.4,25.2
1,2018-10-19,2.10,2.10,12.7,25.0
1,2018-10-20,3.70,3.70,18.1,24.9
1,2018-10-21,5.00,5.00,19.0,25.2
1,2018-10-22,6.80,6.80,22.9,25.3
1,2018-10-23,4.40,4.40,22.4,25.4
1,2018-10-24,4.40,4.40,22.8,25.4
1,2018-10-25,6.00,6.00,21.9,25.4
1,2018-10-26,4.90,4.90,20.7,25.2
1,2018-10-27,2.90,2.90,23.3,25.6
1,2018-10-28,2.30,2.30,23.0,25.7
1,2018-10-29,1.60,1.60,15.1,25.8
1,2018-10-30,31.40,31.40,24.1,24.8
1,2018-10-31,13.00,13.00,14.6,24.9
1,2018-11-01,4.00,4.00,16.8,25.4
1,2018-11-02,2.00,2.00,17.7,25.2
1,2018-11-03,4.00,4.00,23.2,24.9
1,2018-11-04,7.10,7.10,24.4,24.8
1,2018-11-05,3.40,3.40,21.3,25.2
1,2018-11-06,5.10,5.10,20.6,24.8
1,2018-11-07,1.80,1.80,13.4,24.6
1,2018-11-08,1.70,1.70,12.7,24.8
1,2018-11-09,3.60,3.60,13.9,24.1
1,2018-11-10,4.40,4.40,27.7,23.5
1,2018-11-11,0.50,0.50,24.8,23.8
1,2018-11-12,2.30,2.30,21.3,23.9
1,2018-11-13,2.10,2.10,19.6,24.4
1,2018-11-14,0.10,0.10,11.9,24.5
1,2018-11-15,0.90,0.90,15.0,24.3
1,2018-11-16,6.20,6.20,24.0,24.4
1,2018-11-17,5.00,5.00,25.8,23.6
1,2018-11-18,1.40,1.40,25.0,24.2
1,2018-11-19,1.40,1.40,27.0,23.9
1,2018-11-20,3.80,3.80,27.0,23.5
1,2018-11-21,5.20,5.20,25.5,24.1
1,2018-11-22,2.90,2.90,24.3,24.1
1,2018-11-23,1.10,1.10,21.2,24.2
1,2018-11-24,0.10,0.10,18.2,24.3
1,2018-11-25,1.20,1.20,14.2,23.9
1,2018-11-26,6.20,6.20,17.0,23.8
1,2018-11-27,8.60,8.60,20.8,23.8
1,2018-11-28,0.20,0.20,24.9,24.2
1,2018-11-29,0.70,0.70,10.0,24.0
1,2018-11-30,1.50,1.50,16.3,24.1
1,2018-12-01,0.60,0.60,17.0,23.4
1,2018-12-02,0.20,0.20,17.7,23.4
1,2018-12-03,3.40,3.40,25.1,23.7
1,2018-12-04,3.20,3.20,25.0,24.2
1,2018-12-05,0.00,0.00,23.9,24.1
1,2018-12-06,0.30,0.30,24.0,23.9
1,2018-12-07,3.80,3.80,23.1,23.3
1,2018-12-08,4.30,4.30,32.1,22.6
1,2018-12-09,0.80,0.80,28.6,23.5
1,2018-12-10,5.10,5.10,31.8,23.2
1,2018-12-11,5.90,5.90,30.9,23.5
1,2018-12-12,3.60,3.60,25.1,23.5
1,2018-12-13,0.80,0.80,32.6,23.5
1,2018-12-14,0.00,0.00,28.8,23.4
1,2018-12-15,0.00,0.00,28.3,23.4
1,2018-12-16,0.00,0.00,23.3,23.0
1,2018-12-17,0.10,0.10,19.7,22.7
1,2018-12-18,1.80,1.80,26.6,21.6
1,2018-12-19,1.30,1.30,27.3,21.9
1,2018-12-20,0.00,0.00,19.2,22.5
1,2018-12-21,3.60,3.60,22.3,22.8
1,2018-12-22,1.90,1.90,22.0,23.6
1,2018-12-23,0.60,0.60,24.9,23.6
1,2018-12-24,7.70,7.70,22.0,23.3
1,2018-12-25,5.70,5.70,20.6,23.4
1,2018-12-26,0.50,0.50,9.0,23.6
1,2018-12-27,0.10,0.10,9.5,23.5
1,2018-12-28,16.90,16.90,15.3,22.5
1,2018-12-29,3.60,3.60,24.4,23.8
1,2018-12-30,0.80,0.80,25.9,24.1
1,2018-12-31,3.80,3.80,23.9,23.7
1,2019-01-01,1.30,1.30,27.2,23.6
1,2019-01-02,0.00,0.00,25.0,23.7
1,2019-01-03,2.50,2.50,27.4,23.1
1,2019-01-04,1.30,1.30,30.4,23.3
1,2019-01-05,0.20,0.20,24.7,23.0
1,2019-01-06,0.30,0.30,14.5,22.4
1,2019-01-07,0.00,0.00,16.2,21.8
1,2019-01-08,0.50,0.50,15.8,22.5
1,2019-01-09,3.00,3.00,9.4,22.3
1,2019-01-10,2.10,2.10,18.1,22.4
1,2019-01-11,2.20,2.20,8.7,22.3
1,2019-01-12,0.90,0.90,18.8,22.5
1,2019-01-13,0.40,0.40,17.7,23.3
1,2019-01-14,1.10,1.10,10.1,22.2
1,2019-01-15,1.20,1.20,11.4,21.5
1,2019-01-16,0.60,0.60,16.4,22.6
1,2019-01-17,2.70,2.70,23.0,23.2
1,2019-01-18,4.50,4.50,18.6,21.8
1,2019-01-19,4.50,4.50,23.0,22.8
1,2019-01-20,0.40,0.40,16.4,23.7
1,2019-01-21,0.10,0.10,14.9,22.8
1,2019-01-22,0.00,0.00,13.6,22.9
1,2019-01-23,0.10,0.10,14.4,23.3
1,2019-01-24,1.10,1.10,15.9,23.6
1,2019-01-25,5.40,5.40,29.1,21.9
1,2019-01-26,0.30,0.30,29.5,21.0
1,2019-01-27,2.60,2.60,28.6,20.8
1,2019-01-28,0.10,0.10,33.9,21.2
1,2019-01-29,3.40,3.40,30.9,21.6
1,2019-01-30,8.00,8.00,26.3,21.8
1,2019-01-31,10.50,10.50,31.7,21.8
1,2019-02-01,11.80,11.80,25.8,22.0
1,2019-02-02,13.30,13.30,22.2,22.0
1,2019-02-03,5.30,5.30,18.1,21.6
1,2019-02-04,6.70,6.70,21.6,21.5
1,2019-02-05,4.20,4.20,18.3,21.8
1,2019-02-06,2.30,2.30,15.1,22.0
1,2019-02-07,4.80,4.80,12.3,21.9
1,2019-02-08,1.00,1.00,23.8,21.6
1,2019-02-09,1.80,1.80,30.1,19.1
1,2019-02-10,2.50,2.50,36.4,18.1
1,2019-02-11,1.10,1.10,26.2,20.5
1,2019-02-12,3.80,3.80,21.4,20.1
1,2019-02-13,16.60,16.60,26.3,18.2
1,2019-02-14,12.30,12.30,25.5,18.3
1,2019-02-15,5.50,5.50,29.8,19.9
1,2019-02-16,5.10,5.10,21.3,20.7
1,2019-02-17,6.10,6.10,22.7,20.5
1,2019-02-18,2.10,2.10,11.0,20.9
1,2019-02-19,19.00,19.00,16.2,20.9
1,2019-02-20,1.20,1.20,9.4,20.8
1,2019-02-21,0.10,0.10,11.5,21.3
1,2019-02-22,1.00,1.00,12.4,21.1
1,2019-02-23,1.90,1.90,15.3,21.8
1,2019-02-24,0.00,0.00,21.7,21.8
1,2019-02-25,6.60,6.60,18.7,20.6
1,2019-02-26,3.60,3.60,19.8,20.3
1,2019-02-27,1.30,1.30,25.1,20.0
1,2019-02-28,0.60,0.60,24.8,19.5
1,2019-03-01,0.60,0.60,20.3,19.7
1,2019-03-02,2.10,2.10,17.8,20.4
1,2019-03-03,2.10,2.10,20.7,20.7
1,2019-03-04,0.30,0.30,26.2,20.5
1,2019-03-05,2.40,2.40,28.8,20.7
1,2019-03-06,1.80,1.80,28.7,21.5
1,2019-03-07,2.40,2.40,28.8,21.7
1,2019-03-08,2.20,2.20,31.6,21.5
1,2019-03-09,1.40,1.40,29.0,21.9
1,2019-03-10,4.20,4.20,28.4,22.4
1,2019-03-11,4.50,4.50,26.1,22.3
1,2019-03-12,3.50,3.50,21.1,21.9
1,2019-03-13,4.20,4.20,21.5,22.2
1,2019-03-14,2.30,2.30,17.6,22.5
1,2019-03-15,0.00,0.00,16.6,22.2
1,2019-03-16,0.00,0.00,11.9,22.0
1,2019-03-17,0.60,0.60,23.8,21.0
1,2019-03-18,0.10,0.10,20.7,21.3
1,2019-03-19,2.50,2.50,20.6,22.0
1,2019-03-20,1.30,1.30,14.5,22.0
1,2019-03-21,0.30,0.30,18.3,22.4
1,2019-03-22,1.40,1.40,20.3,22.7
1,2019-03-23,1.00,1.00,21.6,22.8
1,2019-03-24,0.60,0.60,21.9,23.1
1,2019-03-25,1.30,1.30,20.3,22.5
1,2019-03-26,1.30,1.30,19.7,22.5
1,2019-03-27,1.80,1.80,10.5,22.7
1,2019-03-28,1.50,1.50,15.2,22.5
1,2019-03-29,4.30,4.30,16.9,21.2
1,2019-03-30,0.30,0.30,14.3,21.6
1,2019-03-31,0.30,0.30,18.1,23.0
1,2019-04-01,1.30,1.30,16.6,22.4
1,2019-04-02,2.10,2.10,21.7,22.7
1,2019-04-03,2.50,2.50,20.6,22.7
1,2019-04-04,0.00,0.00,21.5,23.1
1,2019-04-05,0.10,0.10,10.0,23.5
1,2019-04-06,4.90,4.90,11.8,23.3
1,2019-04-07,0.90,0.90,14.5,22.9
1,2019-04-08,3.10,3.10,14.8,23.5
1,2019-04-09,5.80,5.80,23.5,23.6
1,2019-04-10,4.90,4.90,28.0,23.5
1,2019-04-11,7.80,7.80,29.6,23.2
1,2019-04-12,3.30,3.30,30.1,23.3
1,2019-04-13,4.40,4.40,29.6,23.0
1,2019-04-14,0.10,0.10,30.8,23.0
1,2019-04-15,1.50,1.50,24.2,23.0
1,2019-04-16,3.50,3.50,16.7,23.2
1,2019-04-17,3.10,3.10,19.9,23.6
1,2019-04-18,1.90,1.90,20.6,23.7
1,2019-04-19,0.30,0.30,23.3,23.9
1,2019-04-20,5.00,5.00,27.5,23.8
1,2019-04-21,0.40,0.40,25.1,24.2
1,2019-04-22,3.50,3.50,22.4,24.0
1,2019-04-23,1.80,1.80,25.0,23.8
1,2019-04-24,0.90,0.90,20.4,23.7
1,2019-04-25,4.40,4.40,17.4,23.8
1,2019-04-26,4.00,4.00,19.9,23.8
1,2019-04-27,2.10,2.10,7.6,24.1
1,2019-04-28,4.10,4.10,8.2,23.7
1,2019-04-29,8.10,8.10,14.8,22.6
1,2019-04-30,3.10,3.10,20.6,23.7
1,2019-05-01,1.80,1.80,19.4,23.4
1,2019-05-02,4.30,4.30,17.4,23.5
1,2019-05-03,2.70,2.70,11.9,23.8
1,2019-05-04,12.10,12.10,26.3,22.2
1,2019-05-05,0.20,0.20,20.6,21.1
1,2019-05-06,2.00,2.00,10.3,21.9
1,2019-05-07,0.20,0.20,11.6,23.1
1,2019-05-08,6.10,6.10,8.6,23.5
1,2019-05-09,0.00,0.00,15.8,23.7
1,2019-05-10,0.90,0.90,15.8,23.9
1,2019-05-11,1.70,1.70,18.5,24.2
1,2019-05-12,1.50,1.50,16.9,24.6
1,2019-05-13,4.20,4.20,15.0,25.0
1,2019-05-14,4.50,4.50,18.3,24.7
1,2019-05-15,6.10,6.10,21.1,24.3
1,2019-05-16,0.70,0.70,19.7,24.8
1,2019-05-17,5.00,5.00,21.4,25.0
1,2019-05-18,3.30,3.30,22.7,25.0
1,2019-05-19,1.40,1.40,21.5,25.2
1,2019-05-20,2.90,2.90,18.2,25.6
1,2019-05-21,0.30,0.30,13.4,25.3
1,2019-05-22,1.40,1.40,22.0,25.8
1,2019-05-23,5.00,5.00,22.8,25.5
1,2019-05-24,3.50,3.50,27.5,25.7
1,2019-05-25,2.40,2.40,22.3,25.5
1,2019-05-26,1.40,1.40,20.2,25.4
1,2019-05-27,4.30,4.30,13.4,25.5
1,2019-05-28,4.30,4.30,18.4,25.8
1,2019-05-29,0.30,0.30,17.2,25.7
1,2019-05-30,0.20,0.20,20.5,25.6
1,2019-05-31,1.80,1.80,23.5,25.5
1,2019-06-01,4.40,4.40,24.6,25.2
1,2019-06-02,5.00,5.00,22.7,25.4
1,2019-06-03,4.90,4.90,23.2,25.1
1,2019-06-04,5.30,5.30,20.6,24.8
1,2019-06-05,4.40,4.40,24.5,25.7
1,2019-06-06,6.30,6.30,23.1,25.9
1,2019-06-07,0.80,0.80,21.0,25.9
1,2019-06-08,1.90,1.90,17.8,25.4
1,2019-06-09,4.30,4.30,16.3,25.7
1,2019-06-10,5.30,5.30,17.3,25.6
1,2019-06-11,2.00,2.00,18.5,25.6
1,2019-06-12,2.20,2.20,18.5,25.6
1,2019-06-13,0.00,0.00,18.4,25.9
1,2019-06-14,1.20,1.20,21.6,25.7
1,2019-06-15,1.30,1.30,22.7,25.9
1,2019-06-16,2.40,2.40,23.5,25.6
1,2019-06-17,8.00,8.00,23.8,26.1
1,2019-06-18,0.30,0.30,22.9,26.5
1,2019-06-19,1.50,1.50,21.7,26.2
1,2019-06-20,2.70,2.70,21.9,25.4
1,2019-06-21,1.40,1.40,14.8,26.0
1,2019-06-22,0.20,0.20,16.5,27.0
1,2019-06-23,3.30,3.30,15.5,26.8
1,2019-06-24,7.30,7.30,10.6,26.1
1,2019-06-25,33.10,33.10,15.0,25.6
1,2019-06-26,67.10,67.10,17.7,25.5
1,2019-06-27,3.00,3.00,15.0,26.3
1,2019-06-28,3.80,3.80,22.0,26.0
1,2019-06-29,1.20,1.20,20.5,26.1
1,2019-06-30,2.80,2.80,22.7,25.7
1,2019-07-01,1.80,1.80,18.1,26.1
1,2019-07-02,0.80,0.80,19.4,25.7
1,2019-07-03,0.60,0.60,17.0,26.1
1,2019-07-04,7.00,7.00,9.4,25.9
1,2019-07-05,3.60,3.60,13.3,26.5
1,2019-07-06,0.80,0.80,17.9,26.6
1,2019-07-07,1.00,1.00,22.9,26.4
1,2019-07-08,3.60,3.60,26.8,26.3
1,2019-07-09,2.90,2.90,19.9,26.7
1,2019-07-10,4.70,4.70,17.2,26.3
1,2019-07-11,3.20,3.20,21.7,26.4
1,2019-07-12,6.30,6.30,24.2,26.1
1,2019-07-13,2.40,2.40,20.0,26.1
1,2019-07-14,1.20,1.20,24.7,26.5
1,2019-07-15,3.20,3.20,20.5,26.0
1,2019-07-16,4.50,4.50,21.9,26.7
1,2019-07-17,4.60,4.60,26.8,26.6
1,2019-07-18,1.00,1.00,27.9,26.6
1,2019-07-19,5.40,5.40,27.1,26.6
1,2019-07-20,1.90,1.90,25.1,26.2
1,2019-07-21,1.20,1.20,27.0,26.5
1,2019-07-22,0.40,0.40,27.0,26.8
1,2019-07-23,2.40,2.40,28.1,26.8
1,2019-07-24,0.00,0.00,29.5,26.9
1,2019-07-25,3.10,3.10,21.9,26.3
1,2019-07-26,5.40,5.40,24.5,26.3
1,2019-07-27,4.50,4.50,23.1,26.5
1,2019-07-28,5.30,5.30,23.2,26.2
1,2019-07-29,2.90,2.90,23.7,26.3
1,2019-07-30,3.90,3.90,24.7,26.5
1,2019-07-31,12.00,12.00,26.8,26.2
1,2019-08-01,3.00,3.00,28.8,26.5
1,2019-08-02,5.10,5.10,30.3,26.7
1,2019-08-03,0.60,0.60,24.3,27.2
1,2019-08-04,0.70,0.70,18.9,27.3
1,2019-08-05,3.10,3.10,17.9,26.7
1,2019-08-06,2.10,2.10,11.2,27.2
1,2019-08-07,5.60,5.60,8.5,27.0
1,2019-08-08,0.20,0.20,16.0,27.2
1,2019-08-09,2.30,2.30,16.3,27.3
1,2019-08-10,2.70,2.70,13.7,27.1
1,2019-08-11,2.90,2.90,15.5,27.5
1,2019-08-12,0.00,0.00,20.9,27.3
1,2019-08-13,3.60,3.60,20.5,27.0
1,2019-08-14,4.20,4.20,21.3,26.9
1,2019-08-15,2.40,2.40,25.7,27.0
1,2019-08-16,4.00,4.00,28.9,26.9
1,2019-08-17,1.60,1.60,21.6,27.1
1,2019-08-18,0.60,0.60,17.7,26.7
1,2019-08-19,1.70,1.70,16.3,26.5
1,2019-08-20,2.70,2.70,20.5,26.9
1,2019-08-21,3.90,3.90,23.7,26.9
1,2019-08-22,1.60,1.60,22.6,27.0
1,2019-08-23,5.60,5.60,22.8,27.0
1,2019-08-24,5.50,5.50,25.8,27.3
1,2019-08-25,5.50,5.50,29.2,27.0
1,2019-08-26,1.00,1.00,23.5,27.1
1,2019-08-27,3.80,3.80,18.5,26.7
1,2019-08-28,0.00,0.00,14.8,27.2
1,2019-08-29,0.50,0.50,15.3,27.3
1,2019-08-30,0.60,0.60,19.1,27.2
1,2019-08-31,4.90,4.90,16.7,27.3
1,2019-09-01,5.60,5.60,17.8,26.6
1,2019-09-02,4.50,4.50,22.9,27.0
1,2019-09-03,3.10,3.10,17.1,27.0
1,2019-09-04,8.00,8.00,23.6,27.1
1,2019-09-05,0.50,0.50,26.4,27.5
1,2019-09-06,3.60,3.60,25.3,27.2
1,2019-09-07,5.90,5.90,29.6,27.2
1,2019-09-08,5.10,5.10,27.3,26.9
1,2019-09-09,6.20,6.20,24.5,27.1
1,2019-09-10,1.20,1.20,23.9,26.8
1,2019-09-11,0.10,0.10,20.1,26.8
1,2019-09-12,4.90,4.90,19.0,26.6
1,2019-09-13,4.50,4.50,15.5,26.3
1,2019-09-14,2.90,2.90,13.7,27.0
1,2019-09-15,5.50,5.50,23.1,27.1
1,2019-09-16,3.60,3.60,23.8,27.4
1,2019-09-17,0.80,0.80,26.1,27.4
1,2019-09-18,0.00,0.00,26.3,27.4
1,2019-09-19,2.10,2.10,19.7,27.3
1,2019-09-20,5.70,5.70,22.2,26.1
1,2019-09-21,4.30,4.30,23.8,26.4
1,2019-09-22,3.80,3.80,18.4,26.9
1,2019-09-23,8.70,8.70,23.8,27.1
1,2019-09-24,0.80,0.80,21.3,27.0
1,2019-09-25,3.00,3.00,9.5,26.7
1,2019-09-26,8.00,8.00,6.7,26.7
1,2019-09-27,10.60,10.60,19.6,26.7
1,2019-09-28,10.00,10.00,19.5,26.6
1,2019-09-29,3.40,3.40,22.0,26.4
1,2019-09-30,4.40,4.40,20.5,26.2
1,2019-10-01,4.10,4.10,23.8,26.1
1,2019-10-02,3.70,3.70,27.9,26.1
1,2019-10-03,6.60,6.60,28.2,25.9
1,2019-10-04,2.60,2.60,25.6,26.3
1,2019-10-05,3.10,3.10,16.3,25.2
1,2019-10-06,0.90,0.90,13.7,25.3
1,2019-10-07,3.40,3.40,10.9,24.9
1,2019-10-08,1.30,1.30,12.6,25.5
1,2019-10-09,0.10,0.10,17.8,26.8
1,2019-10-10,5.00,5.00,16.9,27.6
1,2019-10-11,8.30,8.30,25.9,26.9
1,2019-10-12,1.80,1.80,25.9,26.8
1,2019-10-13,5.30,5.30,25.6,26.6
1,2019-10-14,3.50,3.50,23.8,26.6
1,2019-10-15,3.60,3.60,23.8,26.0
1,2019-10-16,9.50,9.50,20.0,25.8
1,2019-10-17,6.80,6.80,21.9,26.2
1,2019-10-18,4.40,4.40,20.8,26.0
1,2019-10-19,2.40,2.40,26.6,26.3
1,2019-10-20,1.70,1.70,21.7,26.6
1,2019-10-21,0.90,0.90,27.4,26.7
1,2019-10-22,0.60,0.60,24.0,26.5
1,2019-10-23,2.70,2.70,21.6,26.4
1,2019-10-24,0.30,0.30,15.7,26.3
1,2019-10-25,0.50,0.50,14.4,26.1
1,2019-10-26,0.00,0.00,19.5,26.5
1,2019-10-27,0.90,0.90,20.3,25.9
1,2019-10-28,1.50,1.50,17.2,25.7
1,2019-10-29,3.20,3.20,12.2,25.3
1,2019-10-30,9.60,9.60,9.8,25.0
1,2019-10-31,1.70,1.70,4.8,25.9
1,2019-11-01,0.00,0.00,9.2,25.6
1,2019-11-02,0.00,0.00,11.2,25.2
1,2019-11-03,2.10,2.10,8.4,25.0
1,2019-11-04,0.90,0.90,8.2,25.7
1,2019-11-05,0.00,0.00,11.9,25.3
1,2019-11-06,1.70,1.70,19.7,25.6
1,2019-11-07,5.10,5.10,20.1,24.3
1,2019-11-08,2.20,2.20,10.1,24.4
1,2019-11-09,0.20,0.20,15.2,24.7
1,2019-11-10,0.20,0.20,12.1,25.1
1,2019-11-11,1.20,1.20,14.4,25.2
1,2019-11-12,2.40,2.40,14.3,25.3
1,2019-11-13,0.00,0.00,12.6,25.4
1,2019-11-14,1.20,1.20,13.9,25.8
1,2019-11-15,0.60,0.60,11.6,25.9
1,2019-11-16,1.70,1.70,15.0,25.5
1,2019-11-17,3.40,3.40,22.4,24.6
1,2019-11-18,2.80,2.80,19.8,24.9
1,2019-11-19,14.90,14.90,18.2,24.5
1,2019-11-20,4.30,4.30,22.2,25.1
1,2019-11-21,5.00,5.00,26.0,25.0
1,2019-11-22,6.60,6.60,29.2,25.3
1,2019-11-23,4.80,4.80,30.9,25.1
1,2019-11-24,0.50,0.50,24.1,25.5
1,2019-11-25,2.00,2.00,29.5,25.8
1,2019-11-26,0.20,0.20,22.7,25.4
1,2019-11-27,5.00,5.00,13.2,25.1
1,2019-11-28,0.90,0.90,21.6,25.5
1,2019-11-29,3.80,3.80,24.4,25.3
1,2019-11-30,1.20,1.20,31.0,25.0
1,2019-12-01,5.10,5.10,30.3,24.0
1,2019-12-02,1.90,1.90,23.2,24.0
1,2019-12-03,1.90,1.90,22.7,24.4
1,2019-12-04,5.50,5.50,21.0,24.2
1,2019-12-05,1.70,1.70,22.0,24.3
1,2019-12-06,14.00,14.00,18.8,23.4
1,2019-12-07,1.90,1.90,16.5,23.7
1,2019-12-08,0.60,0.60,10.6,23.3
1,2019-12-09,0.00,0.00,12.4,23.4
1,2019-12-10,0.40,0.40,11.2,24.5
1,2019-12-11,2.40,2.40,14.2,24.6
1,2019-12-12,5.40,5.40,17.7,24.7
1,2019-12-13,4.20,4.20,24.5,24.7
1,2019-12-14,2.40,2.40,24.2,24.4
1,2019-12-15,4.10,4.10,21.4,24.2
1,2019-12-16,6.60,6.60,27.2,24.2
1,2019-12-17,5.70,5.70,31.0,24.6
1,2019-12-18,3.00,3.00,24.4,24.8
1,2019-12-19,2.80,2.80,21.3,24.2
1,2019-12-20,8.60,8.60,33.3,23.6
1,2019-12-21,7.80,7.80,35.6,23.3
1,2019-12-22,0.40,0.40,31.3,23.9
1,2019-12-23,0.60,0.60,29.2,24.3
1,2019-12-24,3.40,3.40,26.3,24.5
1,2019-12-25,65.10,65.10,31.3,23.8
1,2019-12-26,3.20,3.20,14.1,24.0
1,2019-12-27,6.80,6.80,25.5,23.6
1,2019-12-28,2.40,2.40,21.3,24.4
1,2019-12-29,0.70,0.70,26.6,24.7
1,2019-12-30,0.70,0.70,28.4,24.4
1,2019-12-31,6.20,6.20,25.9,24.2
1,2020-01-01,5.70,5.70,20.5,23.0
1,2020-01-02,4.30,4.30,19.9,22.5
1,2020-01-03,7.70,7.70,25.1,22.7
1,2020-01-04,4.80,4.80,29.1,23.2
1,2020-01-05,3.40,3.40,27.1,23.9
1,2020-01-06,1.10,1.10,30.4,23.9
1,2020-01-07,13.60,13.60,33.8,23.4
1,2020-01-08,2.50,2.50,33.5,23.5
1,2020-01-09,5.20,5.20,35.9,23.0
1,2020-01-10,10.00,10.00,30.3,22.4
1,2020-01-11,13.90,13.90,33.8,23.1
1,2020-01-12,14.20,14.20,30.1,23.3
1,2020-01-13,2.10,2.10,33.2,24.2
1,2020-01-14,0.20,0.20,31.6,24.0
1,2020-01-15,4.60,4.60,27.2,23.4
1,2020-01-16,4.10,4.10,18.6,23.0
1,2020-01-17,4.10,4.10,26.7,22.4
1,2020-01-18,0.20,0.20,25.7,22.3
1,2020-01-19,0.80,0.80,26.9,22.7
1,2020-01-20,3.10,3.10,22.7,22.9
1,2020-01-21,0.00,0.00,17.3,23.3
1,2020-01-22,0.00,0.00,10.4,22.8
1,2020-01-23,0.00,0.00,13.6,23.5
1,2020-01-24,2.50,2.50,16.4,23.0
1,2020-01-25,2.30,2.30,16.4,23.2
1,2020-01-26,0.70,0.70,18.2,23.6
1,2020-01-27,1.00,1.00,22.3,23.5
1,2020-01-28,0.40,0.40,15.7,23.0
1,2020-01-29,0.30,0.30,12.1,23.7
1,2020-01-30,0.00,0.00,12.6,23.6
1,2020-01-31,1.10,1.10,23.8,23.6
1,2020-02-01,3.80,3.80,26.3,22.6
1,2020-02-02,3.30,3.30,23.2,22.9
1,2020-02-03,0.80,0.80,25.6,23.5
1,2020-02-04,1.30,1.30,15.1,23.1
1,2020-02-05,1.80,1.80,12.3,23.4
1,2020-02-06,14.90,14.90,30.1,20.5
1,2020-02-07,0.50,0.50,23.4,20.6
1,2020-02-08,0.60,0.60,23.2,20.3
1,2020-02-09,1.20,1.20,21.1,21.5
1,2020-02-10,6.80,6.80,29.6,19.6
1,2020-02-11,4.30,4.30,24.6,21.3
1,2020-02-12,4.30,4.30,19.7,22.0
1,2020-02-13,2.00,2.00,25.9,24.2
1,2020-02-14,0.10,0.10,27.7,24.1
1,2020-02-15,0.20,0.20,29.2,23.7
1,2020-02-16,4.60,4.60,29.8,22.9
1,2020-02-17,4.20,4.20,29.8,22.5
1,2020-02-18,4.90,4.90,30.0,22.5
1,2020-02-19,8.10,8.10,35.2,22.4
1,2020-02-20,3.40,3.40,31.7,22.7
1,2020-02-21,0.80,0.80,28.6,23.2
1,2020-02-22,0.80,0.80,22.7,23.3
1,2020-02-23,1.80,1.80,12.9,22.8
1,2020-02-24,3.40,3.40,18.4,22.2
1,2020-02-25,3.70,3.70,26.2,23.0
1,2020-02-26,2.40,2.40,30.6,22.9
1,2020-02-27,0.70,0.70,29.5,22.5
1,2020-02-28,1.50,1.50,31.3,22.5
1,2020-02-29,3.30,3.30,33.2,22.1
1,2020-03-01,9.80,9.80,34.5,21.5
1,2020-03-02,4.40,4.40,27.0,22.1
1,2020-03-03,1.20,1.20,18.5,22.8
1,2020-03-04,4.40,4.40,16.3,23.3
1,2020-03-05,3.40,3.40,22.0,21.9
1,2020-03-06,5.30,5.30,32.5,22.4
1,2020-03-07,2.70,2.70,33.8,22.4
1,2020-03-08,1.80,1.80,30.8,21.9
1,2020-03-09,4.20,4.20,24.9,21.3
1,2020-03-10,0.80,0.80,14.4,22.1
1,2020-03-11,2.10,2.10,8.7,22.0
1,2020-03-12,3.30,3.30,11.6,22.2
1,2020-03-13,2.00,2.00,18.5,22.0
1,2020-03-14,2.00,2.00,15.9,22.5
1,2020-03-15,3.20,3.20,12.3,23.3
1,2020-03-16,10.10,10.10,20.1,22.8
1,2020-03-17,27.60,27.60,12.1,22.2
1,2020-03-18,8.20,8.20,15.9,22.9
1,2020-03-19,0.10,0.10,16.6,22.6
1,2020-03-20,0.50,0.50,10.7,23.8
1,2020-03-21,0.90,0.90,17.5,23.5
1,2020-03-22,3.00,3.00,26.4,23.1
1,2020-03-23,3.40,3.40,34.4,22.7
1,2020-03-24,3.90,3.90,32.7,22.5
1,2020-03-25,2.90,2.90,34.9,22.5
1,2020-03-26,5.00,5.00,34.3,22.1
1,2020-03-27,8.40,8.40,28.5,21.7
1,2020-03-28,6.80,6.80,22.0,22.7
1,2020-03-29,6.60,6.60,20.5,22.2
1,2020-03-30,3.00,3.00,20.1,22.9
1,2020-03-31,0.20,0.20,18.0,22.8
1,2020-04-01,6.10,6.10,14.8,22.4
1,2020-04-02,2.40,2.40,12.4,23.0
1,2020-04-03,0.00,0.00,13.0,23.4
1,2020-04-04,1.20,1.20,7.2,23.9
1,2020-04-05,0.80,0.80,7.1,24.0
1,2020-04-06,3.20,3.20,15.4,23.7
1,2020-04-07,2.90,2.90,11.2,23.4
1,2020-04-08,4.50,4.50,7.2,23.1
1,2020-04-09,4.40,4.40,12.6,22.5
1,2020-04-10,0.10,0.10,18.1,23.5
1,2020-04-11,8.20,8.20,12.0,23.4
1,2020-04-12,0.00,0.00,16.9,23.1
1,2020-04-13,2.50,2.50,14.8,23.4
1,2020-04-14,10.20,10.20,10.6,23.7
1,2020-04-15,0.50,0.50,27.6,24.3
1,2020-04-16,2.00,2.00,25.9,23.9
1,2020-04-17,0.10,0.10,18.7,23.8
1,2020-04-18,0.20,0.20,16.9,23.8
1,2020-04-19,1.10,1.10,14.4,23.9
1,2020-04-20,1.50,1.50,14.9,24.4
1,2020-04-21,1.50,1.50,11.2,23.9
1,2020-04-22,4.00,4.00,20.1,24.1
1,2020-04-23,0.80,0.80,22.5,24.4
1,2020-04-24,3.10,3.10,24.8,24.0
1,2020-04-25,0.70,0.70,25.1,24.0
1,2020-04-26,3.10,3.10,23.9,23.9
1,2020-04-27,2.50,2.50,23.5,24.0
1,2020-04-28,6.60,6.60,26.5,23.8
1,2020-04-29,1.10,1.10,27.4,23.9
1,2020-04-30,0.10,0.10,31.2,24.2
1,2020-05-01,1.20,1.20,28.5,24.2
1,2020-05-02,1.60,1.60,27.3,24.2
1,2020-05-03,5.20,5.20,28.0,23.9
1,2020-05-04,0.10,0.10,26.1,24.3
1,2020-05-05,0.40,0.40,24.6,24.4
1,2020-05-06,2.80,2.80,19.5,24.2
1,2020-05-07,6.30,6.30,23.2,23.1
1,2020-05-08,1.60,1.60,23.0,23.6
1,2020-05-09,2.00,2.00,20.0,23.5
1,2020-05-10,0.50,0.50,19.2,23.9
1,2020-05-11,2.90,2.90,23.0,23.9
1,2020-05-12,2.40,2.40,19.8,24.0
1,2020-05-13,4.40,4.40,17.6,24.2
1,2020-05-14,4.60,4.60,12.5,24.1
1,2020-05-15,0.00,0.00,18.5,24.9
1,2020-05-16,0.60,0.60,21.2,25.0
1,2020-05-17,0.20,0.20,21.1,25.2
1,2020-05-18,8.40,8.40,23.4,23.8
1,2020-05-19,4.30,4.30,26.4,24.6
1,2020-05-20,7.90,7.90,25.8,24.1
1,2020-05-21,4.40,4.40,24.3,24.2
1,2020-05-22,2.30,2.30,23.8,24.4
1,2020-05-23,5.80,5.80,23.1,24.4
1,2020-05-24,2.40,2.40,21.3,24.8
1,2020-05-25,2.80,2.80,17.3,24.5
1,2020-05-26,1.20,1.20,16.2,24.9
1,2020-05-27,5.70,5.70,17.5,24.5
1,2020-05-28,0.10,0.10,25.3,25.0
1,2020-05-29,4.30,4.30,23.5,25.0
1,2020-05-30,2.80,2.80,21.7,24.5
1,2020-05-31,3.10,3.10,25.7,24.9
1,2020-06-01,2.20,2.20,17.4,25.2
1,2020-06-02,3.60,3.60,19.1,25.6
1,2020-06-03,10.30,10.30,24.0,25.5
1,2020-06-04,3.30,3.30,26.5,25.4
1,2020-06-05,3.80,3.80,27.1,25.3
1,2020-06-06,6.90,6.90,24.0,25.0
1,2020-06-07,4.50,4.50,20.7,25.0
1,2020-06-08,3.10,3.10,22.5,25.2
1,2020-06-09,5.10,5.10,25.3,25.2
1,2020-06-10,5.00,5.00,28.2,25.2
1,2020-06-11,6.70,6.70,32.1,25.0
1,2020-06-12,1.30,1.30,31.6,25.3
1,2020-06-13,0.00,0.00,27.0,25.5
1,2020-06-14,2.40,2.40,26.2,25.1
1,2020-06-15,2.80,2.80,27.5,25.3
1,2020-06-16,3.90,3.90,24.6,24.6
1,2020-06-17,2.90,2.90,23.0,25.3
1,2020-06-18,4.30,4.30,27.9,25.3
1,2020-06-19,5.50,5.50,29.7,24.8
1,2020-06-20,3.30,3.30,23.9,24.8
1,2020-06-21,2.10,2.10,21.6,24.9
1,2020-06-22,1.00,1.00,19.6,25.2
1,2020-06-23,1.80,1.80,22.8,25.0
1,2020-06-24,4.30,4.30,20.2,25.3
1,2020-06-25,1.30,1.30,24.3,25.8
1,2020-06-26,0.40,0.40,24.3,25.9
1,2020-06-27,5.00,5.00,21.5,25.2
1,2020-06-28,3.30,3.30,17.1,25.4
1,2020-06-29,3.00,3.00,17.9,25.6
1,2020-06-30,1.30,1.30,23.2,25.9
1,2020-07-01,3.30,3.30,25.0,25.5
1,2020-07-02,5.30,5.30,20.7,25.1
1,2020-07-03,4.00,4.00,18.2,25.0
1,2020-07-04,2.90,2.90,16.0,25.7
1,2020-07-05,2.30,2.30,16.0,26.0
1,2020-07-06,4.70,4.70,23.7,25.7
1,2020-07-07,4.10,4.10,23.8,25.3
1,2020-07-08,4.20,4.20,25.5,25.3
1,2020-07-09,7.30,7.30,25.6,25.6
1,2020-07-10,2.80,2.80,28.0,25.9
1,2020-07-11,5.30,5.30,27.7,25.5
1,2020-07-12,3.10,3.10,24.4,25.1
1,2020-07-13,5.00,5.00,23.5,25.0
1,2020-07-14,2.80,2.80,21.1,25.4
1,2020-07-15,3.80,3.80,23.7,25.6
1,2020-07-16,5.20,5.20,18.8,26.0
1,2020-07-17,2.90,2.90,19.0,26.4
1,2020-07-18,2.50,2.50,25.0,26.5
1,2020-07-19,2.30,2.30,29.8,26.2
1,2020-07-20,5.70,5.70,26.2,25.7
1,2020-07-21,4.30,4.30,15.8,24.9
1,2020-07-22,6.90,6.90,15.0,25.5
1,2020-07-23,3.40,3.40,20.3,25.9
1,2020-07-24,3.10,3.10,25.0,26.0
1,2020-07-25,8.60,8.60,27.5,25.9
1,2020-07-26,6.40,6.40,31.5,25.9
1,2020-07-27,2.90,2.90,28.2,26.4
1,2020-07-28,2.60,2.60,30.2,25.5
1,2020-07-29,1.40,1.40,23.8,25.3
1,2020-07-30,1.70,1.70,27.7,25.5
1,2020-07-31,0.60,0.60,25.0,25.7
1,2020-08-01,0.60,0.60,22.4,25.9
1,2020-08-02,5.80,5.80,23.5,25.3
1,2020-08-03,3.40,3.40,24.8,25.6
1,2020-08-04,3.30,3.30,22.5,25.7
1,2020-08-05,5.90,5.90,25.8,26.1
1,2020-08-06,5.00,5.00,23.6,26.0
1,2020-08-07,3.30,3.30,23.9,26.3
1,2020-08-08,4.40,4.40,27.9,26.0
1,2020-08-09,4.80,4.80,29.7,25.7
1,2020-08-10,3.70,3.70,26.3,25.6
1,2020-08-11,1.80,1.80,22.1,25.8
1,2020-08-12,3.60,3.60,22.2,25.7
1,2020-08-13,3.80,3.80,19.6,25.7
1,2020-08-14,1.40,1.40,19.6,26.0
1,2020-08-15,1.00,1.00,23.9,26.4
1,2020-08-16,0.20,0.20,20.8,26.0
1,2020-08-17,2.20,2.20,19.4,25.2
1,2020-08-18,2.70,2.70,23.4,25.6
1,2020-08-19,4.30,4.30,24.3,26.0
1,2020-08-20,1.10,1.10,25.9,26.5
1,2020-08-21,2.50,2.50,22.3,26.3
1,2020-08-22,3.10,3.10,22.7,26.2
1,2020-08-23,2.30,2.30,22.7,26.4
1,2020-08-24,3.30,3.30,23.3,26.4
1,2020-08-25,2.20,2.20,23.2,26.4
1,2020-08-26,1.50,1.50,21.3,26.1
1,2020-08-27,1.00,1.00,22.7,26.2
1,2020-08-28,4.40,4.40,20.9,26.1
1,2020-08-29,2.90,2.90,25.0,26.2
1,2020-08-30,2.10,2.10,28.0,26.3
1,2020-08-31,9.00,9.00,25.3,26.1
1,2020-09-01,2.10,2.10,23.9,26.0
1,2020-09-02,4.60,4.60,20.1,25.8
1,2020-09-03,2.90,2.90,18.0,25.8
1,2020-09-04,0.50,0.50,18.7,26.5
1,2020-09-05,0.60,0.60,23.9,26.4
1,2020-09-06,3.60,3.60,22.1,25.7
1,2020-09-07,3.70,3.70,21.3,26.3
1,2020-09-08,5.10,5.10,26.0,25.9
1,2020-09-09,3.70,3.70,24.0,25.8
1,2020-09-10,0.20,0.20,24.7,26.3
1,2020-09-11,0.60,0.60,23.7,26.2
1,2020-09-12,7.70,7.70,21.1,25.6
1,2020-09-13,0.30,0.30,17.1,25.8
1,2020-09-14,0.90,0.90,16.7,25.9
1,2020-09-15,3.20,3.20,16.1,26.0
1,2020-09-16,0.10,0.10,17.2,26.2
1,2020-09-17,0.70,0.70,22.8,26.3
1,2020-09-18,0.80,0.80,25.0,26.7
1,2020-09-19,3.50,3.50,22.9,25.9
1,2020-09-20,4.50,4.50,23.2,25.8
1,2020-09-21,3.80,3.80,20.8,25.6
1,2020-09-22,2.00,2.00,20.9,25.8
1,2020-09-23,2.60,2.60,24.3,26.2
1,2020-09-24,1.20,1.20,25.0,26.4
1,2020-09-25,1.90,1.90,23.5,26.2
1,2020-09-26,2.10,2.10,18.2,25.9
1,2020-09-27,3.30,3.30,17.7,25.8
1,2020-09-28,3.10,3.10,15.7,25.8
1,2020-09-29,0.50,0.50,14.9,25.7
1,2020-09-30,0.00,0.00,12.7,25.6
1,2020-10-01,0.20,0.20,13.3,26.1
1,2020-10-02,3.70,3.70,11.0,26.9
1,2020-10-03,0.40,0.40,15.8,26.7
1,2020-10-04,1.70,1.70,23.4,26.3
1,2020-10-05,0.80,0.80,19.8,26.3
1,2020-10-06,0.20,0.20,17.3,26.8
1,2020-10-07,3.60,3.60,17.9,26.6
1,2020-10-08,0.20,0.20,18.5,26.6
1,2020-10-09,0.80,0.80,19.8,26.9
1,2020-10-10,1.40,1.40,21.6,26.8
1,2020-10-11,4.60,4.60,21.4,25.9
1,2020-10-12,5.20,5.20,20.4,26.3
1,2020-10-13,0.90,0.90,24.9,26.4
1,2020-10-14,0.10,0.10,12.3,26.5
1,2020-10-15,0.70,0.70,11.1,26.4
1,2020-10-16,0.00,0.00,8.1,26.8
1,2020-10-17,2.00,2.00,10.6,26.3
1,2020-10-18,1.60,1.60,12.8,26.4
1,2020-10-19,2.90,2.90,12.5,26.3
1,2020-10-20,10.90,10.90,11.6,26.0
1,2020-10-21,6.40,6.40,6.2,25.9
1,2020-10-22,2.30,2.30,6.6,25.7
1,2020-10-23,2.50,2.50,13.0,25.9
1,2020-10-24,2.20,2.20,8.9,26.0
1,2020-10-25,2.90,2.90,13.0,26.1
1,2020-10-26,0.30,0.30,6.5,26.4
1,2020-10-27,2.80,2.80,10.1,25.5
1,2020-10-28,6.50,6.50,15.7,24.6
1,2020-10-29,0.80,0.80,7.8,25.2
1,2020-10-30,0.40,0.40,14.3,25.6
1,2020-10-31,6.10,6.10,12.6,25.0
1,2020-11-01,0.30,0.30,13.5,25.2
1,2020-11-02,0.50,0.50,15.9,25.6
1,2020-11-03,8.40,8.40,18.4,25.9
1,2020-11-04,5.10,5.10,15.6,26.1
1,2020-11-05,0.50,0.50,21.6,26.2
1,2020-11-06,2.90,2.90,24.5,26.2
1,2020-11-07,3.80,3.80,19.7,25.8
1,2020-11-08,1.50,1.50,22.8,26.1
1,2020-11-09,2.80,2.80,29.6,25.6
1,2020-11-10,4.80,4.80,27.0,25.5
1,2020-11-11,4.40,4.40,30.1,25.2
1,2020-11-12,2.70,2.70,29.0,25.3
1,2020-11-13,5.50,5.50,27.2,25.2
1,2020-11-14,0.60,0.60,20.6,25.3
1,2020-11-15,1.10,1.10,13.9,24.8
1,2020-11-16,5.60,5.60,20.4,24.5
1,2020-11-17,1.40,1.40,22.9,25.3
1,2020-11-18,9.60,9.60,22.8,24.4
1,2020-11-19,3.50,3.50,27.7,24.9
1,2020-11-20,4.80,4.80,25.2,25.2
1,2020-11-21,2.80,2.80,34.0,25.4
1,2020-11-22,5.80,5.80,35.5,25.0
1,2020-11-23,5.70,5.70,26.5,24.9
1,2020-11-24,8.60,8.60,22.0,24.5
1,2020-11-25,6.60,6.60,23.2,24.7
1,2020-11-26,3.80,3.80,22.2,24.5
1,2020-11-27,4.00,4.00,28.8,23.9
1,2020-11-28,2.20,2.20,22.0,23.5
1,2020-11-29,6.30,6.30,20.0,22.6
1,2020-11-30,1.30,1.30,14.7,23.5
1,2020-12-01,0.00,0.00,13.0,23.5
1,2020-12-02,0.00,0.00,14.2,23.4
1,2020-12-03,0.90,0.90,15.2,23.8
1,2020-12-04,4.60,4.60,28.0,24.4
1,2020-12-05,0.40,0.40,21.3,24.9
1,2020-12-06,0.40,0.40,13.7,24.3
1,2020-12-07,0.50,0.50,21.7,24.6
1,2020-12-08,1.70,1.70,27.8,24.8
1,2020-12-09,0.60,0.60,17.6,24.2
1,2020-12-10,1.70,1.70,14.2,24.3
1,2020-12-11,0.00,0.00,18.2,24.1
1,2020-12-12,2.20,2.20,23.7,24.6
1,2020-12-13,2.60,2.60,12.6,24.4
1,2020-12-14,0.80,0.80,21.0,24.5
1,2020-12-15,2.00,2.00,25.4,24.6
1,2020-12-16,5.40,5.40,21.3,24.0
1,2020-12-17,5.70,5.70,19.1,23.8
1,2020-12-18,1.70,1.70,33.0,24.2
1,2020-12-19,5.20,5.20,26.9,24.2
1,2020-12-20,5.00,5.00,21.6,23.8
1,2020-12-21,3.30,3.30,21.7,23.9
1,2020-12-22,0.00,0.00,12.6,23.6
1,2020-12-23,0.00,0.00,8.9,23.5
1,2020-12-24,0.80,0.80,16.7,23.1
1,2020-12-25,6.90,6.90,26.6,22.7
1,2020-12-26,10.00,10.00,29.3,22.4
1,2020-12-27,2.20,2.20,28.4,23.9
1,2020-12-28,0.20,0.20,12.7,24.2
1,2020-12-29,4.50,4.50,29.2,24.1
1,2020-12-30,0.80,0.80,25.9,24.0
1,2020-12-31,3.90,3.90,28.8,23.6
1,2021-01-01,4.50,4.50,33.4,23.6
1,2021-01-02,2.20,2.20,27.5,23.6
1,2021-01-03,3.70,3.70,25.8,23.6
1,2021-01-04,2.50,2.50,19.4,23.9
1,2021-01-05,2.50,2.50,18.1,23.4
1,2021-01-06,2.40,2.40,21.9,23.6
1,2021-01-07,1.80,1.80,21.9,23.8
1,2021-01-08,0.10,0.10,15.2,23.2
1,2021-01-09,0.30,0.30,12.3,22.9
1,2021-01-10,1.90,1.90,20.7,23.3
1,2021-01-11,0.60,0.60,19.9,23.6
1,2021-01-12,1.50,1.50,15.5,23.4
1,2021-01-13,1.00,1.00,14.6,23.6
1,2021-01-14,3.10,3.10,15.1,23.6
1,2021-01-15,0.20,0.20,16.7,23.6
1,2021-01-16,2.00,2.00,17.3,24.0
1,2021-01-17,2.90,2.90,24.8,23.3
1,2021-01-18,7.50,7.50,32.7,21.6
1,2021-01-19,15.20,15.20,26.3,22.3
1,2021-01-20,3.80,3.80,22.1,23.5
1,2021-01-21,2.40,2.40,26.4,23.4
1,2021-01-22,1.50,1.50,32.4,23.6
1,2021-01-23,5.70,5.70,29.4,23.2
1,2021-01-24,3.20,3.20,32.8,23.6
1,2021-01-25,13.20,13.20,31.3,23.4
1,2021-01-26,2.40,2.40,27.7,23.6
1,2021-01-27,5.00,5.00,27.8,23.5
1,2021-01-28,2.90,2.90,31.8,23.3
1,2021-01-29,5.80,5.80,27.8,22.7
1,2021-01-30,5.80,5.80,28.5,22.8
1,2021-01-31,4.10,4.10,22.9,22.8
1,2021-02-01,4.40,4.40,17.7,22.1
1,2021-02-02,0.80,0.80,13.7,22.6
1,2021-02-03,23.60,23.60,23.6,21.0
1,2021-02-04,0.20,0.20,19.4,19.7
1,2021-02-05,1.60,1.60,13.1,19.5
1,2021-02-06,0.00,0.00,10.1,21.1
1,2021-02-07,0.00,0.00,11.4,21.4
1,2021-02-08,0.70,0.70,21.5,22.1
1,2021-02-09,0.00,0.00,24.5,21.4
1,2021-02-10,0.00,0.00,20.6,21.7
1,2021-02-11,0.00,0.00,18.1,22.4
1,2021-02-12,0.40,0.40,19.9,23.4
1,2021-02-13,1.30,1.30,22.8,23.5
1,2021-02-14,5.50,5.50,18.7,23.5
1,2021-02-15,0.70,0.70,15.3,23.4
1,2021-02-16,1.20,1.20,12.9,23.8
1,2021-02-17,0.30,0.30,21.7,23.5
1,2021-02-18,9.90,9.90,22.9,22.8
1,2021-02-19,12.30,12.30,21.4,22.9
1,2021-02-20,1.60,1.60,22.6,23.5
1,2021-02-21,3.30,3.30,28.0,23.4
1,2021-02-22,7.10,7.10,26.0,23.4
1,2021-02-23,0.70,0.70,34.1,23.4
1,2021-02-24,5.50,5.50,29.2,23.3
1,2021-02-25,3.50,3.50,34.7,23.4
1,2021-02-26,2.40,2.40,32.1,23.3
1,2021-02-27,5.80,5.80,26.9,22.5
1,2021-02-28,5.60,5.60,30.4,22.3
1,2021-03-01,3.30,3.30,33.0,22.5
1,2021-03-02,6.00,6.00,33.4,22.2
1,2021-03-03,5.70,5.70,25.6,21.5
1,2021-03-04,2.40,2.40,19.9,21.5
1,2021-03-05,9.80,9.80,20.4,20.0
1,2021-03-06,7.20,7.20,22.6,20.8
1,2021-03-07,3.10,3.10,23.5,22.7
1,2021-03-08,36.40,36.40,28.9,21.7
1,2021-03-09,52.00,52.00,20.8,21.8
1,2021-03-10,4.30,4.30,14.1,22.4
1,2021-03-11,1.10,1.10,9.2,22.7
1,2021-03-12,5.90,5.90,19.6,22.2
1,2021-03-13,14.00,14.00,25.5,21.6
1,2021-03-14,4.50,4.50,20.3,22.3
1,2021-03-15,11.00,11.00,11.5,22.6
1,2021-03-16,6.70,6.70,24.4,22.0
1,2021-03-17,5.40,5.40,27.3,21.9
1,2021-03-18,15.00,15.00,27.1,20.6
1,2021-03-19,5.70,5.70,28.5,21.6
1,2021-03-20,3.70,3.70,29.5,21.8
1,2021-03-21,2.20,2.20,32.9,22.3
1,2021-03-22,3.90,3.90,24.1,22.8
1,2021-03-23,1.10,1.10,13.7,22.4
1,2021-03-24,6.30,6.30,21.9,23.3
1,2021-03-25,3.30,3.30,12.2,23.4
1,2021-03-26,0.90,0.90,17.0,23.2
1,2021-03-27,0.40,0.40,24.9,23.5
1,2021-03-28,2.30,2.30,30.3,22.8
1,2021-03-29,3.30,3.30,23.4,23.3
1,2021-03-30,1.50,1.50,18.8,23.4
1,2021-03-31,7.20,7.20,22.8,23.1
1,2021-04-01,2.40,2.40,20.6,22.9
1,2021-04-02,2.70,2.70,18.8,22.5
1,2021-04-03,6.20,6.20,22.5,22.1
1,2021-04-04,8.50,8.50,26.4,21.6
1,2021-04-05,3.60,3.60,28.3,22.4
1,2021-04-06,1.00,1.00,25.7,21.7
1,2021-04-07,2.30,2.30,24.3,21.3
1,2021-04-08,0.10,0.10,23.3,22.1
1,2021-04-09,1.80,1.80,22.7,21.6
1,2021-04-10,1.70,1.70,16.5,21.6
1,2021-04-11,6.90,6.90,17.1,20.7
1,2021-04-12,8.20,8.20,19.2,21.2
1,2021-04-13,4.20,4.20,18.5,22.0
1,2021-04-14,3.70,3.70,19.9,22.2
1,2021-04-15,0.60,0.60,16.9,22.4
1,2021-04-16,1.00,1.00,13.6,22.1
1,2021-04-17,1.10,1.10,19.8,21.6
1,2021-04-18,0.10,0.10,18.8,23.0
1,2021-04-19,1.30,1.30,11.5,24.0
1,2021-04-20,0.90,0.90,16.2,23.6
1,2021-04-21,0.30,0.30,14.3,24.2
1,2021-04-22,0.00,0.00,19.6,24.3
1,2021-04-23,10.80,10.80,24.4,23.7
1,2021-04-24,4.10,4.10,24.7,23.5
1,2021-04-25,3.50,3.50,25.2,23.6
1,2021-04-26,0.00,0.00,17.2,23.9
1,2021-04-27,1.90,1.90,7.7,23.4
1,2021-04-28,3.90,3.90,14.3,23.3
1,2021-04-29,2.70,2.70,18.4,23.2
1,2021-04-30,4.20,4.20,22.5,23.3
1,2021-05-01,4.00,4.00,22.9,24.2
1,2021-05-02,6.90,6.90,23.9,23.9
1,2021-05-03,5.10,5.10,17.5,24.1
1,2021-05-04,2.80,2.80,16.6,23.8
1,2021-05-05,9.20,9.20,24.8,23.8
1,2021-05-06,3.30,3.30,22.5,23.5
1,2021-05-07,2.00,2.00,29.3,24.1
1,2021-05-08,0.20,0.20,28.8,24.3
1,2021-05-09,2.10,2.10,22.3,24.1
1,2021-05-10,2.80,2.80,23.5,24.2
1,2021-05-11,2.00,2.00,24.5,24.0
1,2021-05-12,3.60,3.60,24.0,23.6
1,2021-05-13,5.30,5.30,24.6,23.9
1,2021-05-14,5.00,5.00,25.0,23.6
1,2021-05-15,2.90,2.90,22.8,23.1
1,2021-05-16,2.90,2.90,28.2,22.9
1,2021-05-17,1.60,1.60,25.4,23.7
1,2021-05-18,2.70,2.70,26.6,23.7
1,2021-05-19,7.30,7.30,24.9,23.8
1,2021-05-20,4.10,4.10,22.8,23.9
1,2021-05-21,4.00,4.00,22.8,23.8
1,2021-05-22,3.10,3.10,21.8,24.2
1,2021-05-23,7.20,7.20,20.9,24.3
1,2021-05-24,0.60,0.60,13.0,25.0
1,2021-05-25,2.10,2.10,14.8,24.7
1,2021-05-26,0.90,0.90,17.7,24.8
1,2021-05-27,2.40,2.40,16.3,24.5
1,2021-05-28,0.50,0.50,17.4,24.5
1,2021-05-29,2.30,2.30,15.3,24.6
1,2021-05-30,0.00,0.00,13.9,25.0
1,2021-05-31,1.90,1.90,10.1,25.4
1,2021-06-01,0.30,0.30,17.1,25.3
1,2021-06-02,7.30,7.30,21.5,24.9
1,2021-06-03,4.90,4.90,20.7,24.9
1,2021-06-04,1.30,1.30,23.3,25.4
1,2021-06-05,1.10,1.10,25.1,25.1
1,2021-06-06,1.30,1.30,24.9,24.6
1,2021-06-07,1.30,1.30,24.0,24.8
1,2021-06-08,3.90,3.90,28.4,24.8
1,2021-06-09,3.00,3.00,29.0,25.0
1,2021-06-10,1.30,1.30,28.9,25.0
1,2021-06-11,5.50,5.50,21.3,24.0
1,2021-06-12,3.60,3.60,22.5,24.4
1,2021-06-13,1.50,1.50,23.9,24.4
1,2021-06-14,1.00,1.00,19.8,24.8
1,2021-06-15,1.50,1.50,22.4,25.0
1,2021-06-16,0.40,0.40,20.9,25.4
1,2021-06-17,3.10,3.10,21.5,25.3
1,2021-06-18,0.20,0.20,18.3,25.3
1,2021-06-19,6.70,6.70,18.8,24.6
1,2021-06-20,5.60,5.60,17.1,24.6
1,2021-06-21,3.00,3.00,18.4,24.8
1,2021-06-22,0.50,0.50,17.7,24.9
1,2021-06-23,5.50,5.50,17.3,24.5
1,2021-06-24,0.70,0.70,17.4,25.2
1,2021-06-25,2.00,2.00,14.3,25.3
1,2021-06-26,0.10,0.10,14.9,25.4
1,2021-06-27,1.90,1.90,18.1,25.3
1,2021-06-28,1.50,1.50,18.4,25.4
1,2021-06-29,0.50,0.50,16.9,25.9
1,2021-06-30,5.10,5.10,20.3,25.5
1,2021-07-01,4.50,4.50,25.6,25.4
1,2021-07-02,2.80,2.80,28.7,25.3
1,2021-07-03,6.20,6.20,31.0,24.7
1,2021-07-04,3.70,3.70,26.3,24.4
1,2021-07-05,3.50,3.50,25.0,25.3
1,2021-07-06,3.90,3.90,21.4,25.1
1,2021-07-07,4.10,4.10,19.9,24.6
1,2021-07-08,9.40,9.40,18.0,24.6
1,2021-07-09,2.10,2.10,20.6,25.4
1,2021-07-10,4.10,4.10,21.3,25.2
1,2021-07-11,6.80,6.80,24.7,25.0
1,2021-07-12,3.90,3.90,22.8,25.3
1,2021-07-13,2.80,2.80,21.4,25.2
1,2021-07-14,3.40,3.40,21.9,25.1
1,2021-07-15,2.00,2.00,24.0,25.8
1,2021-07-16,2.10,2.10,28.5,25.8
1,2021-07-17,4.30,4.30,24.7,25.3
1,2021-07-18,3.50,3.50,26.6,25.3
1,2021-07-19,4.20,4.20,30.3,25.3
1,2021-07-20,2.90,2.90,30.9,25.3
1,2021-07-21,3.90,3.90,27.3,25.3
1,2021-07-22,2.00,2.00,29.5,25.5
1,2021-07-23,5.90,5.90,30.1,25.2
1,2021-07-24,8.90,8.90,26.1,25.6
1,2021-07-25,3.10,3.10,24.5,26.0
1,2021-07-26,4.40,4.40,26.9,25.6
1,2021-07-27,3.70,3.70,25.8,25.4
1,2021-07-28,6.30,6.30,24.7,25.3
1,2021-07-29,8.60,8.60,26.4,25.4
1,2021-07-30,5.30,5.30,25.2,25.6
1,2021-07-31,2.30,2.30,29.2,25.7
1,2021-08-01,0.10,0.10,31.9,25.8
1,2021-08-02,3.20,3.20,31.3,25.4
1,2021-08-03,7.10,7.10,28.7,25.1
1,2021-08-04,6.20,6.20,26.8,25.2
1,2021-08-05,4.10,4.10,25.7,25.1
1,2021-08-06,2.60,2.60,27.1,25.6
1,2021-08-07,2.70,2.70,25.5,25.3
1,2021-08-08,2.60,2.60,24.0,25.2
1,2021-08-09,0.60,0.60,18.9,25.5
1,2021-08-10,6.20,6.20,16.7,25.5
1,2021-08-11,0.60,0.60,16.8,25.7
1,2021-08-12,1.60,1.60,18.4,25.6
1,2021-08-13,12.50,12.50,24.5,25.3
1,2021-08-14,3.60,3.60,23.2,25.1
1,2021-08-15,1.80,1.80,21.7,25.2
1,2021-08-16,2.30,2.30,16.9,25.2
1,2021-08-17,3.00,3.00,10.8,25.5
1,2021-08-18,1.40,1.40,18.3,26.2
1,2021-08-19,2.60,2.60,23.7,25.6
1,2021-08-20,2.70,2.70,22.7,25.8
1,2021-08-21,6.20,6.20,26.1,25.4
1,2021-08-22,4.30,4.30,22.4,25.6
1,2021-08-23,29.50,29.50,35.2,25.2
1,2021-08-24,6.80,6.80,27.9,25.3
1,2021-08-25,1.90,1.90,24.6,25.4
1,2021-08-26,6.00,6.00,24.5,25.1
1,2021-08-27,1.90,1.90,22.2,25.2
1,2021-08-28,2.60,2.60,19.4,25.3
1,2021-08-29,4.70,4.70,16.9,25.0
1,2021-08-30,3.10,3.10,15.8,25.1
1,2021-08-31,3.70,3.70,13.5,25.1
1,2021-09-01,1.90,1.90,16.4,25.4
1,2021-09-02,0.70,0.70,23.2,26.1
1,2021-09-03,2.30,2.30,30.8,25.7
1,2021-09-04,2.00,2.00,27.2,24.9
1,2021-09-05,7.70,7.70,21.2,24.9
1,2021-09-06,4.00,4.00,15.8,25.0
1,2021-09-07,3.00,3.00,20.0,25.3
1,2021-09-08,6.20,6.20,20.8,25.3
1,2021-09-09,5.80,5.80,23.2,25.3
1,2021-09-10,6.00,6.00,17.8,24.7
1,2021-09-11,7.40,7.40,20.8,25.0
1,2021-09-12,4.30,4.30,23.0,24.9
1,2021-09-13,3.70,3.70,22.4,24.9
1,2021-09-14,4.40,4.40,19.5,24.7
1,2021-09-15,5.40,5.40,14.8,24.8
1,2021-09-16,1.20,1.20,27.0,26.1
1,2021-09-17,5.80,5.80,30.3,25.4
1,2021-09-18,1.20,1.20,29.0,25.5
1,2021-09-19,7.90,7.90,23.7,25.2
1,2021-09-20,6.10,6.10,24.3,25.4
1,2021-09-21,10.90,10.90,24.4,25.4
1,2021-09-22,3.00,3.00,24.2,25.2
1,2021-09-23,2.50,2.50,25.1,25.3
1,2021-09-24,4.60,4.60,22.1,24.6
1,2021-09-25,5.80,5.80,23.6,25.0
1,2021-09-26,5.30,5.30,25.5,25.5
1,2021-09-27,4.10,4.10,22.1,24.9
1,2021-09-28,2.30,2.30,22.5,25.0
1,2021-09-29,0.90,0.90,20.8,25.2
1,2021-09-30,5.60,5.60,21.0,24.9
1,2021-10-01,1.50,1.50,23.7,25.2
1,2021-10-02,2.30,2.30,21.1,24.9
1,2021-10-03,5.70,5.70,20.9,24.7
1,2021-10-04,1.80,1.80,24.2,25.0
1,2021-10-05,0.10,0.10,24.0,25.4
1,2021-10-06,0.80,0.80,27.2,25.2
1,2021-10-07,2.50,2.50,28.8,25.1
1,2021-10-08,1.50,1.50,31.7,25.2
1,2021-10-09,1.50,1.50,35.6,24.9
1,2021-10-10,3.60,3.60,30.5,24.8
1,2021-10-11,4.70,4.70,27.5,24.8
1,2021-10-12,5.10,5.10,31.3,25.4
1,2021-10-13,5.90,5.90,29.3,25.0
1,2021-10-14,4.00,4.00,26.8,24.4
1,2021-10-15,3.90,3.90,26.4,24.3
1,2021-10-16,3.50,3.50,20.9,24.3
1,2021-10-17,1.20,1.20,23.8,24.7
1,2021-10-18,1.60,1.60,21.6,24.6
1,2021-10-19,3.90,3.90,20.9,24.2
1,2021-10-20,0.00,0.00,16.3,24.5
1,2021-10-21,2.30,2.30,14.2,24.3
1,2021-10-22,2.30,2.30,24.1,24.8
1,2021-10-23,0.20,0.20,21.7,25.0
1,2021-10-24,4.10,4.10,24.4,24.6
1,2021-10-25,3.90,3.90,24.1,24.7
1,2021-10-26,1.10,1.10,16.7,24.9
1,2021-10-27,2.60,2.60,18.9,24.5
1,2021-10-28,2.70,2.70,15.8,24.3
1,2021-10-29,1.20,1.20,13.2,24.3
1,2021-10-30,0.40,0.40,11.0,24.5
1,2021-10-31,2.60,2.60,7.2,24.2
1,2021-11-01,0.20,0.20,7.0,24.3
1,2021-11-02,2.20,2.20,16.2,24.4
1,2021-11-03,3.40,3.40,16.9,24.7
1,2021-11-04,4.50,4.50,23.0,25.0
1,2021-11-05,2.20,2.20,27.6,25.3
1,2021-11-06,4.30,4.30,24.6,25.0
1,2021-11-07,6.90,6.90,23.7,24.5
1,2021-11-08,0.60,0.60,21.1,24.7
1,2021-11-09,0.00,0.00,13.2,24.6
1,2021-11-10,0.00,0.00,13.5,24.9
1,2021-11-11,0.00,0.00,23.5,24.9
1,2021-11-12,0.50,0.50,14.3,24.9
1,2021-11-13,0.10,0.10,8.9,24.4
1,2021-11-14,14.90,14.90,12.4,24.1
1,2021-11-15,1.40,1.40,13.0,24.1
1,2021-11-16,5.60,5.60,7.1,24.8
1,2021-11-17,1.00,1.00,12.9,24.8
1,2021-11-18,3.00,3.00,15.1,24.8
1,2021-11-19,0.00,0.00,20.7,25.1
1,2021-11-20,0.00,0.00,17.0,25.5
1,2021-11-21,0.20,0.20,19.3,24.9
1,2021-11-22,6.30,6.30,20.5,24.6
1,2021-11-23,1.00,1.00,17.7,25.0
1,2021-11-24,0.60,0.60,14.8,24.7
1,2021-11-25,2.80,2.80,20.1,24.4
1,2021-11-26,0.10,0.10,19.0,24.0
1,2021-11-27,1.50,1.50,16.7,23.2
1,2021-11-28,5.60,5.60,26.5,23.3
1,2021-11-29,1.80,1.80,29.7,23.9
1,2021-11-30,4.10,4.10,24.9,23.9
1,2021-12-01,3.20,3.20,20.6,24.3
1,2021-12-02,0.70,0.70,13.2,24.2
1,2021-12-03,5.80,5.80,29.4,22.6
1,2021-12-04,0.60,0.60,16.4,20.5
1,2021-12-05,57.30,57.30,30.1,22.2
1,2021-12-06,75.10,75.10,28.6,22.3
1,2021-12-07,19.10,19.10,21.7,22.5
1,2021-12-08,5.10,5.10,29.0,24.4
1,2021-12-09,3.40,3.40,33.6,24.3
1,2021-12-10,4.80,4.80,25.5,24.0
1,2021-12-11,3.30,3.30,28.5,23.9
1,2021-12-12,2.00,2.00,28.8,23.4
1,2021-12-13,2.40,2.40,25.4,23.7
1,2021-12-14,4.70,4.70,25.4,23.1
1,2021-12-15,2.50,2.50,23.3,23.6
1,2021-12-16,5.70,5.70,19.9,23.3
1,2021-12-17,6.00,6.00,14.7,22.8
1,2021-12-18,1.90,1.90,22.1,23.7
1,2021-12-19,6.00,6.00,24.3,23.1
1,2021-12-20,2.10,2.10,25.1,23.2
1,2021-12-21,7.00,7.00,24.4,21.9
1,2021-12-22,3.00,3.00,25.2,22.7
1,2021-12-23,0.10,0.10,25.5,23.1
1,2021-12-24,4.90,4.90,25.8,22.0
1,2021-12-25,1.50,1.50,22.9,22.5
1,2021-12-26,3.10,3.10,24.5,22.6
1,2021-12-27,2.60,2.60,25.2,23.1
1,2021-12-28,2.60,2.60,25.6,23.1
1,2021-12-29,4.80,4.80,27.0,23.1
1,2021-12-30,12.40,12.40,23.8,22.5
1,2021-12-31,15.70,15.70,18.5,22.4
1,2022-01-01,11.70,11.70,18.9,22.0
1,2022-01-02,8.30,8.30,15.2,21.7
1,2022-01-03,5.10,5.10,10.4,21.8
1,2022-01-04,2.30,2.30,18.3,22.2
1,2022-01-05,0.00,0.00,11.1,22.8
1,2022-01-06,1.40,1.40,12.2,22.2
1,2022-01-07,1.20,1.20,13.8,22.2
1,2022-01-08,0.60,0.60,15.2,22.4
1,2022-01-09,0.50,0.50,8.4,22.1
1,2022-01-10,0.00,0.00,20.2,23.3
1,2022-01-11,0.00,0.00,19.8,22.5
1,2022-01-12,1.60,1.60,14.0,22.7
1,2022-01-13,1.90,1.90,12.3,22.3
1,2022-01-14,0.40,0.40,11.8,23.2
1,2022-01-15,0.80,0.80,7.8,22.0
1,2022-01-16,1.10,1.10,7.4,22.6
1,2022-01-17,0.00,0.00,8.4,22.9
1,2022-01-18,0.10,0.10,6.8,22.6
1,2022-01-19,0.00,0.00,12.3,23.0
1,2022-01-20,0.30,0.30,9.6,23.3
1,2022-01-21,0.00,0.00,17.3,23.1
1,2022-01-22,0.60,0.60,18.7,23.4
1,2022-01-23,2.90,2.90,17.2,23.4
1,2022-01-24,0.00,0.00,21.0,23.2
1,2022-01-25,3.50,3.50,24.0,22.9
1,2022-01-26,1.60,1.60,19.1,23.1
1,2022-01-27,0.00,0.00,17.4,23.2
1,2022-01-28,1.00,1.00,16.3,23.1
1,2022-01-29,0.50,0.50,20.5,23.4
1,2022-01-30,0.90,0.90,23.2,23.5
1,2022-01-31,0.50,0.50,12.7,22.7
1,2022-02-01,0.80,0.80,18.9,23.2
1,2022-02-02,0.10,0.10,15.6,23.5
1,2022-02-03,0.00,0.00,17.1,22.6
1,2022-02-04,0.00,0.00,10.7,22.6
1,2022-02-05,1.90,1.90,15.8,22.5
1,2022-02-06,4.20,4.20,24.2,23.3
1,2022-02-07,1.10,1.10,24.9,23.4
1,2022-02-08,0.60,0.60,17.1,23.1
1,2022-02-09,1.10,1.10,19.2,23.3
1,2022-02-10,0.30,0.30,11.7,22.9
1,2022-02-11,0.00,0.00,10.9,23.2
1,2022-02-12,0.50,0.50,16.6,23.1
1,2022-02-13,3.30,3.30,20.2,22.4
1,2022-02-14,0.80,0.80,15.4,22.1
1,2022-02-15,1.20,1.20,16.7,22.2
1,2022-02-16,1.80,1.80,19.3,22.6
1,2022-02-17,4.40,4.40,19.2,22.7
1,2022-02-18,2.80,2.80,18.1,23.0
1,2022-02-19,1.70,1.70,15.0,22.6
1,2022-02-20,2.20,2.20,21.1,22.5
1,2022-02-21,3.40,3.40,16.3,22.8
1,2022-02-22,1.90,1.90,21.2,23.6
1,2022-02-23,0.00,0.00,24.6,23.9
1,2022-02-24,0.30,0.30,20.2,24.0
1,2022-02-25,2.70,2.70,26.2,23.7
1,2022-02-26,2.20,2.20,20.4,23.6
1,2022-02-27,3.80,3.80,12.6,23.5
1,2022-02-28,3.50,3.50,15.1,23.3
1,2022-03-01,1.80,1.80,13.6,22.5
1,2022-03-02,0.40,0.40,7.1,23.3
1,2022-03-03,2.40,2.40,11.7,22.9
1,2022-03-04,1.10,1.10,14.9,22.3
1,2022-03-05,0.00,0.00,12.4,22.5
1,2022-03-06,0.00,0.00,9.6,23.1
1,2022-03-07,1.80,1.80,13.7,23.7
1,2022-03-08,1.60,1.60,15.8,23.5
1,2022-03-09,5.20,5.20,15.7,23.8
1,2022-03-10,5.40,5.40,17.9,24.4
1,2022-03-11,0.50,0.50,21.4,24.3
1,2022-03-12,0.20,0.20,22.6,24.4
1,2022-03-13,0.90,0.90,19.6,24.2
1,2022-03-14,0.50,0.50,20.8,24.2
1,2022-03-15,0.00,0.00,16.3,24.6
1,2022-03-16,2.50,2.50,18.4,24.7
1,2022-03-17,0.40,0.40,20.7,24.4
1,2022-03-18,1.20,1.20,23.3,24.3
1,2022-03-19,2.40,2.40,23.0,24.3
1,2022-03-20,1.20,1.20,15.3,24.6
1,2022-03-21,3.20,3.20,15.1,23.8
1,2022-03-22,7.00,7.00,22.2,23.2
1,2022-03-23,3.90,3.90,29.5,23.8
1,2022-03-24,1.10,1.10,29.5,23.8
1,2022-03-25,9.30,9.30,26.5,22.4
1,2022-03-26,3.70,3.70,21.9,23.4
1,2022-03-27,2.40,2.40,16.1,22.9
1,2022-03-28,0.70,0.70,16.0,24.0
1,2022-03-29,1.90,1.90,19.4,24.0
1,2022-03-30,2.90,2.90,23.1,24.4
1,2022-03-31,5.90,5.90,26.0,23.4
1,2022-04-01,3.50,3.50,25.6,23.3
1,2022-04-02,3.70,3.70,30.6,23.5
1,2022-04-03,3.20,3.20,30.5,24.0
1,2022-04-04,0.80,0.80,24.3,23.8
1,2022-04-05,2.60,2.60,22.3,23.6
1,2022-04-06,4.30,4.30,21.8,23.0
1,2022-04-07,0.50,0.50,25.4,23.9
1,2022-04-08,2.30,2.30,28.9,23.7
1,2022-04-09,4.40,4.40,25.2,23.7
1,2022-04-10,0.90,0.90,21.0,24.4
1,2022-04-11,6.50,6.50,23.8,24.2
1,2022-04-12,1.30,1.30,20.2,24.3
1,2022-04-13,2.80,2.80,23.9,24.2
1,2022-04-14,2.00,2.00,25.8,23.8
1,2022-04-15,3.60,3.60,25.8,23.5
1,2022-04-16,5.40,5.40,23.4,22.7
1,2022-04-17,6.30,6.30,25.3,22.9
1,2022-04-18,1.80,1.80,22.9,23.3
1,2022-04-19,7.80,7.80,27.1,22.5
1,2022-04-20,4.80,4.80,25.4,22.8
1,2022-04-21,4.00,4.00,26.6,23.2
1,2022-04-22,5.80,5.80,24.2,24.0
1,2022-04-23,5.10,5.10,27.2,23.6
1,2022-04-24,7.60,7.60,27.5,23.7
1,2022-04-25,4.80,4.80,25.4,23.9
1,2022-04-26,2.90,2.90,22.2,23.7
1,2022-04-27,3.20,3.20,24.1,23.6
1,2022-04-28,3.80,3.80,22.1,24.1
1,2022-04-29,2.10,2.10,23.5,24.0
1,2022-04-30,3.10,3.10,25.1,23.9
1,2022-05-01,5.90,5.90,28.6,23.4
1,2022-05-02,6.60,6.60,25.8,23.3
1,2022-05-03,5.30,5.30,23.1,23.2
1,2022-05-04,4.20,4.20,24.9,23.5
1,2022-05-05,3.00,3.00,26.0,23.9
1,2022-05-06,2.70,2.70,26.9,24.0
1,2022-05-07,0.20,0.20,27.0,24.0
1,2022-05-08,0.00,0.00,27.9,24.4
1,2022-05-09,1.70,1.70,31.6,24.2
1,2022-05-10,1.90,1.90,25.6,24.0
1,2022-05-11,2.00,2.00,24.0,23.9
1,2022-05-12,0.40,0.40,28.2,24.2
1,2022-05-13,0.00,0.00,26.7,24.4
1,2022-05-14,3.60,3.60,21.1,23.7
1,2022-05-15,2.10,2.10,20.9,24.1
1,2022-05-16,2.80,2.80,12.2,24.4
1,2022-05-17,0.80,0.80,17.0,25.0
1,2022-05-18,5.30,5.30,24.3,24.5
1,2022-05-19,2.50,2.50,19.8,25.3
1,2022-05-20,2.20,2.20,10.2,25.4
1,2022-05-21,0.10,0.10,17.4,25.3
1,2022-05-22,1.60,1.60,22.2,25.0
1,2022-05-23,2.30,2.30,22.7,24.7
1,2022-05-24,0.70,0.70,17.2,24.4
1,2022-05-25,1.70,1.70,20.5,24.1
1,2022-05-26,1.20,1.20,20.8,24.3
1,2022-05-27,3.50,3.50,21.4,24.3
1,2022-05-28,3.70,3.70,20.8,24.5
1,2022-05-29,1.50,1.50,17.4,25.0
1,2022-05-30,3.10,3.10,20.0,24.8
1,2022-05-31,2.80,2.80,21.1,24.8
1,2022-06-01,2.80,2.80,20.0,24.8
1,2022-06-02,6.10,6.10,20.9,24.4
1,2022-06-03,3.00,3.00,16.8,24.3
1,2022-06-04,0.60,0.60,16.8,24.5
1,2022-06-05,4.00,4.00,17.1,24.6
1,2022-06-06,2.80,2.80,17.0,25.2
1,2022-06-07,2.70,2.70,20.2,25.3
1,2022-06-08,0.80,0.80,20.9,25.2
1,2022-06-09,2.00,2.00,20.2,25.3
1,2022-06-10,2.40,2.40,21.9,25.1
1,2022-06-11,3.70,3.70,26.3,25.2
1,2022-06-12,7.30,7.30,27.5,25.1
1,2022-06-13,7.70,7.70,27.6,25.0
1,2022-06-14,2.30,2.30,27.7,24.9
1,2022-06-15,3.50,3.50,22.5,24.8
1,2022-06-16,5.20,5.20,23.7,24.5
1,2022-06-17,3.00,3.00,21.7,25.0
1,2022-06-18,0.80,0.80,22.4,25.5
1,2022-06-19,0.70,0.70,23.8,25.4
1,2022-06-20,2.90,2.90,26.3,25.0
1,2022-06-21,6.60,6.60,22.7,25.0
1,2022-06-22,2.40,2.40,22.6,24.9
1,2022-06-23,2.00,2.00,21.1,24.8
1,2022-06-24,5.80,5.80,16.4,24.0
1,2022-06-25,3.80,3.80,15.4,24.5
1,2022-06-26,0.10,0.10,16.3,25.4
1,2022-06-27,3.80,3.80,20.3,25.0
1,2022-06-28,1.50,1.50,23.9,25.2
1,2022-06-29,3.90,3.90,28.0,24.9
1,2022-06-30,2.30,2.30,27.5,25.5
1,2022-07-01,10.10,10.10,30.4,25.1
1,2022-07-02,1.20,1.20,29.0,25.3
1,2022-07-03,5.60,5.60,27.9,24.8
1,2022-07-04,6.50,6.50,31.6,24.6
1,2022-07-05,9.30,9.30,28.2,24.4
1,2022-07-06,2.20,2.20,25.3,24.8
1,2022-07-07,3.50,3.50,24.5,24.4
1,2022-07-08,7.20,7.20,27.5,24.4
1,2022-07-09,5.80,5.80,27.1,25.2
1,2022-07-10,6.10,6.10,28.5,25.1
1,2022-07-11,4.10,4.10,23.9,24.8
1,2022-07-12,5.40,5.40,24.1,24.7
1,2022-07-13,10.20,10.20,26.9,25.2
1,2022-07-14,5.00,5.00,25.1,24.9
1,2022-07-15,4.40,4.40,25.4,25.1
1,2022-07-16,7.50,7.50,29.1,25.3
1,2022-07-17,7.60,7.60,27.7,25.6
1,2022-07-18,5.20,5.20,28.6,25.1
1,2022-07-19,3.60,3.60,25.7,24.8
1,2022-07-20,4.00,4.00,23.9,24.9
1,2022-07-21,3.30,3.30,23.7,24.9
1,2022-07-22,3.30,3.30,21.9,25.4
1,2022-07-23,2.20,2.20,21.0,25.3
1,2022-07-24,0.40,0.40,21.3,25.4
1,2022-07-25,2.30,2.30,23.5,25.3
1,2022-07-26,6.70,6.70,26.6,25.2
1,2022-07-27,0.80,0.80,21.9,25.6
1,2022-07-28,0.00,0.00,16.0,25.9
1,2022-07-29,0.00,0.00,17.1,25.9
1,2022-07-30,1.10,1.10,26.2,26.3
1,2022-07-31,0.40,0.40,29.0,25.9
1,2022-08-01,6.00,6.00,26.4,24.7
1,2022-08-02,2.10,2.10,24.0,25.4
1,2022-08-03,5.90,5.90,18.8,24.8
1,2022-08-04,1.80,1.80,14.9,25.2
1,2022-08-05,5.50,5.50,10.8,25.7
1,2022-08-06,3.10,3.10,20.1,26.2
1,2022-08-07,0.00,0.00,21.0,26.7
1,2022-08-08,2.10,2.10,23.1,26.4
1,2022-08-09,4.50,4.50,27.2,26.2
1,2022-08-10,3.00,3.00,29.1,26.3
1,2022-08-11,5.50,5.50,29.0,25.9
1,2022-08-12,3.50,3.50,22.1,25.4
1,2022-08-13,2.80,2.80,24.3,25.6
1,2022-08-14,1.00,1.00,21.2,26.0
1,2022-08-15,0.50,0.50,16.9,25.8
1,2022-08-16,0.50,0.50,8.3,26.2
1,2022-08-17,7.70,7.70,16.2,26.6
1,2022-08-18,8.80,8.80,18.1,26.2
1,2022-08-19,0.50,0.50,22.6,26.6
1,2022-08-20,7.90,7.90,22.7,25.9
1,2022-08-21,0.70,0.70,21.8,26.0
1,2022-08-22,3.90,3.90,21.4,25.6
1,2022-08-23,1.90,1.90,10.1,25.9
1,2022-08-24,4.00,4.00,12.6,26.4
1,2022-08-25,0.10,0.10,16.6,26.6
1,2022-08-26,3.30,3.30,21.2,26.5
1,2022-08-27,2.60,2.60,27.2,26.3
1,2022-08-28,1.80,1.80,19.4,25.8
1,2022-08-29,3.00,3.00,18.2,26.1
1,2022-08-30,3.20,3.20,16.9,25.8
1,2022-08-31,2.60,2.60,18.8,25.3
1,2022-09-01,1.00,1.00,20.2,26.1
1,2022-09-02,8.00,8.00,21.3,25.6
1,2022-09-03,9.90,9.90,18.4,25.1
1,2022-09-04,3.10,3.10,21.5,26.2
1,2022-09-05,2.50,2.50,22.1,26.2
1,2022-09-06,3.90,3.90,23.3,26.3
1,2022-09-07,0.90,0.90,22.5,26.6
1,2022-09-08,2.40,2.40,17.8,25.8
1,2022-09-09,11.50,11.50,18.2,24.8
1,2022-09-10,1.70,1.70,14.7,26.1
1,2022-09-11,1.10,1.10,15.5,26.4
1,2022-09-12,2.50,2.50,19.4,26.2
1,2022-09-13,4.20,4.20,21.9,26.0
1,2022-09-14,0.10,0.10,17.2,26.4
1,2022-09-15,4.50,4.50,14.6,26.0
1,2022-09-16,2.00,2.00,9.8,26.6
1,2022-09-17,0.00,0.00,17.2,26.7
1,2022-09-18,3.60,3.60,18.9,26.0
1,2022-09-19,3.40,3.40,24.6,25.9
1,2022-09-20,2.30,2.30,22.2,26.5
1,2022-09-21,5.20,5.20,19.4,25.9
1,2022-09-22,5.80,5.80,17.4,25.6
1,2022-09-23,4.30,4.30,20.5,25.8
1,2022-09-24,0.70,0.70,15.2,26.6
1,2022-09-25,1.70,1.70,13.3,26.2
1,2022-09-26,1.50,1.50,17.3,26.3
1,2022-09-27,2.60,2.60,22.7,26.1
1,2022-09-28,0.00,0.00,20.9,26.2
1,2022-09-29,1.80,1.80,22.4,26.3
1,2022-09-30,0.10,0.10,17.1,26.3
1,2022-10-01,1.70,1.70,15.7,26.1
1,2022-10-02,3.90,3.90,20.0,25.1
1,2022-10-03,1.80,1.80,17.4,25.7
1,2022-10-04,6.00,6.00,18.2,25.1
1,2022-10-05,1.00,1.00,17.5,25.5
1,2022-10-06,2.60,2.60,15.3,25.3
1,2022-10-07,0.00,0.00,14.9,25.5
1,2022-10-08,0.90,0.90,13.9,25.4
1,2022-10-09,0.00,0.00,11.5,25.3
1,2022-10-10,1.00,1.00,7.6,26.4
1,2022-10-11,5.30,5.30,9.0,25.6
1,2022-10-12,5.60,5.60,10.7,25.5
1,2022-10-13,3.60,3.60,10.1,25.9
1,2022-10-14,3.70,3.70,16.1,25.6
1,2022-10-15,1.10,1.10,18.8,25.6
1,2022-10-16,2.40,2.40,18.7,25.7
1,2022-10-17,0.00,0.00,14.1,25.9
1,2022-10-18,1.00,1.00,15.5,25.2
1,2022-10-19,19.10,19.10,19.6,24.4
1,2022-10-20,2.40,2.40,19.3,23.9
1,2022-10-21,0.50,0.50,14.8,26.2
1,2022-10-22,0.70,0.70,25.7,26.6
1,2022-10-23,2.30,2.30,23.1,26.0
1,2022-10-24,1.70,1.70,28.6,25.9
1,2022-10-25,5.70,5.70,27.9,26.1
1,2022-10-26,3.60,3.60,24.8,25.2
1,2022-10-27,5.40,5.40,19.8,25.1
1,2022-10-28,6.60,6.60,19.1,24.5
1,2022-10-29,2.30,2.30,21.7,25.8
1,2022-10-30,1.10,1.10,21.6,25.7
1,2022-10-31,5.80,5.80,24.3,25.5
1,2022-11-01,1.20,1.20,22.9,25.5
1,2022-11-02,2.40,2.40,25.0,25.5
1,2022-11-03,6.80,6.80,27.8,25.6
1,2022-11-04,4.50,4.50,29.2,26.2
1,2022-11-05,0.40,0.40,31.4,26.0
1,2022-11-06,0.60,0.60,25.5,25.8
1,2022-11-07,0.60,0.60,22.5,25.7
1,2022-11-08,1.80,1.80,25.3,25.4
1,2022-11-09,1.10,1.10,22.4,25.0
1,2022-11-10,2.10,2.10,21.2,24.3
1,2022-11-11,3.20,3.20,27.0,24.1
1,2022-11-12,2.70,2.70,26.9,24.3
1,2022-11-13,4.60,4.60,23.1,24.3
1,2022-11-14,1.00,1.00,20.3,24.5
1,2022-11-15,1.20,1.20,20.3,24.3
1,2022-11-16,0.00,0.00,20.4,24.9
1,2022-11-17,2.10,2.10,16.6,24.4
1,2022-11-18,2.30,2.30,21.0,24.2
1,2022-11-19,2.10,2.10,25.4,24.9
1,2022-11-20,2.20,2.20,28.3,25.0
1,2022-11-21,0.10,0.10,32.8,25.2
1,2022-11-22,1.70,1.70,23.0,24.9
1,2022-11-23,5.80,5.80,20.2,23.8
1,2022-11-24,5.40,5.40,34.2,22.6
1,2022-11-25,0.50,0.50,28.7,22.7
1,2022-11-26,0.50,0.50,18.1,22.9
1,2022-11-27,4.00,4.00,10.8,22.7
1,2022-11-28,6.20,6.20,6.8,22.9
1,2022-11-29,2.40,2.40,11.0,24.4
1,2022-11-30,1.90,1.90,19.5,24.0
1,2022-12-01,3.50,3.50,20.3,23.1
1,2022-12-02,3.40,3.40,21.0,23.6
1,2022-12-03,2.40,2.40,19.7,24.4
1,2022-12-04,4.40,4.40,20.2,24.2
1,2022-12-05,0.20,0.20,9.2,24.1
1,2022-12-06,3.40,3.40,20.8,24.5
1,2022-12-07,1.10,1.10,29.9,24.9
1,2022-12-08,1.20,1.20,32.8,24.7
1,2022-12-09,1.30,1.30,31.0,24.5
1,2022-12-10,0.40,0.40,29.2,24.3
1,2022-12-11,2.70,2.70,27.4,24.0
1,2022-12-12,4.40,4.40,30.3,23.4
1,2022-12-13,2.20,2.20,24.0,23.8
1,2022-12-14,1.60,1.60,22.1,24.1
1,2022-12-15,0.30,0.30,15.7,23.5
1,2022-12-16,7.00,7.00,10.4,23.3
1,2022-12-17,2.00,2.00,6.8,23.0
1,2022-12-18,27.40,27.40,21.4,21.2
1,2022-12-19,5.50,5.50,23.2,20.4
1,2022-12-20,0.40,0.40,21.0,22.3
1,2022-12-21,0.20,0.20,11.8,23.2
1,2022-12-22,0.10,0.10,15.3,22.2
1,2022-12-23,0.00,0.00,14.7,22.5
1,2022-12-24,0.20,0.20,20.4,23.4
1,2022-12-25,0.00,0.00,8.9,24.0
1,2022-12-26,0.80,0.80,15.9,23.8
1,2022-12-27,0.10,0.10,25.4,24.4
1,2022-12-28,0.20,0.20,23.8,23.8
1,2022-12-29,1.30,1.30,10.0,23.5
1,2022-12-30,0.70,0.70,18.5,23.6
1,2022-12-31,1.70,1.70,12.6,23.4
1,2023-01-01,4.40,4.40,15.3,23.2
1,2023-01-02,1.30,1.30,16.6,23.8
1,2023-01-03,0.00,0.00,17.9,22.7
1,2023-01-04,4.60,4.60,17.0,22.3
1,2023-01-05,2.40,2.40,15.5,23.2
1,2023-01-06,1.70,1.70,16.0,23.6
1,2023-01-07,0.00,0.00,16.9,23.3
1,2023-01-08,0.00,0.00,18.0,22.8
1,2023-01-09,0.00,0.00,11.6,22.9
1,2023-01-10,0.00,0.00,17.6,22.9
1,2023-01-11,1.10,1.10,22.9,22.5
1,2023-01-12,0.00,0.00,17.8,21.8
1,2023-01-13,0.00,0.00,12.0,22.9
1,2023-01-14,0.20,0.20,18.0,23.2
1,2023-01-15,0.80,0.80,27.0,24.0
1,2023-01-16,2.00,2.00,14.2,23.8
1,2023-01-17,0.00,0.00,7.3,23.4
1,2023-01-18,0.00,0.00,10.5,24.0
1,2023-01-19,6.70,6.70,12.7,23.5
1,2023-01-20,0.00,0.00,23.5,23.7
1,2023-01-21,0.10,0.10,19.4,24.5
1,2023-01-22,1.30,1.30,18.5,23.1
1,2023-01-23,1.50,1.50,12.2,23.3
1,2023-01-24,1.20,1.20,12.0,23.3
1,2023-01-25,1.70,1.70,21.0,22.4
1,2023-01-26,0.30,0.30,24.6,22.1
1,2023-01-27,2.20,2.20,26.9,22.0
1,2023-01-28,15.60,15.60,24.9,21.1
1,2023-01-29,13.00,13.00,27.4,20.7
1,2023-01-30,9.20,9.20,23.8,21.9
1,2023-01-31,1.00,1.00,13.7,22.7
1,2023-02-01,0.20,0.20,17.7,22.6
1,2023-02-02,2.30,2.30,15.3,22.9
1,2023-02-03,2.70,2.70,18.6,22.1
1,2023-02-04,14.80,14.80,25.0,22.4
1,2023-02-05,5.20,5.20,25.7,23.2
1,2023-02-06,0.90,0.90,25.3,23.9
1,2023-02-07,1.90,1.90,24.5,23.9
1,2023-02-08,0.70,0.70,35.8,23.4
1,2023-02-09,2.80,2.80,36.7,23.4
1,2023-02-10,0.00,0.00,37.1,23.6
1,2023-02-11,0.20,0.20,31.4,23.5
1,2023-02-12,4.20,4.20,28.7,22.4
1,2023-02-13,3.90,3.90,27.6,22.8
1,2023-02-14,2.50,2.50,26.0,22.5
1,2023-02-15,3.80,3.80,19.7,21.9
1,2023-02-16,12.40,12.40,25.3,22.5
1,2023-02-17,33.70,33.70,12.0,21.4
1,2023-02-18,11.50,11.50,16.1,22.3
1,2023-02-19,7.40,7.40,26.7,22.8
1,2023-02-20,17.20,17.20,24.9,23.0
1,2023-02-21,5.30,5.30,38.6,23.5
1,2023-02-22,4.70,4.70,31.7,23.5
1,2023-02-23,1.80,1.80,33.0,23.4
1,2023-02-24,3.20,3.20,28.6,22.6
1,2023-02-25,2.50,2.50,29.2,22.6
1,2023-02-26,4.10,4.10,29.1,22.7
1,2023-02-27,4.10,4.10,33.0,22.6
1,2023-02-28,3.90,3.90,33.1,22.5
1,2023-03-01,3.30,3.30,35.1,22.2
1,2023-03-02,2.30,2.30,33.2,22.0
1,2023-03-03,8.50,8.50,21.0,21.6
1,2023-03-04,3.00,3.00,18.1,21.9
1,2023-03-05,0.70,0.70,11.0,21.8
1,2023-03-06,8.20,8.20,21.9,22.5
1,2023-03-07,2.10,2.10,26.5,22.5
1,2023-03-08,2.40,2.40,38.9,22.6
1,2023-03-09,0.00,0.00,17.1,21.8
1,2023-03-10,0.40,0.40,14.5,21.6
1,2023-03-11,0.00,0.00,8.4,21.3
1,2023-03-12,0.60,0.60,24.7,23.4
1,2023-03-13,0.00,0.00,18.1,23.9
1,2023-03-14,4.50,4.50,19.4,23.9
1,2023-03-15,0.20,0.20,21.3,24.8
1,2023-03-16,0.00,0.00,17.4,24.3
1,2023-03-17,0.20,0.20,11.0,24.5
1,2023-03-18,1.80,1.80,13.5,24.0
1,2023-03-19,0.20,0.20,15.4,24.0
1,2023-03-20,3.20,3.20,25.3,24.3
1,2023-03-21,4.40,4.40,27.6,24.1
1,2023-03-22,2.60,2.60,12.6,24.3
1,2023-03-23,8.60,8.60,16.5,23.3
1,2023-03-24,2.50,2.50,11.6,23.9
1,2023-03-25,1.00,1.00,30.1,24.1
1,2023-03-26,4.60,4.60,24.6,24.0
1,2023-03-27,1.70,1.70,9.2,24.2
1,2023-03-28,9.70,9.70,18.4,23.4
1,2023-03-29,9.50,9.50,20.2,23.5
1,2023-03-30,2.20,2.20,12.1,24.4
1,2023-03-31,2.20,2.20,15.8,24.2
1,2023-04-01,3.50,3.50,18.1,23.5
1,2023-04-02,14.40,14.40,26.1,22.7
1,2023-04-03,2.10,2.10,19.7,23.1
1,2023-04-04,9.70,9.70,22.5,22.8
1,2023-04-05,1.70,1.70,26.9,23.7
1,2023-04-06,1.80,1.80,26.7,23.7
1,2023-04-07,2.00,2.00,23.7,23.2
1,2023-04-08,2.00,2.00,23.0,23.1
1,2023-04-09,4.60,4.60,23.3,22.6
1,2023-04-10,3.10,3.10,26.1,23.1
1,2023-04-11,3.90,3.90,27.1,23.4
1,2023-04-12,2.40,2.40,26.4,23.8
1,2023-04-13,2.80,2.80,32.6,23.4
1,2023-04-14,3.20,3.20,19.3,22.8
1,2023-04-15,2.70,2.70,21.6,23.0
1,2023-04-16,6.00,6.00,15.6,23.7
1,2023-04-17,1.20,1.20,14.9,23.8
1,2023-04-18,7.40,7.40,27.7,23.4
1,2023-04-19,22.10,22.10,31.0,23.9
1,2023-04-20,2.90,2.90,11.3,23.8
1,2023-04-21,3.60,3.60,15.2,24.4
1,2023-04-22,6.00,6.00,22.2,24.2
1,2023-04-23,0.70,0.70,12.6,24.2
1,2023-04-24,2.60,2.60,8.0,24.0
1,2023-04-25,12.30,12.30,20.1,23.1
1,2023-04-26,3.50,3.50,16.0,23.0
1,2023-04-27,3.20,3.20,11.8,22.6
1,2023-04-28,2.30,2.30,10.6,23.6
1,2023-04-29,6.60,6.60,21.2,23.5
1,2023-04-30,4.50,4.50,22.7,23.9
1,2023-05-01,1.20,1.20,24.5,24.5
1,2023-05-02,3.50,3.50,13.2,23.7
1,2023-05-03,3.20,3.20,32.1,24.0
1,2023-05-04,1.70,1.70,25.9,24.1
1,2023-05-05,6.30,6.30,27.6,23.9
1,2023-05-06,1.40,1.40,26.0,24.1
1,2023-05-07,4.90,4.90,23.9,23.8
1,2023-05-08,2.30,2.30,26.6,24.0
1,2023-05-09,3.70,3.70,24.2,23.8
1,2023-05-10,8.30,8.30,17.3,23.2
1,2023-05-11,0.90,0.90,14.3,23.5
1,2023-05-12,0.70,0.70,11.5,24.1
1,2023-05-13,0.80,0.80,18.4,22.9
1,2023-05-14,3.70,3.70,19.5,22.8
1,2023-05-15,1.90,1.90,16.6,22.8
1,2023-05-16,1.90,1.90,15.7,23.0
1,2023-05-17,1.60,1.60,16.7,23.6
1,2023-05-18,7.30,7.30,14.6,23.3
1,2023-05-19,1.30,1.30,16.4,24.5
1,2023-05-20,1.40,1.40,19.5,25.1
1,2023-05-21,0.70,0.70,20.1,24.9
1,2023-05-22,2.30,2.30,25.2,24.4
1,2023-05-23,3.50,3.50,24.1,24.6
1,2023-05-24,3.10,3.10,24.5,24.6
1,2023-05-25,5.40,5.40,23.3,23.7
1,2023-05-26,4.20,4.20,22.6,23.7
1,2023-05-27,0.30,0.30,16.0,24.0
1,2023-05-28,1.80,1.80,15.9,23.8
1,2023-05-29,2.70,2.70,20.6,24.3
1,2023-05-30,6.70,6.70,20.6,24.7
1,2023-05-31,4.40,4.40,21.5,24.7
1,2023-06-01,3.70,3.70,21.4,24.5
1,2023-06-02,1.60,1.60,20.0,24.4
1,2023-06-03,1.60,1.60,17.0,23.7
1,2023-06-04,4.20,4.20,15.8,24.2
1,2023-06-05,0.80,0.80,16.6,24.5
1,2023-06-06,4.20,4.20,18.9,24.7
1,2023-06-07,0.70,0.70,16.2,24.8
1,2023-06-08,2.20,2.20,20.7,24.8
1,2023-06-09,2.40,2.40,24.6,25.2
1,2023-06-10,2.50,2.50,23.4,25.3
1,2023-06-11,0.10,0.10,27.4,25.6
1,2023-06-12,2.60,2.60,27.7,25.4
1,2023-06-13,2.90,2.90,25.3,25.0
1,2023-06-14,1.00,1.00,22.1,25.0
1,2023-06-15,5.10,5.10,21.2,24.4
1,2023-06-16,2.90,2.90,22.7,25.1
1,2023-06-17,0.80,0.80,22.3,25.1
1,2023-06-18,1.50,1.50,19.4,25.4
1,2023-06-19,1.90,1.90,17.3,25.2
1,2023-06-20,2.80,2.80,17.8,25.0
1,2023-06-21,2.90,2.90,21.9,25.4
1,2023-06-22,4.50,4.50,24.5,25.1
1,2023-06-23,3.40,3.40,27.7,25.2
1,2023-06-24,5.70,5.70,26.4,24.9
1,2023-06-25,3.90,3.90,29.5,25.0
1,2023-06-26,1.70,1.70,26.9,25.0
1,2023-06-27,1.50,1.50,26.1,25.7
1,2023-06-28,8.20,8.20,25.1,24.8
1,2023-06-29,3.40,3.40,21.9,24.8
1,2023-06-30,10.00,10.00,20.2,24.4
1,2023-07-01,4.10,4.10,19.8,24.5
1,2023-07-02,4.10,4.10,18.4,24.9
1,2023-07-03,2.40,2.40,22.8,25.6
1,2023-07-04,2.30,2.30,24.1,25.5
1,2023-07-05,3.00,3.00,24.5,25.2
1,2023-07-06,5.60,5.60,19.5,25.1
1,2023-07-07,2.60,2.60,24.7,25.3
1,2023-07-08,3.10,3.10,26.6,25.2
1,2023-07-09,1.10,1.10,29.5,25.2
1,2023-07-10,6.20,6.20,22.1,25.0
1,2023-07-11,4.00,4.00,26.3,25.2
1,2023-07-12,0.30,0.30,23.8,26.0
1,2023-07-13,4.60,4.60,23.8,25.6
1,2023-07-14,1.00,1.00,20.9,25.6
1,2023-07-15,4.30,4.30,20.3,24.3
1,2023-07-16,3.30,3.30,21.3,25.1
1,2023-07-17,5.10,5.10,23.8,25.9
1,2023-07-18,5.10,5.10,32.6,25.5
1,2023-07-19,9.20,9.20,32.8,25.5
1,2023-07-20,10.10,10.10,25.5,25.5
1,2023-07-21,7.80,7.80,25.9,25.6
1,2023-07-22,7.60,7.60,21.4,25.6
1,2023-07-23,6.90,6.90,25.1,25.5
1,2023-07-24,2.40,2.40,25.5,25.7
1,2023-07-25,5.50,5.50,25.6,25.6
1,2023-07-26,4.20,4.20,25.3,25.7
1,2023-07-27,3.00,3.00,21.7,25.7
1,2023-07-28,2.70,2.70,30.2,25.6
1,2023-07-29,4.90,4.90,22.9,25.5
1,2023-07-30,1.60,1.60,21.6,25.8
1,2023-07-31,3.50,3.50,26.8,25.9
1,2023-08-01,2.70,2.70,29.2,25.8
1,2023-08-02,6.90,6.90,27.1,25.4
1,2023-08-03,3.90,3.90,23.4,25.2
1,2023-08-04,7.60,7.60,19.7,24.5
1,2023-08-05,3.00,3.00,18.9,24.9
1,2023-08-06,2.10,2.10,23.5,25.8
1,2023-08-07,3.80,3.80,30.6,26.3
1,2023-08-08,0.20,0.20,34.9,26.7
1,2023-08-09,1.50,1.50,30.5,26.1
1,2023-08-10,1.40,1.40,25.4,26.3
1,2023-08-11,0.80,0.80,22.6,26.1
1,2023-08-12,0.50,0.50,20.8,26.0
1,2023-08-13,0.30,0.30,21.8,25.8
1,2023-08-14,8.40,8.40,22.4,25.6
1,2023-08-15,4.40,4.40,22.8,25.8
1,2023-08-16,3.00,3.00,22.8,25.8
1,2023-08-17,3.30,3.30,22.7,25.9
1,2023-08-18,1.40,1.40,17.3,25.6
1,2023-08-19,2.10,2.10,17.9,25.7
1,2023-08-20,4.60,4.60,20.3,25.5
1,2023-08-21,6.40,6.40,23.5,25.9
1,2023-08-22,0.00,0.00,28.9,26.7
1,2023-08-23,2.30,2.30,24.8,26.2
1,2023-08-24,4.90,4.90,24.5,26.0
1,2023-08-25,6.60,6.60,22.4,25.9
1,2023-08-26,2.40,2.40,23.4,26.1
1,2023-08-27,4.00,4.00,21.1,25.7
1,2023-08-28,3.30,3.30,24.6,25.8
1,2023-08-29,3.40,3.40,24.8,26.0
1,2023-08-30,2.40,2.40,26.0,26.4
1,2023-08-31,3.80,3.80,30.3,26.1
1,2023-09-01,6.90,6.90,25.6,25.9
1,2023-09-02,4.50,4.50,26.3,25.9
1,2023-09-03,4.60,4.60,20.3,25.3
1,2023-09-04,0.00,0.00,15.7,25.6
1,2023-09-05,0.10,0.10,15.3,25.9
1,2023-09-06,0.70,0.70,16.6,25.8
1,2023-09-07,2.20,2.20,16.8,26.1
1,2023-09-08,2.20,2.20,20.0,25.9
1,2023-09-09,4.60,4.60,21.3,25.6
1,2023-09-10,4.30,4.30,25.0,25.7
1,2023-09-11,0.80,0.80,24.1,26.0
1,2023-09-12,3.70,3.70,23.1,25.9
1,2023-09-13,4.30,4.30,18.8,25.9
1,2023-09-14,6.20,6.20,20.3,25.5
1,2023-09-15,3.70,3.70,20.7,25.9
1,2023-09-16,1.50,1.50,23.9,26.4
1,2023-09-17,5.80,5.80,22.7,25.6
1,2023-09-18,4.30,4.30,22.9,25.7
1,2023-09-19,3.60,3.60,23.4,25.9
1,2023-09-20,1.20,1.20,22.9,26.1
1,2023-09-21,5.40,5.40,27.9,25.5
1,2023-09-22,2.40,2.40,27.4,26.1
1,2023-09-23,4.70,4.70,26.1,25.7
1,2023-09-24,4.20,4.20,25.5,25.6
1,2023-09-25,0.20,0.20,24.6,25.9
1,2023-09-26,2.60,2.60,26.7,25.8
1,2023-09-27,2.40,2.40,28.8,25.4
1,2023-09-28,3.00,3.00,22.4,26.0
1,2023-09-29,2.30,2.30,22.8,26.3
1,2023-09-30,5.40,5.40,26.8,26.2
1,2023-10-01,3.70,3.70,25.6,25.8
1,2023-10-02,2.50,2.50,17.6,25.4
1,2023-10-03,0.50,0.50,7.9,25.4
1,2023-10-04,0.50,0.50,13.0,25.0
1,2023-10-05,0.60,0.60,15.0,26.0
1,2023-10-06,1.50,1.50,15.8,25.9
1,2023-10-07,2.40,2.40,20.1,25.3
1,2023-10-08,0.90,0.90,22.5,25.4
1,2023-10-09,5.90,5.90,24.2,25.4
1,2023-10-10,0.60,0.60,18.5,25.8
1,2023-10-11,0.00,0.00,18.6,25.7
1,2023-10-12,0.00,0.00,19.4,26.1
1,2023-10-13,2.50,2.50,19.2,25.5
1,2023-10-14,1.00,1.00,15.2,25.7
1,2023-10-15,0.70,0.70,18.2,25.9
1,2023-10-16,0.80,0.80,17.8,26.2
1,2023-10-17,1.30,1.30,13.4,25.7
1,2023-10-18,1.30,1.30,15.5,25.2
1,2023-10-19,1.30,1.30,17.1,25.1
1,2023-10-20,2.50,2.50,16.7,25.1
1,2023-10-21,1.50,1.50,9.2,25.5
1,2023-10-22,0.30,0.30,15.4,25.3
1,2023-10-23,0.20,0.20,22.2,26.0
1,2023-10-24,1.80,1.80,10.7,25.6
1,2023-10-25,0.20,0.20,6.5,25.2
1,2023-10-26,0.10,0.10,12.3,24.8
1,2023-10-27,0.00,0.00,18.0,25.3
1,2023-10-28,2.50,2.50,15.9,25.1
1,2023-10-29,0.40,0.40,16.3,25.4
1,2023-10-30,0.00,0.00,15.5,25.9
1,2023-10-31,0.60,0.60,11.5,25.6
1,2023-11-01,0.90,0.90,10.1,25.1
1,2023-11-02,0.30,0.30,13.7,25.4
1,2023-11-03,1.50,1.50,21.1,25.5
1,2023-11-04,3.10,3.10,25.1,25.5
1,2023-11-05,1.00,1.00,32.7,26.2
1,2023-11-06,4.50,4.50,31.8,25.9
1,2023-11-07,3.90,3.90,27.7,25.3
1,2023-11-08,0.10,0.10,29.2,26.1
1,2023-11-09,0.00,0.00,32.4,26.2
1,2023-11-10,3.10,3.10,26.8,25.8
1,2023-11-11,3.30,3.30,24.1,25.4
1,2023-11-12,2.90,2.90,31.4,25.3
1,2023-11-13,1.00,1.00,29.8,25.3
1,2023-11-14,2.30,2.30,34.9,24.7
1,2023-11-15,2.50,2.50,32.2,24.2
1,2023-11-16,2.20,2.20,25.5,24.2
1,2023-11-17,1.30,1.30,25.6,24.6
1,2023-11-18,0.00,0.00,12.0,24.2
1,2023-11-19,4.50,4.50,27.9,24.4
1,2023-11-20,24.90,24.90,21.3,22.2
1,2023-11-21,8.40,8.40,20.1,23.4
1,2023-11-22,3.30,3.30,14.8,24.0
1,2023-11-23,3.20,3.20,19.6,24.4
1,2023-11-24,2.40,2.40,15.1,24.2
1,2023-11-25,1.00,1.00,14.8,24.4
1,2023-11-26,3.50,3.50,19.4,24.0
1,2023-11-27,7.30,7.30,21.2,23.8
1,2023-11-28,5.30,5.30,18.1,23.4
1,2023-11-29,37.30,37.30,13.0,23.0
1,2023-11-30,0.10,0.10,16.6,23.8
1,2023-12-01,11.60,11.60,18.1,22.9
1,2023-12-02,2.20,2.20,16.5,23.8
1,2023-12-03,4.00,4.00,14.1,23.9
1,2023-12-04,5.00,5.00,21.5,24.1
1,2023-12-05,7.60,7.60,28.1,24.0
1,2023-12-06,1.40,1.40,25.4,24.4
1,2023-12-07,0.30,0.30,20.3,24.2
1,2023-12-08,1.80,1.80,7.0,22.7
1,2023-12-09,0.00,0.00,15.8,23.2
1,2023-12-10,3.20,3.20,21.7,24.9
1,2023-12-11,1.80,1.80,20.3,25.0
1,2023-12-12,5.40,5.40,24.7,23.7
1,2023-12-13,11.70,11.70,28.7,22.3
1,2023-12-14,3.50,3.50,32.9,21.8
1,2023-12-15,2.70,2.70,31.7,21.7
1,2023-12-16,1.30,1.30,26.8,21.9
1,2023-12-17,1.80,1.80,25.5,22.0
1,2023-12-18,6.10,6.10,26.3,21.7
1,2023-12-19,3.60,3.60,31.5,22.7
1,2023-12-20,15.80,15.80,24.7,22.0
1,2023-12-21,0.50,0.50,27.8,23.7
1,2023-12-22,4.30,4.30,25.2,23.3
1,2023-12-23,3.90,3.90,28.4,23.3
1,2023-12-24,0.90,0.90,21.5,23.3
1,2023-12-25,0.00,0.00,15.9,22.8
1,2023-12-26,0.00,0.00,17.1,22.9
1,2023-12-27,1.70,1.70,17.4,21.7
1,2023-12-28,3.60,3.60,22.9,21.9
1,2023-12-29,4.00,4.00,17.8,22.3
1,2023-12-30,1.20,1.20,19.9,22.5
1,2023-12-31,0.00,0.00,15.4,22.4
1,2024-01-01,2.40,2.40,22.8,22.9
1,2024-01-02,0.00,0.00,30.7,23.8
1,2024-01-03,1.40,1.40,32.4,23.3
1,2024-01-04,1.70,1.70,22.4,23.5
1,2024-01-05,0.00,0.00,15.5,23.3
1,2024-01-06,2.40,2.40,18.7,22.5
1,2024-01-07,2.90,2.90,16.9,22.6
1,2024-01-08,31.80,31.80,28.0,22.2
1,2024-01-09,10.90,10.90,25.2,22.2
1,2024-01-10,0.00,0.00,17.4,22.0
1,2024-01-11,1.70,1.70,27.7,20.2
1,2024-01-12,0.90,0.90,25.0,19.6
1,2024-01-13,0.00,0.00,22.1,20.6
1,2024-01-14,0.00,0.00,9.7,20.5
1,2024-01-15,0.00,0.00,18.4,20.9
1,2024-01-16,1.50,1.50,31.6,23.7
1,2024-01-17,0.10,0.10,18.1,23.0
1,2024-01-18,0.00,0.00,13.7,21.6
1,2024-01-19,0.00,0.00,16.3,22.1
1,2024-01-20,0.00,0.00,17.3,22.9
1,2024-01-21,1.50,1.50,13.6,22.6
1,2024-01-22,0.00,0.00,23.1,23.4
1,2024-01-23,1.30,1.30,20.9,23.6
1,2024-01-24,1.90,1.90,30.1,24.2
1,2024-01-25,4.40,4.40,8.3,23.2
1,2024-01-26,0.40,0.40,17.1,22.4
1,2024-01-27,2.30,2.30,25.6,23.0
1,2024-01-28,4.10,4.10,29.6,23.6
1,2024-01-29,7.00,7.00,27.5,23.4
1,2024-01-30,11.20,11.20,11.4,22.4
1,2024-01-31,0.70,0.70,8.9,23.0
1,2024-02-01,3.90,3.90,12.2,22.1
1,2024-02-02,0.30,0.30,30.4,21.5
1,2024-02-03,0.50,0.50,32.8,21.0
1,2024-02-04,0.80,0.80,34.9,22.1
1,2024-02-05,1.70,1.70,35.3,22.5
1,2024-02-06,1.10,1.10,34.3,23.1
1,2024-02-07,0.60,0.60,32.8,23.1
1,2024-02-08,0.10,0.10,25.0,23.5
1,2024-02-09,5.60,5.60,21.2,22.8
1,2024-02-10,1.70,1.70,9.0,22.2
1,2024-02-11,2.70,2.70,5.5,21.5
1,2024-02-12,0.60,0.60,12.1,21.7
1,2024-02-13,2.30,2.30,5.2,21.6
1,2024-02-14,0.60,0.60,23.0,22.4
1,2024-02-15,1.20,1.20,23.9,21.6
1,2024-02-16,0.50,0.50,22.7,20.7
1,2024-02-17,0.00,0.00,25.4,21.1
1,2024-02-18,0.20,0.20,29.9,21.4
1,2024-02-19,0.00,0.00,23.8,22.1
1,2024-02-20,1.30,1.30,19.5,22.6
1,2024-02-21,1.90,1.90,28.9,22.9
1,2024-02-22,1.30,1.30,29.1,23.2
1,2024-02-23,1.20,1.20,27.4,23.1
1,2024-02-24,1.70,1.70,28.3,22.5
1,2024-02-25,3.50,3.50,28.8,22.1
1,2024-02-26,1.90,1.90,31.6,22.2
1,2024-02-27,1.60,1.60,29.1,22.5
1,2024-02-28,9.60,9.60,27.6,21.9
1,2024-02-29,3.30,3.30,26.0,22.8
1,2024-03-01,2.40,2.40,26.4,22.7
1,2024-03-02,2.80,2.80,26.9,22.7
1,2024-03-03,0.90,0.90,23.7,22.8
1,2024-03-04,4.10,4.10,26.0,22.7
1,2024-03-05,2.30,2.30,32.4,22.4
1,2024-03-06,5.10,5.10,30.8,21.3
1,2024-03-07,4.90,4.90,28.5,22.0
1,2024-03-08,2.60,2.60,30.6,22.2
1,2024-03-09,2.50,2.50,32.2,22.7
1,2024-03-10,1.00,1.00,30.4,22.7
1,2024-03-11,1.30,1.30,28.8,22.8
1,2024-03-12,4.40,4.40,21.3,23.7
1,2024-03-13,17.70,17.70,11.2,22.4
1,2024-03-14,1.30,1.30,21.3,21.8
1,2024-03-15,2.00,2.00,18.7,20.8
1,2024-03-16,1.20,1.20,18.4,21.0
1,2024-03-17,0.30,0.30,20.1,21.9
1,2024-03-18,0.60,0.60,18.9,22.4
1,2024-03-19,4.10,4.10,21.6,21.8
1,2024-03-20,1.00,1.00,23.0,22.1
1,2024-03-21,0.10,0.10,25.5,22.4
1,2024-03-22,3.40,3.40,28.3,22.1
1,2024-03-23,2.80,2.80,29.6,22.6
1,2024-03-24,1.10,1.10,29.9,23.2
1,2024-03-25,0.50,0.50,24.6,23.8
1,2024-03-26,4.70,4.70,23.4,23.3
1,2024-03-27,4.60,4.60,28.8,23.2
1,2024-03-28,3.50,3.50,34.0,23.2
1,2024-03-29,2.20,2.20,29.0,23.3
1,2024-03-30,5.30,5.30,25.2,22.6
1,2024-03-31,4.50,4.50,20.9,23.0
1,2024-04-01,5.00,5.00,25.4,22.7
1,2024-04-02,3.70,3.70,29.3,23.2
1,2024-04-03,5.10,5.10,31.8,23.2
1,2024-04-04,4.40,4.40,32.3,23.2
1,2024-04-05,5.90,5.90,36.0,22.1
1,2024-04-06,6.70,6.70,34.7,22.2
1,2024-04-07,3.00,3.00,29.9,22.3
1,2024-04-08,3.50,3.50,23.6,23.0
1,2024-04-09,2.50,2.50,25.9,22.8
1,2024-04-10,1.70,1.70,15.9,23.7
1,2024-04-11,5.40,5.40,21.0,23.8
1,2024-04-12,1.50,1.50,12.6,24.5
1,2024-04-13,3.60,3.60,18.6,24.5
1,2024-04-14,21.90,21.90,25.9,22.8
1,2024-04-15,0.10,0.10,20.8,23.2
1,2024-04-16,3.90,3.90,15.1,21.6
1,2024-04-17,2.30,2.30,16.4,22.1
1,2024-04-18,9.00,9.00,18.7,22.1
1,2024-04-19,4.90,4.90,27.7,22.6
1,2024-04-20,3.40,3.40,22.2,22.4
1,2024-04-21,7.70,7.70,25.9,22.3
1,2024-04-22,2.70,2.70,25.0,23.0
1,2024-04-23,3.80,3.80,27.7,23.1
1,2024-04-24,7.30,7.30,28.6,22.8
1,2024-04-25,4.70,4.70,30.7,23.3
1,2024-04-26,3.50,3.50,30.2,23.4
1,2024-04-27,7.00,7.00,25.2,23.1
1,2024-04-28,2.40,2.40,21.2,24.0
1,2024-04-29,2.40,2.40,22.6,23.8
1,2024-04-30,4.90,4.90,16.6,24.0
1,2024-05-01,0.50,0.50,21.8,23.9
1,2024-05-02,2.00,2.00,23.6,23.7
1,2024-05-03,4.70,4.70,25.7,23.4
1,2024-05-04,3.30,3.30,28.7,23.4
1,2024-05-05,1.70,1.70,26.9,23.6
1,2024-05-06,4.00,4.00,27.1,23.1
1,2024-05-07,2.40,2.40,22.1,23.4
1,2024-05-08,1.90,1.90,16.6,23.6
1,2024-05-09,5.00,5.00,15.9,23.0
1,2024-05-10,7.60,7.60,9.4,22.3
1,2024-05-11,5.50,5.50,13.7,22.0
1,2024-05-12,6.90,6.90,12.7,22.6
1,2024-05-13,7.50,7.50,15.2,23.6
1,2024-05-14,13.90,13.90,9.0,23.7
1,2024-05-15,6.10,6.10,20.9,24.0
1,2024-05-16,27.10,27.10,24.6,23.2
1,2024-05-17,15.80,15.80,15.9,24.3
1,2024-05-18,21.60,21.60,20.5,24.0
1,2024-05-19,2.70,2.70,13.5,24.0
1,2024-05-20,2.20,2.20,23.4,24.5
1,2024-05-21,1.10,1.10,22.4,24.5
1,2024-05-22,3.90,3.90,28.4,24.5
1,2024-05-23,1.60,1.60,26.4,24.5
1,2024-05-24,2.30,2.30,24.3,24.1
1,2024-05-25,2.80,2.80,22.8,23.9
1,2024-05-26,2.40,2.40,23.2,23.8
1,2024-05-27,4.70,4.70,21.3,23.9
1,2024-05-28,7.60,7.60,28.8,24.4
1,2024-05-29,3.40,3.40,26.3,24.2
1,2024-05-30,4.80,4.80,26.1,24.1
1,2024-05-31,8.00,8.00,26.2,23.8
1,2024-06-01,4.40,4.40,27.8,23.8
1,2024-06-02,8.50,8.50,27.4,23.9
1,2024-06-03,6.10,6.10,26.5,24.2
1,2024-06-04,7.20,7.20,27.4,24.2
1,2024-06-05,2.20,2.20,21.7,24.6
1,2024-06-06,1.50,1.50,12.9,24.6
1,2024-06-07,1.10,1.10,14.9,24.4
1,2024-06-08,0.70,0.70,18.3,24.4
1,2024-06-09,0.80,0.80,24.9,24.5
1,2024-06-10,2.20,2.20,26.5,24.6
1,2024-06-11,6.60,6.60,23.8,24.4
1,2024-06-12,6.70,6.70,22.6,24.2
1,2024-06-13,5.90,5.90,25.2,24.5
1,2024-06-14,5.80,5.80,25.2,24.7
1,2024-06-15,2.30,2.30,25.0,24.7
1,2024-06-16,3.90,3.90,22.4,24.3
1,2024-06-17,6.60,6.60,26.9,24.2
1,2024-06-18,5.30,5.30,27.3,24.4
1,2024-06-19,6.90,6.90,29.5,24.6
1,2024-06-20,6.90,6.90,29.3,24.1
1,2024-06-21,3.30,3.30,29.3,24.7
1,2024-06-22,6.10,6.10,29.5,24.3
1,2024-06-23,5.30,5.30,27.6,24.7
1,2024-06-24,9.10,9.10,29.3,24.4
1,2024-06-25,5.90,5.90,25.0,24.2
1,2024-06-26,3.90,3.90,20.3,24.2
1,2024-06-27,6.00,6.00,22.2,24.3
1,2024-06-28,14.60,14.60,19.8,23.4
1,2024-06-29,1.80,1.80,17.2,24.7
1,2024-06-30,0.00,0.00,20.1,24.8
1,2024-07-01,4.30,4.30,24.2,24.8
1,2024-07-02,2.60,2.60,20.3,24.7
1,2024-07-03,8.40,8.40,20.5,24.6
1,2024-07-04,5.60,5.60,25.1,24.6
1,2024-07-05,3.50,3.50,24.7,24.8
1,2024-07-06,3.60,3.60,19.8,24.5
1,2024-07-07,2.50,2.50,23.2,24.4
1,2024-07-08,7.10,7.10,22.5,24.7
1,2024-07-09,4.30,4.30,29.4,25.1
1,2024-07-10,7.00,7.00,29.0,24.8
1,2024-07-11,7.40,7.40,29.3,24.7
1,2024-07-12,6.60,6.60,29.1,25.1
1,2024-07-13,3.70,3.70,29.4,25.1
1,2024-07-14,5.60,5.60,27.1,25.0
1,2024-07-15,7.50,7.50,26.9,24.7
1,2024-07-16,2.90,2.90,26.9,24.7
1,2024-07-17,1.50,1.50,22.2,24.7
1,2024-07-18,4.90,4.90,19.4,24.7
1,2024-07-19,2.50,2.50,18.4,24.6
1,2024-07-20,3.30,3.30,17.8,25.6
1,2024-07-21,1.60,1.60,24.1,25.7
1,2024-07-22,3.40,3.40,23.7,25.4
1,2024-07-23,3.20,3.20,25.3,25.4
1,2024-07-24,2.00,2.00,26.8,25.8
1,2024-07-25,7.20,7.20,29.8,25.5
1,2024-07-26,4.40,4.40,30.1,24.4
1,2024-07-27,2.80,2.80,27.6,24.4
1,2024-07-28,2.20,2.20,23.0,25.0
1,2024-07-29,1.60,1.60,22.4,25.3
1,2024-07-30,2.50,2.50,22.7,24.8
1,2024-07-31,2.70,2.70,21.1,25.0
1,2024-08-01,5.10,5.10,18.2,24.8
1,2024-08-02,3.10,3.10,19.8,25.1
1,2024-08-03,8.70,8.70,22.4,25.4
1,2024-08-04,4.10,4.10,25.3,25.5
1,2024-08-05,4.60,4.60,24.4,25.6
1,2024-08-06,1.10,1.10,24.8,25.7
1,2024-08-07,1.00,1.00,27.0,25.6
1,2024-08-08,9.10,9.10,21.2,25.3
1,2024-08-09,1.70,1.70,23.0,25.3
1,2024-08-10,6.50,6.50,23.4,25.5
1,2024-08-11,8.40,8.40,24.2,25.5
1,2024-08-12,4.50,4.50,22.4,25.4
1,2024-08-13,3.70,3.70,26.1,25.6
1,2024-08-14,4.60,4.60,19.9,25.4
1,2024-08-15,2.20,2.20,18.2,25.7
1,2024-08-16,4.90,4.90,27.4,26.1
1,2024-08-17,5.50,5.50,27.4,25.7
1,2024-08-18,9.20,9.20,24.0,25.6
1,2024-08-19,4.30,4.30,23.7,25.5
1,2024-08-20,4.00,4.00,24.2,25.8
1,2024-08-21,0.50,0.50,27.9,26.0
1,2024-08-22,3.60,3.60,29.7,25.6
1,2024-08-23,5.50,5.50,30.7,25.8
1,2024-08-24,5.00,5.00,32.1,26.0
1,2024-08-25,17.30,17.30,36.6,25.1
1,2024-08-26,3.80,3.80,27.4,25.4
1,2024-08-27,3.20,3.20,21.3,25.3
1,2024-08-28,7.00,7.00,19.1,24.9
1,2024-08-29,4.90,4.90,21.4,25.4
1,2024-08-30,12.70,12.70,19.6,25.6
1,2024-08-31,3.20,3.20,16.6,26.5
1,2024-09-01,3.40,3.40,22.2,26.4
1,2024-09-02,4.20,4.20,25.4,26.2
1,2024-09-03,3.50,3.50,24.0,25.7
1,2024-09-04,4.60,4.60,19.8,25.5
1,2024-09-05,0.40,0.40,18.9,26.1
1,2024-09-06,0.20,0.20,17.1,26.0
1,2024-09-07,6.30,6.30,22.0,25.1
1,2024-09-08,1.30,1.30,16.4,24.7
1,2024-09-09,1.00,1.00,12.8,25.4
1,2024-09-10,4.90,4.90,10.2,25.1
1,2024-09-11,1.20,1.20,11.3,26.1
1,2024-09-12,1.70,1.70,19.6,26.3
1,2024-09-13,1.40,1.40,24.0,26.0
1,2024-09-14,2.20,2.20,25.1,25.8
1,2024-09-15,4.10,4.10,23.3,25.9
1,2024-09-16,4.40,4.40,26.3,26.1
1,2024-09-17,2.80,2.80,22.6,26.1
1,2024-09-18,0.50,0.50,24.2,26.3
1,2024-09-19,1.40,1.40,24.2,26.0
1,2024-09-20,3.00,3.00,21.9,25.5
1,2024-09-21,6.80,6.80,22.5,25.0
1,2024-09-22,4.60,4.60,18.1,25.5
1,2024-09-23,0.70,0.70,20.2,25.9
1,2024-09-24,1.10,1.10,22.4,26.1
1,2024-09-25,3.00,3.00,23.7,25.6
1,2024-09-26,4.10,4.10,21.2,25.5
1,2024-09-27,5.70,5.70,22.3,25.6
1,2024-09-28,2.60,2.60,22.1,26.0
1,2024-09-29,3.30,3.30,17.1,25.3
1,2024-09-30,3.00,3.00,21.4,25.5
1,2024-10-01,4.10,4.10,17.4,25.8
1,2024-10-02,3.50,3.50,20.9,25.7
1,2024-10-03,2.00,2.00,19.4,25.3
1,2024-10-04,9.00,9.00,16.5,24.6
1,2024-10-05,6.60,6.60,18.1,25.2
1,2024-10-06,4.30,4.30,21.3,25.5
1,2024-10-07,2.30,2.30,21.2,25.4
1,2024-10-08,1.30,1.30,21.9,25.4
1,2024-10-09,1.20,1.20,24.1,25.7
1,2024-10-10,10.80,10.80,16.8,25.7
1,2024-10-11,0.30,0.30,16.2,25.7
1,2024-10-12,0.10,0.10,18.6,25.2
1,2024-10-13,1.70,1.70,22.4,25.4
1,2024-10-14,10.20,10.20,28.2,25.5
1,2024-10-15,1.60,1.60,27.4,25.9
1,2024-10-16,0.80,0.80,31.2,25.9
1,2024-10-17,3.10,3.10,19.9,25.8
1,2024-10-18,2.50,2.50,19.6,26.2
1,2024-10-19,4.10,4.10,20.6,25.3
1,2024-10-20,0.50,0.50,25.1,25.8
1,2024-10-21,0.00,0.00,16.4,25.8
1,2024-10-22,1.00,1.00,15.7,25.3
1,2024-10-23,4.70,4.70,15.6,25.6
1,2024-10-24,3.00,3.00,15.0,25.3
1,2024-10-25,6.30,6.30,15.7,25.5
1,2024-10-26,7.60,7.60,18.7,24.8
1,2024-10-27,13.70,13.70,19.7,24.5
1,2024-10-28,8.70,8.70,27.8,25.5
1,2024-10-29,2.50,2.50,29.6,25.2
1,2024-10-30,4.40,4.40,28.8,25.0
1,2024-10-31,3.00,3.00,28.5,25.6
1,2024-11-01,5.30,5.30,25.6,24.9
1,2024-11-02,3.40,3.40,22.0,25.1
1,2024-11-03,5.30,5.30,21.8,24.9
1,2024-11-04,4.10,4.10,26.0,25.5
1,2024-11-05,5.30,5.30,15.6,25.7
1,2024-11-06,8.30,8.30,25.4,24.3
1,2024-11-07,9.60,9.60,28.1,24.0
1,2024-11-08,4.70,4.70,27.3,24.0
1,2024-11-09,3.50,3.50,25.7,24.6
1,2024-11-10,2.00,2.00,26.9,25.2
1,2024-11-11,5.30,5.30,25.3,24.9
1,2024-11-12,6.90,6.90,26.2,24.7
1,2024-11-13,4.30,4.30,27.3,24.5
1,2024-11-14,5.20,5.20,31.1,24.7
1,2024-11-15,3.00,3.00,29.2,24.9
1,2024-11-16,6.80,6.80,28.0,24.6
1,2024-11-17,2.00,2.00,27.1,24.3
1,2024-11-18,1.70,1.70,23.5,24.4
1,2024-11-19,2.30,2.30,21.7,24.4
1,2024-11-20,0.40,0.40,20.9,23.9
1,2024-11-21,0.00,0.00,19.6,23.6
1,2024-11-22,0.00,0.00,13.3,23.0
1,2024-11-23,0.00,0.00,13.5,22.8
1,2024-11-24,0.10,0.10,14.5,22.8
1,2024-11-25,0.60,0.60,16.1,23.3
1,2024-11-26,0.80,0.80,16.0,23.6
1,2024-11-27,0.30,0.30,20.2,24.1
1,2024-11-28,1.00,1.00,20.2,24.1
1,2024-11-29,5.10,5.10,18.4,23.8
1,2024-11-30,0.60,0.60,14.1,23.4
1,2024-12-01,0.00,0.00,10.6,23.4
1,2024-12-02,0.00,0.00,13.3,23.2
1,2024-12-03,0.00,0.00,11.1,23.4
1,2024-12-04,1.50,1.50,14.6,23.4
1,2024-12-05,0.00,0.00,16.2,23.9
1,2024-12-06,6.40,6.40,11.4,23.1
1,2024-12-07,2.30,2.30,12.5,23.4
1,2024-12-08,4.40,4.40,15.9,23.3
1,2024-12-09,0.00,0.00,20.0,24.5
1,2024-12-10,3.50,3.50,27.1,24.3
1,2024-12-11,0.30,0.30,30.5,24.7
1,2024-12-12,0.90,0.90,28.4,24.9
1,2024-12-13,2.70,2.70,25.6,24.7
1,2024-12-14,0.50,0.50,22.2,24.4
1,2024-12-15,3.80,3.80,20.9,24.1
1,2024-12-16,0.40,0.40,12.3,23.7
1,2024-12-17,0.00,0.00,7.2,22.8
1,2024-12-18,0.20,0.20,8.5,23.6
1,2024-12-19,0.70,0.70,10.4,23.2
1,2024-12-20,3.60,3.60,10.4,23.4
1,2024-12-21,0.10,0.10,11.8,22.8
1,2024-12-22,0.00,0.00,17.0,23.2
1,2024-12-23,4.10,4.10,26.2,24.2
1,2024-12-24,0.10,0.10,21.2,24.6
1,2024-12-25,0.80,0.80,26.3,24.1
1,2024-12-26,0.00,0.00,15.1,23.3
1,2024-12-27,0.70,0.70,14.7,23.2
1,2024-12-28,4.10,4.10,17.7,23.1
1,2024-12-29,8.90,8.90,21.8,22.7
1,2024-12-30,1.50,1.50,23.1,23.6
1,2024-12-31,1.80,1.80,22.5,24.1
1,2025-01-01,2.00,2.00,21.7,23.5
1,2025-01-02,0.20,0.20,20.9,23.9
1,2025-01-03,0.70,0.70,12.0,23.6
1,2025-01-04,0.00,0.00,11.0,22.6
1,2025-01-05,0.00,0.00,18.7,23.0
1,2025-01-06,0.00,0.00,15.2,23.7
1,2025-01-07,1.10,1.10,22.9,24.0
1,2025-01-08,0.80,0.80,15.5,24.0
1,2025-01-09,4.70,4.70,16.0,23.0
1,2025-01-10,2.80,2.80,17.9,23.2
1,2025-01-11,1.60,1.60,23.7,23.4
1,2025-01-12,2.70,2.70,20.9,23.3
1,2025-01-13,2.80,2.80,20.4,23.5
1,2025-01-14,3.20,3.20,18.3,22.9
1,2025-01-15,1.80,1.80,16.0,23.0
1,2025-01-16,0.30,0.30,6.6,22.5
1,2025-01-17,2.90,2.90,12.1,21.4
1,2025-01-18,0.00,0.00,20.0,22.6
1,2025-01-19,0.00,0.00,20.5,22.8
1,2025-01-20,2.50,2.50,19.7,22.5
1,2025-01-21,0.00,0.00,12.8,22.8
1,2025-01-22,0.60,0.60,16.2,20.7
1,2025-01-23,0.00,0.00,10.1,20.3
1,2025-01-24,0.00,0.00,12.4,21.2
1,2025-01-25,5.10,5.10,19.4,23.0
1,2025-01-26,4.20,4.20,12.9,22.2
1,2025-01-27,2.00,2.00,22.8,21.6
1,2025-01-28,0.60,0.60,17.6,20.8
1,2025-01-29,0.90,0.90,20.9,22.4
1,2025-01-30,64.20,64.20,30.6,22.5
1,2025-01-31,1.60,1.60,22.1,23.6
1,2025-02-01,0.00,0.00,13.1,22.0
1,2025-02-02,0.00,0.00,17.9,21.6
1,2025-02-03,0.10,0.10,17.3,21.9
1,2025-02-04,2.10,2.10,17.1,21.1
1,2025-02-05,3.50,3.50,10.3,20.5
1,2025-02-06,1.20,1.20,10.5,21.2
1,2025-02-07,1.10,1.10,14.5,22.5
1,2025-02-08,0.00,0.00,17.5,22.3
1,2025-02-09,1.00,1.00,15.0,23.3
1,2025-02-10,0.10,0.10,18.0,22.9
1,2025-02-11,0.10,0.10,13.8,22.3
1,2025-02-12,0.90,0.90,7.9,22.7
1,2025-02-13,0.20,0.20,17.8,22.6
1,2025-02-14,4.30,4.30,10.5,22.8
1,2025-02-15,5.10,5.10,15.6,23.0
1,2025-02-16,1.30,1.30,7.1,24.1
1,2025-02-17,27.40,27.40,11.2,22.9
1,2025-02-18,0.60,0.60,19.2,23.3
1,2025-02-19,5.50,5.50,22.0,23.1
1,2025-02-20,0.10,0.10,21.6,23.5
1,2025-02-21,1.30,1.30,12.5,23.6
1,2025-02-22,0.60,0.60,9.8,22.3
1,2025-02-23,2.90,2.90,19.7,23.3
1,2025-02-24,2.70,2.70,17.3,23.4
1,2025-02-25,1.60,1.60,16.9,22.7
1,2025-02-26,0.70,0.70,18.0,23.8
1,2025-02-27,0.00,0.00,16.5,23.7
1,2025-02-28,0.20,0.20,15.3,23.7
1,2025-03-01,0.00,0.00,11.0,23.9
1,2025-03-02,0.10,0.10,16.0,23.1
1,2025-03-03,0.40,0.40,25.1,24.5
1,2025-03-04,4.30,4.30,29.2,23.7
1,2025-03-05,2.40,2.40,27.0,24.1
1,2025-03-06,1.30,1.30,25.8,23.9
1,2025-03-07,5.10,5.10,26.3,22.8
1,2025-03-08,5.10,5.10,26.9,22.4
1,2025-03-09,2.80,2.80,23.7,22.8
1,2025-03-10,5.30,5.30,25.7,22.5
1,2025-03-11,2.90,2.90,28.9,22.7
1,2025-03-12,1.90,1.90,26.7,23.1
1,2025-03-13,0.70,0.70,25.0,23.8
1,2025-03-14,3.30,3.30,25.9,23.3
1,2025-03-15,4.30,4.30,13.2,22.5
1,2025-03-16,3.50,3.50,17.9,22.9
1,2025-03-17,2.40,2.40,14.7,23.9
1,2025-03-18,4.80,4.80,19.0,23.6
1,2025-03-19,1.40,1.40,22.9,23.7
1,2025-03-20,1.70,1.70,22.2,24.0
1,2025-03-21,8.90,8.90,20.3,23.8
1,2025-03-22,0.70,0.70,18.7,23.9
1,2025-03-23,0.10,0.10,13.0,23.6
1,2025-03-24,0.10,0.10,15.4,23.3
1,2025-03-25,2.00,2.00,19.1,23.7
1,2025-03-26,1.20,1.20,13.8,23.9
1,2025-03-27,0.00,0.00,13.8,24.3
1,2025-03-28,2.90,2.90,11.0,23.9
1,2025-03-29,0.00,0.00,14.1,23.7
1,2025-03-30,2.30,2.30,12.7,24.0
1,2025-03-31,1.00,1.00,18.6,24.3
1,2025-04-01,0.30,0.30,19.0,25.2
1,2025-04-02,0.90,0.90,14.5,24.7
1,2025-04-03,5.20,5.20,7.2,24.1
1,2025-04-04,2.20,2.20,16.4,23.8
1,2025-04-05,7.50,7.50,24.6,24.3
1,2025-04-06,3.90,3.90,24.7,24.4
1,2025-04-07,2.60,2.60,22.1,24.5
1,2025-04-08,4.30,4.30,21.3,23.2
1,2025-04-09,8.80,8.80,21.6,22.2
1,2025-04-10,6.10,6.10,22.2,23.0
1,2025-04-11,7.40,7.40,28.3,23.4
1,2025-04-12,4.90,4.90,25.1,23.8
1,2025-04-13,7.10,7.10,22.1,23.5
1,2025-04-14,1.50,1.50,23.5,23.9
1,2025-04-15,3.50,3.50,20.3,23.5
1,2025-04-16,4.70,4.70,15.3,23.0
1,2025-04-17,5.00,5.00,15.6,22.5
1,2025-04-18,14.90,14.90,12.9,21.8
1,2025-04-19,7.20,7.20,18.5,23.2
1,2025-04-20,4.10,4.10,17.0,23.3
1,2025-04-21,6.20,6.20,15.6,23.7
1,2025-04-22,2.60,2.60,13.3,23.6
1,2025-04-23,3.10,3.10,19.3,24.1
1,2025-04-24,2.00,2.00,10.6,24.9
1,2025-04-25,1.00,1.00,13.7,24.4
1,2025-04-26,3.80,3.80,7.6,24.1
1,2025-04-27,3.60,3.60,8.6,23.7
1,2025-04-28,11.30,11.30,7.4,23.5
1,2025-04-29,1.80,1.80,9.4,23.1
1,2025-04-30,2.40,2.40,17.8,23.5
1,2025-05-01,3.40,3.40,21.9,24.5
1,2025-05-02,3.00,3.00,24.3,24.5
1,2025-05-03,3.10,3.10,24.7,24.4
1,2025-05-04,3.10,3.10,21.8,24.6
1,2025-05-05,6.00,6.00,24.6,24.3
1,2025-05-06,6.70,6.70,24.9,23.8
1,2025-05-07,3.50,3.50,23.3,23.8
1,2025-05-08,5.10,5.10,21.4,23.8
1,2025-05-09,0.10,0.10,23.7,24.7
1,2025-05-10,2.60,2.60,27.2,24.4
1,2025-05-11,3.20,3.20,26.9,24.3
1,2025-05-12,1.90,1.90,24.1,24.2
1,2025-05-13,3.30,3.30,24.3,24.6
1,2025-05-14,6.20,6.20,22.3,24.0
1,2025-05-15,4.70,4.70,22.0,24.0
1,2025-05-16,2.60,2.60,23.4,24.1
1,2025-05-17,2.50,2.50,24.4,24.5
1,2025-05-18,1.00,1.00,20.2,24.6
1,2025-05-19,9.20,9.20,18.9,24.2
1,2025-05-20,4.60,4.60,20.7,23.8
1,2025-05-21,5.40,5.40,23.2,23.9
1,2025-05-22,5.00,5.00,21.6,23.8
1,2025-05-23,4.10,4.10,20.6,24.0
1,2025-05-24,2.80,2.80,21.8,24.0
1,2025-05-25,3.00,3.00,20.8,24.1
1,2025-05-26,0.30,0.30,16.8,25.0
1,2025-05-27,0.00,0.00,17.1,24.8
1,2025-05-28,0.00,0.00,16.6,25.1
1,2025-05-29,8.10,8.10,16.2,24.1
1,2025-05-30,3.20,3.20,21.3,24.3
1,2025-05-31,5.40,5.40,19.7,24.7
1,2025-06-01,4.10,4.10,16.5,24.8
1,2025-06-02,2.40,2.40,23.7,25.0
1,2025-06-03,4.40,4.40,26.1,25.0
1,2025-06-04,1.10,1.10,24.1,25.2
1,2025-06-05,3.20,3.20,21.1,24.3
1,2025-06-06,1.30,1.30,18.0,24.7
1,2025-06-07,1.60,1.60,17.5,24.7
1,2025-06-08,1.10,1.10,16.9,24.9
1,2025-06-09,4.90,4.90,18.1,24.6
1,2025-06-10,2.20,2.20,20.7,25.4
1,2025-06-11,1.10,1.10,21.8,25.6
1,2025-06-12,7.00,7.00,19.8,25.0
1,2025-06-13,1.40,1.40,21.8,25.0
1,2025-06-14,1.70,1.70,25.0,24.6
1,2025-06-15,1.90,1.90,25.7,25.4
1,2025-06-16,7.20,7.20,26.4,24.8
1,2025-06-17,6.30,6.30,26.1,24.6
1,2025-06-18,5.40,5.40,24.8,24.8
1,2025-06-19,6.70,6.70,21.8,24.6
1,2025-06-20,8.50,8.50,15.5,25.1
1,2025-06-21,2.10,2.10,23.1,25.7
1,2025-06-22,3.60,3.60,29.7,25.3
1,2025-06-23,0.70,0.70,26.7,25.1
1,2025-06-24,3.10,3.10,21.7,25.0
1,2025-06-25,4.30,4.30,21.4,24.8
1,2025-06-26,2.10,2.10,20.2,25.3
1,2025-06-27,2.20,2.20,21.7,25.4
1,2025-06-28,0.00,0.00,23.5,25.7
1,2025-06-29,4.50,4.50,18.2,25.0
1,2025-06-30,2.90,2.90,15.3,25.2
1,2025-07-01,0.20,0.20,20.4,25.2
1,2025-07-02,2.00,2.00,18.5,25.0
1,2025-07-03,1.70,1.70,23.3,25.7
1,2025-07-04,5.00,5.00,25.7,24.7
1,2025-07-05,3.30,3.30,24.8,25.2
1,2025-07-06,1.90,1.90,27.5,25.5
1,2025-07-07,6.70,6.70,26.2,25.2
1,2025-07-08,3.50,3.50,28.1,24.9
1,2025-07-09,3.70,3.70,24.0,24.9
1,2025-07-10,4.40,4.40,25.2,24.4
1,2025-07-11,9.00,9.00,21.9,24.4
1,2025-07-12,5.70,5.70,19.0,24.5
1,2025-07-13,3.10,3.10,20.6,25.3
1,2025-07-14,4.00,4.00,21.8,25.2
1,2025-07-15,2.50,2.50,23.1,25.2
1,2025-07-16,3.30,3.30,26.2,25.3
1,2025-07-17,4.70,4.70,20.5,25.3
1,2025-07-18,7.80,7.80,18.6,24.9
1,2025-07-19,12.50,12.50,21.1,24.9
1,2025-07-20,2.00,2.00,18.5,25.7
1,2025-07-21,1.30,1.30,22.1,25.8
1,2025-07-22,1.60,1.60,24.1,25.9
1,2025-07-23,0.60,0.60,21.3,26.0
1,2025-07-24,0.80,0.80,21.3,25.7
1,2025-07-25,2.80,2.80,19.8,25.5
1,2025-07-26,3.10,3.10,17.1,25.1
1,2025-07-27,4.10,4.10,15.3,25.2
1,2025-07-28,9.70,9.70,17.5,25.3
1,2025-07-29,4.80,4.80,22.5,25.9
1,2025-07-30,2.30,2.30,24.1,26.2
1,2025-07-31,3.80,3.80,29.6,25.8
1,2025-08-01,6.80,6.80,27.7,25.5
1,2025-08-02,4.30,4.30,28.8,25.4
1,2025-08-03,3.50,3.50,26.6,25.3
1,2025-08-04,0.60,0.60,23.7,26.0
1,2025-08-05,1.10,1.10,20.1,25.6
1,2025-08-06,3.20,3.20,16.3,25.9
1,2025-08-07,4.30,4.30,20.8,26.0
1,2025-08-08,4.00,4.00,23.8,25.7
1,2025-08-09,7.50,7.50,18.0,25.6
1,2025-08-10,2.60,2.60,13.3,25.8
1,2025-08-11,1.00,1.00,14.9,26.3
1,2025-08-12,6.60,6.60,23.3,25.8
1,2025-08-13,2.80,2.80,21.1,25.7
1,2025-08-14,4.10,4.10,13.6,25.1
1,2025-08-15,5.60,5.60,17.9,25.8
1,2025-08-16,1.70,1.70,21.3,26.4
1,2025-08-17,10.10,10.10,25.8,25.9
1,2025-08-18,3.50,3.50,16.6,25.9
1,2025-08-19,1.70,1.70,21.7,26.2
1,2025-08-20,3.20,3.20,21.8,25.8
1,2025-08-21,1.50,1.50,24.0,26.0
1,2025-08-22,1.40,1.40,20.3,26.2
1,2025-08-23,0.20,0.20,18.3,26.1
1,2025-08-24,0.00,0.00,22.7,26.4
1,2025-08-25,0.80,0.80,19.3,26.1
1,2025-08-26,1.50,1.50,21.3,26.5
1,2025-08-27,0.90,0.90,20.7,26.7
1,2025-08-28,2.10,2.10,19.3,26.5
1,2025-08-29,0.20,0.20,19.6,26.5
1,2025-08-30,0.10,0.10,14.8,26.5
1,2025-08-31,4.60,4.60,12.3,26.5
1,2025-09-01,1.10,1.10,17.7,26.8
1,2025-09-02,1.00,1.00,16.0,26.0
1,2025-09-03,0.20,0.20,17.6,26.5
1,2025-09-04,2.00,2.00,16.7,26.3
1,2025-09-05,1.60,1.60,16.9,25.9
1,2025-09-06,0.80,0.80,15.7,25.9
1,2025-09-07,2.30,2.30,11.3,25.6
1,2025-09-08,0.60,0.60,15.9,25.5
1,2025-09-09,3.40,3.40,18.1,25.8
1,2025-09-10,2.20,2.20,15.3,26.2
1,2025-09-11,5.70,5.70,17.9,26.1
1,2025-09-12,3.80,3.80,21.7,25.9
1,2025-09-13,1.20,1.20,20.2,26.2
1,2025-09-14,2.10,2.10,22.6,26.1
1,2025-09-15,0.10,0.10,21.1,26.4
1,2025-09-16,2.30,2.30,25.9,25.8
1,2025-09-17,2.80,2.80,24.6,25.9
1,2025-09-18,5.70,5.70,24.4,25.8
1,2025-09-19,7.60,7.60,21.9,25.8
1,2025-09-20,9.30,9.30,23.5,25.4
1,2025-09-21,10.40,10.40,20.7,25.3
1,2025-09-22,4.40,4.40,20.0,25.4
1,2025-09-23,1.80,1.80,20.3,25.2
1,2025-09-24,3.10,3.10,17.5,24.9
1,2025-09-25,4.20,4.20,16.4,24.6
1,2025-09-26,3.20,3.20,13.2,25.7
1,2025-09-27,1.10,1.10,13.6,25.6
1,2025-09-28,3.10,3.10,22.2,25.8
1,2025-09-29,1.80,1.80,20.0,25.8
1,2025-09-30,3.90,3.90,20.4,25.7
1,2025-10-01,6.70,6.70,18.5,25.0
1,2025-10-02,5.00,5.00,18.1,25.4
1,2025-10-03,3.00,3.00,21.5,25.4
1,2025-10-04,7.10,7.10,19.2,25.3
1,2025-10-05,3.90,3.90,19.2,25.3
1,2025-10-06,13.80,13.80,11.9,24.0
1,2025-10-07,2.70,2.70,5.4,24.2
1,2025-10-08,1.30,1.30,9.8,25.1
1,2025-10-09,0.50,0.50,13.2,25.9
1,2025-10-10,0.50,0.50,12.4,25.6
1,2025-10-11,3.70,3.70,18.0,25.9
1,2025-10-12,0.00,0.00,14.9,25.8
1,2025-10-13,6.40,6.40,13.2,24.9
1,2025-10-14,3.70,3.70,17.6,25.7
1,2025-10-15,0.80,0.80,21.6,26.0
1,2025-10-16,3.50,3.50,17.7,25.8
1,2025-10-17,5.30,5.30,22.5,25.1
1,2025-10-18,4.00,4.00,24.4,25.6
1,2025-10-19,4.40,4.40,21.8,25.3
1,2025-10-20,3.30,3.30,21.1,25.2
1,2025-10-21,8.70,8.70,23.7,24.7
1,2025-10-22,1.70,1.70,25.7,25.4
1,2025-10-23,1.70,1.70,25.0,25.6
1,2025-10-24,3.30,3.30,28.2,25.2
1,2025-10-25,0.30,0.30,25.7,26.0
1,2025-10-26,1.30,1.30,22.7,25.8
1,2025-10-27,0.10,0.10,19.1,25.9
1,2025-10-28,0.00,0.00,20.1,25.8
1,2025-10-29,2.60,2.60,17.8,25.4
1,2025-10-30,4.30,4.30,22.9,25.2
1,2025-10-31,8.10,8.10,19.6,25.1
1,2025-11-01,2.70,2.70,19.3,24.9
1,2025-11-02,5.40,5.40,18.5,24.4
1,2025-11-03,1.60,1.60,18.6,25.5
1,2025-11-04,5.60,5.60,16.7,25.1
1,2025-11-05,0.20,0.20,20.4,25.6
1,2025-11-06,2.30,2.30,15.5,25.8
1,2025-11-07,0.60,0.60,9.8,24.6
1,2025-11-08,8.60,8.60,17.2,23.8
1,2025-11-09,9.80,9.80,24.7,23.8
1,2025-11-10,7.20,7.20,26.3,24.1
1,2025-11-11,5.80,5.80,27.0,24.0
1,2025-11-12,5.20,5.20,31.4,23.8
1,2025-11-13,1.30,1.30,27.9,25.1
1,2025-11-14,1.70,1.70,23.7,24.9
1,2025-11-15,2.20,2.20,16.9,24.3
1,2025-11-16,5.80,5.80,16.6,23.8
1,2025-11-17,4.60,4.60,16.3,24.2
1,2025-11-18,5.20,5.20,16.5,24.4
1,2025-11-19,3.20,3.20,22.9,24.5
1,2025-11-20,4.50,4.50,22.5,24.8
1,2025-11-21,5.70,5.70,24.3,24.7
1,2025-11-22,5.20,5.20,21.8,24.4
1,2025-11-23,4.50,4.50,20.8,24.4
1,2025-11-24,0.00,0.00,19.8,24.9
1,2025-11-25,0.10,0.10,14.5,24.6
1,2025-11-26,0.20,0.20,11.8,24.4
1,2025-11-27,0.10,0.10,15.2,24.0
1,2025-11-28,0.00,0.00,10.1,24.7
1,2025-11-29,0.20,0.20,11.0,23.5
1,2025-11-30,0.40,0.40,13.2,23.9
1,2025-12-01,0.70,0.70,10.4,23.3
1,2025-12-02,0.80,0.80,12.1,23.3
1,2025-12-03,0.20,0.20,10.5,23.0
1,2025-12-04,3.90,3.90,23.6,24.1
1,2025-12-05,3.30,3.30,27.0,24.5
1,2025-12-06,5.30,5.30,17.3,24.4
1,2025-12-07,4.70,4.70,14.9,23.5
1,2025-12-08,1.30,1.30,15.6,23.9
1,2025-12-09,1.90,1.90,13.3,23.5
1,2025-12-10,0.10,0.10,16.1,23.0
1,2025-12-11,0.40,0.40,16.3,22.3
1,2025-12-12,0.00,0.00,7.5,23.1
1,2025-12-13,1.00,1.00,24.4,24.3
1,2025-12-14,35.20,35.20,13.2,22.7
1,2025-12-15,1.80,1.80,17.8,24.2
1,2025-12-16,4.70,4.70,17.5,24.3
1,2025-12-17,6.60,6.60,23.2,24.4
1,2025-12-18,2.60,2.60,11.6,23.1
1,2025-12-19,5.00,5.00,10.9,23.2
1,2025-12-20,8.40,8.40,8.2,23.6
1,2025-12-21,0.90,0.90,20.0,24.3
1,2025-12-22,3.50,3.50,21.5,24.6
1,2025-12-23,8.00,8.00,24.0,23.6
1,2025-12-24,0.20,0.20,20.3,23.7
1,2025-12-25,0.00,0.00,20.7,23.6
1,2025-12-26,1.70,1.70,23.2,23.2
1,2025-12-27,0.20,0.20,12.5,23.4
1,2025-12-28,0.40,0.40,11.3,22.8
1,2025-12-29,2.20,2.20,20.2,23.9
1,2025-12-30,2.90,2.90,24.6,23.7
1,2025-12-31,1.40,1.40,18.3,23.2
1,2026-01-01,4.20,4.20,21.0,23.2
1,2026-01-02,5.10,5.10,22.7,22.5
1,2026-01-03,1.90,1.90,14.4,22.9
1,2026-01-04,21.90,21.90,7.0,21.2
1,2026-01-05,8.30,8.30,30.6,23.2
1,2026-01-06,1.10,1.10,27.2,24.0
1,2026-01-07,0.00,0.00,21.4,23.9
1,2026-01-08,0.00,0.00,14.4,22.9
1,2026-01-09,0.70,0.70,10.7,23.1
1,2026-01-10,0.50,0.50,10.8,23.4
1,2026-01-11,1.60,1.60,10.7,23.3
1,2026-01-12,1.00,1.00,21.8,23.0
1,2026-01-13,0.00,0.00,11.8,22.2
1,2026-01-14,2.80,2.80,24.8,23.3
1,2026-01-15,10.20,10.20,23.5,21.4
1,2026-01-16,0.00,0.00,23.2,20.8
1,2026-01-17,0.00,0.00,22.8,21.7
1,2026-01-18,0.20,0.20,27.0,22.8
1,2026-01-19,0.00,0.00,15.4,23.1
1,2026-01-20,0.20,0.20,8.3,22.3
1,2026-01-21,1.10,1.10,21.5,21.8
1,2026-01-22,0.30,0.30,14.4,22.4
1,2026-01-23,3.60,3.60,15.2,22.7
1,2026-01-24,1.80,1.80,11.2,22.7
1,2026-01-25,0.10,0.10,7.7,22.6
1,2026-01-26,2.90,2.90,11.2,22.7
1,2026-01-27,0.00,0.00,5.8,23.3
1,2026-01-28,0.00,0.00,4.9,23.5
1,2026-01-29,1.00,1.00,6.6,23.4
1,2026-01-30,7.90,7.90,14.6,21.9
1,2026-01-31,0.00,0.00,10.3,22.8
1,2026-02-01,0.40,0.40,18.7,22.4
1,2026-02-02,1.10,1.10,34.6,24.5
1,2026-02-03,0.50,0.50,13.4,22.6
1,2026-02-04,0.00,0.00,13.0,21.9
1,2026-02-05,0.70,0.70,18.4,22.2
1,2026-02-06,1.70,1.70,13.9,22.3
1,2026-02-07,40.00,40.00,20.4,20.1
1,2026-02-08,19.30,19.30,31.3,20.0
1,2026-02-09,9.00,9.00,30.3,22.1
1,2026-02-10,6.60,6.60,29.9,22.7
1,2026-02-11,0.80,0.80,27.5,23.3
1,2026-02-12,3.30,3.30,24.1,23.0
1,2026-02-13,1.50,1.50,26.6,23.2
1,2026-02-14,3.50,3.50,26.1,23.0
1,2026-02-15,6.20,6.20,29.0,22.6
1,2026-02-16,3.20,3.20,29.0,22.0
1,2026-02-17,1.70,1.70,27.8,22.3
1,2026-02-18,0.00,0.00,34.1,22.8
1,2026-02-19,2.10,2.10,31.2,22.6
1,2026-02-20,5.80,5.80,27.6,22.6
1,2026-02-21,28.50,28.50,16.6,20.2
1,2026-02-22,2.90,2.90,18.1,20.8
1,2026-02-23,2.70,2.70,25.4,20.8
1,2026-02-24,5.20,5.20,21.8,20.5
1,2026-02-25,0.60,0.60,18.8,20.7
1,2026-02-26,0.20,0.20,16.9,21.7
1,2026-02-27,0.20,0.20,10.2,22.0
1,2026-02-28,0.60,0.60,12.0,22.9
1,2026-03-01,0.70,0.70,8.8,23.8
1,2026-03-02,3.10,3.10,15.3,23.1
1,2026-03-03,6.50,6.50,22.7,23.3
1,2026-03-04,2.00,2.00,26.4,23.7
1,2026-03-05,2.10,2.10,23.2,23.7
1,2026-03-06,3.30,3.30,25.2,23.5
1,2026-03-07,2.40,2.40,31.5,23.6
1,2026-03-08,3.20,3.20,24.5,23.3
1,2026-03-09,0.80,0.80,18.4,23.5
1,2026-03-10,5.90,5.90,16.9,23.4
1,2026-03-11,49.40,49.40,20.3,22.1
1,2026-03-12,33.30,33.30,15.6,21.9
1,2026-03-13,83.70,83.70,34.1,21.8
1,2026-03-14,23.50,23.50,23.6,22.6
1,2026-03-15,5.00,5.00,22.6,24.0
1,2026-03-16,2.00,2.00,6.7,23.1
1,2026-03-17,10.70,10.70,6.5,21.8
1,2026-03-18,3.10,3.10,10.3,22.4
1,2026-03-19,10.50,10.50,12.4,22.4
1,2026-03-20,25.70,25.70,22.0,22.5
1,2026-03-21,17.80,17.80,16.8,23.4
1,2026-03-22,21.80,21.80,9.7,22.6
1,2026-03-23,3.20,3.20,20.4,22.0
1,2026-03-24,2.00,2.00,23.7,22.4
1,2026-03-25,2.20,2.20,23.4,22.2
1,2026-03-26,0.50,0.50,16.7,22.3
1,2026-03-27,4.00,4.00,20.5,21.0
1,2026-03-28,3.20,3.20,24.7,21.2
1,2026-03-29,0.20,0.20,22.7,21.2
1,2026-03-30,0.00,0.00,23.2,21.5
1,2026-03-31,3.60,3.60,23.6,21.5
1,2026-04-01,1.40,1.40,21.5,21.8
1,2026-04-02,3.00,3.00,19.8,21.7
1,2026-04-03,0.20,0.20,20.1,22.4
1,2026-04-04,0.00,0.00,17.2,22.5
1,2026-04-05,7.60,7.60,18.4,21.9
1,2026-04-06,2.70,2.70,17.8,22.4
1,2026-04-07,14.90,14.90,9.6,21.8
1,2026-04-08,8.70,8.70,14.4,22.2
1,2026-04-09,13.60,13.60,18.5,22.9
1,2026-04-10,90.80,90.80,23.0,22.1
1,2026-04-11,1.80,1.80,7.9,23.6
1,2026-04-12,18.50,18.50,7.7,22.2
1,2026-04-13,3.40,3.40,14.9,22.8
1,2026-04-14,0.80,0.80,8.7,24.2
1,2026-04-15,0.90,0.90,7.3,24.3
1,2026-04-16,0.10,0.10,11.7,24.3
1,2026-04-17,0.80,0.80,20.1,24.2
1,2026-04-18,2.70,2.70,16.5,24.1
1,2026-04-19,0.20,0.20,16.0,24.5
1,2026-04-20,4.10,4.10,8.3,24.6
1,2026-04-21,6.60,6.60,9.2,23.9
1,2026-04-22,1.60,1.60,12.9,24.1
1,2026-04-23,3.90,3.90,14.5,24.0
1,2026-04-24,3.50,3.50,18.2,23.7
1,2026-04-25,1.60,1.60,18.3,23.9
1,2026-04-26,3.50,3.50,19.9,24.1
1,2026-04-27,5.20,5.20,17.1,23.7
1,2026-04-28,4.00,4.00,16.2,24.1
1,2026-04-29,1.00,1.00,20.8,24.0
1,2026-04-30,4.20,4.20,22.8,23.6
1,2026-05-01,8.60,8.60,25.9,23.3
1,2026-05-02,3.10,3.10,21.5,23.9
1,2026-05-03,9.70,9.70,18.0,23.0
1,2026-05-04,1.80,1.80,16.2,23.9
1,2026-05-05,5.70,5.70,11.2,24.3
1,2026-05-06,0.90,0.90,17.5,23.6
1,2026-05-07,3.10,3.10,14.4,23.8
1,2026-05-08,2.70,2.70,14.8,23.8
1,2026-05-09,8.30,8.30,17.0,23.3
1,2026-05-10,1.00,1.00,20.9,24.8
1,2026-05-11,5.30,5.30,21.5,24.2
1,2026-05-12,3.70,3.70,24.4,24.6
1,2026-05-13,5.50,5.50,25.1,24.5
1,2026-05-14,11.10,11.10,18.5,23.7
1,2026-05-15,5.60,5.60,19.9,23.7
1,2026-05-16,4.80,4.80,17.7,24.5
1,2026-05-17,9.00,9.00,18.8,24.4
1,2026-05-18,6.30,6.30,19.7,24.6
1,2026-05-19,3.60,3.60,21.1,25.1
1,2026-05-20,4.50,4.50,27.0,24.7
1,2026-05-21,4.80,4.80,28.1,24.4
1,2026-05-22,2.90,2.90,27.0,24.1
1,2026-05-23,5.30,5.30,27.5,23.6
1,2026-05-24,2.90,2.90,24.1,23.8
1,2026-05-25,3.90,3.90,22.8,24.1
1,2026-05-26,6.00,6.00,26.7,23.9
1,2026-05-27,4.90,4.90,23.8,24.0
1,2026-05-28,6.50,6.50,20.1,23.9
1,2026-05-29,5.20,5.20,20.5,23.7
1,2026-05-30,5.30,5.30,15.8,23.9
1,2026-05-31,7.30,7.30,14.8,23.7
1,2026-06-01,4.80,4.80,18.4,24.3
1,2026-06-02,10.90,10.90,19.1,24.7
1,2026-06-03,0.90,0.90,21.9,25.2
1,2026-06-04,9.40,9.40,22.4,24.3
1,2026-06-05,4.30,4.30,24.4,24.9
1,2026-06-06,0.80,0.80,23.2,24.7
1,2026-06-07,6.00,6.00,24.6,24.4
1,2026-06-08,8.10,8.10,22.1,24.3
1,2026-06-09,5.30,5.30,20.5,25.0
1,2026-06-10,7.50,7.50,17.4,24.6
1,2026-06-11,4.60,4.60,16.0,25.0
1,2026-06-12,0.00,0.00,15.6,24.6
1,2026-06-13,0.10,0.10,18.1,24.6
1,2026-06-14,9.50,9.50,15.1,24.2
1,2026-06-15,4.90,4.90,18.5,24.3
1,2026-06-16,2.20,2.20,17.9,25.0
1,2026-06-17,2.40,2.40,15.0,25.8
1,2026-06-18,8.00,8.00,9.4,25.6
1,2026-06-19,5.30,5.30,15.3,25.9
1,2026-06-20,2.50,2.50,15.2,26.2
1,2026-06-21,1.20,1.20,15.6,26.3
1,2026-06-22,3.80,3.80,18.0,25.7
1,2026-06-23,11.00,11.00,18.5,25.3
1,2026-06-24,4.70,4.70,24.3,25.6
1,2026-06-25,4.70,4.70,23.7,25.6
1,2026-06-26,3.60,3.60,21.9,26.0
1,2026-06-27,5.10,5.10,25.2,25.5
1,2026-06-28,2.10,2.10,20.5,25.8
1,2026-06-29,6.20,6.20,20.4,25.5
1,2026-06-30,2.10,2.10,17.6,26.2
1,2026-07-01,4.40,4.40,23.3,25.9
1,2026-07-02,4.80,4.80,17.9,25.5
1,2026-07-03,4.50,4.50,19.9,25.4
1,2026-07-04,1.70,1.70,19.1,25.7
1,2026-07-05,3.90,3.90,24.8,25.8
1,2026-07-06,4.60,4.60,24.0,25.5
1,2026-07-07,4.70,4.70,25.0,25.1
1,2026-07-08,7.60,7.60,23.3,25.4
1,2026-07-09,7.60,7.60,22.9,25.6
1,2026-07-10,2.70,2.70,23.4,26.0
1,2026-07-11,6.10,6.10,23.6,25.9
1,2026-07-12,6.60,6.60,24.1,25.5
1,2026-07-13,1.50,1.50,19.3,25.8
1,2026-07-14,6.10,6.10,15.4,24.4
1,2026-07-15,6.10,6.10,14.2,25.4
1,2026-07-16,5.50,5.50,20.7,26.0
1,2026-07-17,2.70,2.70,22.7,26.5
1,2026-07-18,1.80,1.80,24.3,26.5
1,2026-07-19,1.90,1.90,19.9,26.0
1,2026-07-20,7.80,7.80,18.2,25.3
1,2026-07-21,5.40,5.40,17.5,25.5
1,2026-07-22,6.60,6.60,24.3,25.6
1,2026-07-23,7.30,7.30,26.7,25.5
1,2026-07-24,5.00,5.00,25.8,25.4
1,2026-07-25,5.80,5.80,23.6,25.4
1,2026-07-26,4.50,4.50,21.4,25.2
1,2026-07-27,10.00,10.00,19.1,25.3
1,2026-07-28,11.10,11.10,18.7,25.3
1,2026-07-29,1.40,1.40,15.4,26.2
1,2026-07-30,4.70,4.70,18.3,26.4
1,2026-07-31,6.00,6.00,25.6,26.3
1,2026-08-01,5.30,5.30,26.8,25.9
1,2026-08-02,5.60,5.60,24.2,25.4
1,2026-08-03,10.50,10.50,17.5,24.7
1,2026-08-04,6.70,6.70,16.5,25.4
1,2026-08-05,0.60,0.60,13.4,26.3
1,2026-08-06,3.90,3.90,17.0,26.2
1,2026-08-07,1.20,1.20,15.1,26.7
1,2026-08-08,2.60,2.60,23.1,26.5
1,2026-08-09,4.30,4.30,17.5,26.4
1,2026-08-10,5.70,5.70,18.7,26.4
1,2026-08-11,2.60,2.60,18.1,26.3
1,2026-08-12,4.10,4.10,20.6,26.0
1,2026-08-13,4.30,4.30,23.0,26.2
1,2026-08-14,4.80,4.80,24.7,26.1
1,2026-08-15,9.80,9.80,31.2,25.9
1,2026-08-16,69.90,69.90,40.0,25.1
1,2026-08-17,3.60,3.60,20.0,26.4
1,2026-08-18,1.00,1.00,19.2,26.2
1,2026-08-19,1.30,1.30,14.5,26.1
1,2026-08-20,0.40,0.40,12.5,26.2
1,2026-08-21,2.80,2.80,17.2,26.4
1,2026-08-22,0.80,0.80,22.6,27.1
1,2026-08-23,3.90,3.90,22.4,26.8
1,2026-08-24,4.90,4.90,22.9,26.9
1,2026-08-25,0.80,0.80,23.2,27.0
1,2026-08-26,1.50,1.50,21.3,26.3
1,2026-08-27,1.40,1.40,22.5,26.3
1,2026-08-28,2.30,2.30,21.7,26.0
1,2026-08-29,4.50,4.50,23.3,26.1
1,2026-08-30,5.60,5.60,23.1,25.8
1,2026-08-31,3.00,3.00,23.9,26.2
1,2026-09-01,6.70,6.70,23.9,25.9
1,2026-09-02,9.80,9.80,23.9,26.0
1,2026-09-03,5.20,5.20,25.7,25.6
1,2026-09-04,3.40,3.40,23.5,25.8
1,2026-09-05,6.80,6.80,19.1,25.4
1,2026-09-06,11.80,11.80,20.9,25.3
1,2026-09-07,32.30,32.30,33.0,25.6
1,2026-09-08,5.80,5.80,30.0,27.0
1,2026-09-09,4.80,4.80,11.8,25.8
1,2026-09-10,3.40,3.40,20.9,26.4
1,2026-09-11,1.10,1.10,18.0,26.2
1,2026-09-12,0.00,0.00,15.6,25.8
1,2026-09-13,0.00,0.00,14.1,25.9
1,2026-09-14,0.60,0.60,17.0,25.9
2,2018-01-01,0.00,0.00,19.7,22.5
2,2018-01-02,0.00,0.00,20.8,22.1
2,2018-01-03,0.00,0.00,24.3,22.1
2,2018-01-04,0.00,0.00,25.2,22.5
2,2018-01-05,0.00,0.00,28.0,22.3
2,2018-01-06,0.00,0.00,27.4,23.0
2,2018-01-07,0.00,0.00,27.5,22.9
2,2018-01-08,0.00,0.00,25.6,23.1
2,2018-01-09,0.00,0.00,11.7,23.2
2,2018-01-10,0.00,0.00,17.9,22.4
2,2018-01-11,0.00,0.00,19.6,22.9
2,2018-01-12,0.00,0.00,17.1,22.3
2,2018-01-13,0.00,0.00,15.5,22.1
2,2018-01-14,0.00,0.00,11.5,22.7
2,2018-01-15,0.00,0.00,21.5,22.7
2,2018-01-16,0.00,0.00,24.6,23.1
2,2018-01-17,0.00,0.00,36.7,23.1
2,2018-01-18,0.00,0.00,41.8,23.6
2,2018-01-19,0.00,0.00,39.1,23.8
2,2018-01-20,2.30,2.30,24.0,23.2
2,2018-01-21,0.50,0.50,24.2,23.2
2,2018-01-22,0.00,0.00,29.1,23.2
2,2018-01-23,0.20,0.20,30.3,23.4
2,2018-01-24,0.00,0.00,30.7,23.4
2,2018-01-25,0.00,0.00,20.5,23.7
2,2018-01-26,0.00,0.00,16.7,22.9
2,2018-01-27,1.00,1.00,10.1,22.8
2,2018-01-28,0.00,0.00,19.8,23.1
2,2018-01-29,0.00,0.00,19.6,22.8
2,2018-01-30,0.80,0.80,24.0,22.7
2,2018-01-31,10.80,10.80,20.3,22.9
2,2018-02-01,14.40,14.40,23.9,23.7
2,2018-02-02,9.40,9.40,16.3,23.7
2,2018-02-03,2.10,2.10,19.8,23.6
2,2018-02-04,9.10,9.10,22.1,23.1
2,2018-02-05,4.00,4.00,17.8,21.7
2,2018-02-06,1.90,1.90,12.3,21.1
2,2018-02-07,1.20,1.20,10.0,21.3
2,2018-02-08,0.00,0.00,27.5,20.4
2,2018-02-09,0.00,0.00,25.7,20.3
2,2018-02-10,0.00,0.00,18.1,20.2
2,2018-02-11,0.10,0.10,13.2,21.1
2,2018-02-12,0.10,0.10,13.4,21.4
2,2018-02-13,2.70,2.70,21.6,22.7
2,2018-02-14,21.10,21.10,24.3,21.5
2,2018-02-15,11.30,11.30,18.0,21.7
2,2018-02-16,0.40,0.40,15.6,21.8
2,2018-02-17,0.10,0.10,12.5,21.8
2,2018-02-18,13.60,13.60,19.5,21.0
2,2018-02-19,0.40,0.40,15.6,21.3
2,2018-02-20,0.00,0.00,13.1,21.3
2,2018-02-21,0.00,0.00,17.2,22.6
2,2018-02-22,1.70,1.70,23.7,23.0
2,2018-02-23,0.30,0.30,18.1,23.9
2,2018-02-24,0.10,0.10,19.3,23.6
2,2018-02-25,8.00,8.00,20.5,23.3
2,2018-02-26,0.60,0.60,29.4,23.1
2,2018-02-27,0.40,0.40,33.5,22.9
2,2018-02-28,0.30,0.30,38.1,22.9
2,2018-03-01,3.50,3.50,28.6,22.9
2,2018-03-02,0.50,0.50,26.4,22.9
2,2018-03-03,0.00,0.00,27.2,22.8
2,2018-03-04,0.20,0.20,27.3,22.8
2,2018-03-05,0.00,0.00,30.4,22.2
2,2018-03-06,0.20,0.20,29.7,21.4
2,2018-03-07,0.00,0.00,22.9,20.7
2,2018-03-08,0.00,0.00,28.1,20.2
2,2018-03-09,0.00,0.00,29.7,20.3
2,2018-03-10,0.00,0.00,25.0,20.8
2,2018-03-11,0.00,0.00,25.0,20.7
2,2018-03-12,0.00,0.00,29.8,21.0
2,2018-03-13,1.20,1.20,30.5,22.0
2,2018-03-14,0.60,0.60,27.9,23.2
2,2018-03-15,0.00,0.00,13.0,23.9
2,2018-03-16,0.00,0.00,15.5,24.2
2,2018-03-17,0.00,0.00,19.5,24.2
2,2018-03-18,0.00,0.00,27.9,23.0
2,2018-03-19,0.20,0.20,26.6,22.2
2,2018-03-20,0.20,0.20,24.1,22.6
2,2018-03-21,0.70,0.70,29.9,22.6
2,2018-03-22,10.60,10.60,24.6,22.4
2,2018-03-23,2.80,2.80,16.1,22.4
2,2018-03-24,31.80,31.80,11.0,21.8
2,2018-03-25,0.80,0.80,14.4,21.9
2,2018-03-26,2.60,2.60,19.5,21.9
2,2018-03-27,0.10,0.10,17.1,22.0
2,2018-03-28,0.00,0.00,13.0,21.8
2,2018-03-29,0.40,0.40,14.9,22.7
2,2018-03-30,0.00,0.00,11.6,23.5
2,2018-03-31,4.00,4.00,15.1,23.3
2,2018-04-01,0.00,0.00,12.1,23.7
2,2018-04-02,26.10,26.10,24.8,23.4
2,2018-04-03,1.90,1.90,18.6,24.0
2,2018-04-04,6.50,6.50,29.5,24.8
2,2018-04-05,6.20,6.20,22.6,24.7
2,2018-04-06,0.00,0.00,25.0,23.7
2,2018-04-07,2.80,2.80,20.8,23.5
2,2018-04-08,1.30,1.30,20.0,23.3
2,2018-04-09,0.00,0.00,28.3,22.5
2,2018-04-10,0.00,0.00,29.2,23.3
2,2018-04-11,0.00,0.00,31.6,23.4
2,2018-04-12,0.70,0.70,24.0,23.6
2,2018-04-13,0.50,0.50,21.5,23.6
2,2018-04-14,0.60,0.60,32.4,23.1
2,2018-04-15,0.20,0.20,30.5,23.8
2,2018-04-16,0.00,0.00,30.8,24.0
2,2018-04-17,0.00,0.00,30.6,23.5
2,2018-04-18,0.50,0.50,28.8,23.7
2,2018-04-19,0.40,0.40,29.3,23.4
2,2018-04-20,0.30,0.30,27.0,23.7
2,2018-04-21,0.10,0.10,25.9,23.7
2,2018-04-22,0.00,0.00,29.0,24.0
2,2018-04-23,0.00,0.00,33.1,23.6
2,2018-04-24,0.60,0.60,31.6,23.4
2,2018-04-25,0.00,0.00,28.8,23.6
2,2018-04-26,1.60,1.60,21.5,23.3
2,2018-04-27,4.50,4.50,20.8,22.9
2,2018-04-28,0.10,0.10,18.2,21.7
2,2018-04-29,0.00,0.00,19.4,21.7
2,2018-04-30,0.50,0.50,16.7,22.2
2,2018-05-01,0.40,0.40,14.6,22.6
2,2018-05-02,13.20,13.20,14.6,23.2
2,2018-05-03,1.60,1.60,21.6,24.0
2,2018-05-04,0.00,0.00,20.9,24.1
2,2018-05-05,0.40,0.40,18.7,23.9
2,2018-05-06,0.00,0.00,26.5,23.3
2,2018-05-07,0.00,0.00,29.6,23.1
2,2018-05-08,0.80,0.80,28.4,23.1
2,2018-05-09,0.10,0.10,24.0,23.6
2,2018-05-10,0.00,0.00,15.8,24.8
2,2018-05-11,0.40,0.40,15.0,24.4
2,2018-05-12,0.00,0.00,25.9,24.8
2,2018-05-13,0.20,0.20,30.3,24.4
2,2018-05-14,0.50,0.50,28.2,23.2
2,2018-05-15,0.80,0.80,21.3,23.7
2,2018-05-16,0.00,0.00,18.0,24.6
2,2018-05-17,0.30,0.30,25.0,25.5
2,2018-05-18,0.10,0.10,30.3,25.5
2,2018-05-19,0.10,0.10,33.4,25.2
2,2018-05-20,0.00,0.00,30.6,25.2
2,2018-05-21,0.00,0.00,31.7,25.1
2,2018-05-22,0.00,0.00,28.9,24.7
2,2018-05-23,0.30,0.30,28.2,24.6
2,2018-05-24,0.20,0.20,31.7,24.9
2,2018-05-25,0.00,0.00,29.0,25.0
2,2018-05-26,0.00,0.00,26.6,24.9
2,2018-05-27,0.10,0.10,23.2,24.6
2,2018-05-28,2.60,2.60,23.7,25.1
2,2018-05-29,0.20,0.20,29.7,25.1
2,2018-05-30,0.00,0.00,31.0,25.1
2,2018-05-31,0.00,0.00,27.5,24.9
2,2018-06-01,0.10,0.10,23.3,24.8
2,2018-06-02,0.10,0.10,25.5,25.1
2,2018-06-03,0.00,0.00,30.0,25.7
2,2018-06-04,0.10,0.10,32.4,25.2
2,2018-06-05,0.70,0.70,28.3,24.8
2,2018-06-06,0.50,0.50,25.6,24.4
2,2018-06-07,3.50,3.50,24.2,24.5
2,2018-06-08,0.70,0.70,22.1,25.4
2,2018-06-09,0.50,0.50,28.6,25.6
2,2018-06-10,0.10,0.10,27.9,25.4
2,2018-06-11,0.00,0.00,25.1,25.5
2,2018-06-12,0.00,0.00,26.8,25.5
2,2018-06-13,1.40,1.40,23.7,25.5
2,2018-06-14,0.10,0.10,20.5,25.6
2,2018-06-15,0.00,0.00,19.3,25.6
2,2018-06-16,0.30,0.30,16.9,25.6
2,2018-06-17,0.10,0.10,19.5,25.8
2,2018-06-18,0.00,0.00,15.8,25.8
2,2018-06-19,0.00,0.00,12.2,26.3
2,2018-06-20,1.40,1.40,19.1,26.5
2,2018-06-21,0.20,0.20,23.4,26.4
2,2018-06-22,1.60,1.60,26.4,25.8
2,2018-06-23,0.10,0.10,30.3,25.6
2,2018-06-24,2.20,2.20,28.4,25.0
2,2018-06-25,0.40,0.40,26.4,25.4
2,2018-06-26,1.80,1.80,32.4,25.5
2,2018-06-27,0.70,0.70,31.0,25.9
2,2018-06-28,1.70,1.70,29.8,25.3
2,2018-06-29,0.10,0.10,26.8,25.7
2,2018-06-30,0.30,0.30,21.8,25.8
2,2018-07-01,0.20,0.20,23.0,25.5
2,2018-07-02,0.30,0.30,24.1,26.2
2,2018-07-03,1.30,1.30,27.5,25.5
2,2018-07-04,0.00,0.00,23.1,26.0
2,2018-07-05,0.40,0.40,25.9,26.3
2,2018-07-06,0.90,0.90,33.2,26.0
2,2018-07-07,3.30,3.30,29.3,25.3
2,2018-07-08,1.30,1.30,26.0,24.8
2,2018-07-09,1.50,1.50,20.1,25.3
2,2018-07-10,0.00,0.00,23.4,26.1
2,2018-07-11,0.00,0.00,30.3,25.9
2,2018-07-12,0.80,0.80,24.8,25.5
2,2018-07-13,0.50,0.50,28.2,25.9
2,2018-07-14,2.10,2.10,25.4,25.8
2,2018-07-15,1.60,1.60,25.4,26.4
2,2018-07-16,0.00,0.00,29.6,26.7
2,2018-07-17,0.90,0.90,32.3,26.5
2,2018-07-18,0.20,0.20,28.1,26.5
2,2018-07-19,0.30,0.30,27.9,26.5
2,2018-07-20,0.10,0.10,23.7,26.3
2,2018-07-21,0.10,0.10,26.9,26.1
2,2018-07-22,0.60,0.60,25.9,26.2
2,2018-07-23,0.20,0.20,24.8,27.1
2,2018-07-24,0.20,0.20,28.1,26.5
2,2018-07-25,0.40,0.40,25.8,26.3
2,2018-07-26,0.80,0.80,27.7,26.6
2,2018-07-27,0.00,0.00,28.9,27.1
2,2018-07-28,0.50,0.50,27.2,26.6
2,2018-07-29,0.60,0.60,26.8,26.5
2,2018-07-30,2.00,2.00,23.5,26.6
2,2018-07-31,0.00,0.00,30.5,27.1
2,2018-08-01,0.10,0.10,33.7,26.8
2,2018-08-02,0.20,0.20,35.9,26.5
2,2018-08-03,1.80,1.80,33.2,25.6
2,2018-08-04,0.50,0.50,34.0,26.3
2,2018-08-05,0.00,0.00,29.5,26.3
2,2018-08-06,0.00,0.00,28.8,26.4
2,2018-08-07,0.00,0.00,28.4,26.0
2,2018-08-08,0.40,0.40,32.1,26.1
2,2018-08-09,6.20,6.20,25.1,26.4
2,2018-08-10,13.70,13.70,24.6,26.1
2,2018-08-11,0.70,0.70,24.7,26.1
2,2018-08-12,1.50,1.50,25.1,26.3
2,2018-08-13,0.00,0.00,21.7,26.2
2,2018-08-14,0.00,0.00,21.3,26.0
2,2018-08-15,0.00,0.00,19.4,26.4
2,2018-08-16,0.30,0.30,22.2,26.8
2,2018-08-17,1.10,1.10,23.1,27.1
2,2018-08-18,6.70,6.70,24.8,26.9
2,2018-08-19,1.70,1.70,22.3,27.3
2,2018-08-20,0.20,0.20,26.4,27.0
2,2018-08-21,0.10,0.10,31.9,26.6
2,2018-08-22,0.00,0.00,29.6,26.9
2,2018-08-23,12.70,12.70,33.8,25.8
2,2018-08-24,11.50,11.50,33.8,25.8
2,2018-08-25,4.20,4.20,29.6,25.5
2,2018-08-26,4.30,4.30,26.7,25.6
2,2018-08-27,3.20,3.20,23.0,25.9
2,2018-08-28,1.80,1.80,25.0,26.0
2,2018-08-29,0.00,0.00,30.4,26.2
2,2018-08-30,0.00,0.00,28.4,25.4
2,2018-08-31,1.20,1.20,22.1,25.1
2,2018-09-01,0.30,0.30,23.0,25.3
2,2018-09-02,6.80,6.80,11.9,25.1
2,2018-09-03,0.30,0.30,21.6,26.3
2,2018-09-04,0.40,0.40,26.6,26.7
2,2018-09-05,0.10,0.10,26.5,26.2
2,2018-09-06,0.00,0.00,27.6,26.3
2,2018-09-07,0.10,0.10,22.2,26.5
2,2018-09-08,0.00,0.00,12.4,26.7
2,2018-09-09,0.00,0.00,20.9,26.7
2,2018-09-10,0.20,0.20,20.2,26.6
2,2018-09-11,0.40,0.40,24.5,26.9
2,2018-09-12,18.80,18.80,44.1,25.6
2,2018-09-13,10.00,10.00,27.4,25.6
2,2018-09-14,0.30,0.30,29.3,26.0
2,2018-09-15,2.30,2.30,29.5,25.5
2,2018-09-16,0.10,0.10,28.9,25.1
2,2018-09-17,0.20,0.20,25.0,25.2
2,2018-09-18,0.00,0.00,21.7,25.5
2,2018-09-19,0.10,0.10,10.6,25.7
2,2018-09-20,0.50,0.50,17.7,27.2
2,2018-09-21,1.60,1.60,20.5,27.0
2,2018-09-22,0.20,0.20,24.0,26.6
2,2018-09-23,0.00,0.00,16.2,26.5
2,2018-09-24,0.30,0.30,18.8,26.9
2,2018-09-25,1.30,1.30,14.6,27.5
2,2018-09-26,4.80,4.80,15.3,26.6
2,2018-09-27,5.80,5.80,14.3,26.2
2,2018-09-28,1.80,1.80,20.8,26.8
2,2018-09-29,0.70,0.70,21.3,26.8
2,2018-09-30,0.10,0.10,21.0,26.6
2,2018-10-01,0.60,0.60,13.8,26.5
2,2018-10-02,0.40,0.40,15.6,26.6
2,2018-10-03,0.30,0.30,20.9,26.5
2,2018-10-04,0.40,0.40,13.6,26.7
2,2018-10-05,0.00,0.00,19.5,26.9
2,2018-10-06,3.20,3.20,17.5,26.2
2,2018-10-07,0.90,0.90,21.1,26.6
2,2018-10-08,0.10,0.10,20.4,26.9
2,2018-10-09,0.60,0.60,22.1,26.1
2,2018-10-10,0.70,0.70,17.1,25.3
2,2018-10-11,1.70,1.70,13.7,25.2
2,2018-10-12,1.30,1.30,11.0,25.3
2,2018-10-13,2.60,2.60,13.7,25.4
2,2018-10-14,1.20,1.20,17.6,24.9
2,2018-10-15,0.70,0.70,21.3,24.9
2,2018-10-16,0.00,0.00,23.2,25.2
2,2018-10-17,0.20,0.20,21.7,25.5
2,2018-10-18,0.00,0.00,20.2,25.7
2,2018-10-19,2.50,2.50,14.5,25.6
2,2018-10-20,0.20,0.20,21.7,25.4
2,2018-10-21,0.10,0.10,20.5,25.8
2,2018-10-22,0.50,0.50,24.8,25.9
2,2018-10-23,0.70,0.70,24.0,25.9
2,2018-10-24,0.90,0.90,23.8,26.0
2,2018-10-25,0.00,0.00,24.6,25.9
2,2018-10-26,0.70,0.70,24.3,25.7
2,2018-10-27,0.20,0.20,25.6,26.2
2,2018-10-28,0.40,0.40,24.6,26.2
2,2018-10-29,1.50,1.50,14.5,25.9
2,2018-10-30,44.00,44.00,28.2,24.8
2,2018-10-31,15.20,15.20,12.0,25.4
2,2018-11-01,1.10,1.10,20.7,25.6
2,2018-11-02,0.90,0.90,19.3,25.3
2,2018-11-03,0.20,0.20,25.6,25.0
2,2018-11-04,0.50,0.50,24.8,25.0
2,2018-11-05,0.30,0.30,23.7,25.4
2,2018-11-06,0.30,0.30,21.9,25.0
2,2018-11-07,0.30,0.30,13.4,25.0
2,2018-11-08,0.00,0.00,11.6,25.3
2,2018-11-09,0.50,0.50,16.8,24.8
2,2018-11-10,0.40,0.40,32.4,23.7
2,2018-11-11,0.00,0.00,25.5,23.7
2,2018-11-12,0.10,0.10,21.7,24.0
2,2018-11-13,0.00,0.00,22.0,24.6
2,2018-11-14,0.00,0.00,11.0,24.6
2,2018-11-15,0.90,0.90,15.3,24.9
2,2018-11-16,0.60,0.60,26.3,24.8
2,2018-11-17,2.10,2.10,29.2,23.9
2,2018-11-18,0.20,0.20,28.8,24.5
2,2018-11-19,0.00,0.00,29.0,24.2
2,2018-11-20,1.70,1.70,29.7,23.8
2,2018-11-21,0.70,0.70,29.1,24.4
2,2018-11-22,1.10,1.10,19.0,24.5
2,2018-11-23,0.10,0.10,20.8,24.8
2,2018-11-24,0.10,0.10,20.5,24.8
2,2018-11-25,0.00,0.00,11.3,24.5
2,2018-11-26,0.00,0.00,19.4,24.6
2,2018-11-27,0.50,0.50,23.3,24.3
2,2018-11-28,0.20,0.20,29.0,24.7
2,2018-11-29,0.10,0.10,12.8,23.9
2,2018-11-30,5.50,5.50,19.4,24.4
2,2018-12-01,0.80,0.80,16.6,23.7
2,2018-12-02,0.00,0.00,21.1,23.5
2,2018-12-03,0.20,0.20,27.7,23.9
2,2018-12-04,0.00,0.00,26.7,24.6
2,2018-12-05,0.00,0.00,27.0,24.4
2,2018-12-06,0.00,0.00,24.2,24.3
2,2018-12-07,0.80,0.80,24.8,23.6
2,2018-12-08,2.60,2.60,32.7,22.8
2,2018-12-09,0.40,0.40,32.4,23.6
2,2018-12-10,1.70,1.70,33.4,23.5
2,2018-12-11,0.90,0.90,31.9,23.9
2,2018-12-12,0.70,0.70,29.5,23.9
2,2018-12-13,0.00,0.00,35.2,23.7
2,2018-12-14,0.00,0.00,30.5,23.7
2,2018-12-15,0.00,0.00,31.0,23.7
2,2018-12-16,0.00,0.00,26.4,23.4
2,2018-12-17,0.00,0.00,21.3,23.2
2,2018-12-18,0.80,0.80,23.0,22.1
2,2018-12-19,0.30,0.30,33.4,22.2
2,2018-12-20,0.00,0.00,22.3,22.8
2,2018-12-21,0.40,0.40,22.8,23.1
2,2018-12-22,0.00,0.00,22.4,24.0
2,2018-12-23,0.10,0.10,30.7,24.1
2,2018-12-24,1.00,1.00,25.5,23.8
2,2018-12-25,1.60,1.60,24.3,23.8
2,2018-12-26,0.00,0.00,14.2,23.6
2,2018-12-27,0.00,0.00,12.3,24.0
2,2018-12-28,15.50,15.50,21.1,22.9
2,2018-12-29,1.70,1.70,27.2,24.0
2,2018-12-30,0.20,0.20,29.5,24.3
2,2018-12-31,0.80,0.80,28.4,24.0
2,2019-01-01,0.10,0.10,29.5,23.8
2,2019-01-02,0.00,0.00,26.9,23.9
2,2019-01-03,0.30,0.30,28.1,23.3
2,2019-01-04,0.00,0.00,31.4,23.6
2,2019-01-05,0.00,0.00,26.6,23.4
2,2019-01-06,0.20,0.20,10.9,22.9
2,2019-01-07,0.00,0.00,18.9,22.3
2,2019-01-08,0.10,0.10,15.8,23.0
2,2019-01-09,0.00,0.00,15.3,22.7
2,2019-01-10,0.80,0.80,18.7,23.0
2,2019-01-11,0.30,0.30,17.3,22.8
2,2019-01-12,0.70,0.70,11.3,22.8
2,2019-01-13,0.20,0.20,11.9,23.4
2,2019-01-14,1.70,1.70,13.0,22.3
2,2019-01-15,0.00,0.00,11.7,22.1
2,2019-01-16,3.10,3.10,16.8,22.7
2,2019-01-17,2.90,2.90,26.8,23.5
2,2019-01-18,1.00,1.00,21.4,22.2
2,2019-01-19,0.00,0.00,25.0,23.2
2,2019-01-20,0.00,0.00,19.9,23.7
2,2019-01-21,0.10,0.10,14.7,23.4
2,2019-01-22,0.10,0.10,12.0,23.4
2,2019-01-23,0.00,0.00,14.3,23.6
2,2019-01-24,0.20,0.20,14.5,23.7
2,2019-01-25,2.50,2.50,28.0,22.3
2,2019-01-26,0.10,0.10,30.6,21.2
2,2019-01-27,0.00,0.00,26.7,20.9
2,2019-01-28,0.00,0.00,34.5,21.1
2,2019-01-29,1.80,1.80,27.7,21.7
2,2019-01-30,6.90,6.90,28.6,21.8
2,2019-01-31,3.50,3.50,35.2,21.8
2,2019-02-01,2.70,2.70,27.6,22.3
2,2019-02-02,3.50,3.50,24.4,22.3
2,2019-02-03,0.50,0.50,21.5,21.9
2,2019-02-04,0.10,0.10,24.4,21.7
2,2019-02-05,0.00,0.00,16.4,21.9
2,2019-02-06,2.60,2.60,14.8,21.8
2,2019-02-07,4.00,4.00,17.9,22.2
2,2019-02-08,0.00,0.00,22.4,21.6
2,2019-02-09,0.30,0.30,26.9,19.2
2,2019-02-10,3.10,3.10,50.0,18.3
2,2019-02-11,0.10,0.10,23.3,19.8
2,2019-02-12,0.70,0.70,19.8,20.0
2,2019-02-13,3.00,3.00,28.5,18.4
2,2019-02-14,7.50,7.50,28.3,18.4
2,2019-02-15,6.80,6.80,29.3,19.8
2,2019-02-16,1.30,1.30,19.6,20.8
2,2019-02-17,2.30,2.30,19.2,20.7
2,2019-02-18,0.90,0.90,15.5,21.0
2,2019-02-19,13.30,13.30,17.8,21.1
2,2019-02-20,0.20,0.20,16.5,21.5
2,2019-02-21,0.00,0.00,16.2,21.3
2,2019-02-22,0.00,0.00,13.8,21.6
2,2019-02-23,1.30,1.30,17.3,22.1
2,2019-02-24,0.00,0.00,22.6,21.7
2,2019-02-25,0.00,0.00,22.0,21.0
2,2019-02-26,0.20,0.20,23.0,20.7
2,2019-02-27,0.00,0.00,26.4,20.1
2,2019-02-28,0.00,0.00,24.1,19.4
2,2019-03-01,0.20,0.20,20.4,20.0
2,2019-03-02,0.20,0.20,19.3,20.9
2,2019-03-03,0.00,0.00,23.4,21.1
2,2019-03-04,0.00,0.00,27.9,20.9
2,2019-03-05,0.10,0.10,30.1,21.1
2,2019-03-06,0.20,0.20,29.8,21.9
2,2019-03-07,0.10,0.10,29.9,22.2
2,2019-03-08,0.50,0.50,33.2,21.9
2,2019-03-09,0.30,0.30,32.2,22.5
2,2019-03-10,0.60,0.60,31.9,23.0
2,2019-03-11,0.30,0.30,30.4,22.9
2,2019-03-12,1.00,1.00,24.0,22.3
2,2019-03-13,0.30,0.30,23.6,22.8
2,2019-03-14,0.00,0.00,20.7,23.4
2,2019-03-15,0.00,0.00,17.9,23.1
2,2019-03-16,0.00,0.00,18.1,22.9
2,2019-03-17,0.00,0.00,22.5,21.6
2,2019-03-18,0.00,0.00,22.7,21.6
2,2019-03-19,0.60,0.60,22.0,22.7
2,2019-03-20,0.00,0.00,15.0,23.0
2,2019-03-21,0.50,0.50,20.4,23.1
2,2019-03-22,0.00,0.00,21.1,23.4
2,2019-03-23,0.00,0.00,21.9,23.3
2,2019-03-24,0.00,0.00,23.1,23.7
2,2019-03-25,0.60,0.60,21.5,23.1
2,2019-03-26,0.10,0.10,20.9,23.2
2,2019-03-27,0.40,0.40,17.1,23.4
2,2019-03-28,0.20,0.20,19.5,23.3
2,2019-03-29,1.00,1.00,16.8,22.0
2,2019-03-30,0.50,0.50,17.8,22.3
2,2019-03-31,0.60,0.60,17.6,22.6
2,2019-04-01,0.40,0.40,18.9,22.7
2,2019-04-02,0.00,0.00,25.3,23.3
2,2019-04-03,0.00,0.00,23.3,23.4
2,2019-04-04,0.00,0.00,23.6,23.8
2,2019-04-05,0.00,0.00,19.3,23.9
2,2019-04-06,0.50,0.50,21.7,23.6
2,2019-04-07,0.60,0.60,16.3,23.6
2,2019-04-08,2.40,2.40,17.4,24.2
2,2019-04-09,1.10,1.10,24.8,24.3
2,2019-04-10,0.50,0.50,30.6,24.1
2,2019-04-11,1.50,1.50,33.0,23.9
2,2019-04-12,0.50,0.50,33.2,23.9
2,2019-04-13,2.50,2.50,33.2,23.5
2,2019-04-14,0.10,0.10,32.4,23.4
2,2019-04-15,0.40,0.40,26.8,23.6
2,2019-04-16,0.10,0.10,20.2,23.9
2,2019-04-17,0.60,0.60,21.9,24.4
2,2019-04-18,0.10,0.10,25.4,24.4
2,2019-04-19,0.10,0.10,25.2,24.6
2,2019-04-20,1.00,1.00,29.0,24.5
2,2019-04-21,0.10,0.10,30.0,24.9
2,2019-04-22,0.60,0.60,24.7,24.7
2,2019-04-23,0.30,0.30,25.1,24.5
2,2019-04-24,0.00,0.00,23.3,24.5
2,2019-04-25,0.10,0.10,19.4,24.7
2,2019-04-26,0.40,0.40,17.6,24.6
2,2019-04-27,2.40,2.40,14.3,24.0
2,2019-04-28,3.30,3.30,12.2,23.8
2,2019-04-29,1.50,1.50,20.2,23.4
2,2019-04-30,0.20,0.20,21.9,24.0
2,2019-05-01,0.60,0.60,22.1,23.8
2,2019-05-02,2.60,2.60,20.0,23.8
2,2019-05-03,3.30,3.30,14.5,23.9
2,2019-05-04,12.40,12.40,30.9,22.8
2,2019-05-05,0.50,0.50,19.1,21.7
2,2019-05-06,2.10,2.10,15.3,21.8
2,2019-05-07,1.30,1.30,12.3,23.1
2,2019-05-08,6.90,6.90,10.5,23.2
2,2019-05-09,0.00,0.00,18.0,23.8
2,2019-05-10,0.00,0.00,14.4,24.1
2,2019-05-11,0.60,0.60,18.6,24.6
2,2019-05-12,0.10,0.10,14.1,25.2
2,2019-05-13,0.20,0.20,16.1,26.0
2,2019-05-14,0.90,0.90,19.4,25.7
2,2019-05-15,0.60,0.60,23.2,25.0
2,2019-05-16,0.10,0.10,23.9,25.5
2,2019-05-17,1.10,1.10,23.2,25.8
2,2019-05-18,0.90,0.90,23.3,25.8
2,2019-05-19,0.20,0.20,24.0,26.0
2,2019-05-20,0.80,0.80,18.9,26.2
2,2019-05-21,0.70,0.70,14.8,26.2
2,2019-05-22,0.10,0.10,13.9,26.8
2,2019-05-23,5.60,5.60,16.2,26.2
2,2019-05-24,3.20,3.20,21.7,26.3
2,2019-05-25,1.20,1.20,24.4,26.2
2,2019-05-26,0.00,0.00,22.0,26.2
2,2019-05-27,1.60,1.60,14.5,26.2
2,2019-05-28,4.60,4.60,13.0,25.9
2,2019-05-29,0.10,0.10,17.7,26.4
2,2019-05-30,0.10,0.10,20.7,26.4
2,2019-05-31,1.50,1.50,22.2,26.2
2,2019-06-01,0.70,0.70,27.1,25.8
2,2019-06-02,0.50,0.50,25.1,26.1
2,2019-06-03,0.70,0.70,26.0,25.9
2,2019-06-04,0.40,0.40,25.0,25.5
2,2019-06-05,0.80,0.80,23.4,26.5
2,2019-06-06,5.70,5.70,19.4,26.4
2,2019-06-07,0.00,0.00,21.3,26.8
2,2019-06-08,0.10,0.10,19.8,26.2
2,2019-06-09,1.00,1.00,14.9,26.3
2,2019-06-10,0.20,0.20,17.4,26.6
2,2019-06-11,0.00,0.00,19.5,26.6
2,2019-06-12,0.10,0.10,20.3,26.5
2,2019-06-13,0.10,0.10,19.6,26.8
2,2019-06-14,0.00,0.00,22.6,26.5
2,2019-06-15,0.00,0.00,23.4,26.6
2,2019-06-16,0.00,0.00,23.7,26.4
2,2019-06-17,2.70,2.70,17.7,26.5
2,2019-06-18,0.30,0.30,23.3,27.2
2,2019-06-19,0.40,0.40,23.9,26.8
2,2019-06-20,0.40,0.40,21.1,26.2
2,2019-06-21,5.00,5.00,16.9,26.0
2,2019-06-22,0.30,0.30,17.4,26.9
2,2019-06-23,0.80,0.80,17.6,27.4
2,2019-06-24,4.70,4.70,14.5,26.5
2,2019-06-25,33.60,33.60,17.4,25.3
2,2019-06-26,40.50,40.50,25.5,25.2
2,2019-06-27,3.20,3.20,18.8,26.5
2,2019-06-28,2.30,2.30,17.1,26.2
2,2019-06-29,0.00,0.00,19.8,26.3
2,2019-06-30,0.40,0.40,15.3,26.0
2,2019-07-01,0.40,0.40,20.1,26.4
2,2019-07-02,1.30,1.30,18.8,26.1
2,2019-07-03,0.00,0.00,15.8,26.4
2,2019-07-04,3.20,3.20,12.8,26.1
2,2019-07-05,2.80,2.80,14.6,26.5
2,2019-07-06,0.60,0.60,21.2,26.7
2,2019-07-07,0.00,0.00,24.4,26.7
2,2019-07-08,1.20,1.20,28.9,26.7
2,2019-07-09,2.00,2.00,24.4,27.1
2,2019-07-10,0.00,0.00,21.4,26.9
2,2019-07-11,0.70,0.70,22.4,26.9
2,2019-07-12,0.10,0.10,24.3,26.7
2,2019-07-13,0.30,0.30,22.0,26.9
2,2019-07-14,0.00,0.00,27.0,27.2
2,2019-07-15,0.80,0.80,22.7,26.8
2,2019-07-16,0.30,0.30,22.9,27.5
2,2019-07-17,0.10,0.10,30.0,27.3
2,2019-07-18,0.20,0.20,30.4,27.3
2,2019-07-19,0.40,0.40,28.0,27.5
2,2019-07-20,0.30,0.30,27.1,27.0
2,2019-07-21,0.00,0.00,29.3,27.2
2,2019-07-22,0.10,0.10,29.7,27.2
2,2019-07-23,0.30,0.30,23.1,27.5
2,2019-07-24,0.30,0.30,25.2,27.6
2,2019-07-25,0.20,0.20,24.4,27.0
2,2019-07-26,0.30,0.30,25.5,27.0
2,2019-07-27,0.50,0.50,23.2,27.2
2,2019-07-28,0.70,0.70,25.3,26.8
2,2019-07-29,0.90,0.90,23.1,27.0
2,2019-07-30,0.50,0.50,27.0,27.1
2,2019-07-31,1.10,1.10,29.8,26.9
2,2019-08-01,0.20,0.20,34.2,27.2
2,2019-08-02,1.20,1.20,29.9,27.4
2,2019-08-03,0.50,0.50,27.2,27.9
2,2019-08-04,2.50,2.50,17.4,28.0
2,2019-08-05,1.80,1.80,20.0,27.7
2,2019-08-06,2.50,2.50,12.3,27.4
2,2019-08-07,5.10,5.10,11.2,27.1
2,2019-08-08,0.40,0.40,16.0,27.5
2,2019-08-09,1.10,1.10,15.6,27.6
2,2019-08-10,0.20,0.20,14.5,27.9
2,2019-08-11,0.10,0.10,19.3,28.5
2,2019-08-12,0.20,0.20,19.1,28.1
2,2019-08-13,1.30,1.30,22.5,27.8
2,2019-08-14,0.60,0.60,21.8,27.6
2,2019-08-15,1.30,1.30,26.9,27.7
2,2019-08-16,1.50,1.50,24.8,27.5
2,2019-08-17,0.00,0.00,23.2,27.9
2,2019-08-18,0.00,0.00,19.6,27.6
2,2019-08-19,0.10,0.10,19.1,27.3
2,2019-08-20,0.10,0.10,22.7,27.6
2,2019-08-21,0.00,0.00,24.8,27.7
2,2019-08-22,0.20,0.20,23.1,27.6
2,2019-08-23,2.10,2.10,21.6,27.8
2,2019-08-24,0.10,0.10,27.9,27.9
2,2019-08-25,0.10,0.10,29.0,27.6
2,2019-08-26,0.20,0.20,25.1,27.8
2,2019-08-27,0.40,0.40,19.2,27.6
2,2019-08-28,0.00,0.00,16.9,27.9
2,2019-08-29,0.00,0.00,16.8,28.0
2,2019-08-30,0.00,0.00,20.5,27.7
2,2019-08-31,1.50,1.50,19.5,28.1
2,2019-09-01,0.80,0.80,20.7,27.4
2,2019-09-02,0.40,0.40,23.5,27.8
2,2019-09-03,0.00,0.00,20.0,27.7
2,2019-09-04,0.70,0.70,25.9,27.8
2,2019-09-05,0.00,0.00,28.7,28.2
2,2019-09-06,0.50,0.50,27.7,27.8
2,2019-09-07,0.00,0.00,31.4,27.9
2,2019-09-08,2.30,2.30,31.0,27.6
2,2019-09-09,0.00,0.00,27.7,27.8
2,2019-09-10,0.00,0.00,25.6,27.5
2,2019-09-11,0.00,0.00,20.3,27.5
2,2019-09-12,0.00,0.00,21.0,27.4
2,2019-09-13,1.00,1.00,17.4,27.1
2,2019-09-14,0.30,0.30,17.9,27.7
2,2019-09-15,2.70,2.70,16.3,27.8
2,2019-09-16,0.70,0.70,20.6,28.0
2,2019-09-17,2.40,2.40,22.8,27.8
2,2019-09-18,0.10,0.10,22.3,27.8
2,2019-09-19,0.00,0.00,20.5,27.7
2,2019-09-20,2.20,2.20,24.8,26.5
2,2019-09-21,0.60,0.60,25.3,26.8
2,2019-09-22,0.70,0.70,18.2,27.7
2,2019-09-23,7.00,7.00,23.4,27.4
2,2019-09-24,0.40,0.40,24.6,27.6
2,2019-09-25,2.20,2.20,16.6,26.6
2,2019-09-26,4.00,4.00,13.7,26.9
2,2019-09-27,1.60,1.60,19.5,27.4
2,2019-09-28,3.90,3.90,20.0,27.0
2,2019-09-29,0.30,0.30,22.8,26.6
2,2019-09-30,1.00,1.00,22.6,26.4
2,2019-10-01,1.10,1.10,25.8,26.4
2,2019-10-02,0.90,0.90,30.6,26.4
2,2019-10-03,2.10,2.10,29.8,26.3
2,2019-10-04,0.50,0.50,29.0,26.6
2,2019-10-05,0.10,0.10,16.9,25.8
2,2019-10-06,0.40,0.40,14.3,25.8
2,2019-10-07,3.10,3.10,12.1,25.3
2,2019-10-08,0.80,0.80,13.6,26.0
2,2019-10-09,0.00,0.00,15.0,27.0
2,2019-10-10,4.40,4.40,15.6,27.6
2,2019-10-11,3.40,3.40,27.1,27.2
2,2019-10-12,0.00,0.00,27.8,27.1
2,2019-10-13,0.30,0.30,24.7,27.0
2,2019-10-14,0.00,0.00,23.6,27.1
2,2019-10-15,0.30,0.30,27.1,26.5
2,2019-10-16,1.60,1.60,20.0,26.2
2,2019-10-17,2.00,2.00,24.6,26.7
2,2019-10-18,0.50,0.50,25.2,26.3
2,2019-10-19,0.10,0.10,26.8,26.8
2,2019-10-20,0.10,0.10,18.4,27.2
2,2019-10-21,0.00,0.00,24.7,27.2
2,2019-10-22,0.00,0.00,30.2,27.1
2,2019-10-23,0.00,0.00,22.4,27.2
2,2019-10-24,0.00,0.00,13.7,27.0
2,2019-10-25,0.00,0.00,12.5,27.0
2,2019-10-26,0.00,0.00,21.4,27.2
2,2019-10-27,0.00,0.00,22.7,26.5
2,2019-10-28,0.10,0.10,19.8,26.4
2,2019-10-29,2.00,2.00,14.4,25.9
2,2019-10-30,0.90,0.90,8.5,25.7
2,2019-10-31,1.40,1.40,15.7,25.7
2,2019-11-01,0.00,0.00,15.9,25.7
2,2019-11-02,0.00,0.00,18.2,25.6
2,2019-11-03,1.20,1.20,16.0,25.7
2,2019-11-04,0.90,0.90,14.4,25.7
2,2019-11-05,0.00,0.00,13.4,26.0
2,2019-11-06,0.00,0.00,22.2,26.1
2,2019-11-07,0.10,0.10,23.6,24.9
2,2019-11-08,0.90,0.90,16.8,25.3
2,2019-11-09,1.30,1.30,15.3,24.7
2,2019-11-10,0.10,0.10,15.1,26.0
2,2019-11-11,0.30,0.30,13.3,26.1
2,2019-11-12,0.00,0.00,15.1,26.1
2,2019-11-13,0.00,0.00,13.8,26.0
2,2019-11-14,0.00,0.00,13.7,26.2
2,2019-11-15,0.70,0.70,16.8,25.9
2,2019-11-16,0.40,0.40,14.2,26.1
2,2019-11-17,0.90,0.90,26.2,25.2
2,2019-11-18,0.10,0.10,21.2,25.4
2,2019-11-19,10.40,10.40,24.0,25.0
2,2019-11-20,0.90,0.90,24.8,25.5
2,2019-11-21,2.10,2.10,28.7,25.2
2,2019-11-22,1.50,1.50,31.0,25.5
2,2019-11-23,1.40,1.40,34.3,25.3
2,2019-11-24,0.00,0.00,27.0,25.6
2,2019-11-25,0.00,0.00,16.8,25.9
2,2019-11-26,0.10,0.10,10.9,26.0
2,2019-11-27,1.20,1.20,14.1,25.7
2,2019-11-28,0.50,0.50,18.1,25.8
2,2019-11-29,0.30,0.30,26.5,25.5
2,2019-11-30,0.20,0.20,34.3,25.4
2,2019-12-01,1.70,1.70,34.8,24.2
2,2019-12-02,0.10,0.10,26.2,24.2
2,2019-12-03,0.70,0.70,24.5,24.7
2,2019-12-04,0.00,0.00,20.8,24.5
2,2019-12-05,1.70,1.70,23.4,24.6
2,2019-12-06,16.80,16.80,20.8,23.5
2,2019-12-07,0.10,0.10,11.1,24.2
2,2019-12-08,0.30,0.30,13.3,23.4
2,2019-12-09,0.00,0.00,12.8,23.9
2,2019-12-10,0.00,0.00,13.5,24.4
2,2019-12-11,0.80,0.80,11.3,25.0
2,2019-12-12,0.10,0.10,17.3,25.1
2,2019-12-13,0.60,0.60,28.8,25.0
2,2019-12-14,0.30,0.30,26.9,24.7
2,2019-12-15,0.60,0.60,22.7,24.6
2,2019-12-16,1.80,1.80,28.4,24.4
2,2019-12-17,0.80,0.80,34.8,24.9
2,2019-12-18,0.00,0.00,28.5,25.1
2,2019-12-19,0.80,0.80,22.1,24.6
2,2019-12-20,2.30,2.30,33.7,24.0
2,2019-12-21,1.80,1.80,38.0,23.4
2,2019-12-22,0.40,0.40,30.9,23.8
2,2019-12-23,0.20,0.20,14.5,24.5
2,2019-12-24,0.70,0.70,25.8,24.8
2,2019-12-25,66.20,66.20,41.1,24.3
2,2019-12-26,0.10,0.10,18.9,24.2
2,2019-12-27,0.30,0.30,26.2,23.9
2,2019-12-28,0.00,0.00,22.5,24.5
2,2019-12-29,0.00,0.00,21.3,24.8
2,2019-12-30,0.00,0.00,26.8,24.4
2,2019-12-31,0.10,0.10,29.0,24.3
2,2020-01-01,0.20,0.20,18.7,23.3
2,2020-01-02,0.80,0.80,21.7,22.9
2,2020-01-03,3.30,3.30,29.3,22.8
2,2020-01-04,2.30,2.30,31.7,23.5
2,2020-01-05,0.70,0.70,32.8,24.0
2,2020-01-06,0.00,0.00,33.2,24.1
2,2020-01-07,0.40,0.40,39.6,23.6
2,2020-01-08,0.10,0.10,35.4,23.7
2,2020-01-09,2.30,2.30,39.8,23.2
2,2020-01-10,4.40,4.40,34.2,22.7
2,2020-01-11,3.90,3.90,33.5,23.4
2,2020-01-12,11.90,11.90,30.8,23.5
2,2020-01-13,0.40,0.40,35.8,24.2
2,2020-01-14,0.10,0.10,34.3,24.0
2,2020-01-15,1.40,1.40,27.8,23.4
2,2020-01-16,1.20,1.20,16.1,23.2
2,2020-01-17,0.40,0.40,34.4,22.4
2,2020-01-18,0.00,0.00,26.3,22.2
2,2020-01-19,0.00,0.00,28.6,22.7
2,2020-01-20,0.30,0.30,27.8,23.0
2,2020-01-21,0.00,0.00,13.9,23.0
2,2020-01-22,0.00,0.00,12.3,22.4
2,2020-01-23,0.00,0.00,15.6,22.6
2,2020-01-24,1.50,1.50,15.0,22.8
2,2020-01-25,0.40,0.40,17.6,23.8
2,2020-01-26,0.00,0.00,19.9,24.1
2,2020-01-27,0.00,0.00,19.3,24.2
2,2020-01-28,0.00,0.00,16.0,23.3
2,2020-01-29,0.00,0.00,16.1,24.5
2,2020-01-30,0.00,0.00,12.4,24.1
2,2020-01-31,0.00,0.00,19.5,24.1
2,2020-02-01,1.40,1.40,28.8,23.0
2,2020-02-02,0.80,0.80,23.3,23.3
2,2020-02-03,0.10,0.10,20.7,24.1
2,2020-02-04,0.50,0.50,14.7,23.4
2,2020-02-05,2.90,2.90,12.4,23.0
2,2020-02-06,9.70,9.70,36.4,20.7
2,2020-02-07,0.40,0.40,18.0,20.4
2,2020-02-08,0.10,0.10,17.1,20.1
2,2020-02-09,1.70,1.70,31.0,20.8
2,2020-02-10,3.10,3.10,27.3,19.5
2,2020-02-11,3.40,3.40,25.8,21.2
2,2020-02-12,1.10,1.10,20.6,22.0
2,2020-02-13,0.20,0.20,23.1,24.3
2,2020-02-14,0.00,0.00,33.4,24.3
2,2020-02-15,0.00,0.00,31.4,23.9
2,2020-02-16,0.20,0.20,32.2,23.2
2,2020-02-17,0.50,0.50,31.2,22.8
2,2020-02-18,0.60,0.60,31.9,22.8
2,2020-02-19,2.10,2.10,37.7,22.7
2,2020-02-20,0.20,0.20,34.8,23.0
2,2020-02-21,0.10,0.10,29.8,23.5
2,2020-02-22,0.20,0.20,20.4,23.9
2,2020-02-23,0.20,0.20,20.9,23.5
2,2020-02-24,0.10,0.10,19.2,22.7
2,2020-02-25,0.20,0.20,27.8,23.6
2,2020-02-26,0.00,0.00,33.8,23.4
2,2020-02-27,0.00,0.00,30.4,22.9
2,2020-02-28,0.00,0.00,33.2,22.8
2,2020-02-29,1.20,1.20,35.5,22.4
2,2020-03-01,2.50,2.50,36.1,21.8
2,2020-03-02,0.90,0.90,29.1,22.4
2,2020-03-03,0.70,0.70,21.4,23.6
2,2020-03-04,0.70,0.70,12.1,23.8
2,2020-03-05,2.00,2.00,22.8,22.2
2,2020-03-06,4.50,4.50,35.8,22.4
2,2020-03-07,0.40,0.40,33.3,22.3
2,2020-03-08,0.00,0.00,31.8,21.9
2,2020-03-09,1.10,1.10,25.8,21.4
2,2020-03-10,0.60,0.60,14.1,22.3
2,2020-03-11,2.30,2.30,16.1,22.0
2,2020-03-12,3.90,3.90,12.0,21.8
2,2020-03-13,2.30,2.30,14.5,22.3
2,2020-03-14,0.00,0.00,17.6,23.0
2,2020-03-15,2.50,2.50,17.6,23.5
2,2020-03-16,11.50,11.50,23.9,22.9
2,2020-03-17,28.20,28.20,13.8,22.3
2,2020-03-18,8.00,8.00,19.1,23.0
2,2020-03-19,0.10,0.10,18.7,22.9
2,2020-03-20,0.00,0.00,14.0,23.3
2,2020-03-21,1.40,1.40,19.0,23.4
2,2020-03-22,0.10,0.10,26.8,23.2
2,2020-03-23,0.60,0.60,34.3,22.7
2,2020-03-24,0.60,0.60,32.9,22.5
2,2020-03-25,0.60,0.60,37.6,22.5
2,2020-03-26,1.00,1.00,34.6,22.3
2,2020-03-27,2.90,2.90,26.6,22.0
2,2020-03-28,0.40,0.40,23.5,23.0
2,2020-03-29,1.00,1.00,22.4,22.5
2,2020-03-30,1.00,1.00,21.7,23.2
2,2020-03-31,0.00,0.00,19.2,23.0
2,2020-04-01,0.50,0.50,16.8,22.7
2,2020-04-02,0.40,0.40,10.2,23.5
2,2020-04-03,0.00,0.00,13.0,23.5
2,2020-04-04,1.70,1.70,14.0,23.8
2,2020-04-05,0.00,0.00,13.5,23.9
2,2020-04-06,2.90,2.90,18.6,23.4
2,2020-04-07,1.00,1.00,22.3,24.0
2,2020-04-08,2.30,2.30,18.4,23.2
2,2020-04-09,0.70,0.70,21.3,23.4
2,2020-04-10,0.80,0.80,19.8,23.3
2,2020-04-11,1.30,1.30,22.4,24.1
2,2020-04-12,0.00,0.00,18.2,23.5
2,2020-04-13,1.70,1.70,17.6,24.1
2,2020-04-14,6.20,6.20,9.7,24.0
2,2020-04-15,0.60,0.60,24.5,24.8
2,2020-04-16,0.00,0.00,29.0,24.3
2,2020-04-17,0.00,0.00,20.8,24.2
2,2020-04-18,0.00,0.00,18.0,24.3
2,2020-04-19,0.00,0.00,16.3,24.1
2,2020-04-20,1.60,1.60,19.1,24.1
2,2020-04-21,5.10,5.10,13.1,23.9
2,2020-04-22,1.40,1.40,14.6,24.5
2,2020-04-23,0.40,0.40,25.7,24.9
2,2020-04-24,0.60,0.60,27.4,24.5
2,2020-04-25,0.00,0.00,26.6,24.6
2,2020-04-26,0.40,0.40,25.0,24.5
2,2020-04-27,0.40,0.40,25.0,24.8
2,2020-04-28,0.20,0.20,29.0,24.5
2,2020-04-29,0.20,0.20,32.0,24.4
2,2020-04-30,0.00,0.00,34.0,24.7
2,2020-05-01,0.10,0.10,31.2,24.7
2,2020-05-02,0.00,0.00,28.5,24.7
2,2020-05-03,0.00,0.00,30.8,24.5
2,2020-05-04,0.00,0.00,29.9,24.8
2,2020-05-05,0.00,0.00,26.0,25.0
2,2020-05-06,0.20,0.20,21.9,24.9
2,2020-05-07,1.10,1.10,26.1,23.7
2,2020-05-08,0.40,0.40,24.8,24.2
2,2020-05-09,0.00,0.00,22.0,24.2
2,2020-05-10,0.00,0.00,21.5,24.6
2,2020-05-11,1.90,1.90,26.2,24.5
2,2020-05-12,0.90,0.90,22.3,24.6
2,2020-05-13,0.60,0.60,15.7,25.0
2,2020-05-14,3.40,3.40,14.6,24.6
2,2020-05-15,0.00,0.00,21.0,25.3
2,2020-05-16,0.00,0.00,22.6,25.4
2,2020-05-17,0.00,0.00,23.0,25.7
2,2020-05-18,2.80,2.80,25.4,24.3
2,2020-05-19,0.40,0.40,29.1,25.1
2,2020-05-20,0.80,0.80,27.7,24.6
2,2020-05-21,2.80,2.80,25.1,24.6
2,2020-05-22,0.20,0.20,25.1,24.8
2,2020-05-23,1.90,1.90,20.2,24.8
2,2020-05-24,0.10,0.10,21.6,25.4
2,2020-05-25,2.80,2.80,13.4,25.3
2,2020-05-26,0.30,0.30,17.3,25.6
2,2020-05-27,1.00,1.00,19.3,25.1
2,2020-05-28,0.00,0.00,27.0,25.5
2,2020-05-29,0.20,0.20,22.5,25.6
2,2020-05-30,0.10,0.10,23.0,25.3
2,2020-05-31,0.00,0.00,28.7,25.5
2,2020-06-01,0.20,0.20,20.4,26.0
2,2020-06-02,0.50,0.50,20.4,26.5
2,2020-06-03,0.60,0.60,23.7,26.4
2,2020-06-04,0.70,0.70,28.7,26.2
2,2020-06-05,0.20,0.20,29.5,26.0
2,2020-06-06,1.90,1.90,29.2,25.6
2,2020-06-07,1.80,1.80,23.8,25.5
2,2020-06-08,0.00,0.00,24.4,25.9
2,2020-06-09,2.00,2.00,28.0,25.7
2,2020-06-10,0.10,0.10,32.5,25.8
2,2020-06-11,0.00,0.00,37.2,25.7
2,2020-06-12,0.00,0.00,33.1,25.9
2,2020-06-13,0.00,0.00,29.8,26.0
2,2020-06-14,0.10,0.10,29.3,25.7
2,2020-06-15,0.00,0.00,29.3,25.9
2,2020-06-16,1.40,1.40,27.7,25.1
2,2020-06-17,0.00,0.00,25.5,25.8
2,2020-06-18,0.10,0.10,31.8,26.0
2,2020-06-19,0.60,0.60,31.0,25.4
2,2020-06-20,0.30,0.30,27.1,25.5
2,2020-06-21,0.00,0.00,23.3,25.6
2,2020-06-22,0.00,0.00,24.6,26.0
2,2020-06-23,0.20,0.20,23.8,25.8
2,2020-06-24,2.80,2.80,19.7,25.9
2,2020-06-25,0.30,0.30,23.7,26.4
2,2020-06-26,0.10,0.10,25.6,26.5
2,2020-06-27,0.00,0.00,22.9,26.0
2,2020-06-28,0.30,0.30,17.7,26.2
2,2020-06-29,1.20,1.20,17.6,26.3
2,2020-06-30,0.00,0.00,23.9,26.6
2,2020-07-01,0.30,0.30,25.4,26.2
2,2020-07-02,0.30,0.30,21.7,25.9
2,2020-07-03,1.10,1.10,19.5,25.8
2,2020-07-04,4.70,4.70,17.7,26.4
2,2020-07-05,0.30,0.30,18.8,26.9
2,2020-07-06,0.80,0.80,22.8,26.4
2,2020-07-07,1.60,1.60,25.6,25.8
2,2020-07-08,0.10,0.10,29.6,25.8
2,2020-07-09,0.90,0.90,25.6,26.3
2,2020-07-10,0.00,0.00,29.9,26.5
2,2020-07-11,0.30,0.30,29.4,26.1
2,2020-07-12,0.10,0.10,25.9,25.6
2,2020-07-13,2.40,2.40,25.8,25.6
2,2020-07-14,0.90,0.90,21.5,26.0
2,2020-07-15,0.20,0.20,24.1,26.3
2,2020-07-16,0.10,0.10,21.0,26.8
2,2020-07-17,0.20,0.20,18.4,27.4
2,2020-07-18,0.20,0.20,26.1,27.2
2,2020-07-19,0.00,0.00,33.0,26.9
2,2020-07-20,0.10,0.10,27.9,26.4
2,2020-07-21,1.30,1.30,17.5,25.7
2,2020-07-22,1.80,1.80,15.9,26.1
2,2020-07-23,0.00,0.00,21.7,26.4
2,2020-07-24,0.20,0.20,25.5,26.6
2,2020-07-25,0.80,0.80,29.8,26.6
2,2020-07-26,4.40,4.40,34.7,26.5
2,2020-07-27,2.50,2.50,30.9,26.7
2,2020-07-28,0.60,0.60,32.2,26.0
2,2020-07-29,0.00,0.00,26.3,25.9
2,2020-07-30,1.00,1.00,30.1,26.0
2,2020-07-31,0.00,0.00,26.8,26.3
2,2020-08-01,0.00,0.00,25.1,26.3
2,2020-08-02,0.10,0.10,25.1,25.9
2,2020-08-03,0.30,0.30,24.5,26.2
2,2020-08-04,0.00,0.00,23.5,26.5
2,2020-08-05,0.10,0.10,28.1,26.8
2,2020-08-06,1.60,1.60,25.0,26.8
2,2020-08-07,0.70,0.70,24.4,27.0
2,2020-08-08,0.20,0.20,31.1,26.7
2,2020-08-09,0.00,0.00,33.8,26.3
2,2020-08-10,0.50,0.50,27.4,26.3
2,2020-08-11,0.00,0.00,22.4,26.5
2,2020-08-12,0.10,0.10,20.8,26.4
2,2020-08-13,0.60,0.60,20.1,26.4
2,2020-08-14,0.00,0.00,20.1,26.8
2,2020-08-15,0.20,0.20,25.0,27.1
2,2020-08-16,0.00,0.00,22.4,26.9
2,2020-08-17,0.20,0.20,20.5,26.0
2,2020-08-18,0.00,0.00,25.7,26.3
2,2020-08-19,0.10,0.10,25.4,26.7
2,2020-08-20,0.00,0.00,29.2,27.1
2,2020-08-21,0.00,0.00,22.9,27.0
2,2020-08-22,0.00,0.00,24.1,27.0
2,2020-08-23,0.00,0.00,24.0,27.1
2,2020-08-24,0.00,0.00,24.3,27.1
2,2020-08-25,0.00,0.00,23.7,27.1
2,2020-08-26,0.00,0.00,24.0,26.8
2,2020-08-27,0.10,0.10,22.7,26.7
2,2020-08-28,0.00,0.00,21.4,26.8
2,2020-08-29,0.20,0.20,26.3,26.8
2,2020-08-30,0.00,0.00,30.1,26.8
2,2020-08-31,0.20,0.20,30.5,26.8
2,2020-09-01,0.00,0.00,26.2,26.7
2,2020-09-02,0.00,0.00,20.1,26.5
2,2020-09-03,0.00,0.00,20.1,26.6
2,2020-09-04,0.00,0.00,19.1,27.2
2,2020-09-05,0.00,0.00,29.0,27.0
2,2020-09-06,0.50,0.50,25.6,26.3
2,2020-09-07,0.40,0.40,22.8,27.0
2,2020-09-08,0.50,0.50,25.5,26.7
2,2020-09-09,0.60,0.60,25.6,26.5
2,2020-09-10,0.00,0.00,26.5,26.8
2,2020-09-11,0.00,0.00,25.0,26.8
2,2020-09-12,0.00,0.00,18.4,26.3
2,2020-09-13,0.00,0.00,17.3,26.6
2,2020-09-14,0.00,0.00,20.1,26.7
2,2020-09-15,0.00,0.00,17.7,26.8
2,2020-09-16,0.00,0.00,19.4,26.8
2,2020-09-17,0.00,0.00,25.1,26.8
2,2020-09-18,0.00,0.00,27.8,27.2
2,2020-09-19,0.60,0.60,25.0,26.5
2,2020-09-20,0.70,0.70,25.9,26.3
2,2020-09-21,0.90,0.90,22.2,26.2
2,2020-09-22,0.00,0.00,22.4,26.5
2,2020-09-23,0.70,0.70,26.4,26.7
2,2020-09-24,0.30,0.30,28.0,27.0
2,2020-09-25,0.40,0.40,22.6,26.8
2,2020-09-26,0.00,0.00,20.7,26.6
2,2020-09-27,0.00,0.00,19.7,26.5
2,2020-09-28,0.80,0.80,18.4,26.5
2,2020-09-29,0.00,0.00,17.9,26.7
2,2020-09-30,0.00,0.00,13.8,26.3
2,2020-10-01,0.20,0.20,14.9,27.0
2,2020-10-02,3.20,3.20,14.9,26.9
2,2020-10-03,0.00,0.00,17.1,27.4
2,2020-10-04,0.30,0.30,24.2,26.8
2,2020-10-05,0.00,0.00,19.9,27.0
2,2020-10-06,0.00,0.00,16.6,27.3
2,2020-10-07,0.00,0.00,19.4,27.3
2,2020-10-08,0.00,0.00,18.2,27.1
2,2020-10-09,0.20,0.20,16.8,27.0
2,2020-10-10,0.10,0.10,26.3,27.2
2,2020-10-11,0.90,0.90,22.7,26.5
2,2020-10-12,3.20,3.20,19.9,26.9
2,2020-10-13,0.10,0.10,24.4,26.9
2,2020-10-14,0.40,0.40,18.8,26.2
2,2020-10-15,1.80,1.80,15.1,26.5
2,2020-10-16,0.00,0.00,17.2,26.6
2,2020-10-17,1.60,1.60,13.3,26.7
2,2020-10-18,1.70,1.70,14.5,26.4
2,2020-10-19,3.60,3.60,15.8,26.0
2,2020-10-20,6.40,6.40,13.5,25.7
2,2020-10-21,7.30,7.30,12.1,25.5
2,2020-10-22,1.00,1.00,12.0,25.0
2,2020-10-23,3.00,3.00,14.5,25.6
2,2020-10-24,1.10,1.10,12.1,25.7
2,2020-10-25,0.70,0.70,7.3,26.4
2,2020-10-26,2.70,2.70,15.8,25.9
2,2020-10-27,1.40,1.40,7.7,25.5
2,2020-10-28,7.30,7.30,21.4,24.5
2,2020-10-29,1.40,1.40,20.5,24.8
2,2020-10-30,0.10,0.10,23.5,25.5
2,2020-10-31,2.20,2.20,18.5,25.0
2,2020-11-01,0.30,0.30,8.4,24.7
2,2020-11-02,0.00,0.00,17.1,25.8
2,2020-11-03,0.30,0.30,18.6,26.1
2,2020-11-04,2.20,2.20,16.9,26.1
2,2020-11-05,1.60,1.60,14.6,26.2
2,2020-11-06,0.90,0.90,22.8,26.2
2,2020-11-07,2.20,2.20,23.9,26.0
2,2020-11-08,0.10,0.10,26.4,26.2
2,2020-11-09,1.70,1.70,27.9,25.8
2,2020-11-10,0.20,0.20,29.1,25.6
2,2020-11-11,0.30,0.30,33.3,25.4
2,2020-11-12,0.00,0.00,29.5,25.5
2,2020-11-13,0.10,0.10,27.7,25.4
2,2020-11-14,0.00,0.00,23.5,25.6
2,2020-11-15,0.50,0.50,18.5,25.3
2,2020-11-16,0.60,0.60,20.5,25.0
2,2020-11-17,0.00,0.00,24.6,25.7
2,2020-11-18,4.40,4.40,24.7,24.8
2,2020-11-19,0.00,0.00,29.3,25.1
2,2020-11-20,0.70,0.70,26.8,25.4
2,2020-11-21,0.70,0.70,39.0,25.7
2,2020-11-22,0.60,0.60,38.2,25.3
2,2020-11-23,1.50,1.50,28.8,25.2
2,2020-11-24,1.30,1.30,30.6,24.9
2,2020-11-25,1.10,1.10,24.8,25.1
2,2020-11-26,1.40,1.40,24.5,24.7
2,2020-11-27,0.10,0.10,29.1,24.1
2,2020-11-28,0.30,0.30,23.8,23.8
2,2020-11-29,1.60,1.60,23.5,23.1
2,2020-11-30,0.30,0.30,18.0,24.1
2,2020-12-01,0.00,0.00,15.3,23.6
2,2020-12-02,0.00,0.00,14.8,24.1
2,2020-12-03,0.00,0.00,15.6,24.3
2,2020-12-04,0.80,0.80,31.3,25.0
2,2020-12-05,0.00,0.00,17.8,25.5
2,2020-12-06,0.30,0.30,11.9,24.9
2,2020-12-07,0.00,0.00,21.6,25.2
2,2020-12-08,0.70,0.70,28.2,25.3
2,2020-12-09,2.10,2.10,13.0,24.7
2,2020-12-10,0.10,0.10,11.9,24.2
2,2020-12-11,0.00,0.00,17.3,24.5
2,2020-12-12,0.20,0.20,26.0,24.9
2,2020-12-13,0.70,0.70,17.7,24.9
2,2020-12-14,0.10,0.10,21.4,25.1
2,2020-12-15,0.30,0.30,27.4,25.0
2,2020-12-16,1.00,1.00,25.0,24.5
2,2020-12-17,0.50,0.50,21.0,24.3
2,2020-12-18,0.10,0.10,37.9,24.5
2,2020-12-19,1.30,1.30,28.3,24.5
2,2020-12-20,1.70,1.70,23.4,24.1
2,2020-12-21,0.40,0.40,24.2,24.2
2,2020-12-22,0.00,0.00,12.7,24.2
2,2020-12-23,0.00,0.00,15.0,23.7
2,2020-12-24,0.00,0.00,18.4,23.7
2,2020-12-25,1.80,1.80,27.2,23.2
2,2020-12-26,5.40,5.40,31.4,22.6
2,2020-12-27,0.80,0.80,26.3,24.0
2,2020-12-28,0.00,0.00,14.0,23.8
2,2020-12-29,0.40,0.40,18.2,24.2
2,2020-12-30,0.00,0.00,26.0,24.1
2,2020-12-31,0.10,0.10,28.7,23.8
2,2021-01-01,0.00,0.00,36.4,23.9
2,2021-01-02,0.10,0.10,28.5,23.9
2,2021-01-03,0.20,0.20,25.7,23.9
2,2021-01-04,0.10,0.10,20.9,24.4
2,2021-01-05,0.50,0.50,19.4,23.8
2,2021-01-06,0.10,0.10,24.3,24.0
2,2021-01-07,0.10,0.10,22.1,24.5
2,2021-01-08,0.40,0.40,14.5,23.7
2,2021-01-09,0.10,0.10,14.3,23.7
2,2021-01-10,0.30,0.30,23.1,23.8
2,2021-01-11,0.30,0.30,19.9,24.2
2,2021-01-12,0.80,0.80,17.6,23.9
2,2021-01-13,1.40,1.40,16.9,23.8
2,2021-01-14,0.20,0.20,16.5,23.7
2,2021-01-15,0.60,0.60,14.1,24.0
2,2021-01-16,0.70,0.70,16.5,24.2
2,2021-01-17,2.60,2.60,17.2,23.3
2,2021-01-18,4.30,4.30,34.5,21.6
2,2021-01-19,1.50,1.50,26.3,22.6
2,2021-01-20,0.20,0.20,22.9,23.7
2,2021-01-21,0.40,0.40,28.3,23.6
2,2021-01-22,0.60,0.60,31.8,23.8
2,2021-01-23,1.10,1.10,33.6,23.5
2,2021-01-24,2.90,2.90,30.1,23.9
2,2021-01-25,5.10,5.10,30.2,23.5
2,2021-01-26,0.60,0.60,29.3,23.8
2,2021-01-27,0.80,0.80,31.1,23.7
2,2021-01-28,0.00,0.00,35.2,23.5
2,2021-01-29,0.80,0.80,30.2,23.0
2,2021-01-30,0.50,0.50,28.2,23.1
2,2021-01-31,0.00,0.00,22.8,23.2
2,2021-02-01,1.00,1.00,18.6,22.3
2,2021-02-02,2.50,2.50,14.2,22.9
2,2021-02-03,30.40,30.40,31.4,21.0
2,2021-02-04,0.20,0.20,15.6,20.1
2,2021-02-05,0.10,0.10,11.0,20.0
2,2021-02-06,0.00,0.00,14.8,20.9
2,2021-02-07,0.00,0.00,14.8,20.8
2,2021-02-08,0.50,0.50,23.4,21.6
2,2021-02-09,0.00,0.00,25.8,21.1
2,2021-02-10,0.00,0.00,19.9,21.5
2,2021-02-11,0.00,0.00,18.9,22.5
2,2021-02-12,0.00,0.00,20.5,23.5
2,2021-02-13,0.00,0.00,25.6,23.9
2,2021-02-14,0.80,0.80,12.5,23.9
2,2021-02-15,2.50,2.50,14.6,23.5
2,2021-02-16,0.70,0.70,13.2,23.7
2,2021-02-17,0.00,0.00,23.2,23.9
2,2021-02-18,2.40,2.40,24.8,23.1
2,2021-02-19,3.50,3.50,21.7,23.1
2,2021-02-20,0.80,0.80,25.8,23.6
2,2021-02-21,3.40,3.40,27.9,23.5
2,2021-02-22,0.10,0.10,29.6,23.6
2,2021-02-23,1.40,1.40,30.3,23.6
2,2021-02-24,0.10,0.10,31.2,23.6
2,2021-02-25,0.10,0.10,36.8,23.6
2,2021-02-26,0.40,0.40,35.1,23.6
2,2021-02-27,1.30,1.30,28.8,22.8
2,2021-02-28,2.90,2.90,33.9,22.5
2,2021-03-01,0.70,0.70,35.3,22.8
2,2021-03-02,0.60,0.60,34.5,22.5
2,2021-03-03,1.70,1.70,27.5,21.9
2,2021-03-04,0.40,0.40,21.1,21.8
2,2021-03-05,3.80,3.80,24.2,20.4
2,2021-03-06,2.70,2.70,26.2,21.1
2,2021-03-07,0.20,0.20,26.3,22.9
2,2021-03-08,13.70,13.70,25.0,22.0
2,2021-03-09,21.80,21.80,20.0,21.9
2,2021-03-10,7.30,7.30,15.5,22.2
2,2021-03-11,4.70,4.70,12.3,22.3
2,2021-03-12,16.90,16.90,22.7,22.3
2,2021-03-13,11.90,11.90,28.7,21.6
2,2021-03-14,2.00,2.00,20.6,22.1
2,2021-03-15,7.10,7.10,14.7,22.5
2,2021-03-16,2.60,2.60,26.0,22.2
2,2021-03-17,1.10,1.10,33.1,22.0
2,2021-03-18,3.30,3.30,32.3,20.8
2,2021-03-19,0.80,0.80,28.3,21.7
2,2021-03-20,2.80,2.80,31.1,21.9
2,2021-03-21,1.20,1.20,34.0,22.2
2,2021-03-22,0.20,0.20,23.9,22.9
2,2021-03-23,0.80,0.80,14.7,22.4
2,2021-03-24,4.30,4.30,23.3,23.4
2,2021-03-25,6.00,6.00,13.8,23.1
2,2021-03-26,0.00,0.00,18.1,23.5
2,2021-03-27,0.00,0.00,24.9,23.7
2,2021-03-28,0.70,0.70,32.3,23.0
2,2021-03-29,1.30,1.30,22.5,23.6
2,2021-03-30,1.30,1.30,21.1,23.7
2,2021-03-31,0.10,0.10,23.3,23.6
2,2021-04-01,1.20,1.20,23.4,23.4
2,2021-04-02,0.20,0.20,21.4,23.0
2,2021-04-03,0.20,0.20,24.5,22.7
2,2021-04-04,2.90,2.90,31.2,22.1
2,2021-04-05,1.00,1.00,32.4,22.8
2,2021-04-06,0.20,0.20,30.9,22.2
2,2021-04-07,0.10,0.10,26.0,21.7
2,2021-04-08,0.00,0.00,25.3,22.6
2,2021-04-09,0.00,0.00,25.1,22.2
2,2021-04-10,1.40,1.40,17.2,22.1
2,2021-04-11,7.30,7.30,17.2,21.4
2,2021-04-12,2.10,2.10,20.7,21.9
2,2021-04-13,0.20,0.20,21.9,22.5
2,2021-04-14,0.00,0.00,20.8,22.9
2,2021-04-15,0.00,0.00,19.4,23.2
2,2021-04-16,0.60,0.60,12.7,22.6
2,2021-04-17,0.00,0.00,21.9,22.3
2,2021-04-18,0.00,0.00,20.9,23.8
2,2021-04-19,0.00,0.00,15.8,24.7
2,2021-04-20,0.50,0.50,11.2,24.6
2,2021-04-21,0.10,0.10,16.0,25.0
2,2021-04-22,0.00,0.00,22.1,25.0
2,2021-04-23,0.00,0.00,26.5,24.3
2,2021-04-24,0.10,0.10,25.7,24.1
2,2021-04-25,0.30,0.30,26.2,24.3
2,2021-04-26,0.00,0.00,18.6,24.5
2,2021-04-27,3.90,3.90,20.1,23.7
2,2021-04-28,2.40,2.40,14.6,23.5
2,2021-04-29,0.60,0.60,20.4,23.7
2,2021-04-30,2.00,2.00,23.1,23.7
2,2021-05-01,0.60,0.60,26.9,24.6
2,2021-05-02,0.30,0.30,26.1,24.4
2,2021-05-03,2.30,2.30,19.2,24.8
2,2021-05-04,2.40,2.40,18.1,24.6
2,2021-05-05,0.70,0.70,24.4,24.5
2,2021-05-06,1.20,1.20,20.1,24.2
2,2021-05-07,1.30,1.30,26.7,24.8
2,2021-05-08,0.60,0.60,24.5,24.9
2,2021-05-09,1.90,1.90,25.1,24.6
2,2021-05-10,0.40,0.40,25.4,24.9
2,2021-05-11,0.00,0.00,27.5,24.7
2,2021-05-12,0.00,0.00,25.5,24.3
2,2021-05-13,0.00,0.00,25.2,24.6
2,2021-05-14,0.70,0.70,28.4,24.3
2,2021-05-15,0.70,0.70,27.4,23.7
2,2021-05-16,0.90,0.90,30.3,23.4
2,2021-05-17,0.20,0.20,27.0,24.3
2,2021-05-18,0.00,0.00,27.9,24.4
2,2021-05-19,0.00,0.00,28.2,24.6
2,2021-05-20,0.00,0.00,25.5,24.7
2,2021-05-21,0.20,0.20,23.7,24.6
2,2021-05-22,0.00,0.00,22.9,25.1
2,2021-05-23,0.40,0.40,14.0,25.1
2,2021-05-24,0.70,0.70,16.5,25.3
2,2021-05-25,1.70,1.70,17.1,25.8
2,2021-05-26,0.50,0.50,18.1,25.8
2,2021-05-27,0.80,0.80,20.0,25.4
2,2021-05-28,0.00,0.00,21.0,25.4
2,2021-05-29,0.00,0.00,15.9,25.2
2,2021-05-30,0.00,0.00,17.6,24.9
2,2021-05-31,0.00,0.00,17.4,26.0
2,2021-06-01,0.00,0.00,20.8,26.5
2,2021-06-02,0.50,0.50,22.3,25.9
2,2021-06-03,2.00,2.00,24.0,25.7
2,2021-06-04,0.40,0.40,26.3,26.1
2,2021-06-05,0.00,0.00,25.9,25.9
2,2021-06-06,0.30,0.30,26.6,25.3
2,2021-06-07,0.00,0.00,24.0,25.6
2,2021-06-08,0.00,0.00,30.6,25.6
2,2021-06-09,0.00,0.00,30.1,25.8
2,2021-06-10,0.20,0.20,31.3,25.6
2,2021-06-11,1.20,1.20,24.2,24.7
2,2021-06-12,0.80,0.80,23.9,25.1
2,2021-06-13,0.10,0.10,24.4,25.0
2,2021-06-14,0.00,0.00,21.4,25.4
2,2021-06-15,0.10,0.10,22.9,25.6
2,2021-06-16,0.00,0.00,24.5,26.0
2,2021-06-17,0.90,0.90,25.9,25.9
2,2021-06-18,0.00,0.00,20.1,26.0
2,2021-06-19,4.60,4.60,17.1,25.2
2,2021-06-20,1.10,1.10,18.7,25.2
2,2021-06-21,0.60,0.60,20.3,25.5
2,2021-06-22,0.00,0.00,19.8,25.8
2,2021-06-23,0.10,0.10,20.9,25.3
2,2021-06-24,0.00,0.00,18.9,25.9
2,2021-06-25,0.40,0.40,14.0,26.0
2,2021-06-26,0.00,0.00,12.8,25.5
2,2021-06-27,0.20,0.20,23.9,25.8
2,2021-06-28,0.00,0.00,20.8,26.0
2,2021-06-29,0.10,0.10,23.7,26.3
2,2021-06-30,0.00,0.00,22.3,26.2
2,2021-07-01,0.00,0.00,28.7,26.1
2,2021-07-02,0.10,0.10,32.1,25.9
2,2021-07-03,0.30,0.30,34.1,25.4
2,2021-07-04,1.70,1.70,30.3,24.9
2,2021-07-05,0.30,0.30,24.4,25.8
2,2021-07-06,0.30,0.30,23.1,25.8
2,2021-07-07,0.20,0.20,21.0,25.5
2,2021-07-08,0.00,0.00,18.7,25.6
2,2021-07-09,0.30,0.30,19.9,26.2
2,2021-07-10,1.20,1.20,25.8,26.0
2,2021-07-11,0.00,0.00,26.8,25.7
2,2021-07-12,0.80,0.80,25.3,25.9
2,2021-07-13,0.60,0.60,22.9,26.0
2,2021-07-14,2.40,2.40,21.5,25.7
2,2021-07-15,0.10,0.10,27.1,26.2
2,2021-07-16,0.00,0.00,30.2,26.3
2,2021-07-17,0.70,0.70,26.1,25.9
2,2021-07-18,1.80,1.80,30.2,25.7
2,2021-07-19,0.30,0.30,30.4,25.8
2,2021-07-20,0.10,0.10,32.7,25.9
2,2021-07-21,1.80,1.80,29.2,25.7
2,2021-07-22,0.10,0.10,32.4,25.9
2,2021-07-23,0.60,0.60,32.5,25.8
2,2021-07-24,0.00,0.00,28.3,26.4
2,2021-07-25,0.20,0.20,29.1,26.7
2,2021-07-26,0.00,0.00,27.1,26.3
2,2021-07-27,0.30,0.30,26.1,26.0
2,2021-07-28,0.40,0.40,23.2,25.9
2,2021-07-29,0.70,0.70,26.4,26.2
2,2021-07-30,0.30,0.30,26.1,26.3
2,2021-07-31,0.00,0.00,33.4,26.4
2,2021-08-01,0.00,0.00,36.9,26.3
2,2021-08-02,0.50,0.50,33.8,26.0
2,2021-08-03,0.00,0.00,29.3,25.7
2,2021-08-04,0.50,0.50,28.9,25.8
2,2021-08-05,1.30,1.30,28.9,25.6
2,2021-08-06,0.20,0.20,31.4,26.3
2,2021-08-07,0.00,0.00,28.3,26.1
2,2021-08-08,0.10,0.10,24.6,26.0
2,2021-08-09,0.00,0.00,18.7,26.3
2,2021-08-10,0.00,0.00,17.2,26.6
2,2021-08-11,0.00,0.00,18.8,26.7
2,2021-08-12,0.00,0.00,21.2,26.4
2,2021-08-13,0.70,0.70,23.8,26.0
2,2021-08-14,0.80,0.80,25.8,25.8
2,2021-08-15,0.00,0.00,22.0,25.9
2,2021-08-16,0.20,0.20,13.3,26.1
2,2021-08-17,3.70,3.70,14.5,25.4
2,2021-08-18,0.90,0.90,18.6,26.2
2,2021-08-19,0.90,0.90,24.7,26.0
2,2021-08-20,0.00,0.00,25.5,26.4
2,2021-08-21,0.20,0.20,26.5,26.1
2,2021-08-22,0.40,0.40,23.3,26.4
2,2021-08-23,23.00,23.00,34.4,25.7
2,2021-08-24,0.30,0.30,31.7,25.7
2,2021-08-25,0.00,0.00,26.3,25.7
2,2021-08-26,0.40,0.40,25.8,25.4
2,2021-08-27,0.00,0.00,23.2,25.7
2,2021-08-28,0.00,0.00,22.7,25.9
2,2021-08-29,0.20,0.20,15.4,25.8
2,2021-08-30,0.00,0.00,16.9,25.9
2,2021-08-31,0.20,0.20,12.9,25.7
2,2021-09-01,0.10,0.10,20.3,26.4
2,2021-09-02,0.00,0.00,24.6,26.8
2,2021-09-03,0.80,0.80,35.2,26.3
2,2021-09-04,1.00,1.00,29.0,25.4
2,2021-09-05,0.40,0.40,22.2,25.6
2,2021-09-06,0.20,0.20,17.3,25.6
2,2021-09-07,0.00,0.00,22.5,26.1
2,2021-09-08,0.20,0.20,23.5,26.1
2,2021-09-09,0.00,0.00,22.6,26.0
2,2021-09-10,0.60,0.60,19.1,25.3
2,2021-09-11,0.20,0.20,21.4,25.7
2,2021-09-12,0.80,0.80,25.0,25.6
2,2021-09-13,0.00,0.00,24.5,25.6
2,2021-09-14,0.80,0.80,22.8,25.3
2,2021-09-15,1.20,1.20,17.3,25.7
2,2021-09-16,0.40,0.40,25.5,26.7
2,2021-09-17,0.20,0.20,31.0,25.9
2,2021-09-18,0.10,0.10,29.7,26.0
2,2021-09-19,0.90,0.90,25.1,25.8
2,2021-09-20,0.00,0.00,25.4,26.1
2,2021-09-21,0.00,0.00,27.3,26.0
2,2021-09-22,0.00,0.00,26.1,25.7
2,2021-09-23,0.20,0.20,26.9,25.9
2,2021-09-24,1.70,1.70,23.4,25.1
2,2021-09-25,1.10,1.10,23.7,25.5
2,2021-09-26,0.50,0.50,29.0,26.0
2,2021-09-27,1.10,1.10,23.9,25.4
2,2021-09-28,0.20,0.20,24.5,25.5
2,2021-09-29,0.00,0.00,20.7,25.8
2,2021-09-30,1.30,1.30,25.5,25.4
2,2021-10-01,0.10,0.10,26.6,25.8
2,2021-10-02,0.90,0.90,21.7,25.4
2,2021-10-03,0.80,0.80,22.9,25.3
2,2021-10-04,0.30,0.30,26.0,25.6
2,2021-10-05,0.00,0.00,24.2,26.0
2,2021-10-06,0.00,0.00,28.5,25.8
2,2021-10-07,0.40,0.40,30.8,25.6
2,2021-10-08,0.20,0.20,33.8,25.7
2,2021-10-09,0.00,0.00,39.4,25.3
2,2021-10-10,0.80,0.80,33.5,25.3
2,2021-10-11,1.20,1.20,29.6,25.4
2,2021-10-12,0.70,0.70,36.8,26.1
2,2021-10-13,0.20,0.20,33.4,25.6
2,2021-10-14,1.80,1.80,28.6,24.9
2,2021-10-15,1.20,1.20,27.4,24.7
2,2021-10-16,3.10,3.10,22.4,24.7
2,2021-10-17,0.10,0.10,28.5,25.0
2,2021-10-18,0.00,0.00,22.7,25.2
2,2021-10-19,0.00,0.00,20.1,24.9
2,2021-10-20,0.00,0.00,19.5,25.0
2,2021-10-21,0.40,0.40,18.3,25.1
2,2021-10-22,0.40,0.40,24.4,25.4
2,2021-10-23,0.00,0.00,25.1,25.5
2,2021-10-24,0.80,0.80,27.4,25.1
2,2021-10-25,0.00,0.00,25.7,25.2
2,2021-10-26,0.20,0.20,19.7,25.7
2,2021-10-27,0.20,0.20,19.7,25.2
2,2021-10-28,1.00,1.00,17.7,25.1
2,2021-10-29,0.60,0.60,15.1,25.3
2,2021-10-30,0.70,0.70,13.8,24.7
2,2021-10-31,0.80,0.80,15.3,24.2
2,2021-11-01,0.20,0.20,19.6,24.6
2,2021-11-02,1.90,1.90,13.5,24.5
2,2021-11-03,0.70,0.70,18.3,25.4
2,2021-11-04,0.40,0.40,24.5,25.5
2,2021-11-05,0.20,0.20,29.5,25.8
2,2021-11-06,0.00,0.00,27.0,25.5
2,2021-11-07,0.00,0.00,24.3,25.1
2,2021-11-08,0.00,0.00,21.4,25.3
2,2021-11-09,0.00,0.00,16.6,25.2
2,2021-11-10,0.00,0.00,15.9,25.0
2,2021-11-11,0.00,0.00,17.5,25.4
2,2021-11-12,0.50,0.50,17.8,25.1
2,2021-11-13,0.20,0.20,15.0,24.8
2,2021-11-14,12.70,12.70,15.1,24.1
2,2021-11-15,1.20,1.20,11.0,24.2
2,2021-11-16,2.60,2.60,12.6,24.8
2,2021-11-17,0.30,0.30,10.7,25.2
2,2021-11-18,0.00,0.00,15.5,25.5
2,2021-11-19,0.00,0.00,19.7,25.4
2,2021-11-20,0.00,0.00,17.5,25.5
2,2021-11-21,0.00,0.00,20.9,25.1
2,2021-11-22,0.50,0.50,22.2,24.9
2,2021-11-23,0.00,0.00,21.0,25.3
2,2021-11-24,0.00,0.00,16.3,24.8
2,2021-11-25,0.00,0.00,21.0,25.0
2,2021-11-26,0.00,0.00,19.6,24.4
2,2021-11-27,0.40,0.40,14.7,23.8
2,2021-11-28,0.40,0.40,25.8,23.8
2,2021-11-29,1.70,1.70,29.9,24.1
2,2021-11-30,2.60,2.60,27.1,24.1
2,2021-12-01,2.70,2.70,21.2,24.7
2,2021-12-02,0.30,0.30,15.5,23.8
2,2021-12-03,0.90,0.90,26.0,22.8
2,2021-12-04,0.30,0.30,21.3,20.8
2,2021-12-05,42.40,42.40,42.7,22.5
2,2021-12-06,55.60,55.60,32.8,22.6
2,2021-12-07,20.60,20.60,28.1,22.6
2,2021-12-08,0.40,0.40,23.8,24.2
2,2021-12-09,0.20,0.20,30.0,24.2
2,2021-12-10,0.00,0.00,28.5,24.1
2,2021-12-11,0.00,0.00,28.0,24.0
2,2021-12-12,0.00,0.00,31.1,23.6
2,2021-12-13,0.10,0.10,26.3,23.8
2,2021-12-14,1.20,1.20,26.3,23.3
2,2021-12-15,1.00,1.00,21.8,23.7
2,2021-12-16,0.60,0.60,20.4,23.4
2,2021-12-17,0.90,0.90,17.2,23.1
2,2021-12-18,0.20,0.20,22.5,23.8
2,2021-12-19,1.20,1.20,27.4,23.2
2,2021-12-20,0.20,0.20,26.9,23.3
2,2021-12-21,2.10,2.10,26.2,22.0
2,2021-12-22,1.30,1.30,27.5,22.8
2,2021-12-23,0.00,0.00,26.8,23.1
2,2021-12-24,0.40,0.40,26.4,22.3
2,2021-12-25,0.20,0.20,24.9,22.7
2,2021-12-26,1.40,1.40,22.8,22.7
2,2021-12-27,0.10,0.10,29.4,23.3
2,2021-12-28,0.00,0.00,31.5,23.3
2,2021-12-29,0.50,0.50,28.0,23.3
2,2021-12-30,2.50,2.50,26.5,22.9
2,2021-12-31,19.90,19.90,20.2,22.5
2,2022-01-01,19.40,19.40,20.7,21.9
2,2022-01-02,15.60,15.60,14.3,21.5
2,2022-01-03,4.70,4.70,17.2,21.8
2,2022-01-04,4.60,4.60,21.4,22.2
2,2022-01-05,2.00,2.00,8.3,22.6
2,2022-01-06,0.10,0.10,11.3,22.7
2,2022-01-07,1.90,1.90,14.4,22.0
2,2022-01-08,1.60,1.60,7.2,22.1
2,2022-01-09,0.00,0.00,14.8,21.7
2,2022-01-10,0.50,0.50,20.2,22.9
2,2022-01-11,0.00,0.00,21.6,22.2
2,2022-01-12,0.60,0.60,12.7,22.9
2,2022-01-13,0.10,0.10,9.4,23.0
2,2022-01-14,1.10,1.10,12.5,22.7
2,2022-01-15,1.90,1.90,13.4,21.8
2,2022-01-16,0.10,0.10,9.1,22.2
2,2022-01-17,0.00,0.00,13.7,22.2
2,2022-01-18,0.00,0.00,12.7,22.2
2,2022-01-19,0.00,0.00,10.6,23.0
2,2022-01-20,0.10,0.10,12.9,22.9
2,2022-01-21,0.00,0.00,17.6,23.4
2,2022-01-22,0.00,0.00,20.3,23.5
2,2022-01-23,0.00,0.00,17.6,23.5
2,2022-01-24,0.00,0.00,20.3,23.1
2,2022-01-25,0.00,0.00,24.0,23.1
2,2022-01-26,0.10,0.10,21.1,23.3
2,2022-01-27,0.00,0.00,10.7,23.0
2,2022-01-28,0.10,0.10,10.6,23.5
2,2022-01-29,0.10,0.10,19.8,23.8
2,2022-01-30,0.30,0.30,20.5,23.8
2,2022-01-31,0.00,0.00,14.8,22.8
2,2022-02-01,0.00,0.00,18.2,23.5
2,2022-02-02,1.00,1.00,12.0,23.7
2,2022-02-03,0.00,0.00,18.4,23.3
2,2022-02-04,0.00,0.00,16.4,23.3
2,2022-02-05,0.30,0.30,18.2,23.4
2,2022-02-06,0.00,0.00,25.1,23.8
2,2022-02-07,0.10,0.10,26.4,23.8
2,2022-02-08,0.00,0.00,19.5,23.7
2,2022-02-09,0.50,0.50,14.8,23.7
2,2022-02-10,0.90,0.90,12.6,22.9
2,2022-02-11,0.00,0.00,13.1,23.3
2,2022-02-12,0.00,0.00,18.4,23.4
2,2022-02-13,0.40,0.40,20.9,22.7
2,2022-02-14,0.30,0.30,16.0,22.2
2,2022-02-15,0.70,0.70,17.6,22.5
2,2022-02-16,1.30,1.30,20.1,22.9
2,2022-02-17,0.70,0.70,21.7,23.2
2,2022-02-18,0.10,0.10,19.0,23.6
2,2022-02-19,0.50,0.50,14.6,23.3
2,2022-02-20,0.00,0.00,23.5,23.2
2,2022-02-21,0.00,0.00,19.4,23.7
2,2022-02-22,0.00,0.00,24.7,24.2
2,2022-02-23,0.00,0.00,28.5,24.4
2,2022-02-24,0.00,0.00,20.3,24.3
2,2022-02-25,0.10,0.10,25.3,24.1
2,2022-02-26,0.00,0.00,22.7,24.2
2,2022-02-27,0.10,0.10,15.5,23.9
2,2022-02-28,0.80,0.80,13.1,23.9
2,2022-03-01,0.60,0.60,11.3,23.6
2,2022-03-02,0.20,0.20,19.7,23.3
2,2022-03-03,0.30,0.30,13.5,23.4
2,2022-03-04,0.00,0.00,16.0,22.6
2,2022-03-05,0.00,0.00,16.1,22.8
2,2022-03-06,0.00,0.00,19.5,23.2
2,2022-03-07,1.00,1.00,16.2,23.1
2,2022-03-08,0.60,0.60,16.8,24.0
2,2022-03-09,0.30,0.30,16.5,24.5
2,2022-03-10,0.60,0.60,19.0,24.8
2,2022-03-11,0.40,0.40,22.5,24.9
2,2022-03-12,0.00,0.00,24.5,24.9
2,2022-03-13,0.20,0.20,23.8,24.8
2,2022-03-14,0.00,0.00,22.0,24.7
2,2022-03-15,0.00,0.00,16.8,24.7
2,2022-03-16,1.40,1.40,14.7,25.3
2,2022-03-17,0.00,0.00,21.5,24.8
2,2022-03-18,0.00,0.00,23.7,24.8
2,2022-03-19,1.20,1.20,26.0,24.9
2,2022-03-20,1.90,1.90,20.5,24.4
2,2022-03-21,1.70,1.70,17.2,23.8
2,2022-03-22,1.00,1.00,23.3,23.6
2,2022-03-23,0.80,0.80,31.6,24.1
2,2022-03-24,0.80,0.80,31.9,24.0
2,2022-03-25,3.20,3.20,28.3,22.9
2,2022-03-26,0.50,0.50,23.2,23.5
2,2022-03-27,1.80,1.80,14.0,23.1
2,2022-03-28,0.10,0.10,15.4,24.3
2,2022-03-29,2.10,2.10,18.9,24.5
2,2022-03-30,2.40,2.40,21.1,24.7
2,2022-03-31,2.00,2.00,26.4,23.9
2,2022-04-01,2.30,2.30,27.8,23.6
2,2022-04-02,0.30,0.30,34.5,23.9
2,2022-04-03,0.00,0.00,31.0,24.4
2,2022-04-04,0.00,0.00,26.4,24.1
2,2022-04-05,0.60,0.60,22.1,24.1
2,2022-04-06,1.40,1.40,23.5,23.5
2,2022-04-07,0.00,0.00,30.2,24.4
2,2022-04-08,0.50,0.50,27.4,24.2
2,2022-04-09,0.80,0.80,25.7,24.3
2,2022-04-10,0.10,0.10,23.7,24.9
2,2022-04-11,0.30,0.30,27.3,24.9
2,2022-04-12,0.00,0.00,22.2,25.1
2,2022-04-13,0.10,0.10,24.6,24.9
2,2022-04-14,0.40,0.40,27.9,24.5
2,2022-04-15,0.30,0.30,27.4,24.1
2,2022-04-16,0.90,0.90,26.9,23.3
2,2022-04-17,1.80,1.80,28.3,23.5
2,2022-04-18,0.20,0.20,25.2,23.7
2,2022-04-19,3.70,3.70,28.7,22.9
2,2022-04-20,2.50,2.50,26.1,23.2
2,2022-04-21,1.10,1.10,28.0,23.6
2,2022-04-22,0.80,0.80,25.1,24.4
2,2022-04-23,0.60,0.60,28.3,24.2
2,2022-04-24,0.00,0.00,28.0,24.3
2,2022-04-25,0.20,0.20,26.9,24.6
2,2022-04-26,0.70,0.70,26.1,24.4
2,2022-04-27,1.20,1.20,23.4,24.2
2,2022-04-28,0.50,0.50,23.6,24.9
2,2022-04-29,0.00,0.00,28.0,24.7
2,2022-04-30,1.10,1.10,27.7,24.5
2,2022-05-01,2.80,2.80,30.8,23.9
2,2022-05-02,2.10,2.10,27.7,23.9
2,2022-05-03,1.50,1.50,27.2,23.7
2,2022-05-04,0.40,0.40,27.6,24.0
2,2022-05-05,0.10,0.10,29.6,24.4
2,2022-05-06,0.00,0.00,27.8,24.4
2,2022-05-07,0.00,0.00,29.6,24.4
2,2022-05-08,0.10,0.10,29.1,24.9
2,2022-05-09,0.00,0.00,29.3,25.0
2,2022-05-10,0.00,0.00,25.6,24.7
2,2022-05-11,0.10,0.10,27.2,24.7
2,2022-05-12,0.00,0.00,29.4,24.9
2,2022-05-13,0.10,0.10,27.7,25.1
2,2022-05-14,0.00,0.00,23.3,24.6
2,2022-05-15,1.70,1.70,19.6,24.7
2,2022-05-16,4.20,4.20,13.5,24.5
2,2022-05-17,3.40,3.40,17.4,24.5
2,2022-05-18,9.80,9.80,25.6,24.5
2,2022-05-19,5.40,5.40,19.1,24.8
2,2022-05-20,3.50,3.50,10.9,24.9
2,2022-05-21,0.00,0.00,19.0,25.7
2,2022-05-22,0.00,0.00,23.1,25.0
2,2022-05-23,0.00,0.00,22.7,25.0
2,2022-05-24,0.20,0.20,17.9,24.8
2,2022-05-25,0.00,0.00,21.1,24.5
2,2022-05-26,0.00,0.00,20.2,24.8
2,2022-05-27,0.20,0.20,23.5,24.9
2,2022-05-28,0.10,0.10,23.5,25.1
2,2022-05-29,1.50,1.50,17.4,25.3
2,2022-05-30,0.10,0.10,20.9,25.5
2,2022-05-31,0.10,0.10,22.6,25.6
2,2022-06-01,0.00,0.00,21.9,25.6
2,2022-06-02,0.00,0.00,21.0,25.4
2,2022-06-03,0.00,0.00,20.0,25.3
2,2022-06-04,0.00,0.00,17.4,25.4
2,2022-06-05,0.30,0.30,16.3,25.5
2,2022-06-06,0.20,0.20,19.8,26.1
2,2022-06-07,0.50,0.50,23.5,26.1
2,2022-06-08,0.20,0.20,21.3,26.1
2,2022-06-09,0.30,0.30,20.0,25.8
2,2022-06-10,0.10,0.10,23.4,25.8
2,2022-06-11,0.10,0.10,26.9,26.0
2,2022-06-12,0.30,0.30,28.3,25.8
2,2022-06-13,0.00,0.00,29.5,25.9
2,2022-06-14,0.00,0.00,29.7,25.6
2,2022-06-15,2.60,2.60,23.6,25.4
2,2022-06-16,1.90,1.90,26.7,25.1
2,2022-06-17,1.70,1.70,22.3,25.6
2,2022-06-18,0.00,0.00,26.1,26.0
2,2022-06-19,0.70,0.70,21.7,26.0
2,2022-06-20,3.10,3.10,24.8,25.5
2,2022-06-21,0.60,0.60,22.9,25.5
2,2022-06-22,1.40,1.40,22.9,25.4
2,2022-06-23,0.00,0.00,22.3,25.4
2,2022-06-24,1.50,1.50,18.2,24.9
2,2022-06-25,0.90,0.90,17.5,25.3
2,2022-06-26,0.00,0.00,16.8,26.1
2,2022-06-27,0.50,0.50,21.4,25.7
2,2022-06-28,0.00,0.00,26.4,25.9
2,2022-06-29,0.30,0.30,28.0,25.6
2,2022-06-30,0.30,0.30,30.1,26.2
2,2022-07-01,1.30,1.30,35.4,25.9
2,2022-07-02,0.00,0.00,32.7,25.9
2,2022-07-03,1.40,1.40,29.8,25.4
2,2022-07-04,0.80,0.80,33.3,25.2
2,2022-07-05,1.40,1.40,31.1,25.0
2,2022-07-06,0.70,0.70,27.6,25.3
2,2022-07-07,0.10,0.10,27.5,25.1
2,2022-07-08,0.50,0.50,28.1,25.0
2,2022-07-09,0.40,0.40,28.5,25.9
2,2022-07-10,1.20,1.20,29.5,25.8
2,2022-07-11,0.80,0.80,25.3,25.6
2,2022-07-12,2.00,2.00,25.6,25.5
2,2022-07-13,0.80,0.80,29.0,25.9
2,2022-07-14,1.90,1.90,26.6,25.5
2,2022-07-15,1.60,1.60,25.1,25.7
2,2022-07-16,0.20,0.20,31.1,26.0
2,2022-07-17,0.00,0.00,30.2,26.4
2,2022-07-18,0.40,0.40,30.5,25.9
2,2022-07-19,0.60,0.60,28.0,25.5
2,2022-07-20,0.70,0.70,24.3,25.5
2,2022-07-21,0.90,0.90,26.4,25.5
2,2022-07-22,0.10,0.10,23.1,26.1
2,2022-07-23,0.00,0.00,22.3,26.0
2,2022-07-24,0.00,0.00,21.9,26.1
2,2022-07-25,0.00,0.00,25.3,26.1
2,2022-07-26,0.40,0.40,28.5,25.9
2,2022-07-27,0.00,0.00,22.9,26.3
2,2022-07-28,0.00,0.00,17.0,26.6
2,2022-07-29,0.00,0.00,19.7,26.6
2,2022-07-30,0.00,0.00,28.4,27.0
2,2022-07-31,0.00,0.00,30.8,26.4
2,2022-08-01,1.60,1.60,28.0,25.4
2,2022-08-02,0.00,0.00,25.0,26.0
2,2022-08-03,1.30,1.30,20.9,25.7
2,2022-08-04,1.60,1.60,15.0,25.9
2,2022-08-05,1.20,1.20,12.1,26.2
2,2022-08-06,0.20,0.20,11.9,27.0
2,2022-08-07,0.10,0.10,22.9,27.4
2,2022-08-08,0.00,0.00,27.4,27.0
2,2022-08-09,0.00,0.00,29.1,27.0
2,2022-08-10,0.00,0.00,32.6,27.0
2,2022-08-11,0.10,0.10,30.0,26.6
2,2022-08-12,0.20,0.20,24.5,26.2
2,2022-08-13,1.00,1.00,26.1,26.4
2,2022-08-14,0.00,0.00,23.0,26.7
2,2022-08-15,0.00,0.00,18.0,26.7
2,2022-08-16,0.00,0.00,19.0,26.6
2,2022-08-17,1.70,1.70,17.2,27.0
2,2022-08-18,1.00,1.00,19.5,27.2
2,2022-08-19,0.00,0.00,22.8,27.2
2,2022-08-20,0.10,0.10,24.2,26.6
2,2022-08-21,0.00,0.00,23.5,26.7
2,2022-08-22,0.60,0.60,21.1,26.1
2,2022-08-23,1.20,1.20,14.2,26.1
2,2022-08-24,1.30,1.30,13.2,26.8
2,2022-08-25,1.00,1.00,17.3,27.1
2,2022-08-26,2.30,2.30,21.1,27.0
2,2022-08-27,0.00,0.00,31.0,26.8
2,2022-08-28,0.10,0.10,19.7,26.3
2,2022-08-29,1.30,1.30,18.0,26.7
2,2022-08-30,0.10,0.10,16.1,26.7
2,2022-08-31,0.10,0.10,21.7,26.1
2,2022-09-01,0.10,0.10,22.2,26.7
2,2022-09-02,0.90,0.90,22.9,26.2
2,2022-09-03,1.10,1.10,21.1,26.0
2,2022-09-04,0.00,0.00,23.0,27.0
2,2022-09-05,0.80,0.80,22.2,26.8
2,2022-09-06,0.60,0.60,24.4,26.8
2,2022-09-07,0.10,0.10,23.7,27.2
2,2022-09-08,1.30,1.30,19.0,26.5
2,2022-09-09,1.80,1.80,20.1,25.7
2,2022-09-10,1.20,1.20,17.0,26.8
2,2022-09-11,0.90,0.90,15.7,26.8
2,2022-09-12,0.20,0.20,21.6,26.8
2,2022-09-13,0.80,0.80,21.7,26.6
2,2022-09-14,0.00,0.00,18.1,27.1
2,2022-09-15,0.00,0.00,15.3,26.9
2,2022-09-16,2.40,2.40,13.6,26.3
2,2022-09-17,0.10,0.10,17.7,26.8
2,2022-09-18,2.60,2.60,22.5,26.5
2,2022-09-19,0.80,0.80,26.2,26.3
2,2022-09-20,0.30,0.30,24.2,27.1
2,2022-09-21,0.40,0.40,20.8,26.5
2,2022-09-22,2.40,2.40,18.2,26.7
2,2022-09-23,0.50,0.50,17.0,26.8
2,2022-09-24,0.60,0.60,14.8,27.3
2,2022-09-25,3.20,3.20,17.1,26.4
2,2022-09-26,0.00,0.00,21.7,26.8
2,2022-09-27,0.10,0.10,23.1,26.7
2,2022-09-28,0.00,0.00,23.3,26.9
2,2022-09-29,0.10,0.10,23.1,26.9
2,2022-09-30,0.00,0.00,20.2,26.9
2,2022-10-01,0.20,0.20,17.1,26.9
2,2022-10-02,1.50,1.50,21.9,25.6
2,2022-10-03,0.00,0.00,21.8,26.3
2,2022-10-04,1.30,1.30,21.3,25.7
2,2022-10-05,0.00,0.00,18.8,26.1
2,2022-10-06,0.00,0.00,17.7,26.0
2,2022-10-07,0.00,0.00,17.4,26.5
2,2022-10-08,3.70,3.70,18.0,25.5
2,2022-10-09,0.10,0.10,21.5,25.9
2,2022-10-10,0.40,0.40,15.6,26.5
2,2022-10-11,2.90,2.90,9.3,25.8
2,2022-10-12,4.00,4.00,12.4,25.8
2,2022-10-13,4.90,4.90,10.8,26.0
2,2022-10-14,1.50,1.50,17.2,25.9
2,2022-10-15,0.00,0.00,22.8,25.6
2,2022-10-16,0.00,0.00,17.9,25.8
2,2022-10-17,0.00,0.00,12.6,26.4
2,2022-10-18,0.30,0.30,15.6,25.4
2,2022-10-19,10.60,10.60,22.4,24.7
2,2022-10-20,2.10,2.10,20.5,24.3
2,2022-10-21,0.30,0.30,17.2,26.1
2,2022-10-22,0.00,0.00,25.6,26.8
2,2022-10-23,0.60,0.60,24.8,26.3
2,2022-10-24,0.40,0.40,27.7,26.3
2,2022-10-25,0.70,0.70,26.8,26.6
2,2022-10-26,1.80,1.80,27.7,25.7
2,2022-10-27,0.70,0.70,21.4,25.6
2,2022-10-28,1.50,1.50,19.4,25.0
2,2022-10-29,0.60,0.60,21.9,26.1
2,2022-10-30,0.20,0.20,23.2,26.2
2,2022-10-31,0.30,0.30,26.0,26.0
2,2022-11-01,0.00,0.00,24.0,26.0
2,2022-11-02,0.60,0.60,23.3,26.0
2,2022-11-03,0.80,0.80,23.1,26.2
2,2022-11-04,0.10,0.10,19.8,26.7
2,2022-11-05,0.00,0.00,26.3,26.5
2,2022-11-06,0.00,0.00,26.6,26.3
2,2022-11-07,0.00,0.00,25.9,26.3
2,2022-11-08,0.20,0.20,27.2,25.9
2,2022-11-09,0.50,0.50,25.0,25.4
2,2022-11-10,0.30,0.30,23.5,24.7
2,2022-11-11,0.50,0.50,26.6,24.3
2,2022-11-12,2.00,2.00,26.2,24.4
2,2022-11-13,0.40,0.40,24.8,24.5
2,2022-11-14,0.00,0.00,21.9,24.8
2,2022-11-15,0.10,0.10,22.8,24.6
2,2022-11-16,0.00,0.00,21.4,24.9
2,2022-11-17,0.40,0.40,16.8,25.1
2,2022-11-18,0.00,0.00,23.2,24.8
2,2022-11-19,0.40,0.40,26.7,25.2
2,2022-11-20,0.20,0.20,31.1,25.4
2,2022-11-21,0.00,0.00,32.5,25.5
2,2022-11-22,0.10,0.10,27.4,25.1
2,2022-11-23,0.30,0.30,21.6,24.3
2,2022-11-24,2.40,2.40,36.2,22.8
2,2022-11-25,0.10,0.10,29.5,22.7
2,2022-11-26,0.00,0.00,15.3,23.1
2,2022-11-27,2.40,2.40,17.9,22.9
2,2022-11-28,5.30,5.30,7.2,23.1
2,2022-11-29,3.70,3.70,11.4,24.8
2,2022-11-30,0.00,0.00,17.8,24.6
2,2022-12-01,0.00,0.00,20.7,23.7
2,2022-12-02,0.50,0.50,18.1,23.9
2,2022-12-03,0.00,0.00,21.0,24.9
2,2022-12-04,1.30,1.30,21.4,24.7
2,2022-12-05,1.00,1.00,17.6,24.2
2,2022-12-06,0.60,0.60,16.3,25.3
2,2022-12-07,0.20,0.20,32.7,25.2
2,2022-12-08,0.10,0.10,35.4,25.0
2,2022-12-09,0.00,0.00,36.0,24.8
2,2022-12-10,0.00,0.00,32.6,24.5
2,2022-12-11,0.50,0.50,31.1,24.4
2,2022-12-12,1.10,1.10,33.9,23.7
2,2022-12-13,0.70,0.70,27.7,24.2
2,2022-12-14,0.10,0.10,21.3,24.6
2,2022-12-15,0.20,0.20,15.6,23.4
2,2022-12-16,7.40,7.40,12.8,23.2
2,2022-12-17,1.30,1.30,10.2,22.7
2,2022-12-18,29.90,29.90,25.5,21.6
2,2022-12-19,18.00,18.00,33.2,20.3
2,2022-12-20,0.70,0.70,32.4,22.8
2,2022-12-21,0.00,0.00,18.3,23.2
2,2022-12-22,0.10,0.10,16.3,22.3
2,2022-12-23,0.00,0.00,16.4,23.3
2,2022-12-24,0.30,0.30,21.4,23.7
2,2022-12-25,0.00,0.00,15.8,23.8
2,2022-12-26,0.20,0.20,15.5,23.7
2,2022-12-27,0.00,0.00,24.7,24.5
2,2022-12-28,0.10,0.10,20.2,24.0
2,2022-12-29,1.30,1.30,15.9,22.9
2,2022-12-30,0.00,0.00,18.0,23.7
2,2022-12-31,0.30,0.30,15.6,23.8
2,2023-01-01,0.30,0.30,14.8,23.6
2,2023-01-02,0.10,0.10,18.0,24.2
2,2023-01-03,0.00,0.00,12.5,23.6
2,2023-01-04,1.80,1.80,15.8,23.0
2,2023-01-05,0.00,0.00,12.7,23.8
2,2023-01-06,0.10,0.10,16.2,24.2
2,2023-01-07,0.00,0.00,17.5,23.7
2,2023-01-08,0.00,0.00,15.9,23.0
2,2023-01-09,0.00,0.00,15.9,23.5
2,2023-01-10,0.00,0.00,17.9,23.7
2,2023-01-11,0.00,0.00,21.7,22.9
2,2023-01-12,0.00,0.00,17.3,22.7
2,2023-01-13,0.00,0.00,10.0,22.6
2,2023-01-14,0.00,0.00,15.4,23.3
2,2023-01-15,0.20,0.20,23.0,24.2
2,2023-01-16,0.00,0.00,12.0,24.3
2,2023-01-17,0.00,0.00,17.4,23.3
2,2023-01-18,0.10,0.10,16.2,23.6
2,2023-01-19,0.70,0.70,9.7,23.8
2,2023-01-20,2.10,2.10,25.7,24.2
2,2023-01-21,0.40,0.40,23.8,24.5
2,2023-01-22,0.00,0.00,16.7,23.8
2,2023-01-23,0.60,0.60,12.8,24.0
2,2023-01-24,0.90,0.90,12.3,23.6
2,2023-01-25,1.70,1.70,20.5,22.7
2,2023-01-26,0.00,0.00,23.7,22.2
2,2023-01-27,0.00,0.00,28.0,22.1
2,2023-01-28,4.10,4.10,25.8,21.5
2,2023-01-29,4.20,4.20,28.4,20.8
2,2023-01-30,8.00,8.00,22.5,21.9
2,2023-01-31,1.40,1.40,13.6,23.0
2,2023-02-01,0.10,0.10,10.7,22.7
2,2023-02-02,0.40,0.40,11.4,23.4
2,2023-02-03,2.00,2.00,21.7,22.7
2,2023-02-04,4.00,4.00,24.3,22.6
2,2023-02-05,1.20,1.20,28.1,23.4
2,2023-02-06,0.00,0.00,27.9,23.9
2,2023-02-07,0.60,0.60,29.4,24.0
2,2023-02-08,0.00,0.00,40.4,23.4
2,2023-02-09,0.10,0.10,39.8,23.4
2,2023-02-10,0.00,0.00,39.9,23.7
2,2023-02-11,0.00,0.00,33.4,23.5
2,2023-02-12,0.60,0.60,31.6,22.6
2,2023-02-13,0.20,0.20,27.8,22.9
2,2023-02-14,1.00,1.00,24.8,22.6
2,2023-02-15,4.70,4.70,15.1,22.1
2,2023-02-16,12.00,12.00,22.6,22.9
2,2023-02-17,28.50,28.50,13.4,21.5
2,2023-02-18,12.50,12.50,19.8,22.4
2,2023-02-19,5.30,5.30,18.8,23.1
2,2023-02-20,12.50,12.50,15.6,22.8
2,2023-02-21,1.70,1.70,26.8,23.5
2,2023-02-22,1.00,1.00,28.3,23.5
2,2023-02-23,0.70,0.70,31.2,23.4
2,2023-02-24,1.30,1.30,31.4,22.5
2,2023-02-25,0.10,0.10,32.2,22.5
2,2023-02-26,0.30,0.30,30.6,22.5
2,2023-02-27,0.60,0.60,36.9,22.5
2,2023-02-28,0.70,0.70,35.7,22.4
2,2023-03-01,1.70,1.70,39.6,22.2
2,2023-03-02,0.60,0.60,34.5,22.0
2,2023-03-03,1.40,1.40,23.8,21.9
2,2023-03-04,1.10,1.10,19.1,22.2
2,2023-03-05,2.50,2.50,13.3,22.2
2,2023-03-06,8.60,8.60,26.0,22.6
2,2023-03-07,1.10,1.10,31.8,22.7
2,2023-03-08,7.80,7.80,45.3,22.5
2,2023-03-09,0.00,0.00,24.5,22.2
2,2023-03-10,0.00,0.00,19.7,21.6
2,2023-03-11,0.10,0.10,18.4,21.0
2,2023-03-12,1.60,1.60,27.4,23.5
2,2023-03-13,0.00,0.00,15.8,23.3
2,2023-03-14,8.00,8.00,22.5,23.6
2,2023-03-15,2.00,2.00,20.7,24.3
2,2023-03-16,1.30,1.30,16.3,24.0
2,2023-03-17,0.10,0.10,15.0,24.4
2,2023-03-18,3.60,3.60,14.5,23.7
2,2023-03-19,0.20,0.20,16.2,24.1
2,2023-03-20,0.30,0.30,16.7,24.4
2,2023-03-21,2.90,2.90,24.5,24.6
2,2023-03-22,2.60,2.60,16.6,24.4
2,2023-03-23,2.30,2.30,18.2,23.5
2,2023-03-24,0.80,0.80,13.5,23.9
2,2023-03-25,0.30,0.30,23.4,24.3
2,2023-03-26,0.40,0.40,16.7,24.1
2,2023-03-27,1.30,1.30,13.5,23.9
2,2023-03-28,13.10,13.10,22.0,23.4
2,2023-03-29,8.70,8.70,26.0,23.7
2,2023-03-30,2.40,2.40,16.3,24.2
2,2023-03-31,5.00,5.00,11.9,23.8
2,2023-04-01,4.20,4.20,13.4,23.6
2,2023-04-02,7.50,7.50,21.8,22.8
2,2023-04-03,0.70,0.70,23.7,23.3
2,2023-04-04,1.00,1.00,25.1,23.0
2,2023-04-05,0.00,0.00,29.1,23.8
2,2023-04-06,0.10,0.10,30.1,23.7
2,2023-04-07,0.40,0.40,25.9,23.3
2,2023-04-08,0.30,0.30,25.0,23.3
2,2023-04-09,1.90,1.90,25.6,22.7
2,2023-04-10,1.20,1.20,28.3,23.1
2,2023-04-11,0.10,0.10,28.2,23.5
2,2023-04-12,0.20,0.20,28.6,23.9
2,2023-04-13,1.40,1.40,28.8,23.6
2,2023-04-14,0.90,0.90,21.7,23.2
2,2023-04-15,0.70,0.70,21.4,23.2
2,2023-04-16,1.80,1.80,17.5,24.0
2,2023-04-17,1.50,1.50,14.1,24.0
2,2023-04-18,8.00,8.00,30.6,23.7
2,2023-04-19,32.80,32.80,34.8,24.1
2,2023-04-20,0.90,0.90,8.9,23.9
2,2023-04-21,0.80,0.80,15.5,24.7
2,2023-04-22,1.50,1.50,15.6,24.5
2,2023-04-23,1.70,1.70,15.5,24.0
2,2023-04-24,4.80,4.80,13.4,23.5
2,2023-04-25,12.20,12.20,20.8,23.4
2,2023-04-26,2.00,2.00,16.3,23.6
2,2023-04-27,2.00,2.00,12.0,23.1
2,2023-04-28,4.30,4.30,12.7,23.7
2,2023-04-29,1.20,1.20,21.8,23.8
2,2023-04-30,0.50,0.50,23.5,24.0
2,2023-05-01,0.50,0.50,13.9,24.6
2,2023-05-02,5.20,5.20,15.1,22.8
2,2023-05-03,0.80,0.80,23.9,24.1
2,2023-05-04,0.20,0.20,30.7,24.3
2,2023-05-05,0.90,0.90,28.4,24.0
2,2023-05-06,0.10,0.10,29.0,24.1
2,2023-05-07,0.00,0.00,25.3,24.0
2,2023-05-08,0.30,0.30,29.6,24.4
2,2023-05-09,1.00,1.00,26.6,24.2
2,2023-05-10,0.30,0.30,20.3,23.7
2,2023-05-11,3.00,3.00,15.9,23.8
2,2023-05-12,1.70,1.70,9.4,23.7
2,2023-05-13,2.20,2.20,18.2,23.5
2,2023-05-14,0.00,0.00,21.9,23.1
2,2023-05-15,0.10,0.10,18.4,23.1
2,2023-05-16,0.40,0.40,14.9,23.7
2,2023-05-17,0.90,0.90,18.0,24.2
2,2023-05-18,9.30,9.30,13.3,23.5
2,2023-05-19,3.20,3.20,16.7,24.2
2,2023-05-20,0.90,0.90,12.1,25.2
2,2023-05-21,0.50,0.50,21.3,25.2
2,2023-05-22,0.70,0.70,26.1,24.8
2,2023-05-23,0.00,0.00,25.4,25.0
2,2023-05-24,0.30,0.30,26.4,25.0
2,2023-05-25,3.30,3.30,24.3,24.1
2,2023-05-26,1.30,1.30,23.7,24.2
2,2023-05-27,0.00,0.00,16.6,24.7
2,2023-05-28,1.40,1.40,15.4,24.4
2,2023-05-29,0.50,0.50,21.7,24.8
2,2023-05-30,1.10,1.10,21.0,25.0
2,2023-05-31,2.20,2.20,20.8,25.2
2,2023-06-01,2.50,2.50,24.3,25.1
2,2023-06-02,0.00,0.00,21.2,25.1
2,2023-06-03,0.80,0.80,17.3,24.4
2,2023-06-04,1.30,1.30,15.9,25.0
2,2023-06-05,0.00,0.00,18.6,25.5
2,2023-06-06,0.00,0.00,19.9,25.5
2,2023-06-07,0.00,0.00,19.5,25.8
2,2023-06-08,0.40,0.40,20.3,25.7
2,2023-06-09,0.00,0.00,25.8,26.0
2,2023-06-10,0.00,0.00,26.5,26.1
2,2023-06-11,0.00,0.00,26.3,26.4
2,2023-06-12,0.20,0.20,25.2,26.2
2,2023-06-13,1.60,1.60,27.3,25.7
2,2023-06-14,0.90,0.90,24.4,25.5
2,2023-06-15,1.30,1.30,23.0,24.9
2,2023-06-16,1.60,1.60,25.1,25.5
2,2023-06-17,1.20,1.20,20.6,25.6
2,2023-06-18,0.10,0.10,21.7,25.8
2,2023-06-19,0.10,0.10,16.9,25.9
2,2023-06-20,1.90,1.90,17.8,25.9
2,2023-06-21,1.30,1.30,22.2,26.0
2,2023-06-22,1.00,1.00,27.0,25.7
2,2023-06-23,1.30,1.30,28.3,25.8
2,2023-06-24,0.90,0.90,28.1,25.5
2,2023-06-25,0.40,0.40,30.4,25.6
2,2023-06-26,0.70,0.70,28.4,25.6
2,2023-06-27,0.10,0.10,26.0,26.3
2,2023-06-28,1.10,1.10,25.1,25.4
2,2023-06-29,0.70,0.70,21.7,25.6
2,2023-06-30,1.10,1.10,19.6,25.3
2,2023-07-01,0.50,0.50,19.2,25.3
2,2023-07-02,0.00,0.00,21.9,25.8
2,2023-07-03,0.40,0.40,25.8,26.5
2,2023-07-04,0.00,0.00,25.1,26.3
2,2023-07-05,0.30,0.30,23.7,26.0
2,2023-07-06,0.00,0.00,21.3,25.9
2,2023-07-07,0.80,0.80,25.5,25.8
2,2023-07-08,0.50,0.50,26.9,25.8
2,2023-07-09,0.10,0.10,28.7,25.8
2,2023-07-10,1.20,1.20,22.0,25.5
2,2023-07-11,0.70,0.70,29.1,25.8
2,2023-07-12,0.00,0.00,25.4,26.7
2,2023-07-13,0.00,0.00,24.4,26.4
2,2023-07-14,0.00,0.00,21.6,26.3
2,2023-07-15,1.10,1.10,21.3,25.1
2,2023-07-16,0.10,0.10,21.5,25.8
2,2023-07-17,0.00,0.00,23.2,26.7
2,2023-07-18,0.00,0.00,33.8,26.1
2,2023-07-19,6.00,6.00,35.6,25.8
2,2023-07-20,0.30,0.30,27.2,26.3
2,2023-07-21,0.10,0.10,26.2,26.4
2,2023-07-22,0.90,0.90,21.7,26.7
2,2023-07-23,1.30,1.30,25.7,26.5
2,2023-07-24,0.00,0.00,26.9,26.5
2,2023-07-25,0.00,0.00,27.7,26.5
2,2023-07-26,0.10,0.10,26.3,26.5
2,2023-07-27,0.20,0.20,22.3,26.6
2,2023-07-28,0.30,0.30,28.1,26.3
2,2023-07-29,0.20,0.20,23.7,26.4
2,2023-07-30,0.00,0.00,22.9,26.7
2,2023-07-31,0.30,0.30,25.8,26.7
2,2023-08-01,0.20,0.20,30.0,26.5
2,2023-08-02,0.30,0.30,27.5,26.3
2,2023-08-03,0.40,0.40,23.7,26.0
2,2023-08-04,0.60,0.60,21.3,25.4
2,2023-08-05,1.00,1.00,19.2,25.7
2,2023-08-06,0.10,0.10,23.4,26.6
2,2023-08-07,0.20,0.20,35.0,27.0
2,2023-08-08,0.00,0.00,37.4,27.2
2,2023-08-09,0.10,0.10,33.0,26.7
2,2023-08-10,0.10,0.10,24.5,26.8
2,2023-08-11,0.00,0.00,22.1,26.6
2,2023-08-12,0.00,0.00,20.7,26.6
2,2023-08-13,0.00,0.00,20.0,26.4
2,2023-08-14,0.00,0.00,22.4,26.3
2,2023-08-15,1.80,1.80,22.0,26.3
2,2023-08-16,2.30,2.30,26.5,26.3
2,2023-08-17,0.00,0.00,24.1,26.7
2,2023-08-18,0.00,0.00,20.0,26.4
2,2023-08-19,0.00,0.00,20.2,26.4
2,2023-08-20,0.00,0.00,20.6,26.4
2,2023-08-21,0.70,0.70,24.3,26.7
2,2023-08-22,0.00,0.00,27.8,27.3
2,2023-08-23,0.00,0.00,24.3,26.8
2,2023-08-24,0.40,0.40,23.9,26.5
2,2023-08-25,2.40,2.40,22.6,26.3
2,2023-08-26,0.80,0.80,22.6,26.5
2,2023-08-27,1.00,1.00,20.7,26.3
2,2023-08-28,1.00,1.00,24.5,26.4
2,2023-08-29,0.50,0.50,24.9,26.6
2,2023-08-30,0.50,0.50,28.8,26.9
2,2023-08-31,0.40,0.40,31.0,26.7
2,2023-09-01,1.60,1.60,26.8,26.4
2,2023-09-02,0.90,0.90,26.4,26.5
2,2023-09-03,1.60,1.60,21.9,26.1
2,2023-09-04,0.30,0.30,16.7,26.3
2,2023-09-05,0.40,0.40,16.3,26.6
2,2023-09-06,0.00,0.00,19.7,26.7
2,2023-09-07,0.00,0.00,19.0,26.8
2,2023-09-08,0.00,0.00,21.3,26.6
2,2023-09-09,2.70,2.70,22.7,26.0
2,2023-09-10,1.50,1.50,27.6,26.1
2,2023-09-11,0.00,0.00,25.7,26.4
2,2023-09-12,0.60,0.60,23.2,26.6
2,2023-09-13,1.60,1.60,20.6,26.5
2,2023-09-14,1.60,1.60,20.8,26.1
2,2023-09-15,0.60,0.60,21.3,26.7
2,2023-09-16,0.50,0.50,25.9,26.9
2,2023-09-17,0.60,0.60,22.3,26.2
2,2023-09-18,1.10,1.10,25.4,26.3
2,2023-09-19,0.00,0.00,24.2,26.5
2,2023-09-20,0.00,0.00,22.7,26.6
2,2023-09-21,0.70,0.70,28.2,26.1
2,2023-09-22,0.00,0.00,27.1,26.5
2,2023-09-23,0.10,0.10,26.2,26.2
2,2023-09-24,0.60,0.60,25.8,26.1
2,2023-09-25,0.00,0.00,24.2,26.3
2,2023-09-26,0.40,0.40,25.6,26.3
2,2023-09-27,0.40,0.40,29.1,26.0
2,2023-09-28,0.40,0.40,20.1,26.6
2,2023-09-29,1.60,1.60,23.3,26.9
2,2023-09-30,0.40,0.40,27.4,26.9
2,2023-10-01,0.00,0.00,26.9,26.6
2,2023-10-02,0.40,0.40,14.4,26.3
2,2023-10-03,1.00,1.00,18.1,25.6
2,2023-10-04,0.00,0.00,15.1,25.2
2,2023-10-05,1.80,1.80,12.5,26.0
2,2023-10-06,1.30,1.30,13.4,26.1
2,2023-10-07,0.20,0.20,20.9,26.0
2,2023-10-08,0.00,0.00,21.8,25.9
2,2023-10-09,0.00,0.00,24.0,25.9
2,2023-10-10,0.00,0.00,19.1,26.2
2,2023-10-11,0.00,0.00,17.8,25.9
2,2023-10-12,0.00,0.00,19.1,26.5
2,2023-10-13,0.00,0.00,17.4,26.1
2,2023-10-14,0.20,0.20,16.4,26.1
2,2023-10-15,0.40,0.40,14.8,26.6
2,2023-10-16,0.30,0.30,16.1,26.7
2,2023-10-17,3.10,3.10,15.2,25.8
2,2023-10-18,0.20,0.20,18.5,25.7
2,2023-10-19,1.40,1.40,18.6,25.4
2,2023-10-20,1.50,1.50,8.7,25.5
2,2023-10-21,1.20,1.20,15.6,25.4
2,2023-10-22,2.80,2.80,15.5,25.3
2,2023-10-23,1.80,1.80,23.8,25.7
2,2023-10-24,0.40,0.40,19.8,26.0
2,2023-10-25,0.00,0.00,17.2,25.2
2,2023-10-26,0.00,0.00,15.5,24.9
2,2023-10-27,0.10,0.10,10.9,25.4
2,2023-10-28,0.10,0.10,17.3,25.6
2,2023-10-29,0.00,0.00,16.0,25.9
2,2023-10-30,0.00,0.00,16.3,26.1
2,2023-10-31,0.00,0.00,15.0,25.2
2,2023-11-01,0.00,0.00,16.5,25.0
2,2023-11-02,0.00,0.00,16.9,25.7
2,2023-11-03,0.00,0.00,19.7,25.9
2,2023-11-04,0.40,0.40,26.3,25.9
2,2023-11-05,0.00,0.00,33.0,26.4
2,2023-11-06,0.80,0.80,32.1,26.2
2,2023-11-07,1.60,1.60,30.0,25.7
2,2023-11-08,0.30,0.30,16.8,26.4
2,2023-11-09,0.30,0.30,30.2,26.5
2,2023-11-10,1.60,1.60,26.9,26.2
2,2023-11-11,0.00,0.00,26.9,25.7
2,2023-11-12,0.10,0.10,32.4,25.5
2,2023-11-13,0.00,0.00,29.8,25.7
2,2023-11-14,0.90,0.90,35.2,24.7
2,2023-11-15,0.40,0.40,31.7,24.3
2,2023-11-16,0.20,0.20,27.2,24.4
2,2023-11-17,0.10,0.10,25.0,24.8
2,2023-11-18,0.30,0.30,16.3,23.8
2,2023-11-19,5.80,5.80,28.6,24.1
2,2023-11-20,10.40,10.40,21.7,22.5
2,2023-11-21,1.70,1.70,23.5,23.9
2,2023-11-22,1.90,1.90,15.2,24.3
2,2023-11-23,0.00,0.00,17.3,24.9
2,2023-11-24,0.00,0.00,13.4,24.8
2,2023-11-25,0.00,0.00,16.2,24.8
2,2023-11-26,0.00,0.00,20.5,24.4
2,2023-11-27,1.90,1.90,21.6,24.2
2,2023-11-28,5.20,5.20,18.2,23.4
2,2023-11-29,26.40,26.40,14.1,22.8
2,2023-11-30,0.90,0.90,21.1,24.0
2,2023-12-01,12.70,12.70,13.0,22.9
2,2023-12-02,0.30,0.30,14.7,23.7
2,2023-12-03,0.60,0.60,15.0,24.4
2,2023-12-04,0.00,0.00,20.6,24.1
2,2023-12-05,1.70,1.70,29.1,24.1
2,2023-12-06,0.20,0.20,28.7,24.6
2,2023-12-07,2.00,2.00,20.0,23.5
2,2023-12-08,0.60,0.60,11.1,22.7
2,2023-12-09,0.00,0.00,15.5,23.0
2,2023-12-10,0.00,0.00,23.9,25.3
2,2023-12-11,0.10,0.10,21.7,25.5
2,2023-12-12,1.30,1.30,25.0,24.0
2,2023-12-13,4.60,4.60,26.9,22.4
2,2023-12-14,0.80,0.80,31.6,21.8
2,2023-12-15,0.20,0.20,30.6,21.7
2,2023-12-16,0.00,0.00,24.5,21.9
2,2023-12-17,0.10,0.10,24.5,21.9
2,2023-12-18,1.80,1.80,26.3,21.9
2,2023-12-19,1.30,1.30,32.7,22.8
2,2023-12-20,4.00,4.00,25.2,22.2
2,2023-12-21,0.20,0.20,30.9,23.8
2,2023-12-22,0.70,0.70,26.0,23.4
2,2023-12-23,0.30,0.30,29.3,23.3
2,2023-12-24,0.00,0.00,20.7,23.2
2,2023-12-25,0.00,0.00,14.0,22.8
2,2023-12-26,0.00,0.00,16.9,22.7
2,2023-12-27,0.60,0.60,12.0,21.6
2,2023-12-28,0.50,0.50,21.9,21.1
2,2023-12-29,0.10,0.10,18.5,22.5
2,2023-12-30,0.00,0.00,19.5,22.7
2,2023-12-31,0.00,0.00,12.6,22.2
2,2024-01-01,0.60,0.60,23.6,22.5
2,2024-01-02,0.60,0.60,23.9,24.0
2,2024-01-03,1.40,1.40,19.9,23.3
2,2024-01-04,0.20,0.20,13.3,23.3
2,2024-01-05,0.30,0.30,19.3,23.1
2,2024-01-06,0.00,0.00,13.1,22.9
2,2024-01-07,1.90,1.90,14.8,22.7
2,2024-01-08,46.40,46.40,33.4,22.1
2,2024-01-09,16.50,16.50,29.8,22.4
2,2024-01-10,0.00,0.00,18.9,21.9
2,2024-01-11,2.00,2.00,33.9,20.4
2,2024-01-12,0.00,0.00,21.5,19.4
2,2024-01-13,0.00,0.00,18.1,19.6
2,2024-01-14,0.00,0.00,15.0,19.6
2,2024-01-15,0.00,0.00,18.4,20.7
2,2024-01-16,4.70,4.70,34.0,23.6
2,2024-01-17,0.10,0.10,21.0,23.1
2,2024-01-18,0.50,0.50,16.1,21.6
2,2024-01-19,0.30,0.30,16.6,22.2
2,2024-01-20,0.20,0.20,17.2,23.2
2,2024-01-21,0.90,0.90,13.8,22.6
2,2024-01-22,1.80,1.80,21.6,23.7
2,2024-01-23,3.20,3.20,22.6,23.7
2,2024-01-24,6.80,6.80,31.1,23.9
2,2024-01-25,5.20,5.20,18.2,23.3
2,2024-01-26,3.70,3.70,19.2,22.2
2,2024-01-27,7.70,7.70,29.6,23.1
2,2024-01-28,10.90,10.90,27.3,23.4
2,2024-01-29,14.60,14.60,29.9,23.3
2,2024-01-30,10.40,10.40,17.7,22.8
2,2024-01-31,0.00,0.00,10.0,22.0
2,2024-02-01,2.40,2.40,12.4,22.2
2,2024-02-02,0.30,0.30,31.0,21.4
2,2024-02-03,0.00,0.00,33.9,20.9
2,2024-02-04,0.10,0.10,36.9,22.1
2,2024-02-05,0.40,0.40,35.2,22.6
2,2024-02-06,0.00,0.00,32.9,23.1
2,2024-02-07,0.00,0.00,31.8,23.1
2,2024-02-08,0.00,0.00,23.1,23.5
2,2024-02-09,1.90,1.90,19.0,22.8
2,2024-02-10,2.20,2.20,10.2,22.1
2,2024-02-11,0.90,0.90,16.8,21.4
2,2024-02-12,0.10,0.10,21.0,21.4
2,2024-02-13,0.80,0.80,15.5,21.4
2,2024-02-14,2.80,2.80,24.3,22.5
2,2024-02-15,1.70,1.70,21.4,21.7
2,2024-02-16,0.00,0.00,24.0,20.6
2,2024-02-17,0.00,0.00,25.0,21.0
2,2024-02-18,0.00,0.00,31.0,21.4
2,2024-02-19,0.00,0.00,22.7,22.0
2,2024-02-20,0.20,0.20,13.4,22.5
2,2024-02-21,2.20,2.20,24.3,22.8
2,2024-02-22,0.30,0.30,22.4,23.3
2,2024-02-23,0.70,0.70,23.4,23.3
2,2024-02-24,1.50,1.50,28.0,22.6
2,2024-02-25,0.00,0.00,28.8,22.4
2,2024-02-26,1.00,1.00,31.2,22.3
2,2024-02-27,0.30,0.30,30.1,22.7
2,2024-02-28,0.70,0.70,26.2,22.2
2,2024-02-29,0.90,0.90,26.9,22.9
2,2024-03-01,0.30,0.30,26.1,23.0
2,2024-03-02,0.00,0.00,26.9,23.0
2,2024-03-03,0.00,0.00,23.4,23.2
2,2024-03-04,0.80,0.80,27.8,23.2
2,2024-03-05,0.80,0.80,31.7,22.7
2,2024-03-06,2.40,2.40,31.3,21.5
2,2024-03-07,0.90,0.90,29.3,22.2
2,2024-03-08,0.20,0.20,33.8,22.4
2,2024-03-09,0.00,0.00,32.9,22.9
2,2024-03-10,0.20,0.20,30.8,23.0
2,2024-03-11,0.10,0.10,28.5,22.9
2,2024-03-12,2.40,2.40,20.0,23.7
2,2024-03-13,9.10,9.10,11.9,22.8
2,2024-03-14,0.10,0.10,22.7,22.2
2,2024-03-15,0.80,0.80,20.6,21.2
2,2024-03-16,0.20,0.20,19.9,21.3
2,2024-03-17,0.00,0.00,20.6,22.2
2,2024-03-18,0.20,0.20,19.0,22.7
2,2024-03-19,0.00,0.00,20.4,22.2
2,2024-03-20,0.20,0.20,22.9,22.3
2,2024-03-21,0.00,0.00,25.4,22.6
2,2024-03-22,0.00,0.00,28.5,22.6
2,2024-03-23,0.30,0.30,31.8,22.9
2,2024-03-24,0.00,0.00,28.8,23.5
2,2024-03-25,1.30,1.30,22.6,24.1
2,2024-03-26,0.10,0.10,24.4,23.8
2,2024-03-27,0.30,0.30,29.5,23.7
2,2024-03-28,0.10,0.10,34.3,23.7
2,2024-03-29,0.00,0.00,29.0,23.9
2,2024-03-30,0.80,0.80,25.2,23.1
2,2024-03-31,0.20,0.20,22.6,23.7
2,2024-04-01,2.80,2.80,26.1,23.2
2,2024-04-02,0.70,0.70,29.6,23.6
2,2024-04-03,0.20,0.20,34.8,23.8
2,2024-04-04,1.10,1.10,35.4,23.6
2,2024-04-05,2.70,2.70,35.7,22.5
2,2024-04-06,2.50,2.50,34.8,22.5
2,2024-04-07,1.70,1.70,31.6,22.7
2,2024-04-08,0.00,0.00,24.4,23.4
2,2024-04-09,0.80,0.80,23.9,23.2
2,2024-04-10,1.10,1.10,16.7,23.9
2,2024-04-11,4.50,4.50,15.5,24.1
2,2024-04-12,5.90,5.90,16.5,24.7
2,2024-04-13,4.70,4.70,20.2,24.5
2,2024-04-14,25.00,25.00,27.2,22.7
2,2024-04-15,0.20,0.20,24.3,23.1
2,2024-04-16,2.90,2.90,10.5,21.6
2,2024-04-17,0.60,0.60,17.2,22.5
2,2024-04-18,0.60,0.60,20.4,22.7
2,2024-04-19,1.00,1.00,27.6,23.0
2,2024-04-20,0.50,0.50,23.7,22.9
2,2024-04-21,0.80,0.80,26.7,22.7
2,2024-04-22,0.60,0.60,26.1,23.5
2,2024-04-23,0.90,0.90,29.8,23.6
2,2024-04-24,3.20,3.20,29.4,23.2
2,2024-04-25,0.70,0.70,30.3,23.7
2,2024-04-26,0.80,0.80,30.1,23.9
2,2024-04-27,1.60,1.60,27.9,23.7
2,2024-04-28,0.80,0.80,17.3,24.8
2,2024-04-29,0.30,0.30,21.4,24.5
2,2024-04-30,2.70,2.70,14.9,24.6
2,2024-05-01,0.00,0.00,22.9,24.7
2,2024-05-02,0.10,0.10,26.0,24.3
2,2024-05-03,1.40,1.40,29.2,24.0
2,2024-05-04,2.40,2.40,30.1,23.9
2,2024-05-05,0.00,0.00,29.5,24.1
2,2024-05-06,1.00,1.00,27.0,23.7
2,2024-05-07,0.00,0.00,21.4,24.1
2,2024-05-08,1.90,1.90,14.8,24.3
2,2024-05-09,3.50,3.50,13.8,23.7
2,2024-05-10,7.00,7.00,16.5,22.7
2,2024-05-11,1.10,1.10,14.3,22.8
2,2024-05-12,1.60,1.60,14.2,23.3
2,2024-05-13,13.20,13.20,14.3,24.2
2,2024-05-14,12.00,12.00,13.7,23.6
2,2024-05-15,10.40,10.40,22.7,23.9
2,2024-05-16,47.30,47.30,25.1,22.9
2,2024-05-17,29.30,29.30,19.6,24.1
2,2024-05-18,18.10,18.10,18.6,24.0
2,2024-05-19,2.10,2.10,14.8,24.5
2,2024-05-20,2.30,2.30,21.0,24.7
2,2024-05-21,0.70,0.70,18.9,24.8
2,2024-05-22,3.60,3.60,20.6,24.8
2,2024-05-23,1.60,1.60,26.7,24.9
2,2024-05-24,0.00,0.00,26.6,24.5
2,2024-05-25,0.40,0.40,24.6,24.4
2,2024-05-26,0.40,0.40,24.5,24.2
2,2024-05-27,0.70,0.70,23.9,24.3
2,2024-05-28,1.80,1.80,26.5,24.8
2,2024-05-29,0.90,0.90,23.5,24.7
2,2024-05-30,0.00,0.00,26.8,24.6
2,2024-05-31,0.30,0.30,26.7,24.3
2,2024-06-01,0.00,0.00,28.3,24.3
2,2024-06-02,0.20,0.20,27.4,24.4
2,2024-06-03,1.80,1.80,29.4,24.8
2,2024-06-04,0.10,0.10,27.8,24.9
2,2024-06-05,0.20,0.20,20.2,25.3
2,2024-06-06,0.00,0.00,17.3,25.3
2,2024-06-07,0.00,0.00,18.1,25.4
2,2024-06-08,0.00,0.00,21.3,25.3
2,2024-06-09,0.00,0.00,24.9,25.1
2,2024-06-10,0.10,0.10,26.6,25.2
2,2024-06-11,0.10,0.10,25.3,25.1
2,2024-06-12,1.60,1.60,24.5,25.0
2,2024-06-13,0.40,0.40,25.5,25.1
2,2024-06-14,0.20,0.20,25.2,25.4
2,2024-06-15,0.00,0.00,26.0,25.3
2,2024-06-16,0.20,0.20,23.6,25.1
2,2024-06-17,0.40,0.40,26.6,24.8
2,2024-06-18,0.60,0.60,27.7,25.0
2,2024-06-19,0.20,0.20,28.2,25.2
2,2024-06-20,0.40,0.40,30.1,24.8
2,2024-06-21,1.70,1.70,30.8,25.3
2,2024-06-22,0.50,0.50,29.8,24.9
2,2024-06-23,0.00,0.00,28.0,25.4
2,2024-06-24,0.00,0.00,30.1,25.1
2,2024-06-25,0.80,0.80,27.7,25.0
2,2024-06-26,0.60,0.60,21.6,25.0
2,2024-06-27,0.60,0.60,22.3,25.1
2,2024-06-28,1.30,1.30,21.4,24.4
2,2024-06-29,0.50,0.50,18.2,25.5
2,2024-06-30,0.00,0.00,20.9,25.5
2,2024-07-01,0.20,0.20,24.9,25.5
2,2024-07-02,1.20,1.20,21.6,25.4
2,2024-07-03,0.20,0.20,20.9,25.4
2,2024-07-04,0.70,0.70,25.0,25.4
2,2024-07-05,0.50,0.50,24.6,25.5
2,2024-07-06,0.00,0.00,20.1,25.3
2,2024-07-07,0.00,0.00,22.5,25.1
2,2024-07-08,0.40,0.40,21.3,25.4
2,2024-07-09,0.60,0.60,28.2,25.8
2,2024-07-10,0.20,0.20,31.0,25.4
2,2024-07-11,3.00,3.00,30.1,25.3
2,2024-07-12,0.30,0.30,30.8,25.8
2,2024-07-13,0.10,0.10,31.2,25.8
2,2024-07-14,0.20,0.20,27.7,25.8
2,2024-07-15,0.20,0.20,27.9,25.4
2,2024-07-16,0.20,0.20,28.5,25.4
2,2024-07-17,0.10,0.10,22.7,25.5
2,2024-07-18,0.10,0.10,19.7,25.5
2,2024-07-19,0.70,0.70,19.7,25.5
2,2024-07-20,0.60,0.60,19.8,26.4
2,2024-07-21,1.20,1.20,22.8,26.4
2,2024-07-22,0.20,0.20,26.7,26.2
2,2024-07-23,0.70,0.70,27.3,26.2
2,2024-07-24,0.80,0.80,30.8,26.6
2,2024-07-25,0.00,0.00,31.4,26.3
2,2024-07-26,0.40,0.40,31.7,25.1
2,2024-07-27,1.70,1.70,28.5,24.9
2,2024-07-28,0.50,0.50,26.1,25.8
2,2024-07-29,0.00,0.00,23.7,26.1
2,2024-07-30,0.90,0.90,23.3,25.5
2,2024-07-31,0.10,0.10,21.7,25.7
2,2024-08-01,1.60,1.60,18.8,25.5
2,2024-08-02,2.10,2.10,17.6,25.9
2,2024-08-03,1.10,1.10,21.5,26.2
2,2024-08-04,0.10,0.10,24.7,26.3
2,2024-08-05,0.20,0.20,25.9,26.5
2,2024-08-06,0.00,0.00,24.2,26.5
2,2024-08-07,0.00,0.00,26.9,26.4
2,2024-08-08,0.20,0.20,21.3,26.2
2,2024-08-09,0.10,0.10,21.7,26.1
2,2024-08-10,1.00,1.00,24.6,26.3
2,2024-08-11,0.50,0.50,24.3,26.4
2,2024-08-12,1.00,1.00,23.7,26.1
2,2024-08-13,0.80,0.80,27.0,26.3
2,2024-08-14,0.40,0.40,20.9,26.1
2,2024-08-15,0.00,0.00,20.5,26.6
2,2024-08-16,0.00,0.00,28.1,27.1
2,2024-08-17,0.30,0.30,27.2,26.5
2,2024-08-18,0.30,0.30,24.3,26.4
2,2024-08-19,1.00,1.00,23.8,26.3
2,2024-08-20,0.30,0.30,24.0,26.6
2,2024-08-21,0.00,0.00,28.0,26.6
2,2024-08-22,0.00,0.00,29.4,26.3
2,2024-08-23,1.40,1.40,30.6,26.5
2,2024-08-24,0.00,0.00,35.9,26.6
2,2024-08-25,13.50,13.50,39.0,25.3
2,2024-08-26,4.40,4.40,27.4,25.7
2,2024-08-27,0.10,0.10,21.7,26.0
2,2024-08-28,1.70,1.70,20.5,25.7
2,2024-08-29,1.00,1.00,23.2,26.3
2,2024-08-30,11.80,11.80,20.7,26.2
2,2024-08-31,3.30,3.30,13.5,27.0
2,2024-09-01,0.30,0.30,25.3,27.1
2,2024-09-02,0.00,0.00,27.7,26.8
2,2024-09-03,0.30,0.30,25.8,26.5
2,2024-09-04,0.00,0.00,20.7,26.2
2,2024-09-05,0.00,0.00,19.0,26.7
2,2024-09-06,0.00,0.00,19.2,26.8
2,2024-09-07,0.30,0.30,21.9,25.9
2,2024-09-08,0.00,0.00,17.2,25.8
2,2024-09-09,0.40,0.40,10.4,25.8
2,2024-09-10,2.30,2.30,13.4,25.5
2,2024-09-11,0.00,0.00,14.4,26.2
2,2024-09-12,0.00,0.00,21.2,27.0
2,2024-09-13,0.40,0.40,25.1,26.7
2,2024-09-14,0.00,0.00,25.6,26.5
2,2024-09-15,0.10,0.10,24.9,26.5
2,2024-09-16,0.20,0.20,29.5,27.0
2,2024-09-17,0.40,0.40,22.7,26.8
2,2024-09-18,0.00,0.00,27.9,26.9
2,2024-09-19,0.00,0.00,25.6,26.7
2,2024-09-20,0.60,0.60,23.0,26.1
2,2024-09-21,3.00,3.00,23.5,25.5
2,2024-09-22,2.60,2.60,19.5,25.9
2,2024-09-23,0.20,0.20,19.8,26.5
2,2024-09-24,0.00,0.00,22.9,26.7
2,2024-09-25,0.00,0.00,24.2,26.3
2,2024-09-26,0.10,0.10,21.1,26.3
2,2024-09-27,0.10,0.10,20.9,26.2
2,2024-09-28,0.00,0.00,24.0,26.5
2,2024-09-29,0.50,0.50,18.6,26.0
2,2024-09-30,1.60,1.60,18.6,26.1
2,2024-10-01,0.50,0.50,20.5,26.4
2,2024-10-02,0.30,0.30,21.3,26.4
2,2024-10-03,0.90,0.90,18.9,25.9
2,2024-10-04,1.10,1.10,19.0,25.3
2,2024-10-05,2.60,2.60,18.3,25.8
2,2024-10-06,0.90,0.90,24.4,26.1
2,2024-10-07,0.00,0.00,22.4,25.8
2,2024-10-08,0.20,0.20,22.4,25.8
2,2024-10-09,0.00,0.00,25.1,26.0
2,2024-10-10,2.80,2.80,16.5,26.3
2,2024-10-11,0.00,0.00,19.0,26.5
2,2024-10-12,0.00,0.00,18.8,26.0
2,2024-10-13,1.10,1.10,23.0,25.8
2,2024-10-14,4.60,4.60,26.5,25.9
2,2024-10-15,0.00,0.00,27.7,26.3
2,2024-10-16,0.00,0.00,32.0,26.2
2,2024-10-17,0.10,0.10,21.8,26.3
2,2024-10-18,0.40,0.40,18.8,26.8
2,2024-10-19,0.50,0.50,23.1,26.0
2,2024-10-20,0.00,0.00,25.3,26.2
2,2024-10-21,0.00,0.00,17.5,26.3
2,2024-10-22,0.00,0.00,12.9,26.0
2,2024-10-23,0.30,0.30,14.4,26.5
2,2024-10-24,0.40,0.40,17.4,26.2
2,2024-10-25,0.10,0.10,16.7,26.2
2,2024-10-26,3.40,3.40,23.6,25.5
2,2024-10-27,2.90,2.90,23.0,25.0
2,2024-10-28,1.90,1.90,26.2,25.9
2,2024-10-29,0.60,0.60,30.3,25.7
2,2024-10-30,1.40,1.40,29.5,25.3
2,2024-10-31,1.10,1.10,29.0,26.0
2,2024-11-01,1.30,1.30,26.3,25.3
2,2024-11-02,0.10,0.10,21.2,25.6
2,2024-11-03,0.50,0.50,21.4,25.4
2,2024-11-04,0.90,0.90,24.8,26.0
2,2024-11-05,2.70,2.70,15.2,26.0
2,2024-11-06,4.90,4.90,25.5,24.6
2,2024-11-07,2.80,2.80,32.1,24.2
2,2024-11-08,2.50,2.50,28.2,24.2
2,2024-11-09,0.40,0.40,26.1,24.9
2,2024-11-10,0.10,0.10,26.7,25.5
2,2024-11-11,0.10,0.10,26.8,25.4
2,2024-11-12,0.20,0.20,25.9,25.2
2,2024-11-13,1.80,1.80,25.5,24.9
2,2024-11-14,1.10,1.10,32.3,25.0
2,2024-11-15,0.00,0.00,30.2,25.4
2,2024-11-16,0.60,0.60,29.7,25.2
2,2024-11-17,0.40,0.40,28.2,24.8
2,2024-11-18,0.00,0.00,24.9,25.0
2,2024-11-19,0.00,0.00,23.4,25.0
2,2024-11-20,0.00,0.00,20.6,24.5
2,2024-11-21,0.00,0.00,19.6,24.0
2,2024-11-22,0.00,0.00,12.3,23.5
2,2024-11-23,0.00,0.00,13.9,23.0
2,2024-11-24,0.00,0.00,12.7,22.9
2,2024-11-25,0.00,0.00,13.6,23.9
2,2024-11-26,0.20,0.20,11.3,23.8
2,2024-11-27,0.00,0.00,18.7,24.1
2,2024-11-28,0.00,0.00,19.4,24.3
2,2024-11-29,0.20,0.20,19.3,24.2
2,2024-11-30,0.00,0.00,13.0,24.1
2,2024-12-01,0.00,0.00,15.9,23.6
2,2024-12-02,0.00,0.00,14.1,23.5
2,2024-12-03,0.20,0.20,15.7,23.4
2,2024-12-04,0.50,0.50,14.7,23.3
2,2024-12-05,0.30,0.30,17.7,24.7
2,2024-12-06,10.70,10.70,11.0,23.4
2,2024-12-07,0.00,0.00,10.3,24.1
2,2024-12-08,0.00,0.00,15.1,23.7
2,2024-12-09,0.00,0.00,20.2,24.8
2,2024-12-10,0.00,0.00,26.8,24.7
2,2024-12-11,0.00,0.00,32.5,24.9
2,2024-12-12,0.00,0.00,29.0,25.1
2,2024-12-13,0.00,0.00,26.9,25.0
2,2024-12-14,0.00,0.00,22.5,24.8
2,2024-12-15,0.00,0.00,22.8,24.6
2,2024-12-16,0.00,0.00,14.8,23.9
2,2024-12-17,0.00,0.00,15.0,22.8
2,2024-12-18,0.60,0.60,14.3,23.8
2,2024-12-19,0.70,0.70,15.4,23.6
2,2024-12-20,0.90,0.90,13.1,23.9
2,2024-12-21,0.20,0.20,14.3,23.4
2,2024-12-22,0.30,0.30,13.8,23.6
2,2024-12-23,0.00,0.00,28.1,24.5
2,2024-12-24,0.00,0.00,17.1,25.0
2,2024-12-25,0.20,0.20,22.0,24.4
2,2024-12-26,0.00,0.00,11.3,23.8
2,2024-12-27,0.20,0.20,12.7,24.0
2,2024-12-28,0.70,0.70,18.4,23.5
2,2024-12-29,2.10,2.10,20.0,23.0
2,2024-12-30,0.00,0.00,24.1,24.0
2,2024-12-31,0.00,0.00,21.8,24.6
2,2025-01-01,0.30,0.30,20.9,24.0
2,2025-01-02,0.00,0.00,19.0,24.4
2,2025-01-03,0.00,0.00,14.6,24.1
2,2025-01-04,0.00,0.00,16.9,23.0
2,2025-01-05,3.10,3.10,20.4,23.7
2,2025-01-06,1.20,1.20,17.4,24.0
2,2025-01-07,8.10,8.10,24.7,23.9
2,2025-01-08,0.80,0.80,16.6,24.0
2,2025-01-09,1.00,1.00,16.0,23.3
2,2025-01-10,0.60,0.60,19.5,23.4
2,2025-01-11,0.30,0.30,23.7,23.5
2,2025-01-12,1.30,1.30,20.5,23.4
2,2025-01-13,0.10,0.10,20.4,23.8
2,2025-01-14,0.10,0.10,20.0,23.5
2,2025-01-15,0.00,0.00,15.0,23.7
2,2025-01-16,0.00,0.00,17.9,23.0
2,2025-01-17,4.20,4.20,11.6,22.2
2,2025-01-18,0.00,0.00,19.0,22.6
2,2025-01-19,0.00,0.00,20.5,23.1
2,2025-01-20,0.00,0.00,19.5,22.6
2,2025-01-21,0.10,0.10,17.4,22.6
2,2025-01-22,0.90,0.90,13.3,21.2
2,2025-01-23,0.00,0.00,16.3,20.1
2,2025-01-24,0.00,0.00,13.0,21.4
2,2025-01-25,0.90,0.90,18.1,23.2
2,2025-01-26,2.40,2.40,15.0,22.9
2,2025-01-27,2.60,2.60,18.5,21.9
2,2025-01-28,0.00,0.00,17.6,20.8
2,2025-01-29,1.70,1.70,23.4,22.2
2,2025-01-30,75.20,75.20,35.5,22.8
2,2025-01-31,1.10,1.10,28.4,23.5
2,2025-02-01,0.10,0.10,10.9,21.8
2,2025-02-02,0.00,0.00,15.9,20.8
2,2025-02-03,0.00,0.00,15.8,21.5
2,2025-02-04,0.00,0.00,16.6,21.2
2,2025-02-05,0.40,0.40,9.4,21.1
2,2025-02-06,3.60,3.60,10.8,21.0
2,2025-02-07,0.00,0.00,15.1,22.5
2,2025-02-08,0.00,0.00,13.2,22.3
2,2025-02-09,0.10,0.10,11.3,23.4
2,2025-02-10,0.10,0.10,9.1,23.2
2,2025-02-11,0.10,0.10,10.8,22.7
2,2025-02-12,0.00,0.00,14.3,22.9
2,2025-02-13,0.70,0.70,15.3,22.4
2,2025-02-14,4.10,4.10,12.2,23.0
2,2025-02-15,0.00,0.00,15.5,23.4
2,2025-02-16,0.90,0.90,13.3,24.1
2,2025-02-17,22.30,22.30,15.9,22.9
2,2025-02-18,0.20,0.20,14.6,23.3
2,2025-02-19,1.00,1.00,12.6,23.1
2,2025-02-20,0.00,0.00,17.6,23.4
2,2025-02-21,0.40,0.40,11.8,23.5
2,2025-02-22,0.40,0.40,11.5,22.3
2,2025-02-23,0.30,0.30,17.6,23.4
2,2025-02-24,0.30,0.30,15.3,23.7
2,2025-02-25,0.10,0.10,18.0,23.2
2,2025-02-26,4.20,4.20,20.2,23.7
2,2025-02-27,0.50,0.50,17.8,24.3
2,2025-02-28,2.50,2.50,15.7,23.8
2,2025-03-01,0.00,0.00,12.3,24.0
2,2025-03-02,0.00,0.00,18.1,23.3
2,2025-03-03,0.00,0.00,24.8,24.7
2,2025-03-04,1.80,1.80,30.3,23.9
2,2025-03-05,0.20,0.20,28.8,24.4
2,2025-03-06,0.10,0.10,24.5,24.4
2,2025-03-07,1.60,1.60,26.6,23.2
2,2025-03-08,2.30,2.30,26.6,22.6
2,2025-03-09,0.60,0.60,22.7,23.2
2,2025-03-10,2.20,2.20,26.4,22.9
2,2025-03-11,0.10,0.10,29.6,23.1
2,2025-03-12,0.00,0.00,28.4,23.6
2,2025-03-13,0.00,0.00,28.4,24.3
2,2025-03-14,2.30,2.30,24.8,23.9
2,2025-03-15,2.30,2.30,11.2,23.0
2,2025-03-16,2.00,2.00,12.6,23.4
2,2025-03-17,3.60,3.60,14.8,23.7
2,2025-03-18,1.80,1.80,15.7,23.7
2,2025-03-19,1.50,1.50,22.9,23.9
2,2025-03-20,0.00,0.00,21.5,24.3
2,2025-03-21,0.30,0.30,21.9,24.2
2,2025-03-22,1.30,1.30,16.2,24.6
2,2025-03-23,0.00,0.00,13.4,24.0
2,2025-03-24,0.10,0.10,13.8,23.9
2,2025-03-25,0.30,0.30,17.1,24.3
2,2025-03-26,1.10,1.10,15.2,24.1
2,2025-03-27,4.00,4.00,17.5,24.3
2,2025-03-28,4.60,4.60,13.5,23.9
2,2025-03-29,0.00,0.00,16.3,24.4
2,2025-03-30,0.30,0.30,15.1,23.8
2,2025-03-31,3.50,3.50,20.4,24.1
2,2025-04-01,0.70,0.70,21.2,25.2
2,2025-04-02,0.20,0.20,18.6,24.3
2,2025-04-03,2.10,2.10,14.0,24.2
2,2025-04-04,0.50,0.50,17.1,24.0
2,2025-04-05,0.60,0.60,23.9,24.8
2,2025-04-06,0.40,0.40,24.3,25.1
2,2025-04-07,0.10,0.10,22.2,25.1
2,2025-04-08,0.10,0.10,20.4,24.1
2,2025-04-09,2.40,2.40,22.0,23.0
2,2025-04-10,3.30,3.30,24.1,23.7
2,2025-04-11,2.70,2.70,28.2,23.8
2,2025-04-12,1.50,1.50,21.3,24.1
2,2025-04-13,3.80,3.80,22.1,24.0
2,2025-04-14,0.40,0.40,23.5,24.6
2,2025-04-15,1.80,1.80,21.2,24.1
2,2025-04-16,1.90,1.90,14.1,24.0
2,2025-04-17,1.30,1.30,10.6,23.2
2,2025-04-18,7.20,7.20,13.3,21.9
2,2025-04-19,3.60,3.60,20.3,23.6
2,2025-04-20,2.30,2.30,18.6,23.7
2,2025-04-21,2.90,2.90,16.0,24.1
2,2025-04-22,1.80,1.80,14.1,23.7
2,2025-04-23,4.40,4.40,20.3,24.2
2,2025-04-24,3.00,3.00,13.3,25.0
2,2025-04-25,2.70,2.70,11.8,24.4
2,2025-04-26,3.70,3.70,11.5,24.2
2,2025-04-27,8.20,8.20,8.7,23.5
2,2025-04-28,7.00,7.00,10.1,23.0
2,2025-04-29,3.10,3.10,10.1,22.7
2,2025-04-30,0.90,0.90,16.6,23.8
2,2025-05-01,0.00,0.00,22.5,24.7
2,2025-05-02,0.10,0.10,23.0,24.9
2,2025-05-03,0.90,0.90,22.1,25.0
2,2025-05-04,0.10,0.10,20.8,25.5
2,2025-05-05,0.00,0.00,24.6,25.1
2,2025-05-06,1.80,1.80,24.0,24.6
2,2025-05-07,0.80,0.80,24.0,24.6
2,2025-05-08,2.00,2.00,23.1,24.7
2,2025-05-09,0.00,0.00,22.2,25.5
2,2025-05-10,0.20,0.20,26.6,25.2
2,2025-05-11,1.30,1.30,25.5,25.0
2,2025-05-12,2.20,2.20,23.9,24.9
2,2025-05-13,1.60,1.60,24.4,25.3
2,2025-05-14,1.70,1.70,23.1,24.8
2,2025-05-15,1.70,1.70,23.3,24.7
2,2025-05-16,5.60,5.60,24.4,24.5
2,2025-05-17,1.00,1.00,18.0,25.2
2,2025-05-18,0.30,0.30,19.5,25.4
2,2025-05-19,3.60,3.60,19.7,24.9
2,2025-05-20,3.00,3.00,22.6,24.4
2,2025-05-21,2.30,2.30,22.6,24.6
2,2025-05-22,2.60,2.60,21.8,24.5
2,2025-05-23,1.20,1.20,20.9,24.7
2,2025-05-24,1.70,1.70,22.8,24.6
2,2025-05-25,0.10,0.10,21.9,25.0
2,2025-05-26,0.00,0.00,17.8,25.8
2,2025-05-27,0.00,0.00,18.6,25.7
2,2025-05-28,0.00,0.00,18.0,25.7
2,2025-05-29,0.00,0.00,18.7,25.1
2,2025-05-30,0.50,0.50,20.1,25.0
2,2025-05-31,0.30,0.30,20.8,25.5
2,2025-06-01,2.00,2.00,13.5,25.9
2,2025-06-02,1.80,1.80,20.6,25.8
2,2025-06-03,0.00,0.00,26.3,25.8
2,2025-06-04,0.00,0.00,24.2,26.1
2,2025-06-05,0.60,0.60,22.0,25.0
2,2025-06-06,0.00,0.00,17.6,25.7
2,2025-06-07,0.00,0.00,19.6,25.6
2,2025-06-08,0.00,0.00,17.7,25.9
2,2025-06-09,2.40,2.40,18.8,25.4
2,2025-06-10,0.20,0.20,20.5,26.2
2,2025-06-11,0.00,0.00,22.7,26.5
2,2025-06-12,0.10,0.10,20.4,26.0
2,2025-06-13,0.00,0.00,21.7,25.9
2,2025-06-14,0.60,0.60,24.4,25.4
2,2025-06-15,0.00,0.00,25.7,26.2
2,2025-06-16,1.40,1.40,25.3,25.6
2,2025-06-17,1.00,1.00,26.6,25.4
2,2025-06-18,1.00,1.00,24.4,25.6
2,2025-06-19,1.00,1.00,21.9,25.5
2,2025-06-20,0.70,0.70,18.3,26.1
2,2025-06-21,0.00,0.00,24.0,26.5
2,2025-06-22,0.00,0.00,28.9,26.2
2,2025-06-23,0.00,0.00,27.0,26.0
2,2025-06-24,1.20,1.20,22.1,25.8
2,2025-06-25,1.20,1.20,20.1,25.7
2,2025-06-26,0.60,0.60,19.7,26.2
2,2025-06-27,0.60,0.60,21.9,26.2
2,2025-06-28,0.00,0.00,22.6,26.5
2,2025-06-29,0.50,0.50,17.3,26.0
2,2025-06-30,2.10,2.10,15.9,26.1
2,2025-07-01,0.00,0.00,20.6,26.2
2,2025-07-02,2.20,2.20,17.9,25.6
2,2025-07-03,0.00,0.00,20.7,26.4
2,2025-07-04,0.50,0.50,25.3,25.3
2,2025-07-05,0.00,0.00,25.5,26.1
2,2025-07-06,0.00,0.00,25.6,26.3
2,2025-07-07,0.60,0.60,26.4,25.9
2,2025-07-08,0.10,0.10,29.2,25.7
2,2025-07-09,2.90,2.90,25.1,25.6
2,2025-07-10,2.10,2.10,25.2,25.3
2,2025-07-11,1.60,1.60,23.1,25.2
2,2025-07-12,2.50,2.50,21.6,25.4
2,2025-07-13,0.00,0.00,19.6,26.2
2,2025-07-14,0.60,0.60,20.6,26.2
2,2025-07-15,0.20,0.20,23.2,26.2
2,2025-07-16,0.00,0.00,26.7,26.1
2,2025-07-17,0.00,0.00,20.0,26.1
2,2025-07-18,4.20,4.20,18.6,25.8
2,2025-07-19,2.90,2.90,19.1,25.8
2,2025-07-20,0.30,0.30,21.1,26.7
2,2025-07-21,0.10,0.10,24.0,26.7
2,2025-07-22,2.10,2.10,23.0,26.6
2,2025-07-23,0.00,0.00,23.5,26.7
2,2025-07-24,0.00,0.00,21.5,26.5
2,2025-07-25,0.10,0.10,19.4,26.3
2,2025-07-26,0.10,0.10,17.3,25.9
2,2025-07-27,0.50,0.50,14.8,26.3
2,2025-07-28,1.60,1.60,15.3,26.5
2,2025-07-29,0.30,0.30,21.8,26.9
2,2025-07-30,0.00,0.00,27.5,27.0
2,2025-07-31,0.00,0.00,30.9,26.6
2,2025-08-01,0.20,0.20,27.8,26.3
2,2025-08-02,0.10,0.10,29.6,26.2
2,2025-08-03,0.10,0.10,27.5,26.1
2,2025-08-04,0.00,0.00,24.0,27.1
2,2025-08-05,0.00,0.00,20.8,26.4
2,2025-08-06,0.70,0.70,15.9,27.1
2,2025-08-07,0.60,0.60,21.1,26.9
2,2025-08-08,0.00,0.00,23.5,26.7
2,2025-08-09,0.10,0.10,19.8,26.6
2,2025-08-10,1.60,1.60,13.0,26.5
2,2025-08-11,1.00,1.00,13.4,27.0
2,2025-08-12,0.20,0.20,22.4,26.9
2,2025-08-13,0.00,0.00,21.7,26.6
2,2025-08-14,0.10,0.10,17.1,26.4
2,2025-08-15,0.00,0.00,19.8,26.9
2,2025-08-16,0.10,0.10,22.7,27.2
2,2025-08-17,0.70,0.70,26.5,26.8
2,2025-08-18,0.30,0.30,17.3,27.0
2,2025-08-19,0.00,0.00,20.5,27.1
2,2025-08-20,0.60,0.60,22.2,26.7
2,2025-08-21,0.20,0.20,22.7,26.8
2,2025-08-22,0.10,0.10,21.2,27.1
2,2025-08-23,0.00,0.00,20.4,27.0
2,2025-08-24,0.00,0.00,21.3,27.1
2,2025-08-25,0.00,0.00,19.2,26.9
2,2025-08-26,0.00,0.00,20.1,27.1
2,2025-08-27,0.10,0.10,20.3,27.2
2,2025-08-28,0.00,0.00,20.1,27.1
2,2025-08-29,0.00,0.00,18.9,26.9
2,2025-08-30,0.10,0.10,15.4,27.0
2,2025-08-31,0.60,0.60,12.8,27.1
2,2025-09-01,0.10,0.10,17.4,27.5
2,2025-09-02,0.10,0.10,17.3,26.6
2,2025-09-03,0.00,0.00,20.4,27.0
2,2025-09-04,0.00,0.00,18.2,26.9
2,2025-09-05,0.10,0.10,18.4,26.7
2,2025-09-06,0.00,0.00,15.2,26.9
2,2025-09-07,0.00,0.00,16.4,26.1
2,2025-09-08,0.20,0.20,15.5,26.8
2,2025-09-09,0.40,0.40,18.3,26.9
2,2025-09-10,1.40,1.40,14.3,26.9
2,2025-09-11,0.60,0.60,20.0,26.9
2,2025-09-12,0.70,0.70,21.7,26.6
2,2025-09-13,0.00,0.00,20.6,27.0
2,2025-09-14,0.10,0.10,20.5,27.0
2,2025-09-15,0.00,0.00,19.4,27.1
2,2025-09-16,0.80,0.80,26.1,26.4
2,2025-09-17,0.00,0.00,24.7,26.6
2,2025-09-18,0.50,0.50,26.3,26.7
2,2025-09-19,2.10,2.10,23.6,26.6
2,2025-09-20,3.10,3.10,23.4,26.0
2,2025-09-21,1.40,1.40,22.2,26.1
2,2025-09-22,3.20,3.20,19.4,26.1
2,2025-09-23,0.00,0.00,19.6,26.1
2,2025-09-24,0.80,0.80,16.7,26.0
2,2025-09-25,2.60,2.60,19.4,24.9
2,2025-09-26,2.50,2.50,15.5,26.2
2,2025-09-27,0.80,0.80,14.8,26.5
2,2025-09-28,0.00,0.00,22.2,26.6
2,2025-09-29,0.30,0.30,20.9,26.6
2,2025-09-30,0.10,0.10,21.0,26.5
2,2025-10-01,2.60,2.60,17.6,25.8
2,2025-10-02,0.40,0.40,17.4,26.5
2,2025-10-03,0.60,0.60,18.0,26.5
2,2025-10-04,0.40,0.40,17.3,26.3
2,2025-10-05,0.30,0.30,19.9,26.1
2,2025-10-06,10.50,10.50,8.2,24.2
2,2025-10-07,2.50,2.50,9.3,24.9
2,2025-10-08,0.50,0.50,13.2,25.8
2,2025-10-09,0.40,0.40,13.9,26.2
2,2025-10-10,0.80,0.80,10.3,26.3
2,2025-10-11,0.40,0.40,15.8,26.6
2,2025-10-12,0.00,0.00,16.9,26.8
2,2025-10-13,0.00,0.00,10.1,25.9
2,2025-10-14,0.60,0.60,17.0,26.4
2,2025-10-15,0.00,0.00,20.1,26.6
2,2025-10-16,3.70,3.70,19.6,26.4
2,2025-10-17,0.90,0.90,23.1,25.8
2,2025-10-18,1.80,1.80,24.7,26.2
2,2025-10-19,0.70,0.70,21.5,26.2
2,2025-10-20,2.40,2.40,21.0,25.8
2,2025-10-21,3.00,3.00,21.4,25.0
2,2025-10-22,0.00,0.00,24.9,26.0
2,2025-10-23,0.60,0.60,24.0,26.2
2,2025-10-24,0.60,0.60,28.8,25.5
2,2025-10-25,0.00,0.00,24.7,26.5
2,2025-10-26,0.70,0.70,23.0,26.2
2,2025-10-27,0.00,0.00,17.0,26.2
2,2025-10-28,0.00,0.00,19.6,26.3
2,2025-10-29,0.10,0.10,17.4,26.0
2,2025-10-30,0.60,0.60,22.9,25.9
2,2025-10-31,0.20,0.20,18.3,25.6
2,2025-11-01,0.00,0.00,19.1,25.7
2,2025-11-02,2.50,2.50,15.1,25.0
2,2025-11-03,1.30,1.30,17.5,26.2
2,2025-11-04,0.40,0.40,16.6,25.7
2,2025-11-05,0.00,0.00,21.2,26.1
2,2025-11-06,0.80,0.80,13.5,26.5
2,2025-11-07,0.00,0.00,16.7,25.1
2,2025-11-08,2.10,2.10,18.0,24.5
2,2025-11-09,2.20,2.20,26.2,24.1
2,2025-11-10,1.30,1.30,26.1,24.6
2,2025-11-11,1.10,1.10,26.7,24.4
2,2025-11-12,3.20,3.20,30.9,23.8
2,2025-11-13,1.00,1.00,27.6,25.2
2,2025-11-14,0.60,0.60,24.7,25.2
2,2025-11-15,0.00,0.00,18.2,24.6
2,2025-11-16,0.80,0.80,16.7,24.5
2,2025-11-17,1.00,1.00,18.2,24.7
2,2025-11-18,0.10,0.10,16.7,24.8
2,2025-11-19,1.10,1.10,23.8,24.8
2,2025-11-20,2.30,2.30,22.8,25.2
2,2025-11-21,1.20,1.20,22.9,25.2
2,2025-11-22,1.30,1.30,18.4,25.0
2,2025-11-23,0.80,0.80,19.1,24.9
2,2025-11-24,0.00,0.00,19.9,25.2
2,2025-11-25,0.00,0.00,13.6,25.2
2,2025-11-26,0.00,0.00,12.6,24.8
2,2025-11-27,0.00,0.00,9.1,24.4
2,2025-11-28,0.50,0.50,16.6,25.0
2,2025-11-29,0.10,0.10,13.4,23.6
2,2025-11-30,0.00,0.00,10.1,24.3
2,2025-12-01,0.00,0.00,13.3,23.6
2,2025-12-02,0.00,0.00,13.8,23.8
2,2025-12-03,0.10,0.10,13.7,23.2
2,2025-12-04,1.30,1.30,22.2,24.3
2,2025-12-05,2.10,2.10,22.7,24.8
2,2025-12-06,0.00,0.00,18.1,24.9
2,2025-12-07,2.20,2.20,18.0,23.9
2,2025-12-08,0.00,0.00,16.1,24.4
2,2025-12-09,0.40,0.40,15.3,24.3
2,2025-12-10,0.30,0.30,17.8,23.2
2,2025-12-11,1.20,1.20,9.9,23.3
2,2025-12-12,0.00,0.00,16.2,23.1
2,2025-12-13,3.20,3.20,24.5,24.5
2,2025-12-14,30.60,30.60,16.6,22.8
2,2025-12-15,6.60,6.60,18.5,24.1
2,2025-12-16,7.50,7.50,19.1,24.2
2,2025-12-17,9.00,9.00,22.7,24.3
2,2025-12-18,2.30,2.30,13.7,22.7
2,2025-12-19,5.90,5.90,12.8,22.9
2,2025-12-20,2.70,2.70,11.6,23.6
2,2025-12-21,0.10,0.10,17.8,24.2
2,2025-12-22,0.20,0.20,24.6,24.7
2,2025-12-23,0.50,0.50,25.2,23.7
2,2025-12-24,0.00,0.00,21.1,23.7
2,2025-12-25,0.00,0.00,20.4,23.5
2,2025-12-26,0.10,0.10,21.4,23.1
2,2025-12-27,2.80,2.80,11.7,23.0
2,2025-12-28,2.10,2.10,12.8,22.5
2,2025-12-29,0.10,0.10,18.0,23.7
2,2025-12-30,0.60,0.60,23.2,23.6
2,2025-12-31,0.50,0.50,17.9,23.3
2,2026-01-01,0.80,0.80,20.0,23.4
2,2026-01-02,1.30,1.30,22.9,22.7
2,2026-01-03,0.30,0.30,13.8,23.1
2,2026-01-04,19.20,19.20,17.8,20.9
2,2026-01-05,2.00,2.00,25.0,23.0
2,2026-01-06,0.50,0.50,25.9,24.0
2,2026-01-07,0.10,0.10,20.5,23.6
2,2026-01-08,0.00,0.00,14.7,22.8
2,2026-01-09,0.50,0.50,12.3,22.7
2,2026-01-10,2.40,2.40,12.0,23.2
2,2026-01-11,1.20,1.20,11.9,22.9
2,2026-01-12,1.50,1.50,15.8,23.4
2,2026-01-13,0.00,0.00,12.4,22.2
2,2026-01-14,5.30,5.30,26.7,23.3
2,2026-01-15,8.40,8.40,17.9,21.3
2,2026-01-16,0.00,0.00,21.0,20.5
2,2026-01-17,0.00,0.00,20.6,21.5
2,2026-01-18,0.20,0.20,16.6,22.6
2,2026-01-19,0.00,0.00,14.5,22.5
2,2026-01-20,0.00,0.00,15.3,21.9
2,2026-01-21,0.30,0.30,23.3,21.8
2,2026-01-22,0.00,0.00,13.1,22.1
2,2026-01-23,2.10,2.10,15.4,22.7
2,2026-01-24,0.30,0.30,12.3,22.7
2,2026-01-25,0.00,0.00,15.8,22.4
2,2026-01-26,1.10,1.10,11.0,23.0
2,2026-01-27,0.00,0.00,14.5,23.0
2,2026-01-28,0.00,0.00,15.3,23.3
2,2026-01-29,0.40,0.40,18.0,23.7
2,2026-01-30,6.30,6.30,10.0,22.1
2,2026-01-31,0.10,0.10,12.9,22.6
2,2026-02-01,4.70,4.70,20.8,22.1
2,2026-02-02,3.70,3.70,33.9,24.2
2,2026-02-03,0.20,0.20,14.8,22.5
2,2026-02-04,0.00,0.00,12.5,21.1
2,2026-02-05,3.00,3.00,17.6,22.0
2,2026-02-06,3.20,3.20,16.0,22.4
2,2026-02-07,21.80,21.80,19.4,19.8
2,2026-02-08,13.70,13.70,32.8,19.7
2,2026-02-09,4.10,4.10,31.2,21.8
2,2026-02-10,1.40,1.40,28.9,22.7
2,2026-02-11,0.40,0.40,27.2,23.3
2,2026-02-12,2.40,2.40,24.8,22.9
2,2026-02-13,0.10,0.10,27.8,23.2
2,2026-02-14,0.80,0.80,26.8,23.1
2,2026-02-15,2.10,2.10,28.2,22.7
2,2026-02-16,0.20,0.20,28.8,22.1
2,2026-02-17,0.10,0.10,28.6,22.4
2,2026-02-18,0.00,0.00,31.5,23.2
2,2026-02-19,0.60,0.60,30.1,23.0
2,2026-02-20,5.80,5.80,25.0,22.9
2,2026-02-21,12.90,12.90,15.1,20.3
2,2026-02-22,2.10,2.10,13.9,21.0
2,2026-02-23,0.80,0.80,23.7,20.7
2,2026-02-24,1.60,1.60,22.3,20.1
2,2026-02-25,0.00,0.00,18.7,20.7
2,2026-02-26,0.00,0.00,15.3,21.7
2,2026-02-27,0.50,0.50,12.6,21.8
2,2026-02-28,0.00,0.00,13.1,23.1
2,2026-03-01,1.10,1.10,13.7,23.6
2,2026-03-02,1.10,1.10,17.5,23.3
2,2026-03-03,0.50,0.50,22.5,23.7
2,2026-03-04,0.70,0.70,22.2,24.2
2,2026-03-05,0.90,0.90,15.1,24.2
2,2026-03-06,0.30,0.30,17.2,23.9
2,2026-03-07,1.40,1.40,24.7,24.2
2,2026-03-08,0.90,0.90,21.5,24.0
2,2026-03-09,0.20,0.20,14.0,24.3
2,2026-03-10,9.00,9.00,18.3,23.8
2,2026-03-11,49.90,49.90,20.3,22.1
2,2026-03-12,47.90,47.90,19.2,22.0
2,2026-03-13,105.70,105.70,36.6,22.0
2,2026-03-14,34.30,34.30,27.7,22.7
2,2026-03-15,2.90,2.90,24.7,23.7
2,2026-03-16,0.70,0.70,11.9,23.3
2,2026-03-17,8.80,8.80,5.7,22.0
2,2026-03-18,2.00,2.00,9.9,22.7
2,2026-03-19,19.10,19.10,15.5,22.5
2,2026-03-20,42.80,42.80,26.6,22.6
2,2026-03-21,19.50,19.50,20.2,23.2
2,2026-03-22,18.80,18.80,18.4,22.4
2,2026-03-23,1.20,1.20,21.8,22.2
2,2026-03-24,0.10,0.10,23.8,22.2
2,2026-03-25,0.00,0.00,22.5,22.1
2,2026-03-26,0.00,0.00,17.0,22.2
2,2026-03-27,1.60,1.60,19.5,21.1
2,2026-03-28,0.20,0.20,24.8,21.0
2,2026-03-29,0.00,0.00,20.8,21.2
2,2026-03-30,0.00,0.00,22.3,21.5
2,2026-03-31,0.50,0.50,23.6,21.8
2,2026-04-01,0.10,0.10,22.5,22.1
2,2026-04-02,0.30,0.30,19.1,21.9
2,2026-04-03,0.00,0.00,17.9,22.5
2,2026-04-04,0.00,0.00,17.3,22.6
2,2026-04-05,0.60,0.60,18.3,22.4
2,2026-04-06,0.50,0.50,17.3,23.0
2,2026-04-07,15.70,15.70,12.7,22.0
2,2026-04-08,8.40,8.40,17.6,22.1
2,2026-04-09,9.70,9.70,19.7,23.2
2,2026-04-10,54.10,54.10,29.6,22.5
2,2026-04-11,0.70,0.70,14.0,23.9
2,2026-04-12,19.10,19.10,7.6,22.5
2,2026-04-13,3.40,3.40,12.4,22.7
2,2026-04-14,5.70,5.70,8.6,24.0
2,2026-04-15,3.20,3.20,11.9,24.0
2,2026-04-16,0.00,0.00,10.9,24.7
2,2026-04-17,0.50,0.50,20.3,24.4
2,2026-04-18,1.40,1.40,19.3,24.2
2,2026-04-19,0.00,0.00,15.1,24.8
2,2026-04-20,1.50,1.50,14.6,24.9
2,2026-04-21,4.30,4.30,11.6,24.1
2,2026-04-22,0.70,0.70,8.9,24.5
2,2026-04-23,0.40,0.40,16.0,24.5
2,2026-04-24,0.10,0.10,19.2,24.1
2,2026-04-25,0.00,0.00,16.6,24.3
2,2026-04-26,0.10,0.10,19.8,24.6
2,2026-04-27,2.80,2.80,18.6,24.2
2,2026-04-28,0.80,0.80,18.5,24.6
2,2026-04-29,0.20,0.20,20.9,24.4
2,2026-04-30,1.00,1.00,24.1,24.0
2,2026-05-01,1.70,1.70,25.9,23.7
2,2026-05-02,0.00,0.00,20.0,24.5
2,2026-05-03,0.30,0.30,19.3,23.8
2,2026-05-04,0.00,0.00,17.6,24.8
2,2026-05-05,3.80,3.80,13.3,24.4
2,2026-05-06,3.50,3.50,14.3,23.8
2,2026-05-07,0.80,0.80,13.9,24.5
2,2026-05-08,0.30,0.30,14.9,24.7
2,2026-05-09,2.40,2.40,16.6,24.1
2,2026-05-10,0.00,0.00,22.2,25.3
2,2026-05-11,0.70,0.70,23.0,24.7
2,2026-05-12,0.80,0.80,23.7,25.2
2,2026-05-13,2.40,2.40,23.4,25.2
2,2026-05-14,3.50,3.50,18.1,24.6
2,2026-05-15,11.10,11.10,18.3,23.7
2,2026-05-16,2.80,2.80,15.9,24.9
2,2026-05-17,6.20,6.20,16.7,24.8
2,2026-05-18,1.10,1.10,21.2,25.1
2,2026-05-19,0.90,0.90,20.1,25.5
2,2026-05-20,3.10,3.10,25.5,25.0
2,2026-05-21,1.90,1.90,27.1,24.7
2,2026-05-22,1.10,1.10,26.7,24.6
2,2026-05-23,2.30,2.30,26.4,23.9
2,2026-05-24,0.90,0.90,25.5,24.4
2,2026-05-25,0.40,0.40,22.3,24.8
2,2026-05-26,2.90,2.90,24.7,24.4
2,2026-05-27,1.30,1.30,22.1,24.4
2,2026-05-28,1.80,1.80,20.0,24.6
2,2026-05-29,1.00,1.00,19.9,24.4
2,2026-05-30,1.00,1.00,17.3,24.9
2,2026-05-31,5.10,5.10,15.0,24.9
2,2026-06-01,1.70,1.70,19.5,25.2
2,2026-06-02,3.20,3.20,23.2,25.6
2,2026-06-03,0.50,0.50,22.3,26.2
2,2026-06-04,5.70,5.70,22.4,25.1
2,2026-06-05,1.10,1.10,22.8,25.4
2,2026-06-06,0.40,0.40,23.2,25.3
2,2026-06-07,1.70,1.70,24.4,25.2
2,2026-06-08,2.40,2.40,21.8,25.1
2,2026-06-09,2.30,2.30,20.3,25.7
2,2026-06-10,4.80,4.80,18.5,25.3
2,2026-06-11,1.70,1.70,14.8,25.8
2,2026-06-12,0.30,0.30,11.2,25.3
2,2026-06-13,0.00,0.00,16.3,25.3
2,2026-06-14,4.20,4.20,16.0,25.1
2,2026-06-15,0.70,0.70,17.5,25.2
2,2026-06-16,0.20,0.20,18.4,25.9
2,2026-06-17,1.60,1.60,16.2,26.7
2,2026-06-18,1.40,1.40,13.6,27.0
2,2026-06-19,1.40,1.40,16.4,27.3
2,2026-06-20,0.40,0.40,17.3,27.4
2,2026-06-21,0.00,0.00,15.4,27.5
2,2026-06-22,0.60,0.60,18.4,26.8
2,2026-06-23,7.00,7.00,19.1,26.2
2,2026-06-24,1.70,1.70,23.5,26.3
2,2026-06-25,1.30,1.30,22.8,26.4
2,2026-06-26,0.50,0.50,21.4,26.8
2,2026-06-27,0.90,0.90,24.1,26.3
2,2026-06-28,0.50,0.50,19.1,26.5
2,2026-06-29,1.60,1.60,21.7,26.4
2,2026-06-30,0.00,0.00,18.9,27.2
2,2026-07-01,1.10,1.10,22.8,26.9
2,2026-07-02,0.60,0.60,18.2,26.5
2,2026-07-03,1.00,1.00,19.7,26.4
2,2026-07-04,0.20,0.20,19.5,26.4
2,2026-07-05,0.90,0.90,24.4,26.5
2,2026-07-06,2.00,2.00,24.0,26.0
2,2026-07-07,0.90,0.90,25.4,25.8
2,2026-07-08,1.00,1.00,24.9,26.3
2,2026-07-09,2.00,2.00,22.9,26.5
2,2026-07-10,0.30,0.30,25.1,26.7
2,2026-07-11,0.40,0.40,25.1,26.8
2,2026-07-12,2.40,2.40,25.3,26.3
2,2026-07-13,0.00,0.00,18.2,26.4
2,2026-07-14,1.40,1.40,15.7,25.2
2,2026-07-15,2.10,2.10,12.3,26.2
2,2026-07-16,0.30,0.30,18.9,26.8
2,2026-07-17,1.20,1.20,22.5,27.3
2,2026-07-18,0.30,0.30,23.5,27.3
2,2026-07-19,0.20,0.20,20.3,26.9
2,2026-07-20,3.00,3.00,18.4,26.2
2,2026-07-21,4.40,4.40,18.3,26.5
2,2026-07-22,1.80,1.80,23.2,26.5
2,2026-07-23,2.30,2.30,25.4,26.2
2,2026-07-24,1.30,1.30,26.0,26.3
2,2026-07-25,1.80,1.80,23.3,26.2
2,2026-07-26,1.00,1.00,22.4,25.9
2,2026-07-27,2.40,2.40,17.9,26.2
2,2026-07-28,2.30,2.30,20.8,26.5
2,2026-07-29,0.00,0.00,13.1,27.2
2,2026-07-30,0.40,0.40,19.5,27.5
2,2026-07-31,0.70,0.70,27.3,27.3
2,2026-08-01,1.80,1.80,29.0,26.7
2,2026-08-02,1.60,1.60,23.7,26.2
2,2026-08-03,1.60,1.60,16.3,26.0
2,2026-08-04,3.70,3.70,16.3,26.6
2,2026-08-05,0.00,0.00,17.1,27.0
2,2026-08-06,0.50,0.50,17.5,27.3
2,2026-08-07,0.10,0.10,18.5,27.5
2,2026-08-08,0.00,0.00,21.0,27.4
2,2026-08-09,0.60,0.60,18.7,27.4
2,2026-08-10,0.60,0.60,19.0,27.5
2,2026-08-11,0.10,0.10,17.9,27.4
2,2026-08-12,0.70,0.70,20.7,27.0
2,2026-08-13,0.70,0.70,23.7,27.1
2,2026-08-14,1.30,1.30,25.6,27.0
2,2026-08-15,6.00,6.00,36.1,26.3
2,2026-08-16,63.50,63.50,42.3,25.2
2,2026-08-17,1.80,1.80,19.2,26.6
2,2026-08-18,0.00,0.00,16.0,26.2
2,2026-08-19,0.00,0.00,15.3,26.2
2,2026-08-20,0.00,0.00,14.2,26.3
2,2026-08-21,6.30,6.30,18.6,26.9
2,2026-08-22,0.00,0.00,26.0,27.5
2,2026-08-23,1.20,1.20,23.3,27.3
2,2026-08-24,0.90,0.90,25.0,27.6
2,2026-08-25,0.00,0.00,22.3,27.6
2,2026-08-26,0.20,0.20,22.6,26.9
2,2026-08-27,0.50,0.50,22.0,26.9
2,2026-08-28,0.40,0.40,21.2,26.7
2,2026-08-29,1.40,1.40,25.2,26.8
2,2026-08-30,1.40,1.40,22.4,26.6
2,2026-08-31,1.00,1.00,23.6,26.8
2,2026-09-01,1.40,1.40,22.3,26.8
2,2026-09-02,2.60,2.60,24.1,26.7
2,2026-09-03,2.40,2.40,25.9,26.2
2,2026-09-04,0.50,0.50,23.6,26.3
2,2026-09-05,1.90,1.90,20.1,26.3
2,2026-09-06,6.40,6.40,20.0,26.3
2,2026-09-07,30.80,30.80,33.1,25.8
2,2026-09-08,5.80,5.80,33.2,26.8
2,2026-09-09,2.60,2.60,11.2,26.2
2,2026-09-10,1.10,1.10,19.9,26.6
2,2026-09-11,0.00,0.00,17.4,26.3
2,2026-09-12,0.00,0.00,15.4,25.8
2,2026-09-13,0.00,0.00,14.8,25.9
2,2026-09-14,0.00,0.00,15.9,26.1
3,2018-01-01,0.00,0.00,19.7,22.5
3,2018-01-02,0.00,0.00,20.8,22.1
3,2018-01-03,0.00,0.00,24.3,22.1
3,2018-01-04,0.00,0.00,25.2,22.5
3,2018-01-05,0.00,0.00,28.0,22.3
3,2018-01-06,0.00,0.00,27.4,23.0
3,2018-01-07,0.00,0.00,27.5,22.9
3,2018-01-08,0.00,0.00,25.6,23.1
3,2018-01-09,0.00,0.00,11.7,23.2
3,2018-01-10,0.00,0.00,17.9,22.4
3,2018-01-11,0.00,0.00,19.6,22.9
3,2018-01-12,0.00,0.00,17.1,22.2
3,2018-01-13,0.00,0.00,15.5,22.1
3,2018-01-14,0.00,0.00,11.5,22.7
3,2018-01-15,0.00,0.00,21.5,22.7
3,2018-01-16,0.00,0.00,24.6,23.1
3,2018-01-17,0.00,0.00,36.7,23.1
3,2018-01-18,0.00,0.00,41.8,23.6
3,2018-01-19,0.00,0.00,39.1,23.8
3,2018-01-20,2.30,2.30,24.0,23.2
3,2018-01-21,0.50,0.50,24.2,23.2
3,2018-01-22,0.00,0.00,29.1,23.2
3,2018-01-23,0.20,0.20,30.3,23.4
3,2018-01-24,0.00,0.00,30.7,23.4
3,2018-01-25,0.00,0.00,20.5,23.7
3,2018-01-26,0.00,0.00,16.7,22.9
3,2018-01-27,1.00,1.00,10.1,22.8
3,2018-01-28,0.00,0.00,19.8,23.1
3,2018-01-29,0.00,0.00,19.6,22.8
3,2018-01-30,0.80,0.80,24.0,22.7
3,2018-01-31,10.80,10.80,20.3,22.9
3,2018-02-01,14.40,14.40,23.9,23.7
3,2018-02-02,9.40,9.40,16.3,23.6
3,2018-02-03,2.10,2.10,19.8,23.6
3,2018-02-04,9.10,9.10,22.1,23.1
3,2018-02-05,4.00,4.00,17.8,21.7
3,2018-02-06,1.90,1.90,12.3,21.0
3,2018-02-07,1.20,1.20,10.0,21.3
3,2018-02-08,0.00,0.00,27.5,20.4
3,2018-02-09,0.00,0.00,25.7,20.3
3,2018-02-10,0.00,0.00,18.1,20.2
3,2018-02-11,0.10,0.10,13.2,21.1
3,2018-02-12,0.10,0.10,13.4,21.4
3,2018-02-13,2.70,2.70,21.6,22.7
3,2018-02-14,21.10,21.10,24.3,21.5
3,2018-02-15,11.30,11.30,18.0,21.7
3,2018-02-16,0.40,0.40,15.6,21.8
3,2018-02-17,0.10,0.10,12.5,21.8
3,2018-02-18,13.60,13.60,19.5,21.0
3,2018-02-19,0.40,0.40,15.6,21.3
3,2018-02-20,0.00,0.00,13.1,21.3
3,2018-02-21,0.00,0.00,17.2,22.6
3,2018-02-22,1.70,1.70,23.7,23.0
3,2018-02-23,0.30,0.30,18.1,23.9
3,2018-02-24,0.10,0.10,19.3,23.6
3,2018-02-25,8.00,8.00,20.5,23.3
3,2018-02-26,0.60,0.60,29.4,23.1
3,2018-02-27,0.40,0.40,33.5,22.9
3,2018-02-28,0.30,0.30,38.1,22.9
3,2018-03-01,3.50,3.50,28.6,22.9
3,2018-03-02,0.50,0.50,26.4,22.9
3,2018-03-03,0.00,0.00,27.2,22.8
3,2018-03-04,0.20,0.20,27.3,22.8
3,2018-03-05,0.00,0.00,30.4,22.2
3,2018-03-06,0.20,0.20,29.7,21.4
3,2018-03-07,0.00,0.00,22.9,20.7
3,2018-03-08,0.00,0.00,28.1,20.2
3,2018-03-09,0.00,0.00,29.7,20.3
3,2018-03-10,0.00,0.00,25.0,20.8
3,2018-03-11,0.00,0.00,25.0,20.7
3,2018-03-12,0.00,0.00,29.8,21.0
3,2018-03-13,1.20,1.20,30.5,22.0
3,2018-03-14,0.60,0.60,27.9,23.2
3,2018-03-15,0.00,0.00,13.0,23.9
3,2018-03-16,0.00,0.00,15.5,24.2
3,2018-03-17,0.00,0.00,19.5,24.2
3,2018-03-18,0.00,0.00,27.9,23.0
3,2018-03-19,0.20,0.20,26.6,22.2
3,2018-03-20,0.20,0.20,24.1,22.6
3,2018-03-21,0.70,0.70,29.9,22.6
3,2018-03-22,10.60,10.60,24.6,22.4
3,2018-03-23,2.80,2.80,16.1,22.4
3,2018-03-24,31.80,31.80,11.0,21.8
3,2018-03-25,0.80,0.80,14.4,21.9
3,2018-03-26,2.60,2.60,19.5,21.9
3,2018-03-27,0.10,0.10,17.1,22.0
3,2018-03-28,0.00,0.00,13.0,21.8
3,2018-03-29,0.40,0.40,14.9,22.7
3,2018-03-30,0.00,0.00,11.6,23.5
3,2018-03-31,4.00,4.00,15.1,23.3
3,2018-04-01,0.00,0.00,12.1,23.7
3,2018-04-02,26.10,26.10,24.8,23.4
3,2018-04-03,1.90,1.90,18.6,24.0
3,2018-04-04,6.50,6.50,29.5,24.8
3,2018-04-05,6.20,6.20,22.6,24.7
3,2018-04-06,0.00,0.00,25.0,23.7
3,2018-04-07,2.80,2.80,20.8,23.5
3,2018-04-08,1.30,1.30,20.0,23.3
3,2018-04-09,0.00,0.00,28.3,22.5
3,2018-04-10,0.00,0.00,29.2,23.3
3,2018-04-11,0.00,0.00,31.6,23.4
3,2018-04-12,0.70,0.70,24.0,23.6
3,2018-04-13,0.50,0.50,21.5,23.6
3,2018-04-14,0.60,0.60,32.4,23.1
3,2018-04-15,0.20,0.20,30.5,23.8
3,2018-04-16,0.00,0.00,30.8,24.0
3,2018-04-17,0.00,0.00,30.6,23.5
3,2018-04-18,0.50,0.50,28.8,23.7
3,2018-04-19,0.40,0.40,29.3,23.4
3,2018-04-20,0.30,0.30,27.0,23.6
3,2018-04-21,0.10,0.10,25.9,23.7
3,2018-04-22,0.00,0.00,29.0,24.0
3,2018-04-23,0.00,0.00,33.1,23.6
3,2018-04-24,0.60,0.60,31.6,23.4
3,2018-04-25,0.00,0.00,28.8,23.6
3,2018-04-26,1.60,1.60,21.5,23.3
3,2018-04-27,4.50,4.50,20.8,22.8
3,2018-04-28,0.10,0.10,18.2,21.7
3,2018-04-29,0.00,0.00,19.4,21.7
3,2018-04-30,0.50,0.50,16.7,22.2
3,2018-05-01,0.40,0.40,14.6,22.6
3,2018-05-02,13.20,13.20,14.6,23.2
3,2018-05-03,1.60,1.60,21.6,24.0
3,2018-05-04,0.00,0.00,20.9,24.1
3,2018-05-05,0.40,0.40,18.7,23.9
3,2018-05-06,0.00,0.00,26.5,23.3
3,2018-05-07,0.00,0.00,29.6,23.1
3,2018-05-08,0.80,0.80,28.4,23.1
3,2018-05-09,0.10,0.10,24.0,23.6
3,2018-05-10,0.00,0.00,15.8,24.8
3,2018-05-11,0.40,0.40,15.0,24.4
3,2018-05-12,0.00,0.00,25.9,24.8
3,2018-05-13,0.20,0.20,30.3,24.4
3,2018-05-14,0.50,0.50,28.2,23.2
3,2018-05-15,0.80,0.80,21.3,23.6
3,2018-05-16,0.00,0.00,18.0,24.6
3,2018-05-17,0.30,0.30,25.0,25.5
3,2018-05-18,0.10,0.10,30.3,25.5
3,2018-05-19,0.10,0.10,33.4,25.2
3,2018-05-20,0.00,0.00,30.6,25.2
3,2018-05-21,0.00,0.00,31.7,25.1
3,2018-05-22,0.00,0.00,28.9,24.7
3,2018-05-23,0.30,0.30,28.2,24.6
3,2018-05-24,0.20,0.20,31.7,24.9
3,2018-05-25,0.00,0.00,29.0,25.0
3,2018-05-26,0.00,0.00,26.6,24.9
3,2018-05-27,0.10,0.10,23.2,24.6
3,2018-05-28,2.60,2.60,23.7,25.1
3,2018-05-29,0.20,0.20,29.7,25.1
3,2018-05-30,0.00,0.00,31.0,25.1
3,2018-05-31,0.00,0.00,27.5,24.9
3,2018-06-01,0.10,0.10,23.3,24.8
3,2018-06-02,0.10,0.10,25.5,25.0
3,2018-06-03,0.00,0.00,30.0,25.7
3,2018-06-04,0.10,0.10,32.4,25.2
3,2018-06-05,0.70,0.70,28.3,24.8
3,2018-06-06,0.50,0.50,25.6,24.4
3,2018-06-07,3.50,3.50,24.2,24.5
3,2018-06-08,0.70,0.70,22.1,25.4
3,2018-06-09,0.50,0.50,28.6,25.6
3,2018-06-10,0.10,0.10,27.9,25.4
3,2018-06-11,0.00,0.00,25.1,25.5
3,2018-06-12,0.00,0.00,26.8,25.5
3,2018-06-13,1.40,1.40,23.7,25.5
3,2018-06-14,0.10,0.10,20.5,25.6
3,2018-06-15,0.00,0.00,19.3,25.6
3,2018-06-16,0.30,0.30,16.9,25.6
3,2018-06-17,0.10,0.10,19.5,25.7
3,2018-06-18,0.00,0.00,15.8,25.8
3,2018-06-19,0.00,0.00,12.2,26.3
3,2018-06-20,1.40,1.40,19.1,26.5
3,2018-06-21,0.20,0.20,23.4,26.4
3,2018-06-22,1.60,1.60,26.4,25.8
3,2018-06-23,0.10,0.10,30.3,25.6
3,2018-06-24,2.20,2.20,28.4,25.0
3,2018-06-25,0.40,0.40,26.4,25.4
3,2018-06-26,1.80,1.80,32.4,25.5
3,2018-06-27,0.70,0.70,31.0,25.9
3,2018-06-28,1.70,1.70,29.8,25.3
3,2018-06-29,0.10,0.10,26.8,25.7
3,2018-06-30,0.30,0.30,21.8,25.8
3,2018-07-01,0.20,0.20,23.0,25.5
3,2018-07-02,0.30,0.30,24.1,26.2
3,2018-07-03,1.30,1.30,27.5,25.5
3,2018-07-04,0.00,0.00,23.1,26.0
3,2018-07-05,0.40,0.40,25.9,26.3
3,2018-07-06,0.90,0.90,33.2,26.0
3,2018-07-07,3.30,3.30,29.3,25.3
3,2018-07-08,1.30,1.30,26.0,24.8
3,2018-07-09,1.50,1.50,20.1,25.3
3,2018-07-10,0.00,0.00,23.4,26.1
3,2018-07-11,0.00,0.00,30.3,25.9
3,2018-07-12,0.80,0.80,24.8,25.5
3,2018-07-13,0.50,0.50,28.2,25.9
3,2018-07-14,2.10,2.10,25.4,25.8
3,2018-07-15,1.60,1.60,25.4,26.4
3,2018-07-16,0.00,0.00,29.6,26.7
3,2018-07-17,0.90,0.90,32.3,26.5
3,2018-07-18,0.20,0.20,28.1,26.5
3,2018-07-19,0.30,0.30,27.9,26.5
3,2018-07-20,0.10,0.10,23.7,26.3
3,2018-07-21,0.10,0.10,26.9,26.1
3,2018-07-22,0.60,0.60,25.9,26.2
3,2018-07-23,0.20,0.20,24.8,27.1
3,2018-07-24,0.20,0.20,28.1,26.5
3,2018-07-25,0.40,0.40,25.8,26.3
3,2018-07-26,0.80,0.80,27.7,26.6
3,2018-07-27,0.00,0.00,28.9,27.1
3,2018-07-28,0.50,0.50,27.2,26.6
3,2018-07-29,0.60,0.60,26.8,26.5
3,2018-07-30,2.00,2.00,23.5,26.6
3,2018-07-31,0.00,0.00,30.5,27.0
3,2018-08-01,0.10,0.10,33.7,26.8
3,2018-08-02,0.20,0.20,35.9,26.5
3,2018-08-03,1.80,1.80,33.2,25.6
3,2018-08-04,0.50,0.50,34.0,26.3
3,2018-08-05,0.00,0.00,29.5,26.3
3,2018-08-06,0.00,0.00,28.8,26.4
3,2018-08-07,0.00,0.00,28.4,26.0
3,2018-08-08,0.40,0.40,32.1,26.1
3,2018-08-09,6.20,6.20,25.1,26.4
3,2018-08-10,13.70,13.70,24.6,26.1
3,2018-08-11,0.70,0.70,24.7,26.0
3,2018-08-12,1.50,1.50,25.1,26.3
3,2018-08-13,0.00,0.00,21.7,26.2
3,2018-08-14,0.00,0.00,21.3,26.0
3,2018-08-15,0.00,0.00,19.4,26.4
3,2018-08-16,0.30,0.30,22.2,26.8
3,2018-08-17,1.10,1.10,23.1,27.1
3,2018-08-18,6.70,6.70,24.8,26.9
3,2018-08-19,1.70,1.70,22.3,27.3
3,2018-08-20,0.20,0.20,26.4,27.0
3,2018-08-21,0.10,0.10,31.9,26.5
3,2018-08-22,0.00,0.00,29.6,26.9
3,2018-08-23,12.70,12.70,33.8,25.8
3,2018-08-24,11.50,11.50,33.8,25.8
3,2018-08-25,4.20,4.20,29.6,25.5
3,2018-08-26,4.30,4.30,26.7,25.6
3,2018-08-27,3.20,3.20,23.0,25.9
3,2018-08-28,1.80,1.80,25.0,26.0
3,2018-08-29,0.00,0.00,30.4,26.2
3,2018-08-30,0.00,0.00,28.4,25.4
3,2018-08-31,1.20,1.20,22.1,25.1
3,2018-09-01,0.30,0.30,23.0,25.3
3,2018-09-02,6.80,6.80,11.9,25.1
3,2018-09-03,0.30,0.30,21.6,26.3
3,2018-09-04,0.40,0.40,26.6,26.7
3,2018-09-05,0.10,0.10,26.5,26.2
3,2018-09-06,0.00,0.00,27.6,26.2
3,2018-09-07,0.10,0.10,22.2,26.5
3,2018-09-08,0.00,0.00,12.4,26.7
3,2018-09-09,0.00,0.00,20.9,26.7
3,2018-09-10,0.20,0.20,20.2,26.5
3,2018-09-11,0.40,0.40,24.5,26.8
3,2018-09-12,18.80,18.80,44.1,25.6
3,2018-09-13,10.00,10.00,27.4,25.6
3,2018-09-14,0.30,0.30,29.3,26.0
3,2018-09-15,2.30,2.30,29.5,25.5
3,2018-09-16,0.10,0.10,28.9,25.1
3,2018-09-17,0.20,0.20,25.0,25.2
3,2018-09-18,0.00,0.00,21.7,25.5
3,2018-09-19,0.10,0.10,10.6,25.7
3,2018-09-20,0.50,0.50,17.7,27.2
3,2018-09-21,1.60,1.60,20.5,27.0
3,2018-09-22,0.20,0.20,24.0,26.6
3,2018-09-23,0.00,0.00,16.2,26.5
3,2018-09-24,0.30,0.30,18.8,26.9
3,2018-09-25,1.30,1.30,14.6,27.5
3,2018-09-26,4.80,4.80,15.3,26.6
3,2018-09-27,5.80,5.80,14.3,26.2
3,2018-09-28,1.80,1.80,20.8,26.8
3,2018-09-29,0.70,0.70,21.3,26.8
3,2018-09-30,0.10,0.10,21.0,26.6
3,2018-10-01,0.60,0.60,13.8,26.5
3,2018-10-02,0.40,0.40,15.6,26.6
3,2018-10-03,0.30,0.30,20.9,26.5
3,2018-10-04,0.40,0.40,13.6,26.7
3,2018-10-05,0.00,0.00,19.5,26.9
3,2018-10-06,3.20,3.20,17.5,26.2
3,2018-10-07,0.90,0.90,21.1,26.6
3,2018-10-08,0.10,0.10,20.4,26.9
3,2018-10-09,0.60,0.60,22.1,26.1
3,2018-10-10,0.70,0.70,17.1,25.3
3,2018-10-11,1.70,1.70,13.7,25.2
3,2018-10-12,1.30,1.30,11.0,25.3
3,2018-10-13,2.60,2.60,13.7,25.4
3,2018-10-14,1.20,1.20,17.6,24.9
3,2018-10-15,0.70,0.70,21.3,24.9
3,2018-10-16,0.00,0.00,23.2,25.2
3,2018-10-17,0.20,0.20,21.7,25.5
3,2018-10-18,0.00,0.00,20.2,25.7
3,2018-10-19,2.50,2.50,14.5,25.6
3,2018-10-20,0.20,0.20,21.7,25.4
3,2018-10-21,0.10,0.10,20.5,25.8
3,2018-10-22,0.50,0.50,24.8,25.8
3,2018-10-23,0.70,0.70,24.0,25.9
3,2018-10-24,0.90,0.90,23.8,25.9
3,2018-10-25,0.00,0.00,24.6,25.9
3,2018-10-26,0.70,0.70,24.3,25.7
3,2018-10-27,0.20,0.20,25.6,26.1
3,2018-10-28,0.40,0.40,24.6,26.2
3,2018-10-29,1.50,1.50,14.5,25.9
3,2018-10-30,44.00,44.00,28.2,24.8
3,2018-10-31,15.20,15.20,12.0,25.4
3,2018-11-01,1.10,1.10,20.7,25.6
3,2018-11-02,0.90,0.90,19.3,25.3
3,2018-11-03,0.20,0.20,25.6,25.0
3,2018-11-04,0.50,0.50,24.8,25.0
3,2018-11-05,0.30,0.30,23.7,25.3
3,2018-11-06,0.30,0.30,21.9,25.0
3,2018-11-07,0.30,0.30,13.4,25.0
3,2018-11-08,0.00,0.00,11.6,25.3
3,2018-11-09,0.50,0.50,16.8,24.7
3,2018-11-10,0.40,0.40,32.4,23.7
3,2018-11-11,0.00,0.00,25.5,23.7
3,2018-11-12,0.10,0.10,21.7,24.0
3,2018-11-13,0.00,0.00,22.0,24.6
3,2018-11-14,0.00,0.00,11.0,24.6
3,2018-11-15,0.90,0.90,15.3,24.9
3,2018-11-16,0.60,0.60,26.3,24.8
3,2018-11-17,2.10,2.10,29.2,23.9
3,2018-11-18,0.20,0.20,28.8,24.5
3,2018-11-19,0.00,0.00,29.0,24.1
3,2018-11-20,1.70,1.70,29.7,23.8
3,2018-11-21,0.70,0.70,29.1,24.4
3,2018-11-22,1.10,1.10,19.0,24.4
3,2018-11-23,0.10,0.10,20.8,24.8
3,2018-11-24,0.10,0.10,20.5,24.8
3,2018-11-25,0.00,0.00,11.3,24.5
3,2018-11-26,0.00,0.00,19.4,24.6
3,2018-11-27,0.50,0.50,23.3,24.3
3,2018-11-28,0.20,0.20,29.0,24.7
3,2018-11-29,0.10,0.10,12.8,23.9
3,2018-11-30,5.50,5.50,19.4,24.4
3,2018-12-01,0.80,0.80,16.6,23.7
3,2018-12-02,0.00,0.00,21.1,23.5
3,2018-12-03,0.20,0.20,27.7,23.9
3,2018-12-04,0.00,0.00,26.7,24.6
3,2018-12-05,0.00,0.00,27.0,24.4
3,2018-12-06,0.00,0.00,24.2,24.3
3,2018-12-07,0.80,0.80,24.8,23.6
3,2018-12-08,2.60,2.60,32.7,22.8
3,2018-12-09,0.40,0.40,32.4,23.6
3,2018-12-10,1.70,1.70,33.4,23.5
3,2018-12-11,0.90,0.90,31.9,23.8
3,2018-12-12,0.70,0.70,29.5,23.8
3,2018-12-13,0.00,0.00,35.2,23.7
3,2018-12-14,0.00,0.00,30.5,23.7
3,2018-12-15,0.00,0.00,31.0,23.7
3,2018-12-16,0.00,0.00,26.4,23.3
3,2018-12-17,0.00,0.00,21.3,23.2
3,2018-12-18,0.80,0.80,23.0,22.1
3,2018-12-19,0.30,0.30,33.4,22.2
3,2018-12-20,0.00,0.00,22.3,22.8
3,2018-12-21,0.40,0.40,22.8,23.1
3,2018-12-22,0.00,0.00,22.4,23.9
3,2018-12-23,0.10,0.10,30.7,24.1
3,2018-12-24,1.00,1.00,25.5,23.7
3,2018-12-25,1.60,1.60,24.3,23.8
3,2018-12-26,0.00,0.00,14.2,23.6
3,2018-12-27,0.00,0.00,12.3,24.0
3,2018-12-28,15.50,15.50,21.1,22.9
3,2018-12-29,1.70,1.70,27.2,24.0
3,2018-12-30,0.20,0.20,29.5,24.3
3,2018-12-31,0.80,0.80,28.4,24.0
3,2019-01-01,0.10,0.10,29.5,23.8
3,2019-01-02,0.00,0.00,26.9,23.9
3,2019-01-03,0.30,0.30,28.1,23.3
3,2019-01-04,0.00,0.00,31.4,23.6
3,2019-01-05,0.00,0.00,26.6,23.3
3,2019-01-06,0.20,0.20,10.9,22.9
3,2019-01-07,0.00,0.00,18.9,22.3
3,2019-01-08,0.10,0.10,15.8,23.0
3,2019-01-09,0.00,0.00,15.3,22.7
3,2019-01-10,0.80,0.80,18.7,23.0
3,2019-01-11,0.30,0.30,17.3,22.8
3,2019-01-12,0.70,0.70,11.3,22.8
3,2019-01-13,0.20,0.20,11.9,23.4
3,2019-01-14,1.70,1.70,13.0,22.3
3,2019-01-15,0.00,0.00,11.7,22.1
3,2019-01-16,3.10,3.10,16.8,22.7
3,2019-01-17,2.90,2.90,26.8,23.5
3,2019-01-18,1.00,1.00,21.4,22.2
3,2019-01-19,0.00,0.00,25.0,23.2
3,2019-01-20,0.00,0.00,19.9,23.7
3,2019-01-21,0.10,0.10,14.7,23.4
3,2019-01-22,0.10,0.10,12.0,23.4
3,2019-01-23,0.00,0.00,14.3,23.6
3,2019-01-24,0.20,0.20,14.5,23.7
3,2019-01-25,2.50,2.50,28.0,22.3
3,2019-01-26,0.10,0.10,30.6,21.2
3,2019-01-27,0.00,0.00,26.7,20.9
3,2019-01-28,0.00,0.00,34.5,21.1
3,2019-01-29,1.80,1.80,27.7,21.7
3,2019-01-30,6.90,6.90,28.6,21.8
3,2019-01-31,3.50,3.50,35.2,21.8
3,2019-02-01,2.70,2.70,27.6,22.3
3,2019-02-02,3.50,3.50,24.4,22.3
3,2019-02-03,0.50,0.50,21.5,21.9
3,2019-02-04,0.10,0.10,24.4,21.7
3,2019-02-05,0.00,0.00,16.4,21.9
3,2019-02-06,2.60,2.60,14.8,21.8
3,2019-02-07,4.00,4.00,17.9,22.2
3,2019-02-08,0.00,0.00,22.4,21.6
3,2019-02-09,0.30,0.30,26.9,19.2
3,2019-02-10,3.10,3.10,50.0,18.3
3,2019-02-11,0.10,0.10,23.3,19.8
3,2019-02-12,0.70,0.70,19.8,20.0
3,2019-02-13,3.00,3.00,28.5,18.4
3,2019-02-14,7.50,7.50,28.3,18.4
3,2019-02-15,6.80,6.80,29.3,19.8
3,2019-02-16,1.30,1.30,19.6,20.8
3,2019-02-17,2.30,2.30,19.2,20.7
3,2019-02-18,0.90,0.90,15.5,21.0
3,2019-02-19,13.30,13.30,17.8,21.1
3,2019-02-20,0.20,0.20,16.5,21.5
3,2019-02-21,0.00,0.00,16.2,21.3
3,2019-02-22,0.00,0.00,13.8,21.5
3,2019-02-23,1.30,1.30,17.3,22.0
3,2019-02-24,0.00,0.00,22.6,21.7
3,2019-02-25,0.00,0.00,22.0,21.0
3,2019-02-26,0.20,0.20,23.0,20.7
3,2019-02-27,0.00,0.00,26.4,20.1
3,2019-02-28,0.00,0.00,24.1,19.4
3,2019-03-01,0.20,0.20,20.4,19.9
3,2019-03-02,0.20,0.20,19.3,20.9
3,2019-03-03,0.00,0.00,23.4,21.1
3,2019-03-04,0.00,0.00,27.9,20.9
3,2019-03-05,0.10,0.10,30.1,21.1
3,2019-03-06,0.20,0.20,29.8,21.9
3,2019-03-07,0.10,0.10,29.9,22.2
3,2019-03-08,0.50,0.50,33.2,21.9
3,2019-03-09,0.30,0.30,32.2,22.5
3,2019-03-10,0.60,0.60,31.9,23.0
3,2019-03-11,0.30,0.30,30.4,22.9
3,2019-03-12,1.00,1.00,24.0,22.3
3,2019-03-13,0.30,0.30,23.6,22.8
3,2019-03-14,0.00,0.00,20.7,23.4
3,2019-03-15,0.00,0.00,17.9,23.1
3,2019-03-16,0.00,0.00,18.1,22.9
3,2019-03-17,0.00,0.00,22.5,21.6
3,2019-03-18,0.00,0.00,22.7,21.6
3,2019-03-19,0.60,0.60,22.0,22.7
3,2019-03-20,0.00,0.00,15.0,23.0
3,2019-03-21,0.50,0.50,20.4,23.1
3,2019-03-22,0.00,0.00,21.1,23.4
3,2019-03-23,0.00,0.00,21.9,23.3
3,2019-03-24,0.00,0.00,23.1,23.7
3,2019-03-25,0.60,0.60,21.5,23.1
3,2019-03-26,0.10,0.10,20.9,23.2
3,2019-03-27,0.40,0.40,17.1,23.4
3,2019-03-28,0.20,0.20,19.5,23.3
3,2019-03-29,1.00,1.00,16.8,22.0
3,2019-03-30,0.50,0.50,17.8,22.3
3,2019-03-31,0.60,0.60,17.6,22.6
3,2019-04-01,0.40,0.40,18.9,22.7
3,2019-04-02,0.00,0.00,25.3,23.3
3,2019-04-03,0.00,0.00,23.3,23.4
3,2019-04-04,0.00,0.00,23.6,23.7
3,2019-04-05,0.00,0.00,19.3,23.9
3,2019-04-06,0.50,0.50,21.7,23.6
3,2019-04-07,0.60,0.60,16.3,23.6
3,2019-04-08,2.40,2.40,17.4,24.2
3,2019-04-09,1.10,1.10,24.8,24.3
3,2019-04-10,0.50,0.50,30.6,24.1
3,2019-04-11,1.50,1.50,33.0,23.9
3,2019-04-12,0.50,0.50,33.2,23.9
3,2019-04-13,2.50,2.50,33.2,23.5
3,2019-04-14,0.10,0.10,32.4,23.4
3,2019-04-15,0.40,0.40,26.8,23.6
3,2019-04-16,0.10,0.10,20.2,23.9
3,2019-04-17,0.60,0.60,21.9,24.4
3,2019-04-18,0.10,0.10,25.4,24.4
3,2019-04-19,0.10,0.10,25.2,24.6
3,2019-04-20,1.00,1.00,29.0,24.5
3,2019-04-21,0.10,0.10,30.0,24.9
3,2019-04-22,0.60,0.60,24.7,24.7
3,2019-04-23,0.30,0.30,25.1,24.5
3,2019-04-24,0.00,0.00,23.3,24.5
3,2019-04-25,0.10,0.10,19.4,24.7
3,2019-04-26,0.40,0.40,17.6,24.6
3,2019-04-27,2.40,2.40,14.3,24.0
3,2019-04-28,3.30,3.30,12.2,23.8
3,2019-04-29,1.50,1.50,20.2,23.4
3,2019-04-30,0.20,0.20,21.9,24.0
3,2019-05-01,0.60,0.60,22.1,23.8
3,2019-05-02,2.60,2.60,20.0,23.8
3,2019-05-03,3.30,3.30,14.5,23.9
3,2019-05-04,12.40,12.40,30.9,22.8
3,2019-05-05,0.50,0.50,19.1,21.7
3,2019-05-06,2.10,2.10,15.3,21.8
3,2019-05-07,1.30,1.30,12.3,23.1
3,2019-05-08,6.90,6.90,10.5,23.2
3,2019-05-09,0.00,0.00,18.0,23.8
3,2019-05-10,0.00,0.00,14.4,24.1
3,2019-05-11,0.60,0.60,18.6,24.6
3,2019-05-12,0.10,0.10,14.1,25.2
3,2019-05-13,0.20,0.20,16.1,26.0
3,2019-05-14,0.90,0.90,19.4,25.6
3,2019-05-15,0.60,0.60,23.2,25.0
3,2019-05-16,0.10,0.10,23.9,25.5
3,2019-05-17,1.10,1.10,23.2,25.7
3,2019-05-18,0.90,0.90,23.3,25.8
3,2019-05-19,0.20,0.20,24.0,26.0
3,2019-05-20,0.80,0.80,18.9,26.2
3,2019-05-21,0.70,0.70,14.8,26.2
3,2019-05-22,0.10,0.10,13.9,26.8
3,2019-05-23,5.60,5.60,16.2,26.2
3,2019-05-24,3.20,3.20,21.7,26.3
3,2019-05-25,1.20,1.20,24.4,26.2
3,2019-05-26,0.00,0.00,22.0,26.2
3,2019-05-27,1.60,1.60,14.5,26.2
3,2019-05-28,4.60,4.60,13.0,25.9
3,2019-05-29,0.10,0.10,17.7,26.4
3,2019-05-30,0.10,0.10,20.7,26.4
3,2019-05-31,1.50,1.50,22.2,26.2
3,2019-06-01,0.70,0.70,27.1,25.8
3,2019-06-02,0.50,0.50,25.1,26.1
3,2019-06-03,0.70,0.70,26.0,25.9
3,2019-06-04,0.40,0.40,25.0,25.5
3,2019-06-05,0.80,0.80,23.4,26.5
3,2019-06-06,5.70,5.70,19.4,26.4
3,2019-06-07,0.00,0.00,21.3,26.8
3,2019-06-08,0.10,0.10,19.8,26.2
3,2019-06-09,1.00,1.00,14.9,26.3
3,2019-06-10,0.20,0.20,17.4,26.6
3,2019-06-11,0.00,0.00,19.5,26.6
3,2019-06-12,0.10,0.10,20.3,26.5
3,2019-06-13,0.10,0.10,19.6,26.8
3,2019-06-14,0.00,0.00,22.6,26.5
3,2019-06-15,0.00,0.00,23.4,26.6
3,2019-06-16,0.00,0.00,23.7,26.4
3,2019-06-17,2.70,2.70,17.7,26.5
3,2019-06-18,0.30,0.30,23.3,27.2
3,2019-06-19,0.40,0.40,23.9,26.8
3,2019-06-20,0.40,0.40,21.1,26.2
3,2019-06-21,5.00,5.00,16.9,26.0
3,2019-06-22,0.30,0.30,17.4,26.9
3,2019-06-23,0.80,0.80,17.6,27.4
3,2019-06-24,4.70,4.70,14.5,26.5
3,2019-06-25,33.60,33.60,17.4,25.3
3,2019-06-26,40.50,40.50,25.5,25.2
3,2019-06-27,3.20,3.20,18.8,26.5
3,2019-06-28,2.30,2.30,17.1,26.2
3,2019-06-29,0.00,0.00,19.8,26.2
3,2019-06-30,0.40,0.40,15.3,26.0
3,2019-07-01,0.40,0.40,20.1,26.4
3,2019-07-02,1.30,1.30,18.8,26.1
3,2019-07-03,0.00,0.00,15.8,26.4
3,2019-07-04,3.20,3.20,12.8,26.1
3,2019-07-05,2.80,2.80,14.6,26.5
3,2019-07-06,0.60,0.60,21.2,26.7
3,2019-07-07,0.00,0.00,24.4,26.7
3,2019-07-08,1.20,1.20,28.9,26.7
3,2019-07-09,2.00,2.00,24.4,27.1
3,2019-07-10,0.00,0.00,21.4,26.9
3,2019-07-11,0.70,0.70,22.4,26.9
3,2019-07-12,0.10,0.10,24.3,26.7
3,2019-07-13,0.30,0.30,22.0,26.9
3,2019-07-14,0.00,0.00,27.0,27.2
3,2019-07-15,0.80,0.80,22.7,26.7
3,2019-07-16,0.30,0.30,22.9,27.5
3,2019-07-17,0.10,0.10,30.0,27.3
3,2019-07-18,0.20,0.20,30.4,27.3
3,2019-07-19,0.40,0.40,28.0,27.5
3,2019-07-20,0.30,0.30,27.1,27.0
3,2019-07-21,0.00,0.00,29.3,27.2
3,2019-07-22,0.10,0.10,29.7,27.2
3,2019-07-23,0.30,0.30,23.1,27.5
3,2019-07-24,0.30,0.30,25.2,27.5
3,2019-07-25,0.20,0.20,24.4,27.0
3,2019-07-26,0.30,0.30,25.5,27.0
3,2019-07-27,0.50,0.50,23.2,27.2
3,2019-07-28,0.70,0.70,25.3,26.8
3,2019-07-29,0.90,0.90,23.1,27.0
3,2019-07-30,0.50,0.50,27.0,27.1
3,2019-07-31,1.10,1.10,29.8,26.9
3,2019-08-01,0.20,0.20,34.2,27.2
3,2019-08-02,1.20,1.20,29.9,27.4
3,2019-08-03,0.50,0.50,27.2,27.9
3,2019-08-04,2.50,2.50,17.4,28.0
3,2019-08-05,1.80,1.80,20.0,27.7
3,2019-08-06,2.50,2.50,12.3,27.4
3,2019-08-07,5.10,5.10,11.2,27.1
3,2019-08-08,0.40,0.40,16.0,27.4
3,2019-08-09,1.10,1.10,15.6,27.6
3,2019-08-10,0.20,0.20,14.5,27.9
3,2019-08-11,0.10,0.10,19.3,28.5
3,2019-08-12,0.20,0.20,19.1,28.1
3,2019-08-13,1.30,1.30,22.5,27.8
3,2019-08-14,0.60,0.60,21.8,27.6
3,2019-08-15,1.30,1.30,26.9,27.7
3,2019-08-16,1.50,1.50,24.8,27.5
3,2019-08-17,0.00,0.00,23.2,27.9
3,2019-08-18,0.00,0.00,19.6,27.6
3,2019-08-19,0.10,0.10,19.1,27.3
3,2019-08-20,0.10,0.10,22.7,27.6
3,2019-08-21,0.00,0.00,24.8,27.7
3,2019-08-22,0.20,0.20,23.1,27.6
3,2019-08-23,2.10,2.10,21.6,27.7
3,2019-08-24,0.10,0.10,27.9,27.9
3,2019-08-25,0.10,0.10,29.0,27.6
3,2019-08-26,0.20,0.20,25.1,27.8
3,2019-08-27,0.40,0.40,19.2,27.6
3,2019-08-28,0.00,0.00,16.9,27.9
3,2019-08-29,0.00,0.00,16.8,28.0
3,2019-08-30,0.00,0.00,20.5,27.7
3,2019-08-31,1.50,1.50,19.5,28.1
3,2019-09-01,0.80,0.80,20.7,27.4
3,2019-09-02,0.40,0.40,23.5,27.8
3,2019-09-03,0.00,0.00,20.0,27.7
3,2019-09-04,0.70,0.70,25.9,27.8
3,2019-09-05,0.00,0.00,28.7,28.2
3,2019-09-06,0.50,0.50,27.7,27.8
3,2019-09-07,0.00,0.00,31.4,27.8
3,2019-09-08,2.30,2.30,31.0,27.6
3,2019-09-09,0.00,0.00,27.7,27.8
3,2019-09-10,0.00,0.00,25.6,27.5
3,2019-09-11,0.00,0.00,20.3,27.5
3,2019-09-12,0.00,0.00,21.0,27.4
3,2019-09-13,1.00,1.00,17.4,27.1
3,2019-09-14,0.30,0.30,17.9,27.7
3,2019-09-15,2.70,2.70,16.3,27.8
3,2019-09-16,0.70,0.70,20.6,28.0
3,2019-09-17,2.40,2.40,22.8,27.8
3,2019-09-18,0.10,0.10,22.3,27.8
3,2019-09-19,0.00,0.00,20.5,27.7
3,2019-09-20,2.20,2.20,24.8,26.5
3,2019-09-21,0.60,0.60,25.3,26.8
3,2019-09-22,0.70,0.70,18.2,27.7
3,2019-09-23,7.00,7.00,23.4,27.4
3,2019-09-24,0.40,0.40,24.6,27.6
3,2019-09-25,2.20,2.20,16.6,26.6
3,2019-09-26,4.00,4.00,13.7,26.9
3,2019-09-27,1.60,1.60,19.5,27.3
3,2019-09-28,3.90,3.90,20.0,27.0
3,2019-09-29,0.30,0.30,22.8,26.6
3,2019-09-30,1.00,1.00,22.6,26.4
3,2019-10-01,1.10,1.10,25.8,26.4
3,2019-10-02,0.90,0.90,30.6,26.4
3,2019-10-03,2.10,2.10,29.8,26.3
3,2019-10-04,0.50,0.50,29.0,26.6
3,2019-10-05,0.10,0.10,16.9,25.8
3,2019-10-06,0.40,0.40,14.3,25.8
3,2019-10-07,3.10,3.10,12.1,25.3
3,2019-10-08,0.80,0.80,13.6,26.0
3,2019-10-09,0.00,0.00,15.0,27.0
3,2019-10-10,4.40,4.40,15.6,27.6
3,2019-10-11,3.40,3.40,27.1,27.2
3,2019-10-12,0.00,0.00,27.8,27.1
3,2019-10-13,0.30,0.30,24.7,27.0
3,2019-10-14,0.00,0.00,23.6,27.1
3,2019-10-15,0.30,0.30,27.1,26.5
3,2019-10-16,1.60,1.60,20.0,26.2
3,2019-10-17,2.00,2.00,24.6,26.7
3,2019-10-18,0.50,0.50,25.2,26.3
3,2019-10-19,0.10,0.10,26.8,26.8
3,2019-10-20,0.10,0.10,18.4,27.2
3,2019-10-21,0.00,0.00,24.7,27.2
3,2019-10-22,0.00,0.00,30.2,27.1
3,2019-10-23,0.00,0.00,22.4,27.2
3,2019-10-24,0.00,0.00,13.7,27.0
3,2019-10-25,0.00,0.00,12.5,27.0
3,2019-10-26,0.00,0.00,21.4,27.2
3,2019-10-27,0.00,0.00,22.7,26.5
3,2019-10-28,0.10,0.10,19.8,26.4
3,2019-10-29,2.00,2.00,14.4,25.9
3,2019-10-30,0.90,0.90,8.5,25.6
3,2019-10-31,1.40,1.40,15.7,25.7
3,2019-11-01,0.00,0.00,15.9,25.7
3,2019-11-02,0.00,0.00,18.2,25.6
3,2019-11-03,1.20,1.20,16.0,25.7
3,2019-11-04,0.90,0.90,14.4,25.7
3,2019-11-05,0.00,0.00,13.4,26.0
3,2019-11-06,0.00,0.00,22.2,26.1
3,2019-11-07,0.10,0.10,23.6,24.9
3,2019-11-08,0.90,0.90,16.8,25.3
3,2019-11-09,1.30,1.30,15.3,24.7
3,2019-11-10,0.10,0.10,15.1,26.0
3,2019-11-11,0.30,0.30,13.3,26.1
3,2019-11-12,0.00,0.00,15.1,26.1
3,2019-11-13,0.00,0.00,13.8,26.0
3,2019-11-14,0.00,0.00,13.7,26.2
3,2019-11-15,0.70,0.70,16.8,25.9
3,2019-11-16,0.40,0.40,14.2,26.1
3,2019-11-17,0.90,0.90,26.2,25.2
3,2019-11-18,0.10,0.10,21.2,25.3
3,2019-11-19,10.40,10.40,24.0,25.0
3,2019-11-20,0.90,0.90,24.8,25.5
3,2019-11-21,2.10,2.10,28.7,25.2
3,2019-11-22,1.50,1.50,31.0,25.5
3,2019-11-23,1.40,1.40,34.3,25.3
3,2019-11-24,0.00,0.00,27.0,25.6
3,2019-11-25,0.00,0.00,16.8,25.9
3,2019-11-26,0.10,0.10,10.9,26.0
3,2019-11-27,1.20,1.20,14.1,25.7
3,2019-11-28,0.50,0.50,18.1,25.8
3,2019-11-29,0.30,0.30,26.5,25.5
3,2019-11-30,0.20,0.20,34.3,25.4
3,2019-12-01,1.70,1.70,34.8,24.2
3,2019-12-02,0.10,0.10,26.2,24.2
3,2019-12-03,0.70,0.70,24.5,24.7
3,2019-12-04,0.00,0.00,20.8,24.5
3,2019-12-05,1.70,1.70,23.4,24.6
3,2019-12-06,16.80,16.80,20.8,23.5
3,2019-12-07,0.10,0.10,11.1,24.1
3,2019-12-08,0.30,0.30,13.3,23.4
3,2019-12-09,0.00,0.00,12.8,23.9
3,2019-12-10,0.00,0.00,13.5,24.4
3,2019-12-11,0.80,0.80,11.3,25.0
3,2019-12-12,0.10,0.10,17.3,25.0
3,2019-12-13,0.60,0.60,28.8,25.0
3,2019-12-14,0.30,0.30,26.9,24.6
3,2019-12-15,0.60,0.60,22.7,24.6
3,2019-12-16,1.80,1.80,28.4,24.4
3,2019-12-17,0.80,0.80,34.8,24.9
3,2019-12-18,0.00,0.00,28.5,25.1
3,2019-12-19,0.80,0.80,22.1,24.6
3,2019-12-20,2.30,2.30,33.7,24.0
3,2019-12-21,1.80,1.80,38.0,23.4
3,2019-12-22,0.40,0.40,30.9,23.8
3,2019-12-23,0.20,0.20,14.5,24.5
3,2019-12-24,0.70,0.70,25.8,24.8
3,2019-12-25,66.20,66.20,41.1,24.3
3,2019-12-26,0.10,0.10,18.9,24.2
3,2019-12-27,0.30,0.30,26.2,23.8
3,2019-12-28,0.00,0.00,22.5,24.5
3,2019-12-29,0.00,0.00,21.3,24.8
3,2019-12-30,0.00,0.00,26.8,24.4
3,2019-12-31,0.10,0.10,29.0,24.2
3,2020-01-01,0.20,0.20,18.7,23.3
3,2020-01-02,0.80,0.80,21.7,22.9
3,2020-01-03,3.30,3.30,29.3,22.8
3,2020-01-04,2.30,2.30,31.7,23.5
3,2020-01-05,0.70,0.70,32.8,24.0
3,2020-01-06,0.00,0.00,33.2,24.1
3,2020-01-07,0.40,0.40,39.6,23.6
3,2020-01-08,0.10,0.10,35.4,23.7
3,2020-01-09,2.30,2.30,39.8,23.2
3,2020-01-10,4.40,4.40,34.2,22.7
3,2020-01-11,3.90,3.90,33.5,23.4
3,2020-01-12,11.90,11.90,30.8,23.5
3,2020-01-13,0.40,0.40,35.8,24.2
3,2020-01-14,0.10,0.10,34.3,24.0
3,2020-01-15,1.40,1.40,27.8,23.4
3,2020-01-16,1.20,1.20,16.1,23.2
3,2020-01-17,0.40,0.40,34.4,22.4
3,2020-01-18,0.00,0.00,26.3,22.2
3,2020-01-19,0.00,0.00,28.6,22.7
3,2020-01-20,0.30,0.30,27.8,23.0
3,2020-01-21,0.00,0.00,13.9,23.0
3,2020-01-22,0.00,0.00,12.3,22.4
3,2020-01-23,0.00,0.00,15.6,22.6
3,2020-01-24,1.50,1.50,15.0,22.8
3,2020-01-25,0.40,0.40,17.6,23.8
3,2020-01-26,0.00,0.00,19.9,24.1
3,2020-01-27,0.00,0.00,19.3,24.2
3,2020-01-28,0.00,0.00,16.0,23.3
3,2020-01-29,0.00,0.00,16.1,24.5
3,2020-01-30,0.00,0.00,12.4,24.1
3,2020-01-31,0.00,0.00,19.5,24.1
3,2020-02-01,1.40,1.40,28.8,23.0
3,2020-02-02,0.80,0.80,23.3,23.3
3,2020-02-03,0.10,0.10,20.7,24.1
3,2020-02-04,0.50,0.50,14.7,23.4
3,2020-02-05,2.90,2.90,12.4,23.0
3,2020-02-06,9.70,9.70,36.4,20.7
3,2020-02-07,0.40,0.40,18.0,20.4
3,2020-02-08,0.10,0.10,17.1,20.1
3,2020-02-09,1.70,1.70,31.0,20.8
3,2020-02-10,3.10,3.10,27.3,19.5
3,2020-02-11,3.40,3.40,25.8,21.2
3,2020-02-12,1.10,1.10,20.6,22.0
3,2020-02-13,0.20,0.20,23.1,24.3
3,2020-02-14,0.00,0.00,33.4,24.3
3,2020-02-15,0.00,0.00,31.4,23.9
3,2020-02-16,0.20,0.20,32.2,23.2
3,2020-02-17,0.50,0.50,31.2,22.8
3,2020-02-18,0.60,0.60,31.9,22.8
3,2020-02-19,2.10,2.10,37.7,22.7
3,2020-02-20,0.20,0.20,34.8,23.0
3,2020-02-21,0.10,0.10,29.8,23.5
3,2020-02-22,0.20,0.20,20.4,23.9
3,2020-02-23,0.20,0.20,20.9,23.5
3,2020-02-24,0.10,0.10,19.2,22.7
3,2020-02-25,0.20,0.20,27.8,23.5
3,2020-02-26,0.00,0.00,33.8,23.4
3,2020-02-27,0.00,0.00,30.4,22.9
3,2020-02-28,0.00,0.00,33.2,22.8
3,2020-02-29,1.20,1.20,35.5,22.4
3,2020-03-01,2.50,2.50,36.1,21.8
3,2020-03-02,0.90,0.90,29.1,22.4
3,2020-03-03,0.70,0.70,21.4,23.6
3,2020-03-04,0.70,0.70,12.1,23.8
3,2020-03-05,2.00,2.00,22.8,22.2
3,2020-03-06,4.50,4.50,35.8,22.4
3,2020-03-07,0.40,0.40,33.3,22.3
3,2020-03-08,0.00,0.00,31.8,21.9
3,2020-03-09,1.10,1.10,25.8,21.4
3,2020-03-10,0.60,0.60,14.1,22.3
3,2020-03-11,2.30,2.30,16.1,22.0
3,2020-03-12,3.90,3.90,12.0,21.8
3,2020-03-13,2.30,2.30,14.5,22.3
3,2020-03-14,0.00,0.00,17.6,23.0
3,2020-03-15,2.50,2.50,17.6,23.5
3,2020-03-16,11.50,11.50,23.9,22.9
3,2020-03-17,28.20,28.20,13.8,22.3
3,2020-03-18,8.00,8.00,19.1,23.0
3,2020-03-19,0.10,0.10,18.7,22.9
3,2020-03-20,0.00,0.00,14.0,23.3
3,2020-03-21,1.40,1.40,19.0,23.4
3,2020-03-22,0.10,0.10,26.8,23.2
3,2020-03-23,0.60,0.60,34.3,22.7
3,2020-03-24,0.60,0.60,32.9,22.5
3,2020-03-25,0.60,0.60,37.6,22.5
3,2020-03-26,1.00,1.00,34.6,22.3
3,2020-03-27,2.90,2.90,26.6,21.9
3,2020-03-28,0.40,0.40,23.5,23.0
3,2020-03-29,1.00,1.00,22.4,22.5
3,2020-03-30,1.00,1.00,21.7,23.1
3,2020-03-31,0.00,0.00,19.2,23.0
3,2020-04-01,0.50,0.50,16.8,22.7
3,2020-04-02,0.40,0.40,10.2,23.5
3,2020-04-03,0.00,0.00,13.0,23.5
3,2020-04-04,1.70,1.70,14.0,23.8
3,2020-04-05,0.00,0.00,13.5,23.9
3,2020-04-06,2.90,2.90,18.6,23.4
3,2020-04-07,1.00,1.00,22.3,23.9
3,2020-04-08,2.30,2.30,18.4,23.1
3,2020-04-09,0.70,0.70,21.3,23.4
3,2020-04-10,0.80,0.80,19.8,23.3
3,2020-04-11,1.30,1.30,22.4,24.1
3,2020-04-12,0.00,0.00,18.2,23.5
3,2020-04-13,1.70,1.70,17.6,24.1
3,2020-04-14,6.20,6.20,9.7,24.0
3,2020-04-15,0.60,0.60,24.5,24.7
3,2020-04-16,0.00,0.00,29.0,24.3
3,2020-04-17,0.00,0.00,20.8,24.2
3,2020-04-18,0.00,0.00,18.0,24.3
3,2020-04-19,0.00,0.00,16.3,24.1
3,2020-04-20,1.60,1.60,19.1,24.1
3,2020-04-21,5.10,5.10,13.1,23.9
3,2020-04-22,1.40,1.40,14.6,24.5
3,2020-04-23,0.40,0.40,25.7,24.9
3,2020-04-24,0.60,0.60,27.4,24.5
3,2020-04-25,0.00,0.00,26.6,24.6
3,2020-04-26,0.40,0.40,25.0,24.5
3,2020-04-27,0.40,0.40,25.0,24.8
3,2020-04-28,0.20,0.20,29.0,24.5
3,2020-04-29,0.20,0.20,32.0,24.4
3,2020-04-30,0.00,0.00,34.0,24.7
3,2020-05-01,0.10,0.10,31.2,24.7
3,2020-05-02,0.00,0.00,28.5,24.7
3,2020-05-03,0.00,0.00,30.8,24.5
3,2020-05-04,0.00,0.00,29.9,24.8
3,2020-05-05,0.00,0.00,26.0,25.0
3,2020-05-06,0.20,0.20,21.9,24.9
3,2020-05-07,1.10,1.10,26.1,23.7
3,2020-05-08,0.40,0.40,24.8,24.2
3,2020-05-09,0.00,0.00,22.0,24.2
3,2020-05-10,0.00,0.00,21.5,24.6
3,2020-05-11,1.90,1.90,26.2,24.5
3,2020-05-12,0.90,0.90,22.3,24.6
3,2020-05-13,0.60,0.60,15.7,25.0
3,2020-05-14,3.40,3.40,14.6,24.5
3,2020-05-15,0.00,0.00,21.0,25.3
3,2020-05-16,0.00,0.00,22.6,25.4
3,2020-05-17,0.00,0.00,23.0,25.7
3,2020-05-18,2.80,2.80,25.4,24.3
3,2020-05-19,0.40,0.40,29.1,25.1
3,2020-05-20,0.80,0.80,27.7,24.6
3,2020-05-21,2.80,2.80,25.1,24.6
3,2020-05-22,0.20,0.20,25.1,24.8
3,2020-05-23,1.90,1.90,20.2,24.8
3,2020-05-24,0.10,0.10,21.6,25.4
3,2020-05-25,2.80,2.80,13.4,25.3
3,2020-05-26,0.30,0.30,17.3,25.6
3,2020-05-27,1.00,1.00,19.3,25.1
3,2020-05-28,0.00,0.00,27.0,25.4
3,2020-05-29,0.20,0.20,22.5,25.6
3,2020-05-30,0.10,0.10,23.0,25.3
3,2020-05-31,0.00,0.00,28.7,25.5
3,2020-06-01,0.20,0.20,20.4,26.0
3,2020-06-02,0.50,0.50,20.4,26.5
3,2020-06-03,0.60,0.60,23.7,26.4
3,2020-06-04,0.70,0.70,28.7,26.1
3,2020-06-05,0.20,0.20,29.5,26.0
3,2020-06-06,1.90,1.90,29.2,25.5
3,2020-06-07,1.80,1.80,23.8,25.5
3,2020-06-08,0.00,0.00,24.4,25.9
3,2020-06-09,2.00,2.00,28.0,25.7
3,2020-06-10,0.10,0.10,32.5,25.8
3,2020-06-11,0.00,0.00,37.2,25.6
3,2020-06-12,0.00,0.00,33.1,25.9
3,2020-06-13,0.00,0.00,29.8,26.0
3,2020-06-14,0.10,0.10,29.3,25.7
3,2020-06-15,0.00,0.00,29.3,25.9
3,2020-06-16,1.40,1.40,27.7,25.1
3,2020-06-17,0.00,0.00,25.5,25.8
3,2020-06-18,0.10,0.10,31.8,26.0
3,2020-06-19,0.60,0.60,31.0,25.4
3,2020-06-20,0.30,0.30,27.1,25.5
3,2020-06-21,0.00,0.00,23.3,25.6
3,2020-06-22,0.00,0.00,24.6,26.0
3,2020-06-23,0.20,0.20,23.8,25.8
3,2020-06-24,2.80,2.80,19.7,25.9
3,2020-06-25,0.30,0.30,23.7,26.4
3,2020-06-26,0.10,0.10,25.6,26.5
3,2020-06-27,0.00,0.00,22.9,26.0
3,2020-06-28,0.30,0.30,17.7,26.2
3,2020-06-29,1.20,1.20,17.6,26.3
3,2020-06-30,0.00,0.00,23.9,26.6
3,2020-07-01,0.30,0.30,25.4,26.2
3,2020-07-02,0.30,0.30,21.7,25.9
3,2020-07-03,1.10,1.10,19.5,25.8
3,2020-07-04,4.70,4.70,17.7,26.4
3,2020-07-05,0.30,0.30,18.8,26.9
3,2020-07-06,0.80,0.80,22.8,26.4
3,2020-07-07,1.60,1.60,25.6,25.8
3,2020-07-08,0.10,0.10,29.6,25.8
3,2020-07-09,0.90,0.90,25.6,26.3
3,2020-07-10,0.00,0.00,29.9,26.5
3,2020-07-11,0.30,0.30,29.4,26.1
3,2020-07-12,0.10,0.10,25.9,25.6
3,2020-07-13,2.40,2.40,25.8,25.6
3,2020-07-14,0.90,0.90,21.5,26.0
3,2020-07-15,0.20,0.20,24.1,26.3
3,2020-07-16,0.10,0.10,21.0,26.8
3,2020-07-17,0.20,0.20,18.4,27.4
3,2020-07-18,0.20,0.20,26.1,27.2
3,2020-07-19,0.00,0.00,33.0,26.9
3,2020-07-20,0.10,0.10,27.9,26.3
3,2020-07-21,1.30,1.30,17.5,25.7
3,2020-07-22,1.80,1.80,15.9,26.1
3,2020-07-23,0.00,0.00,21.7,26.4
3,2020-07-24,0.20,0.20,25.5,26.6
3,2020-07-25,0.80,0.80,29.8,26.6
3,2020-07-26,4.40,4.40,34.7,26.5
3,2020-07-27,2.50,2.50,30.9,26.7
3,2020-07-28,0.60,0.60,32.2,26.0
3,2020-07-29,0.00,0.00,26.3,25.9
3,2020-07-30,1.00,1.00,30.1,26.0
3,2020-07-31,0.00,0.00,26.8,26.3
3,2020-08-01,0.00,0.00,25.1,26.3
3,2020-08-02,0.10,0.10,25.1,25.9
3,2020-08-03,0.30,0.30,24.5,26.2
3,2020-08-04,0.00,0.00,23.5,26.5
3,2020-08-05,0.10,0.10,28.1,26.8
3,2020-08-06,1.60,1.60,25.0,26.8
3,2020-08-07,0.70,0.70,24.4,26.9
3,2020-08-08,0.20,0.20,31.1,26.7
3,2020-08-09,0.00,0.00,33.8,26.3
3,2020-08-10,0.50,0.50,27.4,26.2
3,2020-08-11,0.00,0.00,22.4,26.4
3,2020-08-12,0.10,0.10,20.8,26.4
3,2020-08-13,0.60,0.60,20.1,26.4
3,2020-08-14,0.00,0.00,20.1,26.8
3,2020-08-15,0.20,0.20,25.0,27.1
3,2020-08-16,0.00,0.00,22.4,26.9
3,2020-08-17,0.20,0.20,20.5,26.0
3,2020-08-18,0.00,0.00,25.7,26.3
3,2020-08-19,0.10,0.10,25.4,26.7
3,2020-08-20,0.00,0.00,29.2,27.1
3,2020-08-21,0.00,0.00,22.9,27.0
3,2020-08-22,0.00,0.00,24.1,27.0
3,2020-08-23,0.00,0.00,24.0,27.1
3,2020-08-24,0.00,0.00,24.3,27.1
3,2020-08-25,0.00,0.00,23.7,27.1
3,2020-08-26,0.00,0.00,24.0,26.8
3,2020-08-27,0.10,0.10,22.7,26.7
3,2020-08-28,0.00,0.00,21.4,26.8
3,2020-08-29,0.20,0.20,26.3,26.8
3,2020-08-30,0.00,0.00,30.1,26.8
3,2020-08-31,0.20,0.20,30.5,26.8
3,2020-09-01,0.00,0.00,26.2,26.7
3,2020-09-02,0.00,0.00,20.1,26.5
3,2020-09-03,0.00,0.00,20.1,26.6
3,2020-09-04,0.00,0.00,19.1,27.2
3,2020-09-05,0.00,0.00,29.0,27.0
3,2020-09-06,0.50,0.50,25.6,26.3
3,2020-09-07,0.40,0.40,22.8,27.0
3,2020-09-08,0.50,0.50,25.5,26.7
3,2020-09-09,0.60,0.60,25.6,26.4
3,2020-09-10,0.00,0.00,26.5,26.8
3,2020-09-11,0.00,0.00,25.0,26.8
3,2020-09-12,0.00,0.00,18.4,26.3
3,2020-09-13,0.00,0.00,17.3,26.6
3,2020-09-14,0.00,0.00,20.1,26.7
3,2020-09-15,0.00,0.00,17.7,26.8
3,2020-09-16,0.00,0.00,19.4,26.8
3,2020-09-17,0.00,0.00,25.1,26.8
3,2020-09-18,0.00,0.00,27.8,27.2
3,2020-09-19,0.60,0.60,25.0,26.5
3,2020-09-20,0.70,0.70,25.9,26.3
3,2020-09-21,0.90,0.90,22.2,26.2
3,2020-09-22,0.00,0.00,22.4,26.4
3,2020-09-23,0.70,0.70,26.4,26.7
3,2020-09-24,0.30,0.30,28.0,27.0
3,2020-09-25,0.40,0.40,22.6,26.8
3,2020-09-26,0.00,0.00,20.7,26.6
3,2020-09-27,0.00,0.00,19.7,26.5
3,2020-09-28,0.80,0.80,18.4,26.5
3,2020-09-29,0.00,0.00,17.9,26.7
3,2020-09-30,0.00,0.00,13.8,26.3
3,2020-10-01,0.20,0.20,14.9,27.0
3,2020-10-02,3.20,3.20,14.9,26.9
3,2020-10-03,0.00,0.00,17.1,27.4
3,2020-10-04,0.30,0.30,24.2,26.8
3,2020-10-05,0.00,0.00,19.9,27.0
3,2020-10-06,0.00,0.00,16.6,27.3
3,2020-10-07,0.00,0.00,19.4,27.3
3,2020-10-08,0.00,0.00,18.2,27.1
3,2020-10-09,0.20,0.20,16.8,27.0
3,2020-10-10,0.10,0.10,26.3,27.2
3,2020-10-11,0.90,0.90,22.7,26.5
3,2020-10-12,3.20,3.20,19.9,26.9
3,2020-10-13,0.10,0.10,24.4,26.9
3,2020-10-14,0.40,0.40,18.8,26.2
3,2020-10-15,1.80,1.80,15.1,26.5
3,2020-10-16,0.00,0.00,17.2,26.6
3,2020-10-17,1.60,1.60,13.3,26.7
3,2020-10-18,1.70,1.70,14.5,26.4
3,2020-10-19,3.60,3.60,15.8,26.0
3,2020-10-20,6.40,6.40,13.5,25.7
3,2020-10-21,7.30,7.30,12.1,25.5
3,2020-10-22,1.00,1.00,12.0,25.0
3,2020-10-23,3.00,3.00,14.5,25.6
3,2020-10-24,1.10,1.10,12.1,25.7
3,2020-10-25,0.70,0.70,7.3,26.3
3,2020-10-26,2.70,2.70,15.8,25.9
3,2020-10-27,1.40,1.40,7.7,25.5
3,2020-10-28,7.30,7.30,21.4,24.5
3,2020-10-29,1.40,1.40,20.5,24.8
3,2020-10-30,0.10,0.10,23.5,25.5
3,2020-10-31,2.20,2.20,18.5,25.0
3,2020-11-01,0.30,0.30,8.4,24.7
3,2020-11-02,0.00,0.00,17.1,25.8
3,2020-11-03,0.30,0.30,18.6,26.1
3,2020-11-04,2.20,2.20,16.9,26.1
3,2020-11-05,1.60,1.60,14.6,26.2
3,2020-11-06,0.90,0.90,22.8,26.2
3,2020-11-07,2.20,2.20,23.9,25.9
3,2020-11-08,0.10,0.10,26.4,26.2
3,2020-11-09,1.70,1.70,27.9,25.8
3,2020-11-10,0.20,0.20,29.1,25.6
3,2020-11-11,0.30,0.30,33.3,25.4
3,2020-11-12,0.00,0.00,29.5,25.5
3,2020-11-13,0.10,0.10,27.7,25.4
3,2020-11-14,0.00,0.00,23.5,25.6
3,2020-11-15,0.50,0.50,18.5,25.3
3,2020-11-16,0.60,0.60,20.5,25.0
3,2020-11-17,0.00,0.00,24.6,25.7
3,2020-11-18,4.40,4.40,24.7,24.8
3,2020-11-19,0.00,0.00,29.3,25.1
3,2020-11-20,0.70,0.70,26.8,25.4
3,2020-11-21,0.70,0.70,39.0,25.7
3,2020-11-22,0.60,0.60,38.2,25.3
3,2020-11-23,1.50,1.50,28.8,25.2
3,2020-11-24,1.30,1.30,30.6,24.9
3,2020-11-25,1.10,1.10,24.8,25.1
3,2020-11-26,1.40,1.40,24.5,24.7
3,2020-11-27,0.10,0.10,29.1,24.0
3,2020-11-28,0.30,0.30,23.8,23.8
3,2020-11-29,1.60,1.60,23.5,23.1
3,2020-11-30,0.30,0.30,18.0,24.1
3,2020-12-01,0.00,0.00,15.3,23.6
3,2020-12-02,0.00,0.00,14.8,24.1
3,2020-12-03,0.00,0.00,15.6,24.3
3,2020-12-04,0.80,0.80,31.3,24.9
3,2020-12-05,0.00,0.00,17.8,25.5
3,2020-12-06,0.30,0.30,11.9,24.9
3,2020-12-07,0.00,0.00,21.6,25.2
3,2020-12-08,0.70,0.70,28.2,25.3
3,2020-12-09,2.10,2.10,13.0,24.7
3,2020-12-10,0.10,0.10,11.9,24.2
3,2020-12-11,0.00,0.00,17.3,24.5
3,2020-12-12,0.20,0.20,26.0,24.9
3,2020-12-13,0.70,0.70,17.7,24.9
3,2020-12-14,0.10,0.10,21.4,25.1
3,2020-12-15,0.30,0.30,27.4,25.0
3,2020-12-16,1.00,1.00,25.0,24.5
3,2020-12-17,0.50,0.50,21.0,24.3
3,2020-12-18,0.10,0.10,37.9,24.5
3,2020-12-19,1.30,1.30,28.3,24.5
3,2020-12-20,1.70,1.70,23.4,24.1
3,2020-12-21,0.40,0.40,24.2,24.2
3,2020-12-22,0.00,0.00,12.7,24.2
3,2020-12-23,0.00,0.00,15.0,23.7
3,2020-12-24,0.00,0.00,18.4,23.7
3,2020-12-25,1.80,1.80,27.2,23.2
3,2020-12-26,5.40,5.40,31.4,22.6
3,2020-12-27,0.80,0.80,26.3,24.0
3,2020-12-28,0.00,0.00,14.0,23.8
3,2020-12-29,0.40,0.40,18.2,24.2
3,2020-12-30,0.00,0.00,26.0,24.1
3,2020-12-31,0.10,0.10,28.7,23.8
3,2021-01-01,0.00,0.00,36.4,23.9
3,2021-01-02,0.10,0.10,28.5,23.9
3,2021-01-03,0.20,0.20,25.7,23.9
3,2021-01-04,0.10,0.10,20.9,24.4
3,2021-01-05,0.50,0.50,19.4,23.8
3,2021-01-06,0.10,0.10,24.3,24.0
3,2021-01-07,0.10,0.10,22.1,24.5
3,2021-01-08,0.40,0.40,14.5,23.6
3,2021-01-09,0.10,0.10,14.3,23.7
3,2021-01-10,0.30,0.30,23.1,23.8
3,2021-01-11,0.30,0.30,19.9,24.2
3,2021-01-12,0.80,0.80,17.6,23.9
3,2021-01-13,1.40,1.40,16.9,23.8
3,2021-01-14,0.20,0.20,16.5,23.7
3,2021-01-15,0.60,0.60,14.1,24.0
3,2021-01-16,0.70,0.70,16.5,24.2
3,2021-01-17,2.60,2.60,17.2,23.3
3,2021-01-18,4.30,4.30,34.5,21.6
3,2021-01-19,1.50,1.50,26.3,22.6
3,2021-01-20,0.20,0.20,22.9,23.7
3,2021-01-21,0.40,0.40,28.3,23.6
3,2021-01-22,0.60,0.60,31.8,23.8
3,2021-01-23,1.10,1.10,33.6,23.5
3,2021-01-24,2.90,2.90,30.1,23.9
3,2021-01-25,5.10,5.10,30.2,23.5
3,2021-01-26,0.60,0.60,29.3,23.8
3,2021-01-27,0.80,0.80,31.1,23.7
3,2021-01-28,0.00,0.00,35.2,23.5
3,2021-01-29,0.80,0.80,30.2,22.9
3,2021-01-30,0.50,0.50,28.2,23.1
3,2021-01-31,0.00,0.00,22.8,23.2
3,2021-02-01,1.00,1.00,18.6,22.3
3,2021-02-02,2.50,2.50,14.2,22.9
3,2021-02-03,30.40,30.40,31.4,20.9
3,2021-02-04,0.20,0.20,15.6,20.1
3,2021-02-05,0.10,0.10,11.0,20.0
3,2021-02-06,0.00,0.00,14.8,20.9
3,2021-02-07,0.00,0.00,14.8,20.8
3,2021-02-08,0.50,0.50,23.4,21.6
3,2021-02-09,0.00,0.00,25.8,21.0
3,2021-02-10,0.00,0.00,19.9,21.5
3,2021-02-11,0.00,0.00,18.9,22.5
3,2021-02-12,0.00,0.00,20.5,23.5
3,2021-02-13,0.00,0.00,25.6,23.8
3,2021-02-14,0.80,0.80,12.5,23.9
3,2021-02-15,2.50,2.50,14.6,23.5
3,2021-02-16,0.70,0.70,13.2,23.7
3,2021-02-17,0.00,0.00,23.2,23.9
3,2021-02-18,2.40,2.40,24.8,23.1
3,2021-02-19,3.50,3.50,21.7,23.1
3,2021-02-20,0.80,0.80,25.8,23.6
3,2021-02-21,3.40,3.40,27.9,23.5
3,2021-02-22,0.10,0.10,29.6,23.6
3,2021-02-23,1.40,1.40,30.3,23.6
3,2021-02-24,0.10,0.10,31.2,23.6
3,2021-02-25,0.10,0.10,36.8,23.6
3,2021-02-26,0.40,0.40,35.1,23.6
3,2021-02-27,1.30,1.30,28.8,22.8
3,2021-02-28,2.90,2.90,33.9,22.5
3,2021-03-01,0.70,0.70,35.3,22.7
3,2021-03-02,0.60,0.60,34.5,22.5
3,2021-03-03,1.70,1.70,27.5,21.9
3,2021-03-04,0.40,0.40,21.1,21.8
3,2021-03-05,3.80,3.80,24.2,20.4
3,2021-03-06,2.70,2.70,26.2,21.1
3,2021-03-07,0.20,0.20,26.3,22.9
3,2021-03-08,13.70,13.70,25.0,22.0
3,2021-03-09,21.80,21.80,20.0,21.9
3,2021-03-10,7.30,7.30,15.5,22.2
3,2021-03-11,4.70,4.70,12.3,22.3
3,2021-03-12,16.90,16.90,22.7,22.3
3,2021-03-13,11.90,11.90,28.7,21.6
3,2021-03-14,2.00,2.00,20.6,22.1
3,2021-03-15,7.10,7.10,14.7,22.5
3,2021-03-16,2.60,2.60,26.0,22.1
3,2021-03-17,1.10,1.10,33.1,22.0
3,2021-03-18,3.30,3.30,32.3,20.8
3,2021-03-19,0.80,0.80,28.3,21.7
3,2021-03-20,2.80,2.80,31.1,21.9
3,2021-03-21,1.20,1.20,34.0,22.2
3,2021-03-22,0.20,0.20,23.9,22.9
3,2021-03-23,0.80,0.80,14.7,22.4
3,2021-03-24,4.30,4.30,23.3,23.4
3,2021-03-25,6.00,6.00,13.8,23.1
3,2021-03-26,0.00,0.00,18.1,23.5
3,2021-03-27,0.00,0.00,24.9,23.7
3,2021-03-28,0.70,0.70,32.3,23.0
3,2021-03-29,1.30,1.30,22.5,23.6
3,2021-03-30,1.30,1.30,21.1,23.6
3,2021-03-31,0.10,0.10,23.3,23.6
3,2021-04-01,1.20,1.20,23.4,23.4
3,2021-04-02,0.20,0.20,21.4,23.0
3,2021-04-03,0.20,0.20,24.5,22.7
3,2021-04-04,2.90,2.90,31.2,22.1
3,2021-04-05,1.00,1.00,32.4,22.8
3,2021-04-06,0.20,0.20,30.9,22.1
3,2021-04-07,0.10,0.10,26.0,21.7
3,2021-04-08,0.00,0.00,25.3,22.6
3,2021-04-09,0.00,0.00,25.1,22.2
3,2021-04-10,1.40,1.40,17.2,22.1
3,2021-04-11,7.30,7.30,17.2,21.4
3,2021-04-12,2.10,2.10,20.7,21.8
3,2021-04-13,0.20,0.20,21.9,22.5
3,2021-04-14,0.00,0.00,20.8,22.9
3,2021-04-15,0.00,0.00,19.4,23.2
3,2021-04-16,0.60,0.60,12.7,22.6
3,2021-04-17,0.00,0.00,21.9,22.3
3,2021-04-18,0.00,0.00,20.9,23.8
3,2021-04-19,0.00,0.00,15.8,24.7
3,2021-04-20,0.50,0.50,11.2,24.6
3,2021-04-21,0.10,0.10,16.0,25.0
3,2021-04-22,0.00,0.00,22.1,24.9
3,2021-04-23,0.00,0.00,26.5,24.3
3,2021-04-24,0.10,0.10,25.7,24.1
3,2021-04-25,0.30,0.30,26.2,24.3
3,2021-04-26,0.00,0.00,18.6,24.4
3,2021-04-27,3.90,3.90,20.1,23.7
3,2021-04-28,2.40,2.40,14.6,23.5
3,2021-04-29,0.60,0.60,20.4,23.7
3,2021-04-30,2.00,2.00,23.1,23.7
3,2021-05-01,0.60,0.60,26.9,24.6
3,2021-05-02,0.30,0.30,26.1,24.4
3,2021-05-03,2.30,2.30,19.2,24.8
3,2021-05-04,2.40,2.40,18.1,24.6
3,2021-05-05,0.70,0.70,24.4,24.5
3,2021-05-06,1.20,1.20,20.1,24.2
3,2021-05-07,1.30,1.30,26.7,24.8
3,2021-05-08,0.60,0.60,24.5,24.9
3,2021-05-09,1.90,1.90,25.1,24.6
3,2021-05-10,0.40,0.40,25.4,24.9
3,2021-05-11,0.00,0.00,27.5,24.7
3,2021-05-12,0.00,0.00,25.5,24.3
3,2021-05-13,0.00,0.00,25.2,24.6
3,2021-05-14,0.70,0.70,28.4,24.3
3,2021-05-15,0.70,0.70,27.4,23.7
3,2021-05-16,0.90,0.90,30.3,23.4
3,2021-05-17,0.20,0.20,27.0,24.3
3,2021-05-18,0.00,0.00,27.9,24.4
3,2021-05-19,0.00,0.00,28.2,24.5
3,2021-05-20,0.00,0.00,25.5,24.7
3,2021-05-21,0.20,0.20,23.7,24.6
3,2021-05-22,0.00,0.00,22.9,25.1
3,2021-05-23,0.40,0.40,14.0,25.1
3,2021-05-24,0.70,0.70,16.5,25.2
3,2021-05-25,1.70,1.70,17.1,25.8
3,2021-05-26,0.50,0.50,18.1,25.8
3,2021-05-27,0.80,0.80,20.0,25.4
3,2021-05-28,0.00,0.00,21.0,25.4
3,2021-05-29,0.00,0.00,15.9,25.2
3,2021-05-30,0.00,0.00,17.6,24.8
3,2021-05-31,0.00,0.00,17.4,26.0
3,2021-06-01,0.00,0.00,20.8,26.5
3,2021-06-02,0.50,0.50,22.3,25.9
3,2021-06-03,2.00,2.00,24.0,25.7
3,2021-06-04,0.40,0.40,26.3,26.1
3,2021-06-05,0.00,0.00,25.9,25.9
3,2021-06-06,0.30,0.30,26.6,25.3
3,2021-06-07,0.00,0.00,24.0,25.6
3,2021-06-08,0.00,0.00,30.6,25.6
3,2021-06-09,0.00,0.00,30.1,25.7
3,2021-06-10,0.20,0.20,31.3,25.6
3,2021-06-11,1.20,1.20,24.2,24.7
3,2021-06-12,0.80,0.80,23.9,25.1
3,2021-06-13,0.10,0.10,24.4,25.0
3,2021-06-14,0.00,0.00,21.4,25.4
3,2021-06-15,0.10,0.10,22.9,25.6
3,2021-06-16,0.00,0.00,24.5,26.0
3,2021-06-17,0.90,0.90,25.9,25.8
3,2021-06-18,0.00,0.00,20.1,26.0
3,2021-06-19,4.60,4.60,17.1,25.2
3,2021-06-20,1.10,1.10,18.7,25.1
3,2021-06-21,0.60,0.60,20.3,25.5
3,2021-06-22,0.00,0.00,19.8,25.8
3,2021-06-23,0.10,0.10,20.9,25.3
3,2021-06-24,0.00,0.00,18.9,25.9
3,2021-06-25,0.40,0.40,14.0,25.9
3,2021-06-26,0.00,0.00,12.8,25.5
3,2021-06-27,0.20,0.20,23.9,25.8
3,2021-06-28,0.00,0.00,20.8,26.0
3,2021-06-29,0.10,0.10,23.7,26.3
3,2021-06-30,0.00,0.00,22.3,26.2
3,2021-07-01,0.00,0.00,28.7,26.1
3,2021-07-02,0.10,0.10,32.1,25.9
3,2021-07-03,0.30,0.30,34.1,25.4
3,2021-07-04,1.70,1.70,30.3,24.9
3,2021-07-05,0.30,0.30,24.4,25.8
3,2021-07-06,0.30,0.30,23.1,25.8
3,2021-07-07,0.20,0.20,21.0,25.4
3,2021-07-08,0.00,0.00,18.7,25.5
3,2021-07-09,0.30,0.30,19.9,26.2
3,2021-07-10,1.20,1.20,25.8,26.0
3,2021-07-11,0.00,0.00,26.8,25.7
3,2021-07-12,0.80,0.80,25.3,25.9
3,2021-07-13,0.60,0.60,22.9,26.0
3,2021-07-14,2.40,2.40,21.5,25.7
3,2021-07-15,0.10,0.10,27.1,26.2
3,2021-07-16,0.00,0.00,30.2,26.3
3,2021-07-17,0.70,0.70,26.1,25.9
3,2021-07-18,1.80,1.80,30.2,25.7
3,2021-07-19,0.30,0.30,30.4,25.8
3,2021-07-20,0.10,0.10,32.7,25.9
3,2021-07-21,1.80,1.80,29.2,25.7
3,2021-07-22,0.10,0.10,32.4,25.9
3,2021-07-23,0.60,0.60,32.5,25.7
3,2021-07-24,0.00,0.00,28.3,26.4
3,2021-07-25,0.20,0.20,29.1,26.7
3,2021-07-26,0.00,0.00,27.1,26.3
3,2021-07-27,0.30,0.30,26.1,26.0
3,2021-07-28,0.40,0.40,23.2,25.9
3,2021-07-29,0.70,0.70,26.4,26.2
3,2021-07-30,0.30,0.30,26.1,26.3
3,2021-07-31,0.00,0.00,33.4,26.3
3,2021-08-01,0.00,0.00,36.9,26.3
3,2021-08-02,0.50,0.50,33.8,26.0
3,2021-08-03,0.00,0.00,29.3,25.7
3,2021-08-04,0.50,0.50,28.9,25.8
3,2021-08-05,1.30,1.30,28.9,25.6
3,2021-08-06,0.20,0.20,31.4,26.3
3,2021-08-07,0.00,0.00,28.3,26.1
3,2021-08-08,0.10,0.10,24.6,26.0
3,2021-08-09,0.00,0.00,18.7,26.3
3,2021-08-10,0.00,0.00,17.2,26.6
3,2021-08-11,0.00,0.00,18.8,26.7
3,2021-08-12,0.00,0.00,21.2,26.4
3,2021-08-13,0.70,0.70,23.8,26.0
3,2021-08-14,0.80,0.80,25.8,25.8
3,2021-08-15,0.00,0.00,22.0,25.9
3,2021-08-16,0.20,0.20,13.3,26.1
3,2021-08-17,3.70,3.70,14.5,25.4
3,2021-08-18,0.90,0.90,18.6,26.2
3,2021-08-19,0.90,0.90,24.7,26.0
3,2021-08-20,0.00,0.00,25.5,26.4
3,2021-08-21,0.20,0.20,26.5,26.1
3,2021-08-22,0.40,0.40,23.3,26.4
3,2021-08-23,23.00,23.00,34.4,25.7
3,2021-08-24,0.30,0.30,31.7,25.7
3,2021-08-25,0.00,0.00,26.3,25.7
3,2021-08-26,0.40,0.40,25.8,25.4
3,2021-08-27,0.00,0.00,23.2,25.7
3,2021-08-28,0.00,0.00,22.7,25.9
3,2021-08-29,0.20,0.20,15.4,25.8
3,2021-08-30,0.00,0.00,16.9,25.9
3,2021-08-31,0.20,0.20,12.9,25.7
3,2021-09-01,0.10,0.10,20.3,26.4
3,2021-09-02,0.00,0.00,24.6,26.8
3,2021-09-03,0.80,0.80,35.2,26.3
3,2021-09-04,1.00,1.00,29.0,25.4
3,2021-09-05,0.40,0.40,22.2,25.6
3,2021-09-06,0.20,0.20,17.3,25.6
3,2021-09-07,0.00,0.00,22.5,26.1
3,2021-09-08,0.20,0.20,23.5,26.0
3,2021-09-09,0.00,0.00,22.6,26.0
3,2021-09-10,0.60,0.60,19.1,25.3
3,2021-09-11,0.20,0.20,21.4,25.7
3,2021-09-12,0.80,0.80,25.0,25.6
3,2021-09-13,0.00,0.00,24.5,25.5
3,2021-09-14,0.80,0.80,22.8,25.3
3,2021-09-15,1.20,1.20,17.3,25.7
3,2021-09-16,0.40,0.40,25.5,26.7
3,2021-09-17,0.20,0.20,31.0,25.9
3,2021-09-18,0.10,0.10,29.7,26.0
3,2021-09-19,0.90,0.90,25.1,25.8
3,2021-09-20,0.00,0.00,25.4,26.1
3,2021-09-21,0.00,0.00,27.3,26.0
3,2021-09-22,0.00,0.00,26.1,25.7
3,2021-09-23,0.20,0.20,26.9,25.9
3,2021-09-24,1.70,1.70,23.4,25.1
3,2021-09-25,1.10,1.10,23.7,25.5
3,2021-09-26,0.50,0.50,29.0,26.0
3,2021-09-27,1.10,1.10,23.9,25.4
3,2021-09-28,0.20,0.20,24.5,25.5
3,2021-09-29,0.00,0.00,20.7,25.8
3,2021-09-30,1.30,1.30,25.5,25.4
3,2021-10-01,0.10,0.10,26.6,25.8
3,2021-10-02,0.90,0.90,21.7,25.4
3,2021-10-03,0.80,0.80,22.9,25.3
3,2021-10-04,0.30,0.30,26.0,25.6
3,2021-10-05,0.00,0.00,24.2,26.0
3,2021-10-06,0.00,0.00,28.5,25.8
3,2021-10-07,0.40,0.40,30.8,25.6
3,2021-10-08,0.20,0.20,33.8,25.7
3,2021-10-09,0.00,0.00,39.4,25.3
3,2021-10-10,0.80,0.80,33.5,25.3
3,2021-10-11,1.20,1.20,29.6,25.4
3,2021-10-12,0.70,0.70,36.8,26.1
3,2021-10-13,0.20,0.20,33.4,25.6
3,2021-10-14,1.80,1.80,28.6,24.9
3,2021-10-15,1.20,1.20,27.4,24.7
3,2021-10-16,3.10,3.10,22.4,24.7
3,2021-10-17,0.10,0.10,28.5,25.0
3,2021-10-18,0.00,0.00,22.7,25.2
3,2021-10-19,0.00,0.00,20.1,24.9
3,2021-10-20,0.00,0.00,19.5,25.0
3,2021-10-21,0.40,0.40,18.3,25.1
3,2021-10-22,0.40,0.40,24.4,25.4
3,2021-10-23,0.00,0.00,25.1,25.5
3,2021-10-24,0.80,0.80,27.4,25.1
3,2021-10-25,0.00,0.00,25.7,25.2
3,2021-10-26,0.20,0.20,19.7,25.6
3,2021-10-27,0.20,0.20,19.7,25.2
3,2021-10-28,1.00,1.00,17.7,25.1
3,2021-10-29,0.60,0.60,15.1,25.3
3,2021-10-30,0.70,0.70,13.8,24.7
3,2021-10-31,0.80,0.80,15.3,24.2
3,2021-11-01,0.20,0.20,19.6,24.6
3,2021-11-02,1.90,1.90,13.5,24.5
3,2021-11-03,0.70,0.70,18.3,25.4
3,2021-11-04,0.40,0.40,24.5,25.5
3,2021-11-05,0.20,0.20,29.5,25.8
3,2021-11-06,0.00,0.00,27.0,25.5
3,2021-11-07,0.00,0.00,24.3,25.1
3,2021-11-08,0.00,0.00,21.4,25.3
3,2021-11-09,0.00,0.00,16.6,25.2
3,2021-11-10,0.00,0.00,15.9,25.0
3,2021-11-11,0.00,0.00,17.5,25.4
3,2021-11-12,0.50,0.50,17.8,25.1
3,2021-11-13,0.20,0.20,15.0,24.8
3,2021-11-14,12.70,12.70,15.1,24.1
3,2021-11-15,1.20,1.20,11.0,24.2
3,2021-11-16,2.60,2.60,12.6,24.8
3,2021-11-17,0.30,0.30,10.7,25.2
3,2021-11-18,0.00,0.00,15.5,25.5
3,2021-11-19,0.00,0.00,19.7,25.4
3,2021-11-20,0.00,0.00,17.5,25.5
3,2021-11-21,0.00,0.00,20.9,25.1
3,2021-11-22,0.50,0.50,22.2,24.9
3,2021-11-23,0.00,0.00,21.0,25.3
3,2021-11-24,0.00,0.00,16.3,24.8
3,2021-11-25,0.00,0.00,21.0,25.0
3,2021-11-26,0.00,0.00,19.6,24.4
3,2021-11-27,0.40,0.40,14.7,23.7
3,2021-11-28,0.40,0.40,25.8,23.8
3,2021-11-29,1.70,1.70,29.9,24.1
3,2021-11-30,2.60,2.60,27.1,24.1
3,2021-12-01,2.70,2.70,21.2,24.7
3,2021-12-02,0.30,0.30,15.5,23.8
3,2021-12-03,0.90,0.90,26.0,22.8
3,2021-12-04,0.30,0.30,21.3,20.8
3,2021-12-05,42.40,42.40,42.7,22.5
3,2021-12-06,55.60,55.60,32.8,22.6
3,2021-12-07,20.60,20.60,28.1,22.6
3,2021-12-08,0.40,0.40,23.8,24.2
3,2021-12-09,0.20,0.20,30.0,24.2
3,2021-12-10,0.00,0.00,28.5,24.1
3,2021-12-11,0.00,0.00,28.0,24.0
3,2021-12-12,0.00,0.00,31.1,23.6
3,2021-12-13,0.10,0.10,26.3,23.8
3,2021-12-14,1.20,1.20,26.3,23.3
3,2021-12-15,1.00,1.00,21.8,23.7
3,2021-12-16,0.60,0.60,20.4,23.4
3,2021-12-17,0.90,0.90,17.2,23.1
3,2021-12-18,0.20,0.20,22.5,23.8
3,2021-12-19,1.20,1.20,27.4,23.2
3,2021-12-20,0.20,0.20,26.9,23.3
3,2021-12-21,2.10,2.10,26.2,22.0
3,2021-12-22,1.30,1.30,27.5,22.8
3,2021-12-23,0.00,0.00,26.8,23.1
3,2021-12-24,0.40,0.40,26.4,22.3
3,2021-12-25,0.20,0.20,24.9,22.6
3,2021-12-26,1.40,1.40,22.8,22.7
3,2021-12-27,0.10,0.10,29.4,23.3
3,2021-12-28,0.00,0.00,31.5,23.3
3,2021-12-29,0.50,0.50,28.0,23.3
3,2021-12-30,2.50,2.50,26.5,22.9
3,2021-12-31,19.90,19.90,20.2,22.5
3,2022-01-01,19.40,19.40,20.7,21.9
3,2022-01-02,15.60,15.60,14.3,21.5
3,2022-01-03,4.70,4.70,17.2,21.8
3,2022-01-04,4.60,4.60,21.4,22.2
3,2022-01-05,2.00,2.00,8.3,22.6
3,2022-01-06,0.10,0.10,11.3,22.7
3,2022-01-07,1.90,1.90,14.4,22.0
3,2022-01-08,1.60,1.60,7.2,22.1
3,2022-01-09,0.00,0.00,14.8,21.7
3,2022-01-10,0.50,0.50,20.2,22.9
3,2022-01-11,0.00,0.00,21.6,22.2
3,2022-01-12,0.60,0.60,12.7,22.9
3,2022-01-13,0.10,0.10,9.4,23.0
3,2022-01-14,1.10,1.10,12.5,22.7
3,2022-01-15,1.90,1.90,13.4,21.8
3,2022-01-16,0.10,0.10,9.1,22.2
3,2022-01-17,0.00,0.00,13.7,22.2
3,2022-01-18,0.00,0.00,12.7,22.2
3,2022-01-19,0.00,0.00,10.6,23.0
3,2022-01-20,0.10,0.10,12.9,22.9
3,2022-01-21,0.00,0.00,17.6,23.4
3,2022-01-22,0.00,0.00,20.3,23.5
3,2022-01-23,0.00,0.00,17.6,23.5
3,2022-01-24,0.00,0.00,20.3,23.1
3,2022-01-25,0.00,0.00,24.0,23.1
3,2022-01-26,0.10,0.10,21.1,23.3
3,2022-01-27,0.00,0.00,10.7,23.0
3,2022-01-28,0.10,0.10,10.6,23.5
3,2022-01-29,0.10,0.10,19.8,23.8
3,2022-01-30,0.30,0.30,20.5,23.8
3,2022-01-31,0.00,0.00,14.8,22.8
3,2022-02-01,0.00,0.00,18.2,23.5
3,2022-02-02,1.00,1.00,12.0,23.7
3,2022-02-03,0.00,0.00,18.4,23.3
3,2022-02-04,0.00,0.00,16.4,23.3
3,2022-02-05,0.30,0.30,18.2,23.3
3,2022-02-06,0.00,0.00,25.1,23.8
3,2022-02-07,0.10,0.10,26.4,23.8
3,2022-02-08,0.00,0.00,19.5,23.7
3,2022-02-09,0.50,0.50,14.8,23.7
3,2022-02-10,0.90,0.90,12.6,22.9
3,2022-02-11,0.00,0.00,13.1,23.3
3,2022-02-12,0.00,0.00,18.4,23.4
3,2022-02-13,0.40,0.40,20.9,22.7
3,2022-02-14,0.30,0.30,16.0,22.2
3,2022-02-15,0.70,0.70,17.6,22.5
3,2022-02-16,1.30,1.30,20.1,22.9
3,2022-02-17,0.70,0.70,21.7,23.2
3,2022-02-18,0.10,0.10,19.0,23.6
3,2022-02-19,0.50,0.50,14.6,23.3
3,2022-02-20,0.00,0.00,23.5,23.1
3,2022-02-21,0.00,0.00,19.4,23.6
3,2022-02-22,0.00,0.00,24.7,24.2
3,2022-02-23,0.00,0.00,28.5,24.4
3,2022-02-24,0.00,0.00,20.3,24.3
3,2022-02-25,0.10,0.10,25.3,24.1
3,2022-02-26,0.00,0.00,22.7,24.2
3,2022-02-27,0.10,0.10,15.5,23.9
3,2022-02-28,0.80,0.80,13.1,23.9
3,2022-03-01,0.60,0.60,11.3,23.6
3,2022-03-02,0.20,0.20,19.7,23.3
3,2022-03-03,0.30,0.30,13.5,23.4
3,2022-03-04,0.00,0.00,16.0,22.6
3,2022-03-05,0.00,0.00,16.1,22.8
3,2022-03-06,0.00,0.00,19.5,23.2
3,2022-03-07,1.00,1.00,16.2,23.1
3,2022-03-08,0.60,0.60,16.8,24.0
3,2022-03-09,0.30,0.30,16.5,24.5
3,2022-03-10,0.60,0.60,19.0,24.8
3,2022-03-11,0.40,0.40,22.5,24.9
3,2022-03-12,0.00,0.00,24.5,24.9
3,2022-03-13,0.20,0.20,23.8,24.8
3,2022-03-14,0.00,0.00,22.0,24.7
3,2022-03-15,0.00,0.00,16.8,24.7
3,2022-03-16,1.40,1.40,14.7,25.3
3,2022-03-17,0.00,0.00,21.5,24.8
3,2022-03-18,0.00,0.00,23.7,24.8
3,2022-03-19,1.20,1.20,26.0,24.9
3,2022-03-20,1.90,1.90,20.5,24.4
3,2022-03-21,1.70,1.70,17.2,23.8
3,2022-03-22,1.00,1.00,23.3,23.6
3,2022-03-23,0.80,0.80,31.6,24.1
3,2022-03-24,0.80,0.80,31.9,24.0
3,2022-03-25,3.20,3.20,28.3,22.9
3,2022-03-26,0.50,0.50,23.2,23.5
3,2022-03-27,1.80,1.80,14.0,23.1
3,2022-03-28,0.10,0.10,15.4,24.3
3,2022-03-29,2.10,2.10,18.9,24.5
3,2022-03-30,2.40,2.40,21.1,24.7
3,2022-03-31,2.00,2.00,26.4,23.9
3,2022-04-01,2.30,2.30,27.8,23.6
3,2022-04-02,0.30,0.30,34.5,23.8
3,2022-04-03,0.00,0.00,31.0,24.4
3,2022-04-04,0.00,0.00,26.4,24.1
3,2022-04-05,0.60,0.60,22.1,24.1
3,2022-04-06,1.40,1.40,23.5,23.5
3,2022-04-07,0.00,0.00,30.2,24.4
3,2022-04-08,0.50,0.50,27.4,24.2
3,2022-04-09,0.80,0.80,25.7,24.2
3,2022-04-10,0.10,0.10,23.7,24.9
3,2022-04-11,0.30,0.30,27.3,24.9
3,2022-04-12,0.00,0.00,22.2,25.0
3,2022-04-13,0.10,0.10,24.6,24.9
3,2022-04-14,0.40,0.40,27.9,24.5
3,2022-04-15,0.30,0.30,27.4,24.1
3,2022-04-16,0.90,0.90,26.9,23.3
3,2022-04-17,1.80,1.80,28.3,23.5
3,2022-04-18,0.20,0.20,25.2,23.7
3,2022-04-19,3.70,3.70,28.7,22.9
3,2022-04-20,2.50,2.50,26.1,23.2
3,2022-04-21,1.10,1.10,28.0,23.6
3,2022-04-22,0.80,0.80,25.1,24.4
3,2022-04-23,0.60,0.60,28.3,24.1
3,2022-04-24,0.00,0.00,28.0,24.3
3,2022-04-25,0.20,0.20,26.9,24.6
3,2022-04-26,0.70,0.70,26.1,24.4
3,2022-04-27,1.20,1.20,23.4,24.2
3,2022-04-28,0.50,0.50,23.6,24.9
3,2022-04-29,0.00,0.00,28.0,24.7
3,2022-04-30,1.10,1.10,27.7,24.5
3,2022-05-01,2.80,2.80,30.8,23.9
3,2022-05-02,2.10,2.10,27.7,23.9
3,2022-05-03,1.50,1.50,27.2,23.7
3,2022-05-04,0.40,0.40,27.6,24.0
3,2022-05-05,0.10,0.10,29.6,24.4
3,2022-05-06,0.00,0.00,27.8,24.4
3,2022-05-07,0.00,0.00,29.6,24.4
3,2022-05-08,0.10,0.10,29.1,24.9
3,2022-05-09,0.00,0.00,29.3,25.0
3,2022-05-10,0.00,0.00,25.6,24.7
3,2022-05-11,0.10,0.10,27.2,24.7
3,2022-05-12,0.00,0.00,29.4,24.9
3,2022-05-13,0.10,0.10,27.7,25.1
3,2022-05-14,0.00,0.00,23.3,24.6
3,2022-05-15,1.70,1.70,19.6,24.7
3,2022-05-16,4.20,4.20,13.5,24.5
3,2022-05-17,3.40,3.40,17.4,24.5
3,2022-05-18,9.80,9.80,25.6,24.5
3,2022-05-19,5.40,5.40,19.1,24.8
3,2022-05-20,3.50,3.50,10.9,24.9
3,2022-05-21,0.00,0.00,19.0,25.7
3,2022-05-22,0.00,0.00,23.1,25.0
3,2022-05-23,0.00,0.00,22.7,25.0
3,2022-05-24,0.20,0.20,17.9,24.8
3,2022-05-25,0.00,0.00,21.1,24.5
3,2022-05-26,0.00,0.00,20.2,24.8
3,2022-05-27,0.20,0.20,23.5,24.9
3,2022-05-28,0.10,0.10,23.5,25.1
3,2022-05-29,1.50,1.50,17.4,25.3
3,2022-05-30,0.10,0.10,20.9,25.5
3,2022-05-31,0.10,0.10,22.6,25.6
3,2022-06-01,0.00,0.00,21.9,25.6
3,2022-06-02,0.00,0.00,21.0,25.4
3,2022-06-03,0.00,0.00,20.0,25.3
3,2022-06-04,0.00,0.00,17.4,25.4
3,2022-06-05,0.30,0.30,16.3,25.5
3,2022-06-06,0.20,0.20,19.8,26.1
3,2022-06-07,0.50,0.50,23.5,26.1
3,2022-06-08,0.20,0.20,21.3,26.1
3,2022-06-09,0.30,0.30,20.0,25.8
3,2022-06-10,0.10,0.10,23.4,25.8
3,2022-06-11,0.10,0.10,26.9,26.0
3,2022-06-12,0.30,0.30,28.3,25.8
3,2022-06-13,0.00,0.00,29.5,25.9
3,2022-06-14,0.00,0.00,29.7,25.6
3,2022-06-15,2.60,2.60,23.6,25.4
3,2022-06-16,1.90,1.90,26.7,25.1
3,2022-06-17,1.70,1.70,22.3,25.6
3,2022-06-18,0.00,0.00,26.1,26.0
3,2022-06-19,0.70,0.70,21.7,26.0
3,2022-06-20,3.10,3.10,24.8,25.5
3,2022-06-21,0.60,0.60,22.9,25.5
3,2022-06-22,1.40,1.40,22.9,25.4
3,2022-06-23,0.00,0.00,22.3,25.4
3,2022-06-24,1.50,1.50,18.2,24.9
3,2022-06-25,0.90,0.90,17.5,25.3
3,2022-06-26,0.00,0.00,16.8,26.1
3,2022-06-27,0.50,0.50,21.4,25.7
3,2022-06-28,0.00,0.00,26.4,25.9
3,2022-06-29,0.30,0.30,28.0,25.6
3,2022-06-30,0.30,0.30,30.1,26.2
3,2022-07-01,1.30,1.30,35.4,25.9
3,2022-07-02,0.00,0.00,32.7,25.9
3,2022-07-03,1.40,1.40,29.8,25.4
3,2022-07-04,0.80,0.80,33.3,25.2
3,2022-07-05,1.40,1.40,31.1,25.0
3,2022-07-06,0.70,0.70,27.6,25.3
3,2022-07-07,0.10,0.10,27.5,25.1
3,2022-07-08,0.50,0.50,28.1,25.0
3,2022-07-09,0.40,0.40,28.5,25.9
3,2022-07-10,1.20,1.20,29.5,25.8
3,2022-07-11,0.80,0.80,25.3,25.6
3,2022-07-12,2.00,2.00,25.6,25.5
3,2022-07-13,0.80,0.80,29.0,25.9
3,2022-07-14,1.90,1.90,26.6,25.5
3,2022-07-15,1.60,1.60,25.1,25.7
3,2022-07-16,0.20,0.20,31.1,26.0
3,2022-07-17,0.00,0.00,30.2,26.4
3,2022-07-18,0.40,0.40,30.5,25.9
3,2022-07-19,0.60,0.60,28.0,25.5
3,2022-07-20,0.70,0.70,24.3,25.5
3,2022-07-21,0.90,0.90,26.4,25.5
3,2022-07-22,0.10,0.10,23.1,26.1
3,2022-07-23,0.00,0.00,22.3,26.0
3,2022-07-24,0.00,0.00,21.9,26.1
3,2022-07-25,0.00,0.00,25.3,26.0
3,2022-07-26,0.40,0.40,28.5,25.9
3,2022-07-27,0.00,0.00,22.9,26.3
3,2022-07-28,0.00,0.00,17.0,26.6
3,2022-07-29,0.00,0.00,19.7,26.6
3,2022-07-30,0.00,0.00,28.4,27.0
3,2022-07-31,0.00,0.00,30.8,26.4
3,2022-08-01,1.60,1.60,28.0,25.4
3,2022-08-02,0.00,0.00,25.0,26.0
3,2022-08-03,1.30,1.30,20.9,25.7
3,2022-08-04,1.60,1.60,15.0,25.9
3,2022-08-05,1.20,1.20,12.1,26.2
3,2022-08-06,0.20,0.20,11.9,27.0
3,2022-08-07,0.10,0.10,22.9,27.4
3,2022-08-08,0.00,0.00,27.4,27.0
3,2022-08-09,0.00,0.00,29.1,26.9
3,2022-08-10,0.00,0.00,32.6,27.0
3,2022-08-11,0.10,0.10,30.0,26.6
3,2022-08-12,0.20,0.20,24.5,26.2
3,2022-08-13,1.00,1.00,26.1,26.4
3,2022-08-14,0.00,0.00,23.0,26.7
3,2022-08-15,0.00,0.00,18.0,26.7
3,2022-08-16,0.00,0.00,19.0,26.6
3,2022-08-17,1.70,1.70,17.2,27.0
3,2022-08-18,1.00,1.00,19.5,27.2
3,2022-08-19,0.00,0.00,22.8,27.2
3,2022-08-20,0.10,0.10,24.2,26.6
3,2022-08-21,0.00,0.00,23.5,26.7
3,2022-08-22,0.60,0.60,21.1,26.1
3,2022-08-23,1.20,1.20,14.2,26.1
3,2022-08-24,1.30,1.30,13.2,26.8
3,2022-08-25,1.00,1.00,17.3,27.1
3,2022-08-26,2.30,2.30,21.1,27.0
3,2022-08-27,0.00,0.00,31.0,26.8
3,2022-08-28,0.10,0.10,19.7,26.3
3,2022-08-29,1.30,1.30,18.0,26.7
3,2022-08-30,0.10,0.10,16.1,26.7
3,2022-08-31,0.10,0.10,21.7,26.1
3,2022-09-01,0.10,0.10,22.2,26.7
3,2022-09-02,0.90,0.90,22.9,26.2
3,2022-09-03,1.10,1.10,21.1,26.0
3,2022-09-04,0.00,0.00,23.0,26.9
3,2022-09-05,0.80,0.80,22.2,26.8
3,2022-09-06,0.60,0.60,24.4,26.8
3,2022-09-07,0.10,0.10,23.7,27.2
3,2022-09-08,1.30,1.30,19.0,26.4
3,2022-09-09,1.80,1.80,20.1,25.7
3,2022-09-10,1.20,1.20,17.0,26.8
3,2022-09-11,0.90,0.90,15.7,26.8
3,2022-09-12,0.20,0.20,21.6,26.8
3,2022-09-13,0.80,0.80,21.7,26.6
3,2022-09-14,0.00,0.00,18.1,27.1
3,2022-09-15,0.00,0.00,15.3,26.9
3,2022-09-16,2.40,2.40,13.6,26.3
3,2022-09-17,0.10,0.10,17.7,26.8
3,2022-09-18,2.60,2.60,22.5,26.5
3,2022-09-19,0.80,0.80,26.2,26.3
3,2022-09-20,0.30,0.30,24.2,27.1
3,2022-09-21,0.40,0.40,20.8,26.5
3,2022-09-22,2.40,2.40,18.2,26.7
3,2022-09-23,0.50,0.50,17.0,26.8
3,2022-09-24,0.60,0.60,14.8,27.3
3,2022-09-25,3.20,3.20,17.1,26.4
3,2022-09-26,0.00,0.00,21.7,26.8
3,2022-09-27,0.10,0.10,23.1,26.7
3,2022-09-28,0.00,0.00,23.3,26.9
3,2022-09-29,0.10,0.10,23.1,26.9
3,2022-09-30,0.00,0.00,20.2,26.9
3,2022-10-01,0.20,0.20,17.1,26.9
3,2022-10-02,1.50,1.50,21.9,25.6
3,2022-10-03,0.00,0.00,21.8,26.3
3,2022-10-04,1.30,1.30,21.3,25.6
3,2022-10-05,0.00,0.00,18.8,26.1
3,2022-10-06,0.00,0.00,17.7,25.9
3,2022-10-07,0.00,0.00,17.4,26.5
3,2022-10-08,3.70,3.70,18.0,25.5
3,2022-10-09,0.10,0.10,21.5,25.9
3,2022-10-10,0.40,0.40,15.6,26.5
3,2022-10-11,2.90,2.90,9.3,25.8
3,2022-10-12,4.00,4.00,12.4,25.8
3,2022-10-13,4.90,4.90,10.8,26.0
3,2022-10-14,1.50,1.50,17.2,25.9
3,2022-10-15,0.00,0.00,22.8,25.6
3,2022-10-16,0.00,0.00,17.9,25.8
3,2022-10-17,0.00,0.00,12.6,26.4
3,2022-10-18,0.30,0.30,15.6,25.4
3,2022-10-19,10.60,10.60,22.4,24.7
3,2022-10-20,2.10,2.10,20.5,24.3
3,2022-10-21,0.30,0.30,17.2,26.1
3,2022-10-22,0.00,0.00,25.6,26.8
3,2022-10-23,0.60,0.60,24.8,26.3
3,2022-10-24,0.40,0.40,27.7,26.3
3,2022-10-25,0.70,0.70,26.8,26.6
3,2022-10-26,1.80,1.80,27.7,25.7
3,2022-10-27,0.70,0.70,21.4,25.6
3,2022-10-28,1.50,1.50,19.4,25.0
3,2022-10-29,0.60,0.60,21.9,26.1
3,2022-10-30,0.20,0.20,23.2,26.1
3,2022-10-31,0.30,0.30,26.0,26.0
3,2022-11-01,0.00,0.00,24.0,26.0
3,2022-11-02,0.60,0.60,23.3,26.0
3,2022-11-03,0.80,0.80,23.1,26.2
3,2022-11-04,0.10,0.10,19.8,26.7
3,2022-11-05,0.00,0.00,26.3,26.5
3,2022-11-06,0.00,0.00,26.6,26.3
3,2022-11-07,0.00,0.00,25.9,26.3
3,2022-11-08,0.20,0.20,27.2,25.9
3,2022-11-09,0.50,0.50,25.0,25.4
3,2022-11-10,0.30,0.30,23.5,24.7
3,2022-11-11,0.50,0.50,26.6,24.3
3,2022-11-12,2.00,2.00,26.2,24.4
3,2022-11-13,0.40,0.40,24.8,24.5
3,2022-11-14,0.00,0.00,21.9,24.8
3,2022-11-15,0.10,0.10,22.8,24.6
3,2022-11-16,0.00,0.00,21.4,24.9
3,2022-11-17,0.40,0.40,16.8,25.1
3,2022-11-18,0.00,0.00,23.2,24.8
3,2022-11-19,0.40,0.40,26.7,25.2
3,2022-11-20,0.20,0.20,31.1,25.3
3,2022-11-21,0.00,0.00,32.5,25.5
3,2022-11-22,0.10,0.10,27.4,25.1
3,2022-11-23,0.30,0.30,21.6,24.3
3,2022-11-24,2.40,2.40,36.2,22.8
3,2022-11-25,0.10,0.10,29.5,22.7
3,2022-11-26,0.00,0.00,15.3,23.1
3,2022-11-27,2.40,2.40,17.9,22.9
3,2022-11-28,5.30,5.30,7.2,23.1
3,2022-11-29,3.70,3.70,11.4,24.8
3,2022-11-30,0.00,0.00,17.8,24.6
3,2022-12-01,0.00,0.00,20.7,23.7
3,2022-12-02,0.50,0.50,18.1,23.9
3,2022-12-03,0.00,0.00,21.0,24.9
3,2022-12-04,1.30,1.30,21.4,24.7
3,2022-12-05,1.00,1.00,17.6,24.2
3,2022-12-06,0.60,0.60,16.3,25.2
3,2022-12-07,0.20,0.20,32.7,25.2
3,2022-12-08,0.10,0.10,35.4,25.0
3,2022-12-09,0.00,0.00,36.0,24.8
3,2022-12-10,0.00,0.00,32.6,24.5
3,2022-12-11,0.50,0.50,31.1,24.4
3,2022-12-12,1.10,1.10,33.9,23.7
3,2022-12-13,0.70,0.70,27.7,24.2
3,2022-12-14,0.10,0.10,21.3,24.6
3,2022-12-15,0.20,0.20,15.6,23.4
3,2022-12-16,7.40,7.40,12.8,23.1
3,2022-12-17,1.30,1.30,10.2,22.7
3,2022-12-18,29.90,29.90,25.5,21.5
3,2022-12-19,18.00,18.00,33.2,20.3
3,2022-12-20,0.70,0.70,32.4,22.8
3,2022-12-21,0.00,0.00,18.3,23.1
3,2022-12-22,0.10,0.10,16.3,22.3
3,2022-12-23,0.00,0.00,16.4,23.3
3,2022-12-24,0.30,0.30,21.4,23.7
3,2022-12-25,0.00,0.00,15.8,23.8
3,2022-12-26,0.20,0.20,15.5,23.7
3,2022-12-27,0.00,0.00,24.7,24.5
3,2022-12-28,0.10,0.10,20.2,24.0
3,2022-12-29,1.30,1.30,15.9,22.9
3,2022-12-30,0.00,0.00,18.0,23.6
3,2022-12-31,0.30,0.30,15.6,23.8
3,2023-01-01,0.30,0.30,14.8,23.6
3,2023-01-02,0.10,0.10,18.0,24.2
3,2023-01-03,0.00,0.00,12.5,23.6
3,2023-01-04,1.80,1.80,15.8,23.0
3,2023-01-05,0.00,0.00,12.7,23.8
3,2023-01-06,0.10,0.10,16.2,24.2
3,2023-01-07,0.00,0.00,17.5,23.7
3,2023-01-08,0.00,0.00,15.9,23.0
3,2023-01-09,0.00,0.00,15.9,23.5
3,2023-01-10,0.00,0.00,17.9,23.7
3,2023-01-11,0.00,0.00,21.7,22.9
3,2023-01-12,0.00,0.00,17.3,22.7
3,2023-01-13,0.00,0.00,10.0,22.6
3,2023-01-14,0.00,0.00,15.4,23.3
3,2023-01-15,0.20,0.20,23.0,24.2
3,2023-01-16,0.00,0.00,12.0,24.3
3,2023-01-17,0.00,0.00,17.4,23.3
3,2023-01-18,0.10,0.10,16.2,23.6
3,2023-01-19,0.70,0.70,9.7,23.8
3,2023-01-20,2.10,2.10,25.7,24.2
3,2023-01-21,0.40,0.40,23.8,24.5
3,2023-01-22,0.00,0.00,16.7,23.8
3,2023-01-23,0.60,0.60,12.8,24.0
3,2023-01-24,0.90,0.90,12.3,23.6
3,2023-01-25,1.70,1.70,20.5,22.7
3,2023-01-26,0.00,0.00,23.7,22.2
3,2023-01-27,0.00,0.00,28.0,22.1
3,2023-01-28,4.10,4.10,25.8,21.5
3,2023-01-29,4.20,4.20,28.4,20.8
3,2023-01-30,8.00,8.00,22.5,21.9
3,2023-01-31,1.40,1.40,13.6,23.0
3,2023-02-01,0.10,0.10,10.7,22.7
3,2023-02-02,0.40,0.40,11.4,23.4
3,2023-02-03,2.00,2.00,21.7,22.7
3,2023-02-04,4.00,4.00,24.3,22.6
3,2023-02-05,1.20,1.20,28.1,23.4
3,2023-02-06,0.00,0.00,27.9,23.9
3,2023-02-07,0.60,0.60,29.4,24.0
3,2023-02-08,0.00,0.00,40.4,23.4
3,2023-02-09,0.10,0.10,39.8,23.4
3,2023-02-10,0.00,0.00,39.9,23.7
3,2023-02-11,0.00,0.00,33.4,23.5
3,2023-02-12,0.60,0.60,31.6,22.6
3,2023-02-13,0.20,0.20,27.8,22.9
3,2023-02-14,1.00,1.00,24.8,22.6
3,2023-02-15,4.70,4.70,15.1,22.1
3,2023-02-16,12.00,12.00,22.6,22.9
3,2023-02-17,28.50,28.50,13.4,21.5
3,2023-02-18,12.50,12.50,19.8,22.4
3,2023-02-19,5.30,5.30,18.8,23.1
3,2023-02-20,12.50,12.50,15.6,22.8
3,2023-02-21,1.70,1.70,26.8,23.5
3,2023-02-22,1.00,1.00,28.3,23.5
3,2023-02-23,0.70,0.70,31.2,23.4
3,2023-02-24,1.30,1.30,31.4,22.5
3,2023-02-25,0.10,0.10,32.2,22.4
3,2023-02-26,0.30,0.30,30.6,22.5
3,2023-02-27,0.60,0.60,36.9,22.5
3,2023-02-28,0.70,0.70,35.7,22.4
3,2023-03-01,1.70,1.70,39.6,22.2
3,2023-03-02,0.60,0.60,34.5,21.9
3,2023-03-03,1.40,1.40,23.8,21.9
3,2023-03-04,1.10,1.10,19.1,22.2
3,2023-03-05,2.50,2.50,13.3,22.1
3,2023-03-06,8.60,8.60,26.0,22.6
3,2023-03-07,1.10,1.10,31.8,22.7
3,2023-03-08,7.80,7.80,45.3,22.5
3,2023-03-09,0.00,0.00,24.5,22.2
3,2023-03-10,0.00,0.00,19.7,21.6
3,2023-03-11,0.10,0.10,18.4,21.0
3,2023-03-12,1.60,1.60,27.4,23.5
3,2023-03-13,0.00,0.00,15.8,23.3
3,2023-03-14,8.00,8.00,22.5,23.6
3,2023-03-15,2.00,2.00,20.7,24.3
3,2023-03-16,1.30,1.30,16.3,24.0
3,2023-03-17,0.10,0.10,15.0,24.4
3,2023-03-18,3.60,3.60,14.5,23.7
3,2023-03-19,0.20,0.20,16.2,24.1
3,2023-03-20,0.30,0.30,16.7,24.4
3,2023-03-21,2.90,2.90,24.5,24.6
3,2023-03-22,2.60,2.60,16.6,24.4
3,2023-03-23,2.30,2.30,18.2,23.5
3,2023-03-24,0.80,0.80,13.5,23.9
3,2023-03-25,0.30,0.30,23.4,24.3
3,2023-03-26,0.40,0.40,16.7,24.1
3,2023-03-27,1.30,1.30,13.5,23.9
3,2023-03-28,13.10,13.10,22.0,23.4
3,2023-03-29,8.70,8.70,26.0,23.7
3,2023-03-30,2.40,2.40,16.3,24.2
3,2023-03-31,5.00,5.00,11.9,23.8
3,2023-04-01,4.20,4.20,13.4,23.6
3,2023-04-02,7.50,7.50,21.8,22.8
3,2023-04-03,0.70,0.70,23.7,23.3
3,2023-04-04,1.00,1.00,25.1,23.0
3,2023-04-05,0.00,0.00,29.1,23.8
3,2023-04-06,0.10,0.10,30.1,23.7
3,2023-04-07,0.40,0.40,25.9,23.3
3,2023-04-08,0.30,0.30,25.0,23.2
3,2023-04-09,1.90,1.90,25.6,22.7
3,2023-04-10,1.20,1.20,28.3,23.1
3,2023-04-11,0.10,0.10,28.2,23.5
3,2023-04-12,0.20,0.20,28.6,23.9
3,2023-04-13,1.40,1.40,28.8,23.6
3,2023-04-14,0.90,0.90,21.7,23.1
3,2023-04-15,0.70,0.70,21.4,23.2
3,2023-04-16,1.80,1.80,17.5,24.0
3,2023-04-17,1.50,1.50,14.1,24.0
3,2023-04-18,8.00,8.00,30.6,23.6
3,2023-04-19,32.80,32.80,34.8,24.1
3,2023-04-20,0.90,0.90,8.9,23.9
3,2023-04-21,0.80,0.80,15.5,24.7
3,2023-04-22,1.50,1.50,15.6,24.5
3,2023-04-23,1.70,1.70,15.5,23.9
3,2023-04-24,4.80,4.80,13.4,23.5
3,2023-04-25,12.20,12.20,20.8,23.3
3,2023-04-26,2.00,2.00,16.3,23.6
3,2023-04-27,2.00,2.00,12.0,23.0
3,2023-04-28,4.30,4.30,12.7,23.7
3,2023-04-29,1.20,1.20,21.8,23.8
3,2023-04-30,0.50,0.50,23.5,24.0
3,2023-05-01,0.50,0.50,13.9,24.6
3,2023-05-02,5.20,5.20,15.1,22.8
3,2023-05-03,0.80,0.80,23.9,24.1
3,2023-05-04,0.20,0.20,30.7,24.3
3,2023-05-05,0.90,0.90,28.4,24.0
3,2023-05-06,0.10,0.10,29.0,24.1
3,2023-05-07,0.00,0.00,25.3,24.0
3,2023-05-08,0.30,0.30,29.6,24.4
3,2023-05-09,1.00,1.00,26.6,24.2
3,2023-05-10,0.30,0.30,20.3,23.7
3,2023-05-11,3.00,3.00,15.9,23.8
3,2023-05-12,1.70,1.70,9.4,23.7
3,2023-05-13,2.20,2.20,18.2,23.5
3,2023-05-14,0.00,0.00,21.9,23.1
3,2023-05-15,0.10,0.10,18.4,23.1
3,2023-05-16,0.40,0.40,14.9,23.7
3,2023-05-17,0.90,0.90,18.0,24.2
3,2023-05-18,9.30,9.30,13.3,23.5
3,2023-05-19,3.20,3.20,16.7,24.2
3,2023-05-20,0.90,0.90,12.1,25.2
3,2023-05-21,0.50,0.50,21.3,25.2
3,2023-05-22,0.70,0.70,26.1,24.8
3,2023-05-23,0.00,0.00,25.4,25.0
3,2023-05-24,0.30,0.30,26.4,25.0
3,2023-05-25,3.30,3.30,24.3,24.1
3,2023-05-26,1.30,1.30,23.7,24.2
3,2023-05-27,0.00,0.00,16.6,24.7
3,2023-05-28,1.40,1.40,15.4,24.3
3,2023-05-29,0.50,0.50,21.7,24.8
3,2023-05-30,1.10,1.10,21.0,25.0
3,2023-05-31,2.20,2.20,20.8,25.1
3,2023-06-01,2.50,2.50,24.3,25.1
3,2023-06-02,0.00,0.00,21.2,25.1
3,2023-06-03,0.80,0.80,17.3,24.4
3,2023-06-04,1.30,1.30,15.9,25.0
3,2023-06-05,0.00,0.00,18.6,25.4
3,2023-06-06,0.00,0.00,19.9,25.5
3,2023-06-07,0.00,0.00,19.5,25.8
3,2023-06-08,0.40,0.40,20.3,25.7
3,2023-06-09,0.00,0.00,25.8,26.0
3,2023-06-10,0.00,0.00,26.5,26.1
3,2023-06-11,0.00,0.00,26.3,26.4
3,2023-06-12,0.20,0.20,25.2,26.2
3,2023-06-13,1.60,1.60,27.3,25.7
3,2023-06-14,0.90,0.90,24.4,25.4
3,2023-06-15,1.30,1.30,23.0,24.9
3,2023-06-16,1.60,1.60,25.1,25.5
3,2023-06-17,1.20,1.20,20.6,25.6
3,2023-06-18,0.10,0.10,21.7,25.8
3,2023-06-19,0.10,0.10,16.9,25.9
3,2023-06-20,1.90,1.90,17.8,25.9
3,2023-06-21,1.30,1.30,22.2,26.0
3,2023-06-22,1.00,1.00,27.0,25.7
3,2023-06-23,1.30,1.30,28.3,25.8
3,2023-06-24,0.90,0.90,28.1,25.5
3,2023-06-25,0.40,0.40,30.4,25.6
3,2023-06-26,0.70,0.70,28.4,25.6
3,2023-06-27,0.10,0.10,26.0,26.3
3,2023-06-28,1.10,1.10,25.1,25.4
3,2023-06-29,0.70,0.70,21.7,25.6
3,2023-06-30,1.10,1.10,19.6,25.3
3,2023-07-01,0.50,0.50,19.2,25.2
3,2023-07-02,0.00,0.00,21.9,25.8
3,2023-07-03,0.40,0.40,25.8,26.4
3,2023-07-04,0.00,0.00,25.1,26.3
3,2023-07-05,0.30,0.30,23.7,26.0
3,2023-07-06,0.00,0.00,21.3,25.9
3,2023-07-07,0.80,0.80,25.5,25.8
3,2023-07-08,0.50,0.50,26.9,25.8
3,2023-07-09,0.10,0.10,28.7,25.8
3,2023-07-10,1.20,1.20,22.0,25.5
3,2023-07-11,0.70,0.70,29.1,25.8
3,2023-07-12,0.00,0.00,25.4,26.7
3,2023-07-13,0.00,0.00,24.4,26.4
3,2023-07-14,0.00,0.00,21.6,26.3
3,2023-07-15,1.10,1.10,21.3,25.1
3,2023-07-16,0.10,0.10,21.5,25.8
3,2023-07-17,0.00,0.00,23.2,26.7
3,2023-07-18,0.00,0.00,33.8,26.1
3,2023-07-19,6.00,6.00,35.6,25.8
3,2023-07-20,0.30,0.30,27.2,26.3
3,2023-07-21,0.10,0.10,26.2,26.4
3,2023-07-22,0.90,0.90,21.7,26.7
3,2023-07-23,1.30,1.30,25.7,26.5
3,2023-07-24,0.00,0.00,26.9,26.5
3,2023-07-25,0.00,0.00,27.7,26.5
3,2023-07-26,0.10,0.10,26.3,26.5
3,2023-07-27,0.20,0.20,22.3,26.6
3,2023-07-28,0.30,0.30,28.1,26.3
3,2023-07-29,0.20,0.20,23.7,26.4
3,2023-07-30,0.00,0.00,22.9,26.7
3,2023-07-31,0.30,0.30,25.8,26.7
3,2023-08-01,0.20,0.20,30.0,26.5
3,2023-08-02,0.30,0.30,27.5,26.3
3,2023-08-03,0.40,0.40,23.7,25.9
3,2023-08-04,0.60,0.60,21.3,25.4
3,2023-08-05,1.00,1.00,19.2,25.6
3,2023-08-06,0.10,0.10,23.4,26.6
3,2023-08-07,0.20,0.20,35.0,27.0
3,2023-08-08,0.00,0.00,37.4,27.2
3,2023-08-09,0.10,0.10,33.0,26.7
3,2023-08-10,0.10,0.10,24.5,26.8
3,2023-08-11,0.00,0.00,22.1,26.6
3,2023-08-12,0.00,0.00,20.7,26.6
3,2023-08-13,0.00,0.00,20.0,26.4
3,2023-08-14,0.00,0.00,22.4,26.2
3,2023-08-15,1.80,1.80,22.0,26.3
3,2023-08-16,2.30,2.30,26.5,26.3
3,2023-08-17,0.00,0.00,24.1,26.7
3,2023-08-18,0.00,0.00,20.0,26.4
3,2023-08-19,0.00,0.00,20.2,26.4
3,2023-08-20,0.00,0.00,20.6,26.4
3,2023-08-21,0.70,0.70,24.3,26.7
3,2023-08-22,0.00,0.00,27.8,27.3
3,2023-08-23,0.00,0.00,24.3,26.8
3,2023-08-24,0.40,0.40,23.9,26.5
3,2023-08-25,2.40,2.40,22.6,26.3
3,2023-08-26,0.80,0.80,22.6,26.5
3,2023-08-27,1.00,1.00,20.7,26.3
3,2023-08-28,1.00,1.00,24.5,26.4
3,2023-08-29,0.50,0.50,24.9,26.6
3,2023-08-30,0.50,0.50,28.8,26.9
3,2023-08-31,0.40,0.40,31.0,26.6
3,2023-09-01,1.60,1.60,26.8,26.4
3,2023-09-02,0.90,0.90,26.4,26.5
3,2023-09-03,1.60,1.60,21.9,26.0
3,2023-09-04,0.30,0.30,16.7,26.2
3,2023-09-05,0.40,0.40,16.3,26.6
3,2023-09-06,0.00,0.00,19.7,26.7
3,2023-09-07,0.00,0.00,19.0,26.8
3,2023-09-08,0.00,0.00,21.3,26.6
3,2023-09-09,2.70,2.70,22.7,26.0
3,2023-09-10,1.50,1.50,27.6,26.1
3,2023-09-11,0.00,0.00,25.7,26.4
3,2023-09-12,0.60,0.60,23.2,26.6
3,2023-09-13,1.60,1.60,20.6,26.5
3,2023-09-14,1.60,1.60,20.8,26.1
3,2023-09-15,0.60,0.60,21.3,26.7
3,2023-09-16,0.50,0.50,25.9,26.9
3,2023-09-17,0.60,0.60,22.3,26.2
3,2023-09-18,1.10,1.10,25.4,26.3
3,2023-09-19,0.00,0.00,24.2,26.5
3,2023-09-20,0.00,0.00,22.7,26.6
3,2023-09-21,0.70,0.70,28.2,26.1
3,2023-09-22,0.00,0.00,27.1,26.5
3,2023-09-23,0.10,0.10,26.2,26.2
3,2023-09-24,0.60,0.60,25.8,26.1
3,2023-09-25,0.00,0.00,24.2,26.3
3,2023-09-26,0.40,0.40,25.6,26.3
3,2023-09-27,0.40,0.40,29.1,26.0
3,2023-09-28,0.40,0.40,20.1,26.6
3,2023-09-29,1.60,1.60,23.3,26.9
3,2023-09-30,0.40,0.40,27.4,26.9
3,2023-10-01,0.00,0.00,26.9,26.6
3,2023-10-02,0.40,0.40,14.4,26.3
3,2023-10-03,1.00,1.00,18.1,25.6
3,2023-10-04,0.00,0.00,15.1,25.2
3,2023-10-05,1.80,1.80,12.5,26.0
3,2023-10-06,1.30,1.30,13.4,26.1
3,2023-10-07,0.20,0.20,20.9,26.0
3,2023-10-08,0.00,0.00,21.8,25.9
3,2023-10-09,0.00,0.00,24.0,25.9
3,2023-10-10,0.00,0.00,19.1,26.2
3,2023-10-11,0.00,0.00,17.8,25.9
3,2023-10-12,0.00,0.00,19.1,26.5
3,2023-10-13,0.00,0.00,17.4,26.1
3,2023-10-14,0.20,0.20,16.4,26.1
3,2023-10-15,0.40,0.40,14.8,26.6
3,2023-10-16,0.30,0.30,16.1,26.7
3,2023-10-17,3.10,3.10,15.2,25.8
3,2023-10-18,0.20,0.20,18.5,25.7
3,2023-10-19,1.40,1.40,18.6,25.4
3,2023-10-20,1.50,1.50,8.7,25.5
3,2023-10-21,1.20,1.20,15.6,25.4
3,2023-10-22,2.80,2.80,15.5,25.3
3,2023-10-23,1.80,1.80,23.8,25.6
3,2023-10-24,0.40,0.40,19.8,26.0
3,2023-10-25,0.00,0.00,17.2,25.2
3,2023-10-26,0.00,0.00,15.5,24.9
3,2023-10-27,0.10,0.10,10.9,25.4
3,2023-10-28,0.10,0.10,17.3,25.6
3,2023-10-29,0.00,0.00,16.0,25.9
3,2023-10-30,0.00,0.00,16.3,26.1
3,2023-10-31,0.00,0.00,15.0,25.2
3,2023-11-01,0.00,0.00,16.5,25.0
3,2023-11-02,0.00,0.00,16.9,25.7
3,2023-11-03,0.00,0.00,19.7,25.9
3,2023-11-04,0.40,0.40,26.3,25.9
3,2023-11-05,0.00,0.00,33.0,26.4
3,2023-11-06,0.80,0.80,32.1,26.2
3,2023-11-07,1.60,1.60,30.0,25.7
3,2023-11-08,0.30,0.30,16.8,26.4
3,2023-11-09,0.30,0.30,30.2,26.5
3,2023-11-10,1.60,1.60,26.9,26.2
3,2023-11-11,0.00,0.00,26.9,25.7
3,2023-11-12,0.10,0.10,32.4,25.5
3,2023-11-13,0.00,0.00,29.8,25.7
3,2023-11-14,0.90,0.90,35.2,24.7
3,2023-11-15,0.40,0.40,31.7,24.3
3,2023-11-16,0.20,0.20,27.2,24.4
3,2023-11-17,0.10,0.10,25.0,24.8
3,2023-11-18,0.30,0.30,16.3,23.7
3,2023-11-19,5.80,5.80,28.6,24.1
3,2023-11-20,10.40,10.40,21.7,22.5
3,2023-11-21,1.70,1.70,23.5,23.9
3,2023-11-22,1.90,1.90,15.2,24.3
3,2023-11-23,0.00,0.00,17.3,24.9
3,2023-11-24,0.00,0.00,13.4,24.7
3,2023-11-25,0.00,0.00,16.2,24.8
3,2023-11-26,0.00,0.00,20.5,24.4
3,2023-11-27,1.90,1.90,21.6,24.2
3,2023-11-28,5.20,5.20,18.2,23.4
3,2023-11-29,26.40,26.40,14.1,22.8
3,2023-11-30,0.90,0.90,21.1,24.0
3,2023-12-01,12.70,12.70,13.0,22.9
3,2023-12-02,0.30,0.30,14.7,23.7
3,2023-12-03,0.60,0.60,15.0,24.4
3,2023-12-04,0.00,0.00,20.6,24.1
3,2023-12-05,1.70,1.70,29.1,24.1
3,2023-12-06,0.20,0.20,28.7,24.5
3,2023-12-07,2.00,2.00,20.0,23.5
3,2023-12-08,0.60,0.60,11.1,22.7
3,2023-12-09,0.00,0.00,15.5,23.0
3,2023-12-10,0.00,0.00,23.9,25.2
3,2023-12-11,0.10,0.10,21.7,25.5
3,2023-12-12,1.30,1.30,25.0,24.0
3,2023-12-13,4.60,4.60,26.9,22.4
3,2023-12-14,0.80,0.80,31.6,21.8
3,2023-12-15,0.20,0.20,30.6,21.7
3,2023-12-16,0.00,0.00,24.5,21.9
3,2023-12-17,0.10,0.10,24.5,21.9
3,2023-12-18,1.80,1.80,26.3,21.9
3,2023-12-19,1.30,1.30,32.7,22.8
3,2023-12-20,4.00,4.00,25.2,22.2
3,2023-12-21,0.20,0.20,30.9,23.8
3,2023-12-22,0.70,0.70,26.0,23.4
3,2023-12-23,0.30,0.30,29.3,23.3
3,2023-12-24,0.00,0.00,20.7,23.2
3,2023-12-25,0.00,0.00,14.0,22.8
3,2023-12-26,0.00,0.00,16.9,22.7
3,2023-12-27,0.60,0.60,12.0,21.6
3,2023-12-28,0.50,0.50,21.9,21.1
3,2023-12-29,0.10,0.10,18.5,22.4
3,2023-12-30,0.00,0.00,19.5,22.7
3,2023-12-31,0.00,0.00,12.6,22.2
3,2024-01-01,0.60,0.60,23.6,22.5
3,2024-01-02,0.60,0.60,23.9,24.0
3,2024-01-03,1.40,1.40,19.9,23.3
3,2024-01-04,0.20,0.20,13.3,23.3
3,2024-01-05,0.30,0.30,19.3,23.1
3,2024-01-06,0.00,0.00,13.1,22.9
3,2024-01-07,1.90,1.90,14.8,22.7
3,2024-01-08,46.40,46.40,33.4,22.1
3,2024-01-09,16.50,16.50,29.8,22.3
3,2024-01-10,0.00,0.00,18.9,21.9
3,2024-01-11,2.00,2.00,33.9,20.4
3,2024-01-12,0.00,0.00,21.5,19.4
3,2024-01-13,0.00,0.00,18.1,19.6
3,2024-01-14,0.00,0.00,15.0,19.6
3,2024-01-15,0.00,0.00,18.4,20.7
3,2024-01-16,4.70,4.70,34.0,23.6
3,2024-01-17,0.10,0.10,21.0,23.1
3,2024-01-18,0.50,0.50,16.1,21.6
3,2024-01-19,0.30,0.30,16.6,22.2
3,2024-01-20,0.20,0.20,17.2,23.2
3,2024-01-21,0.90,0.90,13.8,22.6
3,2024-01-22,1.80,1.80,21.6,23.7
3,2024-01-23,3.20,3.20,22.6,23.7
3,2024-01-24,6.80,6.80,31.1,23.9
3,2024-01-25,5.20,5.20,18.2,23.3
3,2024-01-26,3.70,3.70,19.2,22.2
3,2024-01-27,7.70,7.70,29.6,23.1
3,2024-01-28,10.90,10.90,27.3,23.4
3,2024-01-29,14.60,14.60,29.9,23.3
3,2024-01-30,10.40,10.40,17.7,22.8
3,2024-01-31,0.00,0.00,10.0,21.9
3,2024-02-01,2.40,2.40,12.4,22.2
3,2024-02-02,0.30,0.30,31.0,21.4
3,2024-02-03,0.00,0.00,33.9,20.9
3,2024-02-04,0.10,0.10,36.9,22.1
3,2024-02-05,0.40,0.40,35.2,22.6
3,2024-02-06,0.00,0.00,32.9,23.1
3,2024-02-07,0.00,0.00,31.8,23.1
3,2024-02-08,0.00,0.00,23.1,23.5
3,2024-02-09,1.90,1.90,19.0,22.8
3,2024-02-10,2.20,2.20,10.2,22.1
3,2024-02-11,0.90,0.90,16.8,21.4
3,2024-02-12,0.10,0.10,21.0,21.4
3,2024-02-13,0.80,0.80,15.5,21.4
3,2024-02-14,2.80,2.80,24.3,22.5
3,2024-02-15,1.70,1.70,21.4,21.7
3,2024-02-16,0.00,0.00,24.0,20.6
3,2024-02-17,0.00,0.00,25.0,21.0
3,2024-02-18,0.00,0.00,31.0,21.4
3,2024-02-19,0.00,0.00,22.7,22.0
3,2024-02-20,0.20,0.20,13.4,22.5
3,2024-02-21,2.20,2.20,24.3,22.8
3,2024-02-22,0.30,0.30,22.4,23.3
3,2024-02-23,0.70,0.70,23.4,23.3
3,2024-02-24,1.50,1.50,28.0,22.5
3,2024-02-25,0.00,0.00,28.8,22.4
3,2024-02-26,1.00,1.00,31.2,22.3
3,2024-02-27,0.30,0.30,30.1,22.7
3,2024-02-28,0.70,0.70,26.2,22.2
3,2024-02-29,0.90,0.90,26.9,22.9
3,2024-03-01,0.30,0.30,26.1,23.0
3,2024-03-02,0.00,0.00,26.9,23.0
3,2024-03-03,0.00,0.00,23.4,23.2
3,2024-03-04,0.80,0.80,27.8,23.2
3,2024-03-05,0.80,0.80,31.7,22.6
3,2024-03-06,2.40,2.40,31.3,21.5
3,2024-03-07,0.90,0.90,29.3,22.2
3,2024-03-08,0.20,0.20,33.8,22.4
3,2024-03-09,0.00,0.00,32.9,22.9
3,2024-03-10,0.20,0.20,30.8,23.0
3,2024-03-11,0.10,0.10,28.5,22.9
3,2024-03-12,2.40,2.40,20.0,23.6
3,2024-03-13,9.10,9.10,11.9,22.8
3,2024-03-14,0.10,0.10,22.7,22.2
3,2024-03-15,0.80,0.80,20.6,21.2
3,2024-03-16,0.20,0.20,19.9,21.3
3,2024-03-17,0.00,0.00,20.6,22.2
3,2024-03-18,0.20,0.20,19.0,22.7
3,2024-03-19,0.00,0.00,20.4,22.2
3,2024-03-20,0.20,0.20,22.9,22.3
3,2024-03-21,0.00,0.00,25.4,22.6
3,2024-03-22,0.00,0.00,28.5,22.6
3,2024-03-23,0.30,0.30,31.8,22.9
3,2024-03-24,0.00,0.00,28.8,23.5
3,2024-03-25,1.30,1.30,22.6,24.1
3,2024-03-26,0.10,0.10,24.4,23.8
3,2024-03-27,0.30,0.30,29.5,23.6
3,2024-03-28,0.10,0.10,34.3,23.7
3,2024-03-29,0.00,0.00,29.0,23.8
3,2024-03-30,0.80,0.80,25.2,23.1
3,2024-03-31,0.20,0.20,22.6,23.7
3,2024-04-01,2.80,2.80,26.1,23.2
3,2024-04-02,0.70,0.70,29.6,23.6
3,2024-04-03,0.20,0.20,34.8,23.7
3,2024-04-04,1.10,1.10,35.4,23.6
3,2024-04-05,2.70,2.70,35.7,22.5
3,2024-04-06,2.50,2.50,34.8,22.5
3,2024-04-07,1.70,1.70,31.6,22.7
3,2024-04-08,0.00,0.00,24.4,23.4
3,2024-04-09,0.80,0.80,23.9,23.2
3,2024-04-10,1.10,1.10,16.7,23.9
3,2024-04-11,4.50,4.50,15.5,24.1
3,2024-04-12,5.90,5.90,16.5,24.7
3,2024-04-13,4.70,4.70,20.2,24.5
3,2024-04-14,25.00,25.00,27.2,22.7
3,2024-04-15,0.20,0.20,24.3,23.1
3,2024-04-16,2.90,2.90,10.5,21.6
3,2024-04-17,0.60,0.60,17.2,22.5
3,2024-04-18,0.60,0.60,20.4,22.7
3,2024-04-19,1.00,1.00,27.6,23.0
3,2024-04-20,0.50,0.50,23.7,22.9
3,2024-04-21,0.80,0.80,26.7,22.7
3,2024-04-22,0.60,0.60,26.1,23.5
3,2024-04-23,0.90,0.90,29.8,23.6
3,2024-04-24,3.20,3.20,29.4,23.2
3,2024-04-25,0.70,0.70,30.3,23.7
3,2024-04-26,0.80,0.80,30.1,23.9
3,2024-04-27,1.60,1.60,27.9,23.7
3,2024-04-28,0.80,0.80,17.3,24.8
3,2024-04-29,0.30,0.30,21.4,24.5
3,2024-04-30,2.70,2.70,14.9,24.6
3,2024-05-01,0.00,0.00,22.9,24.7
3,2024-05-02,0.10,0.10,26.0,24.3
3,2024-05-03,1.40,1.40,29.2,23.9
3,2024-05-04,2.40,2.40,30.1,23.9
3,2024-05-05,0.00,0.00,29.5,24.1
3,2024-05-06,1.00,1.00,27.0,23.7
3,2024-05-07,0.00,0.00,21.4,24.1
3,2024-05-08,1.90,1.90,14.8,24.3
3,2024-05-09,3.50,3.50,13.8,23.7
3,2024-05-10,7.00,7.00,16.5,22.7
3,2024-05-11,1.10,1.10,14.3,22.8
3,2024-05-12,1.60,1.60,14.2,23.3
3,2024-05-13,13.20,13.20,14.3,24.2
3,2024-05-14,12.00,12.00,13.7,23.6
3,2024-05-15,10.40,10.40,22.7,23.9
3,2024-05-16,47.30,47.30,25.1,22.9
3,2024-05-17,29.30,29.30,19.6,24.1
3,2024-05-18,18.10,18.10,18.6,24.0
3,2024-05-19,2.10,2.10,14.8,24.5
3,2024-05-20,2.30,2.30,21.0,24.6
3,2024-05-21,0.70,0.70,18.9,24.8
3,2024-05-22,3.60,3.60,20.6,24.8
3,2024-05-23,1.60,1.60,26.7,24.9
3,2024-05-24,0.00,0.00,26.6,24.5
3,2024-05-25,0.40,0.40,24.6,24.4
3,2024-05-26,0.40,0.40,24.5,24.2
3,2024-05-27,0.70,0.70,23.9,24.3
3,2024-05-28,1.80,1.80,26.5,24.8
3,2024-05-29,0.90,0.90,23.5,24.7
3,2024-05-30,0.00,0.00,26.8,24.6
3,2024-05-31,0.30,0.30,26.7,24.3
3,2024-06-01,0.00,0.00,28.3,24.3
3,2024-06-02,0.20,0.20,27.4,24.4
3,2024-06-03,1.80,1.80,29.4,24.8
3,2024-06-04,0.10,0.10,27.8,24.9
3,2024-06-05,0.20,0.20,20.2,25.3
3,2024-06-06,0.00,0.00,17.3,25.3
3,2024-06-07,0.00,0.00,18.1,25.4
3,2024-06-08,0.00,0.00,21.3,25.3
3,2024-06-09,0.00,0.00,24.9,25.1
3,2024-06-10,0.10,0.10,26.6,25.2
3,2024-06-11,0.10,0.10,25.3,25.1
3,2024-06-12,1.60,1.60,24.5,25.0
3,2024-06-13,0.40,0.40,25.5,25.1
3,2024-06-14,0.20,0.20,25.2,25.3
3,2024-06-15,0.00,0.00,26.0,25.3
3,2024-06-16,0.20,0.20,23.6,25.0
3,2024-06-17,0.40,0.40,26.6,24.8
3,2024-06-18,0.60,0.60,27.7,25.0
3,2024-06-19,0.20,0.20,28.2,25.2
3,2024-06-20,0.40,0.40,30.1,24.8
3,2024-06-21,1.70,1.70,30.8,25.3
3,2024-06-22,0.50,0.50,29.8,24.9
3,2024-06-23,0.00,0.00,28.0,25.4
3,2024-06-24,0.00,0.00,30.1,25.1
3,2024-06-25,0.80,0.80,27.7,24.9
3,2024-06-26,0.60,0.60,21.6,25.0
3,2024-06-27,0.60,0.60,22.3,25.1
3,2024-06-28,1.30,1.30,21.4,24.4
3,2024-06-29,0.50,0.50,18.2,25.5
3,2024-06-30,0.00,0.00,20.9,25.5
3,2024-07-01,0.20,0.20,24.9,25.5
3,2024-07-02,1.20,1.20,21.6,25.4
3,2024-07-03,0.20,0.20,20.9,25.4
3,2024-07-04,0.70,0.70,25.0,25.4
3,2024-07-05,0.50,0.50,24.6,25.5
3,2024-07-06,0.00,0.00,20.1,25.3
3,2024-07-07,0.00,0.00,22.5,25.1
3,2024-07-08,0.40,0.40,21.3,25.4
3,2024-07-09,0.60,0.60,28.2,25.8
3,2024-07-10,0.20,0.20,31.0,25.4
3,2024-07-11,3.00,3.00,30.1,25.3
3,2024-07-12,0.30,0.30,30.8,25.8
3,2024-07-13,0.10,0.10,31.2,25.8
3,2024-07-14,0.20,0.20,27.7,25.8
3,2024-07-15,0.20,0.20,27.9,25.4
3,2024-07-16,0.20,0.20,28.5,25.4
3,2024-07-17,0.10,0.10,22.7,25.5
3,2024-07-18,0.10,0.10,19.7,25.5
3,2024-07-19,0.70,0.70,19.7,25.5
3,2024-07-20,0.60,0.60,19.8,26.4
3,2024-07-21,1.20,1.20,22.8,26.4
3,2024-07-22,0.20,0.20,26.7,26.2
3,2024-07-23,0.70,0.70,27.3,26.2
3,2024-07-24,0.80,0.80,30.8,26.6
3,2024-07-25,0.00,0.00,31.4,26.3
3,2024-07-26,0.40,0.40,31.7,25.1
3,2024-07-27,1.70,1.70,28.5,24.9
3,2024-07-28,0.50,0.50,26.1,25.8
3,2024-07-29,0.00,0.00,23.7,26.1
3,2024-07-30,0.90,0.90,23.3,25.5
3,2024-07-31,0.10,0.10,21.7,25.6
3,2024-08-01,1.60,1.60,18.8,25.5
3,2024-08-02,2.10,2.10,17.6,25.9
3,2024-08-03,1.10,1.10,21.5,26.2
3,2024-08-04,0.10,0.10,24.7,26.2
3,2024-08-05,0.20,0.20,25.9,26.4
3,2024-08-06,0.00,0.00,24.2,26.5
3,2024-08-07,0.00,0.00,26.9,26.4
3,2024-08-08,0.20,0.20,21.3,26.2
3,2024-08-09,0.10,0.10,21.7,26.1
3,2024-08-10,1.00,1.00,24.6,26.3
3,2024-08-11,0.50,0.50,24.3,26.4
3,2024-08-12,1.00,1.00,23.7,26.1
3,2024-08-13,0.80,0.80,27.0,26.3
3,2024-08-14,0.40,0.40,20.9,26.1
3,2024-08-15,0.00,0.00,20.5,26.6
3,2024-08-16,0.00,0.00,28.1,27.0
3,2024-08-17,0.30,0.30,27.2,26.5
3,2024-08-18,0.30,0.30,24.3,26.4
3,2024-08-19,1.00,1.00,23.8,26.3
3,2024-08-20,0.30,0.30,24.0,26.6
3,2024-08-21,0.00,0.00,28.0,26.6
3,2024-08-22,0.00,0.00,29.4,26.3
3,2024-08-23,1.40,1.40,30.6,26.5
3,2024-08-24,0.00,0.00,35.9,26.6
3,2024-08-25,13.50,13.50,39.0,25.3
3,2024-08-26,4.40,4.40,27.4,25.7
3,2024-08-27,0.10,0.10,21.7,26.0
3,2024-08-28,1.70,1.70,20.5,25.7
3,2024-08-29,1.00,1.00,23.2,26.3
3,2024-08-30,11.80,11.80,20.7,26.2
3,2024-08-31,3.30,3.30,13.5,27.0
3,2024-09-01,0.30,0.30,25.3,27.1
3,2024-09-02,0.00,0.00,27.7,26.8
3,2024-09-03,0.30,0.30,25.8,26.5
3,2024-09-04,0.00,0.00,20.7,26.2
3,2024-09-05,0.00,0.00,19.0,26.7
3,2024-09-06,0.00,0.00,19.2,26.8
3,2024-09-07,0.30,0.30,21.9,25.9
3,2024-09-08,0.00,0.00,17.2,25.7
3,2024-09-09,0.40,0.40,10.4,25.8
3,2024-09-10,2.30,2.30,13.4,25.5
3,2024-09-11,0.00,0.00,14.4,26.2
3,2024-09-12,0.00,0.00,21.2,27.0
3,2024-09-13,0.40,0.40,25.1,26.7
3,2024-09-14,0.00,0.00,25.6,26.5
3,2024-09-15,0.10,0.10,24.9,26.5
3,2024-09-16,0.20,0.20,29.5,27.0
3,2024-09-17,0.40,0.40,22.7,26.8
3,2024-09-18,0.00,0.00,27.9,26.9
3,2024-09-19,0.00,0.00,25.6,26.7
3,2024-09-20,0.60,0.60,23.0,26.0
3,2024-09-21,3.00,3.00,23.5,25.4
3,2024-09-22,2.60,2.60,19.5,25.9
3,2024-09-23,0.20,0.20,19.8,26.5
3,2024-09-24,0.00,0.00,22.9,26.7
3,2024-09-25,0.00,0.00,24.2,26.3
3,2024-09-26,0.10,0.10,21.1,26.3
3,2024-09-27,0.10,0.10,20.9,26.2
3,2024-09-28,0.00,0.00,24.0,26.5
3,2024-09-29,0.50,0.50,18.6,26.0
3,2024-09-30,1.60,1.60,18.6,26.1
3,2024-10-01,0.50,0.50,20.5,26.4
3,2024-10-02,0.30,0.30,21.3,26.4
3,2024-10-03,0.90,0.90,18.9,25.9
3,2024-10-04,1.10,1.10,19.0,25.3
3,2024-10-05,2.60,2.60,18.3,25.8
3,2024-10-06,0.90,0.90,24.4,26.1
3,2024-10-07,0.00,0.00,22.4,25.8
3,2024-10-08,0.20,0.20,22.4,25.8
3,2024-10-09,0.00,0.00,25.1,26.0
3,2024-10-10,2.80,2.80,16.5,26.3
3,2024-10-11,0.00,0.00,19.0,26.5
3,2024-10-12,0.00,0.00,18.8,26.0
3,2024-10-13,1.10,1.10,23.0,25.8
3,2024-10-14,4.60,4.60,26.5,25.9
3,2024-10-15,0.00,0.00,27.7,26.3
3,2024-10-16,0.00,0.00,32.0,26.2
3,2024-10-17,0.10,0.10,21.8,26.3
3,2024-10-18,0.40,0.40,18.8,26.8
3,2024-10-19,0.50,0.50,23.1,26.0
3,2024-10-20,0.00,0.00,25.3,26.2
3,2024-10-21,0.00,0.00,17.5,26.3
3,2024-10-22,0.00,0.00,12.9,26.0
3,2024-10-23,0.30,0.30,14.4,26.5
3,2024-10-24,0.40,0.40,17.4,26.2
3,2024-10-25,0.10,0.10,16.7,26.2
3,2024-10-26,3.40,3.40,23.6,25.5
3,2024-10-27,2.90,2.90,23.0,24.9
3,2024-10-28,1.90,1.90,26.2,25.9
3,2024-10-29,0.60,0.60,30.3,25.7
3,2024-10-30,1.40,1.40,29.5,25.3
3,2024-10-31,1.10,1.10,29.0,25.9
3,2024-11-01,1.30,1.30,26.3,25.3
3,2024-11-02,0.10,0.10,21.2,25.6
3,2024-11-03,0.50,0.50,21.4,25.4
3,2024-11-04,0.90,0.90,24.8,26.0
3,2024-11-05,2.70,2.70,15.2,26.0
3,2024-11-06,4.90,4.90,25.5,24.6
3,2024-11-07,2.80,2.80,32.1,24.2
3,2024-11-08,2.50,2.50,28.2,24.2
3,2024-11-09,0.40,0.40,26.1,24.9
3,2024-11-10,0.10,0.10,26.7,25.5
3,2024-11-11,0.10,0.10,26.8,25.4
3,2024-11-12,0.20,0.20,25.9,25.2
3,2024-11-13,1.80,1.80,25.5,24.9
3,2024-11-14,1.10,1.10,32.3,25.0
3,2024-11-15,0.00,0.00,30.2,25.4
3,2024-11-16,0.60,0.60,29.7,25.2
3,2024-11-17,0.40,0.40,28.2,24.8
3,2024-11-18,0.00,0.00,24.9,25.0
3,2024-11-19,0.00,0.00,23.4,25.0
3,2024-11-20,0.00,0.00,20.6,24.4
3,2024-11-21,0.00,0.00,19.6,24.0
3,2024-11-22,0.00,0.00,12.3,23.4
3,2024-11-23,0.00,0.00,13.9,23.0
3,2024-11-24,0.00,0.00,12.7,22.9
3,2024-11-25,0.00,0.00,13.6,23.9
3,2024-11-26,0.20,0.20,11.3,23.8
3,2024-11-27,0.00,0.00,18.7,24.1
3,2024-11-28,0.00,0.00,19.4,24.3
3,2024-11-29,0.20,0.20,19.3,24.2
3,2024-11-30,0.00,0.00,13.0,24.1
3,2024-12-01,0.00,0.00,15.9,23.6
3,2024-12-02,0.00,0.00,14.1,23.5
3,2024-12-03,0.20,0.20,15.7,23.4
3,2024-12-04,0.50,0.50,14.7,23.3
3,2024-12-05,0.30,0.30,17.7,24.7
3,2024-12-06,10.70,10.70,11.0,23.4
3,2024-12-07,0.00,0.00,10.3,24.1
3,2024-12-08,0.00,0.00,15.1,23.7
3,2024-12-09,0.00,0.00,20.2,24.8
3,2024-12-10,0.00,0.00,26.8,24.7
3,2024-12-11,0.00,0.00,32.5,24.9
3,2024-12-12,0.00,0.00,29.0,25.1
3,2024-12-13,0.00,0.00,26.9,25.0
3,2024-12-14,0.00,0.00,22.5,24.8
3,2024-12-15,0.00,0.00,22.8,24.6
3,2024-12-16,0.00,0.00,14.8,23.9
3,2024-12-17,0.00,0.00,15.0,22.8
3,2024-12-18,0.60,0.60,14.3,23.8
3,2024-12-19,0.70,0.70,15.4,23.6
3,2024-12-20,0.90,0.90,13.1,23.9
3,2024-12-21,0.20,0.20,14.3,23.4
3,2024-12-22,0.30,0.30,13.8,23.6
3,2024-12-23,0.00,0.00,28.1,24.5
3,2024-12-24,0.00,0.00,17.1,25.0
3,2024-12-25,0.20,0.20,22.0,24.4
3,2024-12-26,0.00,0.00,11.3,23.8
3,2024-12-27,0.20,0.20,12.7,24.0
3,2024-12-28,0.70,0.70,18.4,23.5
3,2024-12-29,2.10,2.10,20.0,23.0
3,2024-12-30,0.00,0.00,24.1,24.0
3,2024-12-31,0.00,0.00,21.8,24.6
3,2025-01-01,0.30,0.30,20.9,24.0
3,2025-01-02,0.00,0.00,19.0,24.3
3,2025-01-03,0.00,0.00,14.6,24.1
3,2025-01-04,0.00,0.00,16.9,22.9
3,2025-01-05,3.10,3.10,20.4,23.7
3,2025-01-06,1.20,1.20,17.4,24.0
3,2025-01-07,8.10,8.10,24.7,23.9
3,2025-01-08,0.80,0.80,16.6,24.0
3,2025-01-09,1.00,1.00,16.0,23.3
3,2025-01-10,0.60,0.60,19.5,23.4
3,2025-01-11,0.30,0.30,23.7,23.5
3,2025-01-12,1.30,1.30,20.5,23.4
3,2025-01-13,0.10,0.10,20.4,23.8
3,2025-01-14,0.10,0.10,20.0,23.5
3,2025-01-15,0.00,0.00,15.0,23.7
3,2025-01-16,0.00,0.00,17.9,23.0
3,2025-01-17,4.20,4.20,11.6,22.2
3,2025-01-18,0.00,0.00,19.0,22.6
3,2025-01-19,0.00,0.00,20.5,23.1
3,2025-01-20,0.00,0.00,19.5,22.6
3,2025-01-21,0.10,0.10,17.4,22.6
3,2025-01-22,0.90,0.90,13.3,21.2
3,2025-01-23,0.00,0.00,16.3,20.1
3,2025-01-24,0.00,0.00,13.0,21.4
3,2025-01-25,0.90,0.90,18.1,23.2
3,2025-01-26,2.40,2.40,15.0,22.9
3,2025-01-27,2.60,2.60,18.5,21.9
3,2025-01-28,0.00,0.00,17.6,20.8
3,2025-01-29,1.70,1.70,23.4,22.2
3,2025-01-30,75.20,75.20,35.5,22.8
3,2025-01-31,1.10,1.10,28.4,23.5
3,2025-02-01,0.10,0.10,10.9,21.8
3,2025-02-02,0.00,0.00,15.9,20.8
3,2025-02-03,0.00,0.00,15.8,21.5
3,2025-02-04,0.00,0.00,16.6,21.2
3,2025-02-05,0.40,0.40,9.4,21.1
3,2025-02-06,3.60,3.60,10.8,21.0
3,2025-02-07,0.00,0.00,15.1,22.5
3,2025-02-08,0.00,0.00,13.2,22.3
3,2025-02-09,0.10,0.10,11.3,23.4
3,2025-02-10,0.10,0.10,9.1,23.2
3,2025-02-11,0.10,0.10,10.8,22.7
3,2025-02-12,0.00,0.00,14.3,22.9
3,2025-02-13,0.70,0.70,15.3,22.4
3,2025-02-14,4.10,4.10,12.2,23.0
3,2025-02-15,0.00,0.00,15.5,23.4
3,2025-02-16,0.90,0.90,13.3,24.1
3,2025-02-17,22.30,22.30,15.9,22.9
3,2025-02-18,0.20,0.20,14.6,23.3
3,2025-02-19,1.00,1.00,12.6,23.1
3,2025-02-20,0.00,0.00,17.6,23.4
3,2025-02-21,0.40,0.40,11.8,23.5
3,2025-02-22,0.40,0.40,11.5,22.3
3,2025-02-23,0.30,0.30,17.6,23.4
3,2025-02-24,0.30,0.30,15.3,23.7
3,2025-02-25,0.10,0.10,18.0,23.2
3,2025-02-26,4.20,4.20,20.2,23.7
3,2025-02-27,0.50,0.50,17.8,24.2
3,2025-02-28,2.50,2.50,15.7,23.8
3,2025-03-01,0.00,0.00,12.3,24.0
3,2025-03-02,0.00,0.00,18.1,23.3
3,2025-03-03,0.00,0.00,24.8,24.7
3,2025-03-04,1.80,1.80,30.3,23.9
3,2025-03-05,0.20,0.20,28.8,24.4
3,2025-03-06,0.10,0.10,24.5,24.4
3,2025-03-07,1.60,1.60,26.6,23.2
3,2025-03-08,2.30,2.30,26.6,22.6
3,2025-03-09,0.60,0.60,22.7,23.1
3,2025-03-10,2.20,2.20,26.4,22.9
3,2025-03-11,0.10,0.10,29.6,23.1
3,2025-03-12,0.00,0.00,28.4,23.6
3,2025-03-13,0.00,0.00,28.4,24.3
3,2025-03-14,2.30,2.30,24.8,23.9
3,2025-03-15,2.30,2.30,11.2,23.0
3,2025-03-16,2.00,2.00,12.6,23.4
3,2025-03-17,3.60,3.60,14.8,23.7
3,2025-03-18,1.80,1.80,15.7,23.7
3,2025-03-19,1.50,1.50,22.9,23.9
3,2025-03-20,0.00,0.00,21.5,24.3
3,2025-03-21,0.30,0.30,21.9,24.2
3,2025-03-22,1.30,1.30,16.2,24.6
3,2025-03-23,0.00,0.00,13.4,24.0
3,2025-03-24,0.10,0.10,13.8,23.9
3,2025-03-25,0.30,0.30,17.1,24.3
3,2025-03-26,1.10,1.10,15.2,24.1
3,2025-03-27,4.00,4.00,17.5,24.3
3,2025-03-28,4.60,4.60,13.5,23.9
3,2025-03-29,0.00,0.00,16.3,24.4
3,2025-03-30,0.30,0.30,15.1,23.8
3,2025-03-31,3.50,3.50,20.4,24.1
3,2025-04-01,0.70,0.70,21.2,25.2
3,2025-04-02,0.20,0.20,18.6,24.3
3,2025-04-03,2.10,2.10,14.0,24.2
3,2025-04-04,0.50,0.50,17.1,23.9
3,2025-04-05,0.60,0.60,23.9,24.8
3,2025-04-06,0.40,0.40,24.3,25.1
3,2025-04-07,0.10,0.10,22.2,25.1
3,2025-04-08,0.10,0.10,20.4,24.0
3,2025-04-09,2.40,2.40,22.0,23.0
3,2025-04-10,3.30,3.30,24.1,23.7
3,2025-04-11,2.70,2.70,28.2,23.8
3,2025-04-12,1.50,1.50,21.3,24.1
3,2025-04-13,3.80,3.80,22.1,24.0
3,2025-04-14,0.40,0.40,23.5,24.6
3,2025-04-15,1.80,1.80,21.2,24.1
3,2025-04-16,1.90,1.90,14.1,23.9
3,2025-04-17,1.30,1.30,10.6,23.2
3,2025-04-18,7.20,7.20,13.3,21.9
3,2025-04-19,3.60,3.60,20.3,23.6
3,2025-04-20,2.30,2.30,18.6,23.7
3,2025-04-21,2.90,2.90,16.0,24.1
3,2025-04-22,1.80,1.80,14.1,23.7
3,2025-04-23,4.40,4.40,20.3,24.2
3,2025-04-24,3.00,3.00,13.3,25.0
3,2025-04-25,2.70,2.70,11.8,24.4
3,2025-04-26,3.70,3.70,11.5,24.1
3,2025-04-27,8.20,8.20,8.7,23.5
3,2025-04-28,7.00,7.00,10.1,23.0
3,2025-04-29,3.10,3.10,10.1,22.6
3,2025-04-30,0.90,0.90,16.6,23.8
3,2025-05-01,0.00,0.00,22.5,24.7
3,2025-05-02,0.10,0.10,23.0,24.9
3,2025-05-03,0.90,0.90,22.1,24.9
3,2025-05-04,0.10,0.10,20.8,25.5
3,2025-05-05,0.00,0.00,24.6,25.1
3,2025-05-06,1.80,1.80,24.0,24.6
3,2025-05-07,0.80,0.80,24.0,24.6
3,2025-05-08,2.00,2.00,23.1,24.7
3,2025-05-09,0.00,0.00,22.2,25.5
3,2025-05-10,0.20,0.20,26.6,25.2
3,2025-05-11,1.30,1.30,25.5,25.0
3,2025-05-12,2.20,2.20,23.9,24.8
3,2025-05-13,1.60,1.60,24.4,25.3
3,2025-05-14,1.70,1.70,23.1,24.8
3,2025-05-15,1.70,1.70,23.3,24.7
3,2025-05-16,5.60,5.60,24.4,24.5
3,2025-05-17,1.00,1.00,18.0,25.2
3,2025-05-18,0.30,0.30,19.5,25.4
3,2025-05-19,3.60,3.60,19.7,24.9
3,2025-05-20,3.00,3.00,22.6,24.4
3,2025-05-21,2.30,2.30,22.6,24.6
3,2025-05-22,2.60,2.60,21.8,24.5
3,2025-05-23,1.20,1.20,20.9,24.7
3,2025-05-24,1.70,1.70,22.8,24.6
3,2025-05-25,0.10,0.10,21.9,25.0
3,2025-05-26,0.00,0.00,17.8,25.8
3,2025-05-27,0.00,0.00,18.6,25.7
3,2025-05-28,0.00,0.00,18.0,25.7
3,2025-05-29,0.00,0.00,18.7,25.1
3,2025-05-30,0.50,0.50,20.1,25.0
3,2025-05-31,0.30,0.30,20.8,25.5
3,2025-06-01,2.00,2.00,13.5,25.9
3,2025-06-02,1.80,1.80,20.6,25.8
3,2025-06-03,0.00,0.00,26.3,25.8
3,2025-06-04,0.00,0.00,24.2,26.1
3,2025-06-05,0.60,0.60,22.0,25.0
3,2025-06-06,0.00,0.00,17.6,25.6
3,2025-06-07,0.00,0.00,19.6,25.6
3,2025-06-08,0.00,0.00,17.7,25.9
3,2025-06-09,2.40,2.40,18.8,25.4
3,2025-06-10,0.20,0.20,20.5,26.2
3,2025-06-11,0.00,0.00,22.7,26.5
3,2025-06-12,0.10,0.10,20.4,26.0
3,2025-06-13,0.00,0.00,21.7,25.9
3,2025-06-14,0.60,0.60,24.4,25.4
3,2025-06-15,0.00,0.00,25.7,26.2
3,2025-06-16,1.40,1.40,25.3,25.6
3,2025-06-17,1.00,1.00,26.6,25.4
3,2025-06-18,1.00,1.00,24.4,25.6
3,2025-06-19,1.00,1.00,21.9,25.5
3,2025-06-20,0.70,0.70,18.3,26.1
3,2025-06-21,0.00,0.00,24.0,26.5
3,2025-06-22,0.00,0.00,28.9,26.2
3,2025-06-23,0.00,0.00,27.0,26.0
3,2025-06-24,1.20,1.20,22.1,25.7
3,2025-06-25,1.20,1.20,20.1,25.6
3,2025-06-26,0.60,0.60,19.7,26.2
3,2025-06-27,0.60,0.60,21.9,26.2
3,2025-06-28,0.00,0.00,22.6,26.4
3,2025-06-29,0.50,0.50,17.3,26.0
3,2025-06-30,2.10,2.10,15.9,26.1
3,2025-07-01,0.00,0.00,20.6,26.2
3,2025-07-02,2.20,2.20,17.9,25.6
3,2025-07-03,0.00,0.00,20.7,26.4
3,2025-07-04,0.50,0.50,25.3,25.3
3,2025-07-05,0.00,0.00,25.5,26.1
3,2025-07-06,0.00,0.00,25.6,26.3
3,2025-07-07,0.60,0.60,26.4,25.8
3,2025-07-08,0.10,0.10,29.2,25.6
3,2025-07-09,2.90,2.90,25.1,25.6
3,2025-07-10,2.10,2.10,25.2,25.3
3,2025-07-11,1.60,1.60,23.1,25.2
3,2025-07-12,2.50,2.50,21.6,25.4
3,2025-07-13,0.00,0.00,19.6,26.2
3,2025-07-14,0.60,0.60,20.6,26.2
3,2025-07-15,0.20,0.20,23.2,26.2
3,2025-07-16,0.00,0.00,26.7,26.1
3,2025-07-17,0.00,0.00,20.0,26.1
3,2025-07-18,4.20,4.20,18.6,25.8
3,2025-07-19,2.90,2.90,19.1,25.8
3,2025-07-20,0.30,0.30,21.1,26.7
3,2025-07-21,0.10,0.10,24.0,26.7
3,2025-07-22,2.10,2.10,23.0,26.6
3,2025-07-23,0.00,0.00,23.5,26.7
3,2025-07-24,0.00,0.00,21.5,26.5
3,2025-07-25,0.10,0.10,19.4,26.2
3,2025-07-26,0.10,0.10,17.3,25.9
3,2025-07-27,0.50,0.50,14.8,26.3
3,2025-07-28,1.60,1.60,15.3,26.5
3,2025-07-29,0.30,0.30,21.8,26.9
3,2025-07-30,0.00,0.00,27.5,27.0
3,2025-07-31,0.00,0.00,30.9,26.6
3,2025-08-01,0.20,0.20,27.8,26.3
3,2025-08-02,0.10,0.10,29.6,26.2
3,2025-08-03,0.10,0.10,27.5,26.1
3,2025-08-04,0.00,0.00,24.0,27.1
3,2025-08-05,0.00,0.00,20.8,26.4
3,2025-08-06,0.70,0.70,15.9,27.1
3,2025-08-07,0.60,0.60,21.1,26.9
3,2025-08-08,0.00,0.00,23.5,26.7
3,2025-08-09,0.10,0.10,19.8,26.6
3,2025-08-10,1.60,1.60,13.0,26.5
3,2025-08-11,1.00,1.00,13.4,27.0
3,2025-08-12,0.20,0.20,22.4,26.9
3,2025-08-13,0.00,0.00,21.7,26.6
3,2025-08-14,0.10,0.10,17.1,26.4
3,2025-08-15,0.00,0.00,19.8,26.9
3,2025-08-16,0.10,0.10,22.7,27.2
3,2025-08-17,0.70,0.70,26.5,26.8
3,2025-08-18,0.30,0.30,17.3,27.0
3,2025-08-19,0.00,0.00,20.5,27.1
3,2025-08-20,0.60,0.60,22.2,26.7
3,2025-08-21,0.20,0.20,22.7,26.8
3,2025-08-22,0.10,0.10,21.2,27.1
3,2025-08-23,0.00,0.00,20.4,27.0
3,2025-08-24,0.00,0.00,21.3,27.1
3,2025-08-25,0.00,0.00,19.2,26.9
3,2025-08-26,0.00,0.00,20.1,27.1
3,2025-08-27,0.10,0.10,20.3,27.2
3,2025-08-28,0.00,0.00,20.1,27.1
3,2025-08-29,0.00,0.00,18.9,26.9
3,2025-08-30,0.10,0.10,15.4,27.0
3,2025-08-31,0.60,0.60,12.8,27.1
3,2025-09-01,0.10,0.10,17.4,27.5
3,2025-09-02,0.10,0.10,17.3,26.6
3,2025-09-03,0.00,0.00,20.4,27.0
3,2025-09-04,0.00,0.00,18.2,26.9
3,2025-09-05,0.10,0.10,18.4,26.7
3,2025-09-06,0.00,0.00,15.2,26.9
3,2025-09-07,0.00,0.00,16.4,26.1
3,2025-09-08,0.20,0.20,15.5,26.8
3,2025-09-09,0.40,0.40,18.3,26.9
3,2025-09-10,1.40,1.40,14.3,26.9
3,2025-09-11,0.60,0.60,20.0,26.9
3,2025-09-12,0.70,0.70,21.7,26.6
3,2025-09-13,0.00,0.00,20.6,27.0
3,2025-09-14,0.10,0.10,20.5,27.0
3,2025-09-15,0.00,0.00,19.4,27.1
3,2025-09-16,0.80,0.80,26.1,26.3
3,2025-09-17,0.00,0.00,24.7,26.6
3,2025-09-18,0.50,0.50,26.3,26.7
3,2025-09-19,2.10,2.10,23.6,26.5
3,2025-09-20,3.10,3.10,23.4,26.0
3,2025-09-21,1.40,1.40,22.2,26.1
3,2025-09-22,3.20,3.20,19.4,26.1
3,2025-09-23,0.00,0.00,19.6,26.1
3,2025-09-24,0.80,0.80,16.7,26.0
3,2025-09-25,2.60,2.60,19.4,24.9
3,2025-09-26,2.50,2.50,15.5,26.2
3,2025-09-27,0.80,0.80,14.8,26.5
3,2025-09-28,0.00,0.00,22.2,26.6
3,2025-09-29,0.30,0.30,20.9,26.6
3,2025-09-30,0.10,0.10,21.0,26.5
3,2025-10-01,2.60,2.60,17.6,25.8
3,2025-10-02,0.40,0.40,17.4,26.5
3,2025-10-03,0.60,0.60,18.0,26.5
3,2025-10-04,0.40,0.40,17.3,26.2
3,2025-10-05,0.30,0.30,19.9,26.1
3,2025-10-06,10.50,10.50,8.2,24.2
3,2025-10-07,2.50,2.50,9.3,24.9
3,2025-10-08,0.50,0.50,13.2,25.8
3,2025-10-09,0.40,0.40,13.9,26.2
3,2025-10-10,0.80,0.80,10.3,26.2
3,2025-10-11,0.40,0.40,15.8,26.6
3,2025-10-12,0.00,0.00,16.9,26.8
3,2025-10-13,0.00,0.00,10.1,25.8
3,2025-10-14,0.60,0.60,17.0,26.4
3,2025-10-15,0.00,0.00,20.1,26.6
3,2025-10-16,3.70,3.70,19.6,26.4
3,2025-10-17,0.90,0.90,23.1,25.8
3,2025-10-18,1.80,1.80,24.7,26.2
3,2025-10-19,0.70,0.70,21.5,26.2
3,2025-10-20,2.40,2.40,21.0,25.8
3,2025-10-21,3.00,3.00,21.4,25.0
3,2025-10-22,0.00,0.00,24.9,25.9
3,2025-10-23,0.60,0.60,24.0,26.1
3,2025-10-24,0.60,0.60,28.8,25.5
3,2025-10-25,0.00,0.00,24.7,26.5
3,2025-10-26,0.70,0.70,23.0,26.1
3,2025-10-27,0.00,0.00,17.0,26.1
3,2025-10-28,0.00,0.00,19.6,26.3
3,2025-10-29,0.10,0.10,17.4,26.0
3,2025-10-30,0.60,0.60,22.9,25.9
3,2025-10-31,0.20,0.20,18.3,25.6
3,2025-11-01,0.00,0.00,19.1,25.7
3,2025-11-02,2.50,2.50,15.1,25.0
3,2025-11-03,1.30,1.30,17.5,26.2
3,2025-11-04,0.40,0.40,16.6,25.7
3,2025-11-05,0.00,0.00,21.2,26.1
3,2025-11-06,0.80,0.80,13.5,26.5
3,2025-11-07,0.00,0.00,16.7,25.1
3,2025-11-08,2.10,2.10,18.0,24.5
3,2025-11-09,2.20,2.20,26.2,24.1
3,2025-11-10,1.30,1.30,26.1,24.6
3,2025-11-11,1.10,1.10,26.7,24.4
3,2025-11-12,3.20,3.20,30.9,23.8
3,2025-11-13,1.00,1.00,27.6,25.2
3,2025-11-14,0.60,0.60,24.7,25.2
3,2025-11-15,0.00,0.00,18.2,24.6
3,2025-11-16,0.80,0.80,16.7,24.5
3,2025-11-17,1.00,1.00,18.2,24.7
3,2025-11-18,0.10,0.10,16.7,24.8
3,2025-11-19,1.10,1.10,23.8,24.8
3,2025-11-20,2.30,2.30,22.8,25.2
3,2025-11-21,1.20,1.20,22.9,25.2
3,2025-11-22,1.30,1.30,18.4,25.0
3,2025-11-23,0.80,0.80,19.1,24.9
3,2025-11-24,0.00,0.00,19.9,25.2
3,2025-11-25,0.00,0.00,13.6,25.2
3,2025-11-26,0.00,0.00,12.6,24.8
3,2025-11-27,0.00,0.00,9.1,24.4
3,2025-11-28,0.50,0.50,16.6,25.0
3,2025-11-29,0.10,0.10,13.4,23.6
3,2025-11-30,0.00,0.00,10.1,24.3
3,2025-12-01,0.00,0.00,13.3,23.6
3,2025-12-02,0.00,0.00,13.8,23.8
3,2025-12-03,0.10,0.10,13.7,23.2
3,2025-12-04,1.30,1.30,22.2,24.3
3,2025-12-05,2.10,2.10,22.7,24.8
3,2025-12-06,0.00,0.00,18.1,24.8
3,2025-12-07,2.20,2.20,18.0,23.9
3,2025-12-08,0.00,0.00,16.1,24.4
3,2025-12-09,0.40,0.40,15.3,24.2
3,2025-12-10,0.30,0.30,17.8,23.2
3,2025-12-11,1.20,1.20,9.9,23.2
3,2025-12-12,0.00,0.00,16.2,23.1
3,2025-12-13,3.20,3.20,24.5,24.5
3,2025-12-14,30.60,30.60,16.6,22.8
3,2025-12-15,6.60,6.60,18.5,24.1
3,2025-12-16,7.50,7.50,19.1,24.2
3,2025-12-17,9.00,9.00,22.7,24.3
3,2025-12-18,2.30,2.30,13.7,22.7
3,2025-12-19,5.90,5.90,12.8,22.9
3,2025-12-20,2.70,2.70,11.6,23.6
3,2025-12-21,0.10,0.10,17.8,24.2
3,2025-12-22,0.20,0.20,24.6,24.7
3,2025-12-23,0.50,0.50,25.2,23.7
3,2025-12-24,0.00,0.00,21.1,23.7
3,2025-12-25,0.00,0.00,20.4,23.5
3,2025-12-26,0.10,0.10,21.4,23.1
3,2025-12-27,2.80,2.80,11.7,23.0
3,2025-12-28,2.10,2.10,12.8,22.5
3,2025-12-29,0.10,0.10,18.0,23.7
3,2025-12-30,0.60,0.60,23.2,23.6
3,2025-12-31,0.50,0.50,17.9,23.3
3,2026-01-01,0.80,0.80,20.0,23.4
3,2026-01-02,1.30,1.30,22.9,22.7
3,2026-01-03,0.30,0.30,13.8,23.1
3,2026-01-04,19.20,19.20,17.8,20.9
3,2026-01-05,2.00,2.00,25.0,23.0
3,2026-01-06,0.50,0.50,25.9,24.0
3,2026-01-07,0.10,0.10,20.5,23.6
3,2026-01-08,0.00,0.00,14.7,22.7
3,2026-01-09,0.50,0.50,12.3,22.7
3,2026-01-10,2.40,2.40,12.0,23.2
3,2026-01-11,1.20,1.20,11.9,22.9
3,2026-01-12,1.50,1.50,15.8,23.4
3,2026-01-13,0.00,0.00,12.4,22.2
3,2026-01-14,5.30,5.30,26.7,23.3
3,2026-01-15,8.40,8.40,17.9,21.3
3,2026-01-16,0.00,0.00,21.0,20.4
3,2026-01-17,0.00,0.00,20.6,21.5
3,2026-01-18,0.20,0.20,16.6,22.6
3,2026-01-19,0.00,0.00,14.5,22.5
3,2026-01-20,0.00,0.00,15.3,21.9
3,2026-01-21,0.30,0.30,23.3,21.8
3,2026-01-22,0.00,0.00,13.1,22.1
3,2026-01-23,2.10,2.10,15.4,22.7
3,2026-01-24,0.30,0.30,12.3,22.7
3,2026-01-25,0.00,0.00,15.8,22.4
3,2026-01-26,1.10,1.10,11.0,23.0
3,2026-01-27,0.00,0.00,14.5,23.0
3,2026-01-28,0.00,0.00,15.3,23.3
3,2026-01-29,0.40,0.40,18.0,23.7
3,2026-01-30,6.30,6.30,10.0,22.1
3,2026-01-31,0.10,0.10,12.9,22.6
3,2026-02-01,4.70,4.70,20.8,22.1
3,2026-02-02,3.70,3.70,33.9,24.2
3,2026-02-03,0.20,0.20,14.8,22.5
3,2026-02-04,0.00,0.00,12.5,21.1
3,2026-02-05,3.00,3.00,17.6,22.0
3,2026-02-06,3.20,3.20,16.0,22.4
3,2026-02-07,21.80,21.80,19.4,19.8
3,2026-02-08,13.70,13.70,32.8,19.7
3,2026-02-09,4.10,4.10,31.2,21.8
3,2026-02-10,1.40,1.40,28.9,22.7
3,2026-02-11,0.40,0.40,27.2,23.3
3,2026-02-12,2.40,2.40,24.8,22.9
3,2026-02-13,0.10,0.10,27.8,23.2
3,2026-02-14,0.80,0.80,26.8,23.1
3,2026-02-15,2.10,2.10,28.2,22.7
3,2026-02-16,0.20,0.20,28.8,22.1
3,2026-02-17,0.10,0.10,28.6,22.4
3,2026-02-18,0.00,0.00,31.5,23.2
3,2026-02-19,0.60,0.60,30.1,23.0
3,2026-02-20,5.80,5.80,25.0,22.9
3,2026-02-21,12.90,12.90,15.1,20.3
3,2026-02-22,2.10,2.10,13.9,21.0
3,2026-02-23,0.80,0.80,23.7,20.7
3,2026-02-24,1.60,1.60,22.3,20.1
3,2026-02-25,0.00,0.00,18.7,20.7
3,2026-02-26,0.00,0.00,15.3,21.7
3,2026-02-27,0.50,0.50,12.6,21.7
3,2026-02-28,0.00,0.00,13.1,23.1
3,2026-03-01,1.10,1.10,13.7,23.6
3,2026-03-02,1.10,1.10,17.5,23.3
3,2026-03-03,0.50,0.50,22.5,23.7
3,2026-03-04,0.70,0.70,22.2,24.2
3,2026-03-05,0.90,0.90,15.1,24.2
3,2026-03-06,0.30,0.30,17.2,23.9
3,2026-03-07,1.40,1.40,24.7,24.2
3,2026-03-08,0.90,0.90,21.5,24.0
3,2026-03-09,0.20,0.20,14.0,24.3
3,2026-03-10,9.00,9.00,18.3,23.8
3,2026-03-11,49.90,49.90,20.3,22.1
3,2026-03-12,47.90,47.90,19.2,22.0
3,2026-03-13,105.70,105.70,36.6,22.0
3,2026-03-14,34.30,34.30,27.7,22.7
3,2026-03-15,2.90,2.90,24.7,23.7
3,2026-03-16,0.70,0.70,11.9,23.3
3,2026-03-17,8.80,8.80,5.7,22.0
3,2026-03-18,2.00,2.00,9.9,22.6
3,2026-03-19,19.10,19.10,15.5,22.5
3,2026-03-20,42.80,42.80,26.6,22.6
3,2026-03-21,19.50,19.50,20.2,23.2
3,2026-03-22,18.80,18.80,18.4,22.4
3,2026-03-23,1.20,1.20,21.8,22.2
3,2026-03-24,0.10,0.10,23.8,22.2
3,2026-03-25,0.00,0.00,22.5,22.1
3,2026-03-26,0.00,0.00,17.0,22.2
3,2026-03-27,1.60,1.60,19.5,21.1
3,2026-03-28,0.20,0.20,24.8,21.0
3,2026-03-29,0.00,0.00,20.8,21.2
3,2026-03-30,0.00,0.00,22.3,21.5
3,2026-03-31,0.50,0.50,23.6,21.8
3,2026-04-01,0.10,0.10,22.5,22.1
3,2026-04-02,0.30,0.30,19.1,21.9
3,2026-04-03,0.00,0.00,17.9,22.5
3,2026-04-04,0.00,0.00,17.3,22.6
3,2026-04-05,0.60,0.60,18.3,22.4
3,2026-04-06,0.50,0.50,17.3,23.0
3,2026-04-07,15.70,15.70,12.7,22.0
3,2026-04-08,8.40,8.40,17.6,22.1
3,2026-04-09,9.70,9.70,19.7,23.2
3,2026-04-10,54.10,54.10,29.6,22.5
3,2026-04-11,0.70,0.70,14.0,23.9
3,2026-04-12,19.10,19.10,7.6,22.5
3,2026-04-13,3.40,3.40,12.4,22.7
3,2026-04-14,5.70,5.70,8.6,24.0
3,2026-04-15,3.20,3.20,11.9,24.0
3,2026-04-16,0.00,0.00,10.9,24.7
3,2026-04-17,0.50,0.50,20.3,24.4
3,2026-04-18,1.40,1.40,19.3,24.2
3,2026-04-19,0.00,0.00,15.1,24.8
3,2026-04-20,1.50,1.50,14.6,24.9
3,2026-04-21,4.30,4.30,11.6,24.1
3,2026-04-22,0.70,0.70,8.9,24.5
3,2026-04-23,0.40,0.40,16.0,24.5
3,2026-04-24,0.10,0.10,19.2,24.0
3,2026-04-25,0.00,0.00,16.6,24.3
3,2026-04-26,0.10,0.10,19.8,24.6
3,2026-04-27,2.80,2.80,18.6,24.2
3,2026-04-28,0.80,0.80,18.5,24.6
3,2026-04-29,0.20,0.20,20.9,24.4
3,2026-04-30,1.00,1.00,24.1,24.0
3,2026-05-01,1.70,1.70,25.9,23.7
3,2026-05-02,0.00,0.00,20.0,24.5
3,2026-05-03,0.30,0.30,19.3,23.8
3,2026-05-04,0.00,0.00,17.6,24.8
3,2026-05-05,3.80,3.80,13.3,24.4
3,2026-05-06,3.50,3.50,14.3,23.8
3,2026-05-07,0.80,0.80,13.9,24.5
3,2026-05-08,0.30,0.30,14.9,24.7
3,2026-05-09,2.40,2.40,16.6,24.1
3,2026-05-10,0.00,0.00,22.2,25.3
3,2026-05-11,0.70,0.70,23.0,24.7
3,2026-05-12,0.80,0.80,23.7,25.2
3,2026-05-13,2.40,2.40,23.4,25.2
3,2026-05-14,3.50,3.50,18.1,24.6
3,2026-05-15,11.10,11.10,18.3,23.7
3,2026-05-16,2.80,2.80,15.9,24.9
3,2026-05-17,6.20,6.20,16.7,24.8
3,2026-05-18,1.10,1.10,21.2,25.1
3,2026-05-19,0.90,0.90,20.1,25.5
3,2026-05-20,3.10,3.10,25.5,25.0
3,2026-05-21,1.90,1.90,27.1,24.7
3,2026-05-22,1.10,1.10,26.7,24.6
3,2026-05-23,2.30,2.30,26.4,23.9
3,2026-05-24,0.90,0.90,25.5,24.4
3,2026-05-25,0.40,0.40,22.3,24.8
3,2026-05-26,2.90,2.90,24.7,24.4
3,2026-05-27,1.30,1.30,22.1,24.4
3,2026-05-28,1.80,1.80,20.0,24.6
3,2026-05-29,1.00,1.00,19.9,24.4
3,2026-05-30,1.00,1.00,17.3,24.8
3,2026-05-31,5.10,5.10,15.0,24.8
3,2026-06-01,1.70,1.70,19.5,25.2
3,2026-06-02,3.20,3.20,23.2,25.6
3,2026-06-03,0.50,0.50,22.3,26.2
3,2026-06-04,5.70,5.70,22.4,25.1
3,2026-06-05,1.10,1.10,22.8,25.4
3,2026-06-06,0.40,0.40,23.2,25.3
3,2026-06-07,1.70,1.70,24.4,25.2
3,2026-06-08,2.40,2.40,21.8,25.1
3,2026-06-09,2.30,2.30,20.3,25.7
3,2026-06-10,4.80,4.80,18.5,25.3
3,2026-06-11,1.70,1.70,14.8,25.8
3,2026-06-12,0.30,0.30,11.2,25.3
3,2026-06-13,0.00,0.00,16.3,25.3
3,2026-06-14,4.20,4.20,16.0,25.1
3,2026-06-15,0.70,0.70,17.5,25.2
3,2026-06-16,0.20,0.20,18.4,25.9
3,2026-06-17,1.60,1.60,16.2,26.7
3,2026-06-18,1.40,1.40,13.6,27.0
3,2026-06-19,1.40,1.40,16.4,27.3
3,2026-06-20,0.40,0.40,17.3,27.4
3,2026-06-21,0.00,0.00,15.4,27.5
3,2026-06-22,0.60,0.60,18.4,26.8
3,2026-06-23,7.00,7.00,19.1,26.2
3,2026-06-24,1.70,1.70,23.5,26.3
3,2026-06-25,1.30,1.30,22.8,26.3
3,2026-06-26,0.50,0.50,21.4,26.8
3,2026-06-27,0.90,0.90,24.1,26.3
3,2026-06-28,0.50,0.50,19.1,26.5
3,2026-06-29,1.60,1.60,21.7,26.4
3,2026-06-30,0.00,0.00,18.9,27.1
3,2026-07-01,1.10,1.10,22.8,26.9
3,2026-07-02,0.60,0.60,18.2,26.5
3,2026-07-03,1.00,1.00,19.7,26.4
3,2026-07-04,0.20,0.20,19.5,26.4
3,2026-07-05,0.90,0.90,24.4,26.5
3,2026-07-06,2.00,2.00,24.0,26.0
3,2026-07-07,0.90,0.90,25.4,25.8
3,2026-07-08,1.00,1.00,24.9,26.3
3,2026-07-09,2.00,2.00,22.9,26.5
3,2026-07-10,0.30,0.30,25.1,26.7
3,2026-07-11,0.40,0.40,25.1,26.8
3,2026-07-12,2.40,2.40,25.3,26.3
3,2026-07-13,0.00,0.00,18.2,26.4
3,2026-07-14,1.40,1.40,15.7,25.2
3,2026-07-15,2.10,2.10,12.3,26.2
3,2026-07-16,0.30,0.30,18.9,26.8
3,2026-07-17,1.20,1.20,22.5,27.3
3,2026-07-18,0.30,0.30,23.5,27.3
3,2026-07-19,0.20,0.20,20.3,26.9
3,2026-07-20,3.00,3.00,18.4,26.2
3,2026-07-21,4.40,4.40,18.3,26.5
3,2026-07-22,1.80,1.80,23.2,26.5
3,2026-07-23,2.30,2.30,25.4,26.2
3,2026-07-24,1.30,1.30,26.0,26.3
3,2026-07-25,1.80,1.80,23.3,26.2
3,2026-07-26,1.00,1.00,22.4,25.9
3,2026-07-27,2.40,2.40,17.9,26.2
3,2026-07-28,2.30,2.30,20.8,26.5
3,2026-07-29,0.00,0.00,13.1,27.2
3,2026-07-30,0.40,0.40,19.5,27.5
3,2026-07-31,0.70,0.70,27.3,27.3
3,2026-08-01,1.80,1.80,29.0,26.7
3,2026-08-02,1.60,1.60,23.7,26.2
3,2026-08-03,1.60,1.60,16.3,26.0
3,2026-08-04,3.70,3.70,16.3,26.6
3,2026-08-05,0.00,0.00,17.1,27.0
3,2026-08-06,0.50,0.50,17.5,27.3
3,2026-08-07,0.10,0.10,18.5,27.5
3,2026-08-08,0.00,0.00,21.0,27.4
3,2026-08-09,0.60,0.60,18.7,27.4
3,2026-08-10,0.60,0.60,19.0,27.5
3,2026-08-11,0.10,0.10,17.9,27.3
3,2026-08-12,0.70,0.70,20.7,27.0
3,2026-08-13,0.70,0.70,23.7,27.1
3,2026-08-14,1.30,1.30,25.6,27.0
3,2026-08-15,6.00,6.00,36.1,26.3
3,2026-08-16,63.50,63.50,42.3,25.2
3,2026-08-17,1.80,1.80,19.2,26.6
3,2026-08-18,0.00,0.00,16.0,26.2
3,2026-08-19,0.00,0.00,15.3,26.2
3,2026-08-20,0.00,0.00,14.2,26.3
3,2026-08-21,6.30,6.30,18.6,26.9
3,2026-08-22,0.00,0.00,26.0,27.5
3,2026-08-23,1.20,1.20,23.3,27.3
3,2026-08-24,0.90,0.90,25.0,27.6
3,2026-08-25,0.00,0.00,22.3,27.6
3,2026-08-26,0.20,0.20,22.6,26.9
3,2026-08-27,0.50,0.50,22.0,26.9
3,2026-08-28,0.40,0.40,21.2,26.7
3,2026-08-29,1.40,1.40,25.2,26.8
3,2026-08-30,1.40,1.40,22.4,26.6
3,2026-08-31,1.00,1.00,23.6,26.8
3,2026-09-01,1.40,1.40,22.3,26.8
3,2026-09-02,2.60,2.60,24.1,26.7
3,2026-09-03,2.40,2.40,25.9,26.2
3,2026-09-04,0.50,0.50,23.6,26.3
3,2026-09-05,1.90,1.90,20.1,26.3
3,2026-09-06,6.40,6.40,20.0,26.3
3,2026-09-07,30.80,30.80,33.1,25.8
3,2026-09-08,5.80,5.80,33.2,26.8
3,2026-09-09,2.60,2.60,11.2,26.2
3,2026-09-10,1.10,1.10,19.9,26.6
3,2026-09-11,0.00,0.00,17.4,26.3
3,2026-09-12,0.00,0.00,15.4,25.8
3,2026-09-13,0.00,0.00,14.8,25.9
3,2026-09-14,0.00,0.00,15.9,26.1
4,2018-01-01,0.10,0.10,20.9,23.0
4,2018-01-02,0.00,0.00,20.5,22.5
4,2018-01-03,0.00,0.00,24.1,22.5
4,2018-01-04,0.00,0.00,25.3,22.9
4,2018-01-05,0.00,0.00,28.3,22.5
4,2018-01-06,1.10,1.10,27.6,23.2
4,2018-01-07,1.40,1.40,26.9,23.1
4,2018-01-08,0.20,0.20,26.0,23.2
4,2018-01-09,0.10,0.10,13.5,23.0
4,2018-01-10,0.10,0.10,16.2,22.4
4,2018-01-11,1.40,1.40,19.6,22.8
4,2018-01-12,0.00,0.00,13.2,22.2
4,2018-01-13,0.00,0.00,10.2,22.4
4,2018-01-14,0.00,0.00,13.0,22.6
4,2018-01-15,0.00,0.00,21.2,22.7
4,2018-01-16,0.00,0.00,24.5,23.1
4,2018-01-17,0.10,0.10,33.9,23.0
4,2018-01-18,0.00,0.00,38.9,23.5
4,2018-01-19,0.80,0.80,37.0,23.6
4,2018-01-20,3.60,3.60,26.1,23.1
4,2018-01-21,2.70,2.70,23.8,23.2
4,2018-01-22,0.00,0.00,27.0,23.2
4,2018-01-23,2.60,2.60,28.7,23.4
4,2018-01-24,0.40,0.40,29.0,23.3
4,2018-01-25,0.00,0.00,21.1,23.5
4,2018-01-26,0.00,0.00,15.0,23.1
4,2018-01-27,0.70,0.70,6.8,22.9
4,2018-01-28,0.00,0.00,19.1,22.8
4,2018-01-29,0.00,0.00,11.5,22.6
4,2018-01-30,0.70,0.70,22.2,22.3
4,2018-01-31,7.60,7.60,18.9,22.9
4,2018-02-01,8.40,8.40,22.3,23.8
4,2018-02-02,12.40,12.40,16.2,23.7
4,2018-02-03,1.30,1.30,19.6,23.9
4,2018-02-04,9.00,9.00,20.8,23.3
4,2018-02-05,4.80,4.80,18.9,21.7
4,2018-02-06,1.00,1.00,10.9,21.1
4,2018-02-07,3.10,3.10,9.1,21.5
4,2018-02-08,0.00,0.00,27.4,20.6
4,2018-02-09,0.00,0.00,24.5,21.1
4,2018-02-10,0.00,0.00,20.7,20.6
4,2018-02-11,0.00,0.00,13.4,21.1
4,2018-02-12,0.10,0.10,14.4,21.9
4,2018-02-13,1.50,1.50,21.3,23.0
4,2018-02-14,15.70,15.70,21.4,21.7
4,2018-02-15,12.60,12.60,17.3,21.8
4,2018-02-16,0.40,0.40,14.1,22.2
4,2018-02-17,0.10,0.10,13.1,21.7
4,2018-02-18,16.80,16.80,18.0,21.0
4,2018-02-19,0.60,0.60,14.6,21.4
4,2018-02-20,0.00,0.00,7.8,21.5
4,2018-02-21,0.00,0.00,17.4,22.5
4,2018-02-22,2.30,2.30,24.8,23.0
4,2018-02-23,1.20,1.20,17.8,23.8
4,2018-02-24,0.30,0.30,19.8,23.6
4,2018-02-25,7.00,7.00,21.8,23.4
4,2018-02-26,1.70,1.70,29.9,23.1
4,2018-02-27,0.60,0.60,33.9,23.1
4,2018-02-28,0.40,0.40,37.1,23.0
4,2018-03-01,4.20,4.20,28.6,23.0
4,2018-03-02,2.60,2.60,28.9,23.1
4,2018-03-03,0.10,0.10,28.5,22.9
4,2018-03-04,0.20,0.20,26.9,23.0
4,2018-03-05,0.00,0.00,28.5,22.4
4,2018-03-06,3.10,3.10,28.2,21.6
4,2018-03-07,1.40,1.40,22.4,21.0
4,2018-03-08,0.70,0.70,26.3,20.4
4,2018-03-09,0.50,0.50,28.8,20.5
4,2018-03-10,0.00,0.00,24.7,20.9
4,2018-03-11,0.20,0.20,24.5,20.8
4,2018-03-12,1.40,1.40,28.5,21.1
4,2018-03-13,2.20,2.20,29.7,22.0
4,2018-03-14,2.30,2.30,26.9,23.1
4,2018-03-15,0.00,0.00,11.7,24.1
4,2018-03-16,0.10,0.10,11.5,24.5
4,2018-03-17,0.00,0.00,17.1,23.9
4,2018-03-18,2.30,2.30,25.8,22.8
4,2018-03-19,1.40,1.40,24.6,22.1
4,2018-03-20,1.00,1.00,23.1,22.5
4,2018-03-21,0.90,0.90,29.4,22.5
4,2018-03-22,11.10,11.10,23.9,22.3
4,2018-03-23,2.40,2.40,15.4,22.4
4,2018-03-24,32.30,32.30,10.8,21.7
4,2018-03-25,0.00,0.00,12.1,22.3
4,2018-03-26,2.00,2.00,18.8,22.2
4,2018-03-27,0.00,0.00,16.2,22.3
4,2018-03-28,0.00,0.00,9.2,22.3
4,2018-03-29,0.10,0.10,12.2,22.6
4,2018-03-30,0.00,0.00,10.5,23.6
4,2018-03-31,2.70,2.70,14.7,23.2
4,2018-04-01,0.00,0.00,8.7,23.9
4,2018-04-02,28.80,28.80,22.7,23.3
4,2018-04-03,1.50,1.50,17.7,24.3
4,2018-04-04,7.70,7.70,28.3,25.0
4,2018-04-05,3.30,3.30,21.4,24.9
4,2018-04-06,0.90,0.90,23.9,23.8
4,2018-04-07,3.60,3.60,19.8,23.5
4,2018-04-08,1.00,1.00,19.9,23.3
4,2018-04-09,0.00,0.00,27.1,22.7
4,2018-04-10,0.30,0.30,28.1,23.5
4,2018-04-11,1.90,1.90,30.3,23.5
4,2018-04-12,1.50,1.50,23.5,23.8
4,2018-04-13,3.40,3.40,20.9,23.7
4,2018-04-14,3.30,3.30,29.7,23.3
4,2018-04-15,1.70,1.70,29.9,23.9
4,2018-04-16,0.40,0.40,29.7,24.1
4,2018-04-17,1.30,1.30,29.3,23.7
4,2018-04-18,2.10,2.10,28.1,23.7
4,2018-04-19,1.30,1.30,28.0,23.4
4,2018-04-20,3.00,3.00,26.9,23.7
4,2018-04-21,1.20,1.20,24.8,23.8
4,2018-04-22,0.10,0.10,26.9,24.0
4,2018-04-23,0.30,0.30,31.6,23.6
4,2018-04-24,4.50,4.50,30.0,23.3
4,2018-04-25,1.20,1.20,27.9,23.5
4,2018-04-26,2.20,2.20,20.6,23.3
4,2018-04-27,3.80,3.80,20.7,23.0
4,2018-04-28,0.50,0.50,17.7,21.5
4,2018-04-29,0.00,0.00,11.3,21.6
4,2018-04-30,0.00,0.00,14.0,22.0
4,2018-05-01,0.00,0.00,14.0,22.3
4,2018-05-02,11.40,11.40,14.0,23.1
4,2018-05-03,1.20,1.20,22.0,23.9
4,2018-05-04,0.30,0.30,20.2,24.1
4,2018-05-05,0.20,0.20,17.9,23.8
4,2018-05-06,0.40,0.40,24.7,23.4
4,2018-05-07,0.20,0.20,28.0,23.1
4,2018-05-08,1.00,1.00,28.0,23.1
4,2018-05-09,2.80,2.80,22.7,23.7
4,2018-05-10,1.20,1.20,15.8,24.5
4,2018-05-11,2.50,2.50,13.7,24.3
4,2018-05-12,0.60,0.60,25.3,24.5
4,2018-05-13,2.40,2.40,29.3,24.1
4,2018-05-14,3.30,3.30,25.8,22.9
4,2018-05-15,3.00,3.00,18.6,23.4
4,2018-05-16,3.80,3.80,17.1,24.4
4,2018-05-17,0.40,0.40,23.2,25.1
4,2018-05-18,0.50,0.50,28.2,25.2
4,2018-05-19,0.20,0.20,31.4,24.9
4,2018-05-20,0.00,0.00,27.2,25.0
4,2018-05-21,0.20,0.20,30.0,24.8
4,2018-05-22,0.20,0.20,27.7,24.5
4,2018-05-23,0.90,0.90,27.8,24.4
4,2018-05-24,1.70,1.70,30.2,24.6
4,2018-05-25,0.40,0.40,26.9,24.8
4,2018-05-26,0.40,0.40,24.9,24.6
4,2018-05-27,1.70,1.70,22.5,24.3
4,2018-05-28,4.10,4.10,23.9,24.8
4,2018-05-29,0.40,0.40,29.5,24.9
4,2018-05-30,2.00,2.00,29.5,25.0
4,2018-05-31,0.90,0.90,26.6,24.9
4,2018-06-01,0.30,0.30,23.8,24.7
4,2018-06-02,0.50,0.50,23.7,24.8
4,2018-06-03,0.20,0.20,27.7,25.3
4,2018-06-04,3.40,3.40,31.4,25.0
4,2018-06-05,1.90,1.90,29.2,24.6
4,2018-06-06,2.50,2.50,25.3,24.2
4,2018-06-07,5.10,5.10,21.9,24.3
4,2018-06-08,2.40,2.40,20.8,25.3
4,2018-06-09,0.80,0.80,27.4,25.5
4,2018-06-10,1.40,1.40,26.3,25.3
4,2018-06-11,0.10,0.10,24.3,25.3
4,2018-06-12,0.40,0.40,25.7,25.2
4,2018-06-13,3.50,3.50,24.7,25.2
4,2018-06-14,2.10,2.10,20.6,25.4
4,2018-06-15,0.10,0.10,19.7,25.3
4,2018-06-16,0.10,0.10,16.4,25.1
4,2018-06-17,1.00,1.00,19.7,25.4
4,2018-06-18,0.00,0.00,15.8,25.4
4,2018-06-19,0.00,0.00,11.4,26.2
4,2018-06-20,0.60,0.60,18.4,26.2
4,2018-06-21,0.20,0.20,23.3,26.2
4,2018-06-22,3.80,3.80,25.6,25.7
4,2018-06-23,0.80,0.80,28.2,25.5
4,2018-06-24,8.70,8.70,27.0,25.0
4,2018-06-25,1.20,1.20,24.9,25.3
4,2018-06-26,2.60,2.60,31.4,25.5
4,2018-06-27,1.80,1.80,29.5,25.8
4,2018-06-28,3.60,3.60,28.5,25.3
4,2018-06-29,0.30,0.30,24.5,25.6
4,2018-06-30,0.60,0.60,22.1,25.6
4,2018-07-01,1.00,1.00,22.4,25.4
4,2018-07-02,1.50,1.50,22.4,25.8
4,2018-07-03,3.30,3.30,25.1,25.4
4,2018-07-04,0.80,0.80,22.3,25.8
4,2018-07-05,0.70,0.70,23.7,26.0
4,2018-07-06,2.20,2.20,32.1,25.7
4,2018-07-07,4.50,4.50,27.1,25.1
4,2018-07-08,6.40,6.40,25.0,24.8
4,2018-07-09,4.80,4.80,18.7,25.2
4,2018-07-10,0.20,0.20,23.1,26.0
4,2018-07-11,0.00,0.00,29.0,25.7
4,2018-07-12,2.80,2.80,24.3,25.3
4,2018-07-13,1.90,1.90,27.7,25.7
4,2018-07-14,4.30,4.30,25.0,25.7
4,2018-07-15,3.40,3.40,24.4,26.3
4,2018-07-16,0.60,0.60,28.2,26.5
4,2018-07-17,1.20,1.20,29.3,26.4
4,2018-07-18,0.80,0.80,26.6,26.4
4,2018-07-19,0.90,0.90,27.5,26.3
4,2018-07-20,0.70,0.70,24.6,26.1
4,2018-07-21,0.80,0.80,25.9,25.9
4,2018-07-22,1.60,1.60,25.1,26.0
4,2018-07-23,0.50,0.50,24.5,26.8
4,2018-07-24,0.50,0.50,26.4,26.2
4,2018-07-25,0.50,0.50,25.3,26.1
4,2018-07-26,2.80,2.80,25.7,26.4
4,2018-07-27,0.00,0.00,27.7,26.8
4,2018-07-28,2.60,2.60,26.4,26.3
4,2018-07-29,1.70,1.70,24.8,26.3
4,2018-07-30,3.90,3.90,23.0,26.5
4,2018-07-31,0.00,0.00,28.4,26.8
4,2018-08-01,0.10,0.10,32.7,26.6
4,2018-08-02,0.30,0.30,33.5,26.4
4,2018-08-03,4.20,4.20,31.1,25.4
4,2018-08-04,1.30,1.30,33.2,26.1
4,2018-08-05,1.40,1.40,29.0,26.2
4,2018-08-06,0.10,0.10,28.0,26.2
4,2018-08-07,0.60,0.60,27.9,25.9
4,2018-08-08,0.70,0.70,30.3,25.9
4,2018-08-09,9.50,9.50,25.0,26.1
4,2018-08-10,12.30,12.30,23.2,26.2
4,2018-08-11,2.20,2.20,22.4,26.2
4,2018-08-12,2.70,2.70,25.5,26.4
4,2018-08-13,0.70,0.70,23.4,26.3
4,2018-08-14,0.00,0.00,19.4,26.1
4,2018-08-15,0.90,0.90,18.8,26.2
4,2018-08-16,1.30,1.30,22.5,26.5
4,2018-08-17,3.00,3.00,21.0,26.9
4,2018-08-18,9.20,9.20,23.9,26.7
4,2018-08-19,3.50,3.50,20.3,27.1
4,2018-08-20,0.90,0.90,25.7,26.8
4,2018-08-21,1.20,1.20,31.4,26.4
4,2018-08-22,0.20,0.20,28.3,26.7
4,2018-08-23,13.60,13.60,31.2,25.7
4,2018-08-24,16.40,16.40,32.0,25.8
4,2018-08-25,6.10,6.10,30.3,25.7
4,2018-08-26,6.70,6.70,25.3,25.8
4,2018-08-27,9.00,9.00,21.7,25.9
4,2018-08-28,5.30,5.30,24.5,26.2
4,2018-08-29,0.80,0.80,29.2,26.4
4,2018-08-30,0.00,0.00,27.4,25.6
4,2018-08-31,3.90,3.90,21.7,25.2
4,2018-09-01,0.50,0.50,22.0,25.3
4,2018-09-02,7.00,7.00,10.7,25.1
4,2018-09-03,0.80,0.80,20.3,26.3
4,2018-09-04,1.70,1.70,25.6,26.6
4,2018-09-05,0.80,0.80,26.4,26.1
4,2018-09-06,0.20,0.20,26.7,26.1
4,2018-09-07,1.10,1.10,20.2,26.3
4,2018-09-08,0.00,0.00,14.4,26.5
4,2018-09-09,0.10,0.10,18.1,26.2
4,2018-09-10,1.20,1.20,19.0,26.1
4,2018-09-11,1.30,1.30,22.7,26.6
4,2018-09-12,24.70,24.70,41.1,25.5
4,2018-09-13,14.20,14.20,26.9,25.7
4,2018-09-14,0.40,0.40,27.7,26.2
4,2018-09-15,3.00,3.00,27.9,25.8
4,2018-09-16,0.60,0.60,27.6,25.3
4,2018-09-17,0.70,0.70,23.5,25.4
4,2018-09-18,0.20,0.20,20.9,25.7
4,2018-09-19,0.00,0.00,10.3,25.6
4,2018-09-20,1.10,1.10,15.8,26.9
4,2018-09-21,0.90,0.90,22.2,26.8
4,2018-09-22,0.10,0.10,24.7,26.4
4,2018-09-23,0.60,0.60,12.4,26.4
4,2018-09-24,0.40,0.40,17.0,26.6
4,2018-09-25,0.70,0.70,15.2,27.3
4,2018-09-26,4.50,4.50,16.3,26.7
4,2018-09-27,4.00,4.00,10.9,26.3
4,2018-09-28,2.10,2.10,18.7,26.8
4,2018-09-29,3.70,3.70,19.5,26.8
4,2018-09-30,0.50,0.50,20.2,26.6
4,2018-10-01,1.40,1.40,14.2,26.6
4,2018-10-02,0.20,0.20,14.8,26.6
4,2018-10-03,0.40,0.40,19.2,26.4
4,2018-10-04,0.50,0.50,13.4,26.6
4,2018-10-05,1.30,1.30,16.5,26.5
4,2018-10-06,3.80,3.80,16.7,26.3
4,2018-10-07,0.80,0.80,21.2,26.6
4,2018-10-08,0.10,0.10,20.5,26.8
4,2018-10-09,1.30,1.30,21.3,26.1
4,2018-10-10,2.90,2.90,16.4,25.1
4,2018-10-11,0.80,0.80,12.8,24.9
4,2018-10-12,2.10,2.10,9.6,25.2
4,2018-10-13,3.00,3.00,14.7,25.2
4,2018-10-14,0.20,0.20,18.4,25.2
4,2018-10-15,1.60,1.60,20.5,25.0
4,2018-10-16,1.50,1.50,23.2,25.3
4,2018-10-17,2.00,2.00,21.6,25.5
4,2018-10-18,0.80,0.80,19.7,25.6
4,2018-10-19,3.40,3.40,14.1,25.5
4,2018-10-20,2.10,2.10,20.1,25.3
4,2018-10-21,1.10,1.10,19.8,25.6
4,2018-10-22,1.60,1.60,24.8,25.7
4,2018-10-23,2.90,2.90,23.4,25.7
4,2018-10-24,1.90,1.90,23.6,25.8
4,2018-10-25,0.10,0.10,24.3,25.9
4,2018-10-26,2.70,2.70,23.2,25.6
4,2018-10-27,1.20,1.20,24.5,26.0
4,2018-10-28,1.50,1.50,24.4,26.1
4,2018-10-29,1.60,1.60,13.6,25.9
4,2018-10-30,43.40,43.40,25.0,24.7
4,2018-10-31,19.10,19.10,14.5,25.4
4,2018-11-01,2.40,2.40,19.5,25.7
4,2018-11-02,3.20,3.20,19.5,25.5
4,2018-11-03,0.40,0.40,25.6,25.2
4,2018-11-04,1.40,1.40,25.5,25.2
4,2018-11-05,0.90,0.90,22.7,25.5
4,2018-11-06,4.20,4.20,21.4,25.1
4,2018-11-07,0.80,0.80,14.1,25.1
4,2018-11-08,0.90,0.90,12.7,25.3
4,2018-11-09,2.10,2.10,15.1,24.6
4,2018-11-10,1.10,1.10,28.3,23.7
4,2018-11-11,0.10,0.10,25.2,24.0
4,2018-11-12,1.30,1.30,22.0,24.2
4,2018-11-13,0.20,0.20,21.7,24.7
4,2018-11-14,0.00,0.00,10.3,24.7
4,2018-11-15,0.50,0.50,14.8,24.8
4,2018-11-16,0.60,0.60,25.4,24.7
4,2018-11-17,3.50,3.50,26.9,23.8
4,2018-11-18,0.50,0.50,27.4,24.5
4,2018-11-19,1.10,1.10,27.7,24.2
4,2018-11-20,2.80,2.80,27.7,23.8
4,2018-11-21,1.30,1.30,28.4,24.3
4,2018-11-22,1.80,1.80,21.5,24.3
4,2018-11-23,1.10,1.10,21.0,24.5
4,2018-11-24,0.30,0.30,20.8,24.5
4,2018-11-25,0.10,0.10,10.9,24.3
4,2018-11-26,0.60,0.60,17.6,24.4
4,2018-11-27,2.80,2.80,22.3,24.2
4,2018-11-28,0.60,0.60,28.6,24.5
4,2018-11-29,0.90,0.90,14.1,24.2
4,2018-11-30,2.70,2.70,17.8,24.4
4,2018-12-01,0.70,0.70,16.3,23.7
4,2018-12-02,0.00,0.00,19.5,23.7
4,2018-12-03,0.70,0.70,26.0,24.0
4,2018-12-04,0.20,0.20,26.0,24.6
4,2018-12-05,0.00,0.00,27.6,24.4
4,2018-12-06,0.20,0.20,24.6,24.3
4,2018-12-07,2.20,2.20,24.0,23.6
4,2018-12-08,4.60,4.60,31.7,22.7
4,2018-12-09,0.40,0.40,31.0,23.8
4,2018-12-10,3.40,3.40,32.6,23.5
4,2018-12-11,1.90,1.90,31.4,23.9
4,2018-12-12,1.40,1.40,27.6,23.8
4,2018-12-13,0.30,0.30,33.3,23.8
4,2018-12-14,0.00,0.00,30.1,23.7
4,2018-12-15,0.00,0.00,30.4,23.7
4,2018-12-16,0.00,0.00,24.8,23.3
4,2018-12-17,0.00,0.00,20.1,23.1
4,2018-12-18,0.80,0.80,24.8,22.0
4,2018-12-19,0.60,0.60,30.5,22.1
4,2018-12-20,0.00,0.00,20.3,22.9
4,2018-12-21,1.30,1.30,22.3,23.1
4,2018-12-22,0.30,0.30,22.3,24.0
4,2018-12-23,0.30,0.30,29.5,24.0
4,2018-12-24,4.00,4.00,25.1,23.6
4,2018-12-25,3.70,3.70,22.5,23.7
4,2018-12-26,0.70,0.70,12.1,23.6
4,2018-12-27,0.00,0.00,6.6,23.9
4,2018-12-28,16.80,16.80,16.8,22.8
4,2018-12-29,1.80,1.80,27.1,24.1
4,2018-12-30,0.30,0.30,27.7,24.4
4,2018-12-31,1.30,1.30,26.8,24.1
4,2019-01-01,0.20,0.20,30.1,23.9
4,2019-01-02,0.00,0.00,26.0,24.0
4,2019-01-03,1.30,1.30,28.3,23.4
4,2019-01-04,0.30,0.30,30.0,23.6
4,2019-01-05,0.10,0.10,26.0,23.2
4,2019-01-06,0.10,0.10,10.5,22.4
4,2019-01-07,0.00,0.00,17.5,22.3
4,2019-01-08,0.30,0.30,16.3,23.0
4,2019-01-09,0.00,0.00,10.0,22.7
4,2019-01-10,1.70,1.70,18.8,22.8
4,2019-01-11,0.70,0.70,8.9,22.8
4,2019-01-12,0.20,0.20,12.1,23.2
4,2019-01-13,1.00,1.00,16.3,23.3
4,2019-01-14,2.00,2.00,10.6,22.4
4,2019-01-15,0.00,0.00,8.1,21.7
4,2019-01-16,1.10,1.10,15.5,22.7
4,2019-01-17,4.40,4.40,24.5,23.5
4,2019-01-18,2.00,2.00,20.4,21.9
4,2019-01-19,0.90,0.90,24.5,23.2
4,2019-01-20,0.00,0.00,16.2,23.9
4,2019-01-21,0.10,0.10,11.3,23.2
4,2019-01-22,0.00,0.00,11.2,23.5
4,2019-01-23,0.00,0.00,14.0,23.5
4,2019-01-24,1.10,1.10,15.6,23.6
4,2019-01-25,5.80,5.80,26.8,22.2
4,2019-01-26,0.10,0.10,29.5,21.3
4,2019-01-27,0.60,0.60,26.9,21.0
4,2019-01-28,0.00,0.00,33.1,21.3
4,2019-01-29,3.40,3.40,26.8,21.7
4,2019-01-30,5.60,5.60,26.4,21.9
4,2019-01-31,8.60,8.60,32.7,21.8
4,2019-02-01,4.70,4.70,27.3,22.2
4,2019-02-02,10.50,10.50,23.4,22.3
4,2019-02-03,2.00,2.00,19.4,21.9
4,2019-02-04,0.70,0.70,23.6,21.8
4,2019-02-05,0.00,0.00,17.0,22.2
4,2019-02-06,1.10,1.10,14.6,22.0
4,2019-02-07,3.60,3.60,16.8,22.2
4,2019-02-08,0.20,0.20,22.4,21.7
4,2019-02-09,0.50,0.50,27.1,19.4
4,2019-02-10,2.50,2.50,45.4,18.4
4,2019-02-11,0.30,0.30,19.3,20.5
4,2019-02-12,1.00,1.00,20.3,20.3
4,2019-02-13,11.00,11.00,27.1,18.3
4,2019-02-14,5.20,5.20,26.7,18.4
4,2019-02-15,7.70,7.70,29.8,19.9
4,2019-02-16,2.00,2.00,19.2,20.8
4,2019-02-17,2.00,2.00,20.0,20.8
4,2019-02-18,2.50,2.50,13.3,21.2
4,2019-02-19,16.70,16.70,15.6,21.1
4,2019-02-20,0.00,0.00,7.6,21.4
4,2019-02-21,0.00,0.00,9.5,21.4
4,2019-02-22,0.00,0.00,13.2,21.6
4,2019-02-23,0.80,0.80,17.1,22.2
4,2019-02-24,0.00,0.00,22.4,22.0
4,2019-02-25,0.90,0.90,19.0,21.0
4,2019-02-26,1.60,1.60,20.5,20.6
4,2019-02-27,0.70,0.70,25.4,20.2
4,2019-02-28,0.30,0.30,21.8,19.7
4,2019-03-01,0.50,0.50,19.2,19.9
4,2019-03-02,0.80,0.80,18.2,20.7
4,2019-03-03,0.30,0.30,21.4,21.1
4,2019-03-04,0.40,0.40,27.2,20.7
4,2019-03-05,1.20,1.20,29.3,21.1
4,2019-03-06,0.90,0.90,29.3,21.8
4,2019-03-07,0.90,0.90,30.0,22.1
4,2019-03-08,0.80,0.80,31.6,21.8
4,2019-03-09,0.80,0.80,30.8,22.3
4,2019-03-10,1.40,1.40,31.8,22.8
4,2019-03-11,1.80,1.80,28.9,22.7
4,2019-03-12,6.20,6.20,23.1,22.1
4,2019-03-13,1.90,1.90,23.4,22.6
4,2019-03-14,0.30,0.30,18.7,23.0
4,2019-03-15,0.00,0.00,16.9,22.8
4,2019-03-16,0.00,0.00,10.5,22.5
4,2019-03-17,0.30,0.30,21.3,21.5
4,2019-03-18,0.20,0.20,21.5,21.7
4,2019-03-19,1.10,1.10,21.6,22.5
4,2019-03-20,0.50,0.50,11.2,22.6
4,2019-03-21,0.30,0.30,20.3,22.8
4,2019-03-22,0.30,0.30,20.1,23.2
4,2019-03-23,0.40,0.40,21.4,23.2
4,2019-03-24,0.00,0.00,23.5,23.5
4,2019-03-25,0.40,0.40,23.5,22.9
4,2019-03-26,0.40,0.40,20.6,23.0
4,2019-03-27,1.40,1.40,14.2,23.1
4,2019-03-28,0.00,0.00,10.0,23.2
4,2019-03-29,3.10,3.10,14.7,21.8
4,2019-03-30,0.00,0.00,10.0,22.5
4,2019-03-31,1.00,1.00,16.1,23.0
4,2019-04-01,0.00,0.00,17.6,23.0
4,2019-04-02,0.20,0.20,23.8,23.2
4,2019-04-03,0.70,0.70,22.1,23.3
4,2019-04-04,0.00,0.00,21.9,23.6
4,2019-04-05,0.00,0.00,14.5,24.1
4,2019-04-06,3.50,3.50,18.4,23.6
4,2019-04-07,0.20,0.20,14.8,23.5
4,2019-04-08,1.30,1.30,16.0,24.2
4,2019-04-09,4.50,4.50,24.7,24.0
4,2019-04-10,1.90,1.90,29.5,24.0
4,2019-04-11,2.90,2.90,31.1,23.7
4,2019-04-12,2.10,2.10,31.4,23.7
4,2019-04-13,3.30,3.30,30.9,23.3
4,2019-04-14,0.90,0.90,31.6,23.3
4,2019-04-15,0.60,0.60,25.2,23.5
4,2019-04-16,0.80,0.80,20.1,23.7
4,2019-04-17,2.00,2.00,20.7,24.2
4,2019-04-18,0.30,0.30,25.3,24.2
4,2019-04-19,0.40,0.40,24.2,24.4
4,2019-04-20,2.00,2.00,28.7,24.3
4,2019-04-21,0.00,0.00,29.1,24.7
4,2019-04-22,0.80,0.80,24.9,24.5
4,2019-04-23,1.20,1.20,24.5,24.4
4,2019-04-24,0.50,0.50,22.6,24.3
4,2019-04-25,0.50,0.50,18.3,24.4
4,2019-04-26,3.60,3.60,16.8,24.5
4,2019-04-27,2.90,2.90,11.8,24.1
4,2019-04-28,2.10,2.10,8.7,24.0
4,2019-04-29,3.00,3.00,17.3,23.4
4,2019-04-30,1.10,1.10,22.2,24.3
4,2019-05-01,3.30,3.30,21.8,23.9
4,2019-05-02,5.90,5.90,19.2,23.8
4,2019-05-03,3.50,3.50,12.2,24.2
4,2019-05-04,9.40,9.40,27.5,22.7
4,2019-05-05,0.10,0.10,18.7,21.8
4,2019-05-06,2.60,2.60,13.3,22.3
4,2019-05-07,0.50,0.50,9.4,23.5
4,2019-05-08,7.20,7.20,8.5,23.4
4,2019-05-09,0.00,0.00,15.1,24.2
4,2019-05-10,0.50,0.50,15.0,24.5
4,2019-05-11,1.50,1.50,18.5,24.8
4,2019-05-12,1.10,1.10,14.4,25.3
4,2019-05-13,1.10,1.10,15.8,25.9
4,2019-05-14,2.70,2.70,19.4,25.3
4,2019-05-15,3.40,3.40,23.4,24.7
4,2019-05-16,0.80,0.80,21.6,25.3
4,2019-05-17,3.00,3.00,22.1,25.5
4,2019-05-18,1.70,1.70,22.9,25.5
4,2019-05-19,1.20,1.20,23.3,25.7
4,2019-05-20,0.70,0.70,18.8,26.1
4,2019-05-21,0.40,0.40,11.8,26.0
4,2019-05-22,0.30,0.30,15.2,26.6
4,2019-05-23,4.80,4.80,19.7,26.0
4,2019-05-24,2.80,2.80,22.4,26.3
4,2019-05-25,2.10,2.10,24.0,25.9
4,2019-05-26,0.10,0.10,22.4,25.9
4,2019-05-27,0.90,0.90,14.1,26.1
4,2019-05-28,4.10,4.10,7.6,26.0
4,2019-05-29,0.10,0.10,17.6,26.3
4,2019-05-30,0.00,0.00,22.0,26.2
4,2019-05-31,1.50,1.50,23.8,26.0
4,2019-06-01,2.00,2.00,26.4,25.6
4,2019-06-02,1.30,1.30,25.4,25.9
4,2019-06-03,2.30,2.30,24.9,25.7
4,2019-06-04,2.80,2.80,22.7,25.4
4,2019-06-05,3.60,3.60,23.2,26.2
4,2019-06-06,4.00,4.00,19.1,26.4
4,2019-06-07,0.00,0.00,22.0,26.5
4,2019-06-08,0.90,0.90,18.1,25.9
4,2019-06-09,2.70,2.70,15.6,26.3
4,2019-06-10,0.40,0.40,17.9,26.3
4,2019-06-11,0.20,0.20,19.7,26.3
4,2019-06-12,0.10,0.10,17.3,26.3
4,2019-06-13,0.00,0.00,20.0,26.5
4,2019-06-14,0.00,0.00,22.7,26.3
4,2019-06-15,0.30,0.30,22.6,26.4
4,2019-06-16,0.40,0.40,22.2,26.2
4,2019-06-17,2.90,2.90,16.3,26.6
4,2019-06-18,0.10,0.10,25.2,26.9
4,2019-06-19,0.60,0.60,23.2,26.6
4,2019-06-20,3.20,3.20,21.1,26.0
4,2019-06-21,5.20,5.20,13.7,26.1
4,2019-06-22,1.20,1.20,17.2,26.9
4,2019-06-23,0.90,0.90,12.8,27.3
4,2019-06-24,9.00,9.00,11.2,26.5
4,2019-06-25,45.60,45.60,15.1,25.4
4,2019-06-26,45.70,45.70,19.9,25.4
4,2019-06-27,2.10,2.10,16.6,26.6
4,2019-06-28,4.20,4.20,18.7,26.3
4,2019-06-29,0.10,0.10,20.5,26.4
4,2019-06-30,1.20,1.20,16.7,26.1
4,2019-07-01,0.00,0.00,19.4,26.4
4,2019-07-02,1.90,1.90,19.6,26.1
4,2019-07-03,0.00,0.00,16.2,26.6
4,2019-07-04,3.80,3.80,10.9,26.3
4,2019-07-05,1.20,1.20,11.5,26.8
4,2019-07-06,0.20,0.20,19.4,26.9
4,2019-07-07,0.00,0.00,23.3,26.8
4,2019-07-08,2.00,2.00,28.8,26.7
4,2019-07-09,2.80,2.80,23.6,27.1
4,2019-07-10,0.20,0.20,19.3,26.8
4,2019-07-11,1.20,1.20,22.1,26.8
4,2019-07-12,0.30,0.30,23.3,26.5
4,2019-07-13,0.40,0.40,21.8,26.7
4,2019-07-14,0.30,0.30,24.6,26.9
4,2019-07-15,4.80,4.80,21.0,26.5
4,2019-07-16,0.90,0.90,23.5,27.2
4,2019-07-17,0.60,0.60,28.5,27.0
4,2019-07-18,0.30,0.30,28.2,27.1
4,2019-07-19,0.70,0.70,27.3,27.2
4,2019-07-20,0.40,0.40,25.5,26.8
4,2019-07-21,0.00,0.00,27.3,27.0
4,2019-07-22,0.20,0.20,28.5,27.1
4,2019-07-23,0.80,0.80,25.1,27.4
4,2019-07-24,0.20,0.20,27.3,27.3
4,2019-07-25,1.30,1.30,23.7,26.8
4,2019-07-26,1.00,1.00,24.5,26.8
4,2019-07-27,1.60,1.60,22.5,27.0
4,2019-07-28,2.80,2.80,24.4,26.7
4,2019-07-29,4.60,4.60,24.1,26.8
4,2019-07-30,3.00,3.00,26.3,27.0
4,2019-07-31,4.70,4.70,27.9,26.7
4,2019-08-01,0.40,0.40,31.6,26.9
4,2019-08-02,1.60,1.60,30.3,27.2
4,2019-08-03,0.90,0.90,27.2,27.6
4,2019-08-04,0.80,0.80,17.4,27.9
4,2019-08-05,1.90,1.90,20.0,27.3
4,2019-08-06,3.30,3.30,10.4,27.4
4,2019-08-07,4.30,4.30,9.6,27.3
4,2019-08-08,0.20,0.20,16.0,27.8
4,2019-08-09,0.70,0.70,16.1,27.8
4,2019-08-10,0.80,0.80,14.6,27.8
4,2019-08-11,0.50,0.50,18.1,28.2
4,2019-08-12,0.10,0.10,20.2,27.8
4,2019-08-13,2.60,2.60,21.7,27.5
4,2019-08-14,1.50,1.50,22.0,27.3
4,2019-08-15,2.10,2.10,27.6,27.4
4,2019-08-16,2.00,2.00,25.0,27.3
4,2019-08-17,0.00,0.00,23.3,27.6
4,2019-08-18,0.00,0.00,19.4,27.3
4,2019-08-19,0.40,0.40,18.0,27.0
4,2019-08-20,0.40,0.40,21.4,27.5
4,2019-08-21,1.10,1.10,24.7,27.5
4,2019-08-22,0.20,0.20,23.4,27.5
4,2019-08-23,2.90,2.90,22.2,27.5
4,2019-08-24,0.60,0.60,30.3,27.6
4,2019-08-25,0.70,0.70,28.6,27.4
4,2019-08-26,0.40,0.40,24.2,27.6
4,2019-08-27,2.90,2.90,18.5,27.2
4,2019-08-28,0.00,0.00,15.6,27.8
4,2019-08-29,0.00,0.00,16.6,27.8
4,2019-08-30,0.00,0.00,20.3,27.5
4,2019-08-31,3.20,3.20,18.7,27.8
4,2019-09-01,2.50,2.50,18.9,27.2
4,2019-09-02,1.40,1.40,23.5,27.4
4,2019-09-03,1.70,1.70,18.9,27.4
4,2019-09-04,1.60,1.60,24.9,27.6
4,2019-09-05,0.00,0.00,28.0,28.0
4,2019-09-06,2.00,2.00,25.8,27.6
4,2019-09-07,0.20,0.20,30.0,27.7
4,2019-09-08,3.80,3.80,28.9,27.4
4,2019-09-09,0.00,0.00,26.7,27.7
4,2019-09-10,0.00,0.00,25.9,27.3
4,2019-09-11,0.00,0.00,20.6,27.4
4,2019-09-12,0.30,0.30,19.8,27.2
4,2019-09-13,2.90,2.90,16.5,26.8
4,2019-09-14,3.80,3.80,16.4,27.6
4,2019-09-15,2.20,2.20,16.4,27.5
4,2019-09-16,4.90,4.90,22.2,27.8
4,2019-09-17,0.90,0.90,23.4,27.7
4,2019-09-18,2.00,2.00,21.7,27.7
4,2019-09-19,0.00,0.00,20.5,27.6
4,2019-09-20,2.70,2.70,25.1,26.4
4,2019-09-21,1.10,1.10,25.1,26.7
4,2019-09-22,1.70,1.70,17.7,27.5
4,2019-09-23,7.70,7.70,24.3,27.3
4,2019-09-24,1.20,1.20,24.4,27.5
4,2019-09-25,3.20,3.20,13.4,26.8
4,2019-09-26,5.20,5.20,7.4,27.0
4,2019-09-27,5.00,5.00,18.7,27.3
4,2019-09-28,8.30,8.30,20.3,26.9
4,2019-09-29,1.10,1.10,22.6,26.8
4,2019-09-30,2.00,2.00,20.5,26.6
4,2019-10-01,2.60,2.60,24.6,26.6
4,2019-10-02,1.80,1.80,29.6,26.5
4,2019-10-03,3.80,3.80,28.7,26.3
4,2019-10-04,1.00,1.00,28.3,26.8
4,2019-10-05,1.80,1.80,15.3,25.7
4,2019-10-06,0.00,0.00,12.5,25.9
4,2019-10-07,4.10,4.10,10.3,25.5
4,2019-10-08,1.20,1.20,14.0,26.2
4,2019-10-09,0.00,0.00,16.3,27.1
4,2019-10-10,4.50,4.50,17.4,27.9
4,2019-10-11,3.40,3.40,27.1,27.2
4,2019-10-12,0.00,0.00,27.6,27.2
4,2019-10-13,0.60,0.60,24.6,27.0
4,2019-10-14,0.30,0.30,23.3,27.1
4,2019-10-15,0.50,0.50,25.6,26.5
4,2019-10-16,2.30,2.30,21.5,26.1
4,2019-10-17,5.00,5.00,23.7,26.6
4,2019-10-18,0.90,0.90,24.1,26.4
4,2019-10-19,0.80,0.80,26.4,26.8
4,2019-10-20,0.10,0.10,18.7,27.2
4,2019-10-21,0.60,0.60,25.6,27.1
4,2019-10-22,0.20,0.20,29.6,26.9
4,2019-10-23,0.50,0.50,22.5,27.1
4,2019-10-24,0.10,0.10,14.2,26.9
4,2019-10-25,0.30,0.30,13.2,26.7
4,2019-10-26,0.10,0.10,21.6,26.9
4,2019-10-27,0.10,0.10,22.3,26.3
4,2019-10-28,0.00,0.00,20.0,26.2
4,2019-10-29,1.50,1.50,12.7,25.8
4,2019-10-30,0.90,0.90,6.8,25.7
4,2019-10-31,2.70,2.70,10.8,25.9
4,2019-11-01,0.40,0.40,14.6,25.7
4,2019-11-02,0.00,0.00,15.8,25.6
4,2019-11-03,3.10,3.10,12.5,25.7
4,2019-11-04,1.00,1.00,10.7,25.6
4,2019-11-05,0.00,0.00,11.0,25.7
4,2019-11-06,0.20,0.20,19.6,25.9
4,2019-11-07,1.60,1.60,20.4,24.6
4,2019-11-08,0.40,0.40,10.7,24.8
4,2019-11-09,0.10,0.10,10.6,24.9
4,2019-11-10,0.40,0.40,14.1,25.7
4,2019-11-11,1.50,1.50,14.2,25.8
4,2019-11-12,0.40,0.40,14.8,25.9
4,2019-11-13,0.00,0.00,14.1,25.7
4,2019-11-14,0.10,0.10,12.7,26.1
4,2019-11-15,0.10,0.10,15.0,26.1
4,2019-11-16,1.10,1.10,14.6,25.8
4,2019-11-17,2.00,2.00,23.4,25.0
4,2019-11-18,1.80,1.80,21.3,25.2
4,2019-11-19,10.70,10.70,20.9,24.7
4,2019-11-20,1.80,1.80,23.4,25.5
4,2019-11-21,3.00,3.00,26.4,25.2
4,2019-11-22,2.30,2.30,30.3,25.5
4,2019-11-23,2.70,2.70,32.2,25.4
4,2019-11-24,0.00,0.00,25.9,25.7
4,2019-11-25,0.80,0.80,19.6,26.0
4,2019-11-26,0.10,0.10,13.1,25.8
4,2019-11-27,4.20,4.20,12.9,25.3
4,2019-11-28,0.50,0.50,18.4,25.5
4,2019-11-29,0.30,0.30,27.1,25.5
4,2019-11-30,0.50,0.50,32.4,25.3
4,2019-12-01,2.60,2.60,32.0,24.2
4,2019-12-02,0.90,0.90,24.1,24.3
4,2019-12-03,1.30,1.30,24.1,24.7
4,2019-12-04,0.70,0.70,20.8,24.6
4,2019-12-05,0.60,0.60,22.4,24.6
4,2019-12-06,13.80,13.80,19.6,23.6
4,2019-12-07,0.70,0.70,13.7,24.3
4,2019-12-08,0.00,0.00,5.9,23.7
4,2019-12-09,0.00,0.00,12.9,23.9
4,2019-12-10,0.10,0.10,11.0,24.5
4,2019-12-11,1.30,1.30,11.2,25.0
4,2019-12-12,0.90,0.90,17.9,25.1
4,2019-12-13,1.50,1.50,27.0,25.0
4,2019-12-14,1.40,1.40,26.3,24.7
4,2019-12-15,1.50,1.50,22.4,24.6
4,2019-12-16,6.20,6.20,27.7,24.4
4,2019-12-17,0.80,0.80,32.2,24.9
4,2019-12-18,0.20,0.20,27.6,25.2
4,2019-12-19,2.30,2.30,20.7,24.6
4,2019-12-20,5.40,5.40,32.4,23.9
4,2019-12-21,3.80,3.80,36.7,23.6
4,2019-12-22,0.20,0.20,31.1,24.0
4,2019-12-23,0.10,0.10,18.5,24.6
4,2019-12-24,0.70,0.70,23.4,24.9
4,2019-12-25,60.30,60.30,37.4,24.2
4,2019-12-26,0.90,0.90,18.3,24.3
4,2019-12-27,0.90,0.90,25.5,24.0
4,2019-12-28,1.20,1.20,21.9,24.5
4,2019-12-29,0.00,0.00,24.9,24.9
4,2019-12-30,0.30,0.30,28.0,24.7
4,2019-12-31,1.00,1.00,29.0,24.5
4,2020-01-01,2.00,2.00,22.3,23.4
4,2020-01-02,2.90,2.90,20.8,22.8
4,2020-01-03,8.10,8.10,27.4,22.7
4,2020-01-04,3.50,3.50,31.4,23.5
4,2020-01-05,1.00,1.00,29.7,24.2
4,2020-01-06,0.00,0.00,31.6,24.2
4,2020-01-07,0.40,0.40,37.2,23.7
4,2020-01-08,0.60,0.60,34.0,23.8
4,2020-01-09,13.10,13.10,37.4,23.2
4,2020-01-10,8.40,8.40,32.0,22.7
4,2020-01-11,10.80,10.80,34.8,23.3
4,2020-01-12,12.80,12.80,31.3,23.4
4,2020-01-13,1.10,1.10,35.1,24.4
4,2020-01-14,0.20,0.20,34.3,24.1
4,2020-01-15,1.40,1.40,29.3,23.7
4,2020-01-16,2.80,2.80,18.8,23.3
4,2020-01-17,2.10,2.10,29.4,22.5
4,2020-01-18,0.00,0.00,26.3,22.5
4,2020-01-19,0.20,0.20,27.4,22.9
4,2020-01-20,1.40,1.40,27.8,23.1
4,2020-01-21,0.00,0.00,15.0,23.2
4,2020-01-22,0.00,0.00,10.9,22.3
4,2020-01-23,0.00,0.00,14.1,23.3
4,2020-01-24,0.00,0.00,14.4,23.0
4,2020-01-25,0.60,0.60,16.9,23.6
4,2020-01-26,0.10,0.10,21.4,23.9
4,2020-01-27,0.10,0.10,20.9,23.9
4,2020-01-28,0.00,0.00,11.9,23.1
4,2020-01-29,0.00,0.00,12.4,24.3
4,2020-01-30,0.10,0.10,12.9,23.6
4,2020-01-31,0.80,0.80,19.7,23.9
4,2020-02-01,3.10,3.10,28.2,23.0
4,2020-02-02,1.30,1.30,22.6,23.2
4,2020-02-03,0.70,0.70,21.7,23.9
4,2020-02-04,0.70,0.70,14.0,23.3
4,2020-02-05,2.90,2.90,12.6,23.5
4,2020-02-06,11.40,11.40,32.4,20.6
4,2020-02-07,0.40,0.40,22.6,20.8
4,2020-02-08,0.30,0.30,17.9,20.2
4,2020-02-09,1.40,1.40,26.7,21.3
4,2020-02-10,4.40,4.40,24.5,19.7
4,2020-02-11,6.90,6.90,24.0,21.3
4,2020-02-12,1.30,1.30,21.4,22.0
4,2020-02-13,0.90,0.90,23.7,24.4
4,2020-02-14,0.00,0.00,34.1,24.3
4,2020-02-15,0.30,0.30,31.7,24.0
4,2020-02-16,1.50,1.50,31.4,23.2
4,2020-02-17,1.60,1.60,30.8,22.8
4,2020-02-18,2.20,2.20,31.2,22.8
4,2020-02-19,3.80,3.80,36.0,22.6
4,2020-02-20,0.40,0.40,32.2,23.0
4,2020-02-21,0.70,0.70,28.8,23.4
4,2020-02-22,0.60,0.60,22.3,23.6
4,2020-02-23,1.00,1.00,14.5,23.0
4,2020-02-24,0.30,0.30,17.5,22.5
4,2020-02-25,1.80,1.80,26.6,23.3
4,2020-02-26,0.50,0.50,32.4,23.2
4,2020-02-27,0.00,0.00,29.6,22.8
4,2020-02-28,0.10,0.10,33.0,22.7
4,2020-02-29,3.40,3.40,35.0,22.3
4,2020-03-01,8.00,8.00,34.8,21.7
4,2020-03-02,2.00,2.00,28.5,22.4
4,2020-03-03,2.60,2.60,21.3,23.4
4,2020-03-04,1.40,1.40,12.0,23.4
4,2020-03-05,3.20,3.20,22.1,22.2
4,2020-03-06,5.70,5.70,33.9,22.5
4,2020-03-07,0.70,0.70,33.6,22.6
4,2020-03-08,0.60,0.60,30.9,22.1
4,2020-03-09,2.40,2.40,25.5,21.5
4,2020-03-10,0.10,0.10,14.7,22.5
4,2020-03-11,4.00,4.00,12.7,22.3
4,2020-03-12,3.10,3.10,11.2,22.1
4,2020-03-13,2.10,2.10,19.0,22.4
4,2020-03-14,0.90,0.90,15.9,23.0
4,2020-03-15,3.60,3.60,14.3,23.6
4,2020-03-16,12.90,12.90,23.2,22.9
4,2020-03-17,29.20,29.20,10.8,22.2
4,2020-03-18,7.10,7.10,15.1,23.1
4,2020-03-19,0.00,0.00,17.6,22.9
4,2020-03-20,0.90,0.90,12.8,23.4
4,2020-03-21,0.50,0.50,17.9,23.6
4,2020-03-22,1.80,1.80,25.5,23.4
4,2020-03-23,1.20,1.20,34.6,22.9
4,2020-03-24,0.90,0.90,32.2,22.6
4,2020-03-25,0.60,0.60,36.3,22.7
4,2020-03-26,1.80,1.80,34.4,22.4
4,2020-03-27,4.40,4.40,26.6,22.0
4,2020-03-28,1.10,1.10,22.7,23.1
4,2020-03-29,2.20,2.20,20.9,22.6
4,2020-03-30,1.80,1.80,20.4,23.3
4,2020-03-31,0.00,0.00,18.8,23.1
4,2020-04-01,1.00,1.00,15.3,22.7
4,2020-04-02,1.40,1.40,11.1,23.5
4,2020-04-03,0.00,0.00,12.6,23.5
4,2020-04-04,1.50,1.50,9.7,24.0
4,2020-04-05,0.40,0.40,11.1,24.0
4,2020-04-06,2.50,2.50,17.8,23.6
4,2020-04-07,1.20,1.20,17.7,23.9
4,2020-04-08,2.80,2.80,15.2,23.5
4,2020-04-09,1.20,1.20,13.4,23.3
4,2020-04-10,0.10,0.10,18.5,23.6
4,2020-04-11,2.70,2.70,16.3,23.9
4,2020-04-12,0.00,0.00,16.7,23.5
4,2020-04-13,1.40,1.40,16.1,23.9
4,2020-04-14,9.00,9.00,10.0,24.1
4,2020-04-15,1.10,1.10,24.9,24.7
4,2020-04-16,0.20,0.20,26.9,24.2
4,2020-04-17,0.20,0.20,21.4,24.1
4,2020-04-18,0.00,0.00,17.1,24.1
4,2020-04-19,0.20,0.20,14.2,24.1
4,2020-04-20,3.00,3.00,16.6,24.0
4,2020-04-21,4.20,4.20,9.6,24.2
4,2020-04-22,0.60,0.60,14.1,24.4
4,2020-04-23,0.60,0.60,25.3,24.8
4,2020-04-24,1.30,1.30,26.6,24.4
4,2020-04-25,0.10,0.10,25.9,24.4
4,2020-04-26,1.70,1.70,24.1,24.3
4,2020-04-27,0.50,0.50,24.5,24.5
4,2020-04-28,1.00,1.00,28.4,24.2
4,2020-04-29,0.20,0.20,30.5,24.3
4,2020-04-30,0.00,0.00,33.1,24.6
4,2020-05-01,0.30,0.30,30.0,24.6
4,2020-05-02,0.30,0.30,27.9,24.5
4,2020-05-03,1.60,1.60,30.5,24.3
4,2020-05-04,0.10,0.10,28.5,24.6
4,2020-05-05,0.20,0.20,25.4,24.8
4,2020-05-06,0.50,0.50,18.9,24.7
4,2020-05-07,6.60,6.60,24.2,23.5
4,2020-05-08,1.50,1.50,23.4,24.0
4,2020-05-09,0.30,0.30,21.8,24.0
4,2020-05-10,0.00,0.00,21.1,24.4
4,2020-05-11,1.40,1.40,25.5,24.4
4,2020-05-12,2.20,2.20,21.3,24.4
4,2020-05-13,3.20,3.20,16.6,24.7
4,2020-05-14,1.30,1.30,11.3,24.7
4,2020-05-15,0.00,0.00,19.6,25.1
4,2020-05-16,0.00,0.00,21.9,25.3
4,2020-05-17,0.00,0.00,23.1,25.6
4,2020-05-18,4.50,4.50,24.2,24.2
4,2020-05-19,1.80,1.80,28.4,25.0
4,2020-05-20,3.20,3.20,26.7,24.5
4,2020-05-21,5.10,5.10,24.3,24.5
4,2020-05-22,0.50,0.50,24.5,24.7
4,2020-05-23,5.00,5.00,21.4,24.7
4,2020-05-24,0.50,0.50,22.5,25.1
4,2020-05-25,1.10,1.10,14.5,25.1
4,2020-05-26,0.70,0.70,18.9,25.1
4,2020-05-27,1.70,1.70,19.4,24.9
4,2020-05-28,0.00,0.00,26.0,25.3
4,2020-05-29,1.70,1.70,22.5,25.3
4,2020-05-30,0.70,0.70,23.0,25.0
4,2020-05-31,0.40,0.40,27.7,25.3
4,2020-06-01,0.70,0.70,19.2,25.7
4,2020-06-02,1.40,1.40,20.5,26.2
4,2020-06-03,1.40,1.40,24.3,26.1
4,2020-06-04,1.70,1.70,26.8,25.9
4,2020-06-05,0.70,0.70,28.6,25.7
4,2020-06-06,5.30,5.30,28.8,25.2
4,2020-06-07,3.50,3.50,23.5,25.2
4,2020-06-08,1.00,1.00,24.0,25.7
4,2020-06-09,2.50,2.50,27.2,25.5
4,2020-06-10,1.30,1.30,30.0,25.7
4,2020-06-11,1.50,1.50,34.8,25.4
4,2020-06-12,0.40,0.40,31.8,25.7
4,2020-06-13,0.00,0.00,28.4,25.8
4,2020-06-14,0.40,0.40,27.6,25.5
4,2020-06-15,0.30,0.30,28.3,25.7
4,2020-06-16,2.40,2.40,25.6,25.0
4,2020-06-17,0.90,0.90,23.7,25.6
4,2020-06-18,0.80,0.80,29.5,25.7
4,2020-06-19,1.50,1.50,29.6,25.2
4,2020-06-20,0.60,0.60,24.8,25.3
4,2020-06-21,2.10,2.10,24.2,25.3
4,2020-06-22,0.00,0.00,23.7,25.7
4,2020-06-23,0.80,0.80,25.2,25.5
4,2020-06-24,4.60,4.60,20.0,25.8
4,2020-06-25,0.20,0.20,24.2,26.2
4,2020-06-26,0.10,0.10,24.5,26.3
4,2020-06-27,1.20,1.20,23.0,25.7
4,2020-06-28,1.10,1.10,17.1,25.9
4,2020-06-29,1.40,1.40,17.3,26.0
4,2020-06-30,0.40,0.40,23.2,26.4
4,2020-07-01,0.70,0.70,24.8,26.0
4,2020-07-02,1.10,1.10,22.8,25.7
4,2020-07-03,4.60,4.60,18.2,25.6
4,2020-07-04,1.10,1.10,16.9,26.3
4,2020-07-05,1.30,1.30,18.3,26.6
4,2020-07-06,1.40,1.40,22.3,26.2
4,2020-07-07,3.60,3.60,24.4,25.6
4,2020-07-08,3.50,3.50,27.2,25.7
4,2020-07-09,2.50,2.50,25.4,26.1
4,2020-07-10,0.30,0.30,28.2,26.3
4,2020-07-11,2.20,2.20,28.1,26.0
4,2020-07-12,1.30,1.30,25.3,25.5
4,2020-07-13,4.10,4.10,24.0,25.5
4,2020-07-14,2.10,2.10,20.6,25.8
4,2020-07-15,1.20,1.20,23.3,26.1
4,2020-07-16,0.70,0.70,19.4,26.6
4,2020-07-17,0.30,0.30,18.7,27.0
4,2020-07-18,0.60,0.60,25.2,27.0
4,2020-07-19,1.20,1.20,30.6,26.7
4,2020-07-20,1.50,1.50,27.7,26.1
4,2020-07-21,2.70,2.70,15.8,25.3
4,2020-07-22,1.80,1.80,17.0,26.1
4,2020-07-23,0.20,0.20,21.8,26.4
4,2020-07-24,1.60,1.60,24.7,26.5
4,2020-07-25,2.80,2.80,27.3,26.4
4,2020-07-26,4.30,4.30,31.8,26.4
4,2020-07-27,1.70,1.70,29.5,26.7
4,2020-07-28,1.40,1.40,31.4,25.9
4,2020-07-29,0.20,0.20,25.9,25.8
4,2020-07-30,1.00,1.00,29.2,25.8
4,2020-07-31,0.30,0.30,25.5,26.1
4,2020-08-01,0.30,0.30,23.3,26.2
4,2020-08-02,1.20,1.20,23.6,25.7
4,2020-08-03,1.10,1.10,24.1,26.0
4,2020-08-04,0.00,0.00,23.3,26.3
4,2020-08-05,0.50,0.50,26.9,26.6
4,2020-08-06,3.40,3.40,24.2,26.6
4,2020-08-07,1.00,1.00,23.1,26.8
4,2020-08-08,1.40,1.40,30.7,26.6
4,2020-08-09,2.70,2.70,32.1,26.1
4,2020-08-10,2.80,2.80,25.9,26.1
4,2020-08-11,0.70,0.70,21.1,26.2
4,2020-08-12,1.30,1.30,20.8,26.2
4,2020-08-13,1.70,1.70,19.8,26.2
4,2020-08-14,0.20,0.20,19.0,26.6
4,2020-08-15,0.20,0.20,24.3,26.9
4,2020-08-16,0.10,0.10,22.4,26.5
4,2020-08-17,0.70,0.70,21.0,25.8
4,2020-08-18,1.00,1.00,24.9,26.1
4,2020-08-19,0.10,0.10,24.2,26.5
4,2020-08-20,0.30,0.30,26.6,26.9
4,2020-08-21,0.40,0.40,21.9,26.8
4,2020-08-22,0.50,0.50,24.8,26.7
4,2020-08-23,0.60,0.60,22.8,26.9
4,2020-08-24,0.70,0.70,23.9,26.9
4,2020-08-25,0.50,0.50,22.2,26.9
4,2020-08-26,0.30,0.30,21.9,26.5
4,2020-08-27,0.30,0.30,22.8,26.6
4,2020-08-28,1.00,1.00,20.7,26.5
4,2020-08-29,0.40,0.40,25.2,26.6
4,2020-08-30,0.40,0.40,28.2,26.6
4,2020-08-31,1.00,1.00,29.4,26.6
4,2020-09-01,0.30,0.30,24.2,26.5
4,2020-09-02,1.00,1.00,20.4,26.3
4,2020-09-03,0.30,0.30,20.4,26.3
4,2020-09-04,0.00,0.00,19.8,27.0
4,2020-09-05,0.20,0.20,27.3,26.8
4,2020-09-06,1.40,1.40,24.4,26.1
4,2020-09-07,0.90,0.90,21.7,26.8
4,2020-09-08,2.20,2.20,25.3,26.4
4,2020-09-09,2.10,2.10,25.1,26.2
4,2020-09-10,0.00,0.00,25.3,26.7
4,2020-09-11,0.20,0.20,24.4,26.6
4,2020-09-12,0.20,0.20,18.9,26.0
4,2020-09-13,0.20,0.20,18.4,26.3
4,2020-09-14,0.20,0.20,17.2,26.4
4,2020-09-15,0.00,0.00,17.7,26.5
4,2020-09-16,0.00,0.00,19.2,26.6
4,2020-09-17,0.00,0.00,23.7,26.6
4,2020-09-18,0.00,0.00,26.9,27.0
4,2020-09-19,2.00,2.00,24.2,26.3
4,2020-09-20,1.90,1.90,24.9,26.2
4,2020-09-21,3.00,3.00,22.0,26.0
4,2020-09-22,0.30,0.30,22.7,26.3
4,2020-09-23,2.10,2.10,25.1,26.6
4,2020-09-24,0.40,0.40,26.1,26.8
4,2020-09-25,0.80,0.80,22.8,26.6
4,2020-09-26,0.00,0.00,20.6,26.4
4,2020-09-27,0.20,0.20,18.8,26.5
4,2020-09-28,2.30,2.30,18.1,26.3
4,2020-09-29,0.00,0.00,16.0,26.5
4,2020-09-30,0.00,0.00,13.0,26.4
4,2020-10-01,1.50,1.50,15.3,26.7
4,2020-10-02,3.70,3.70,13.0,27.0
4,2020-10-03,0.30,0.30,17.2,27.0
4,2020-10-04,0.70,0.70,24.7,26.6
4,2020-10-05,0.10,0.10,19.5,26.7
4,2020-10-06,0.10,0.10,17.3,27.2
4,2020-10-07,0.20,0.20,20.0,27.1
4,2020-10-08,0.00,0.00,19.3,27.0
4,2020-10-09,0.60,0.60,17.1,27.1
4,2020-10-10,0.30,0.30,27.0,27.0
4,2020-10-11,2.70,2.70,21.9,26.4
4,2020-10-12,4.20,4.20,21.0,26.6
4,2020-10-13,0.60,0.60,25.1,26.6
4,2020-10-14,0.90,0.90,16.1,26.4
4,2020-10-15,3.10,3.10,13.8,26.4
4,2020-10-16,1.60,1.60,14.3,26.6
4,2020-10-17,2.40,2.40,10.2,26.4
4,2020-10-18,1.60,1.60,13.1,26.4
4,2020-10-19,4.30,4.30,14.1,26.1
4,2020-10-20,7.60,7.60,12.1,25.9
4,2020-10-21,10.90,10.90,9.6,25.8
4,2020-10-22,3.00,3.00,8.4,25.4
4,2020-10-23,2.50,2.50,14.5,25.8
4,2020-10-24,0.80,0.80,9.6,26.0
4,2020-10-25,2.30,2.30,9.0,26.3
4,2020-10-26,1.50,1.50,12.8,26.3
4,2020-10-27,1.40,1.40,9.1,25.6
4,2020-10-28,7.80,7.80,18.7,24.7
4,2020-10-29,1.20,1.20,17.5,25.2
4,2020-10-30,0.10,0.10,21.5,26.0
4,2020-10-31,1.60,1.60,9.0,25.0
4,2020-11-01,0.50,0.50,12.4,25.4
4,2020-11-02,0.00,0.00,16.8,26.0
4,2020-11-03,1.90,1.90,18.7,26.2
4,2020-11-04,4.40,4.40,18.7,26.3
4,2020-11-05,0.70,0.70,13.8,26.3
4,2020-11-06,0.80,0.80,23.7,26.2
4,2020-11-07,2.90,2.90,23.6,26.0
4,2020-11-08,0.50,0.50,26.2,26.3
4,2020-11-09,1.00,1.00,29.1,25.8
4,2020-11-10,1.30,1.30,28.3,25.7
4,2020-11-11,0.90,0.90,31.9,25.5
4,2020-11-12,0.20,0.20,29.1,25.6
4,2020-11-13,1.60,1.60,27.3,25.4
4,2020-11-14,0.30,0.30,22.9,25.6
4,2020-11-15,0.80,0.80,15.9,25.3
4,2020-11-16,2.90,2.90,20.3,24.9
4,2020-11-17,0.50,0.50,23.9,25.7
4,2020-11-18,6.50,6.50,23.5,24.7
4,2020-11-19,0.80,0.80,29.0,25.2
4,2020-11-20,1.30,1.30,26.9,25.4
4,2020-11-21,1.10,1.10,35.3,25.6
4,2020-11-22,2.00,2.00,36.1,25.3
4,2020-11-23,3.40,3.40,28.1,25.2
4,2020-11-24,2.90,2.90,28.2,24.9
4,2020-11-25,1.60,1.60,24.6,25.2
4,2020-11-26,3.50,3.50,23.3,24.8
4,2020-11-27,0.80,0.80,29.1,24.1
4,2020-11-28,0.60,0.60,23.2,23.8
4,2020-11-29,3.60,3.60,21.4,22.9
4,2020-11-30,1.20,1.20,16.1,23.9
4,2020-12-01,0.00,0.00,13.8,23.6
4,2020-12-02,0.00,0.00,15.2,23.9
4,2020-12-03,0.20,0.20,15.0,24.2
4,2020-12-04,2.90,2.90,29.8,24.7
4,2020-12-05,0.40,0.40,19.6,25.4
4,2020-12-06,0.00,0.00,9.2,24.7
4,2020-12-07,0.00,0.00,20.9,25.1
4,2020-12-08,1.30,1.30,27.6,25.1
4,2020-12-09,1.90,1.90,10.8,24.5
4,2020-12-10,0.30,0.30,9.7,24.5
4,2020-12-11,0.00,0.00,17.4,24.4
4,2020-12-12,0.40,0.40,25.7,24.9
4,2020-12-13,2.20,2.20,15.8,24.9
4,2020-12-14,0.40,0.40,23.1,25.0
4,2020-12-15,1.50,1.50,27.5,24.8
4,2020-12-16,2.60,2.60,23.6,24.3
4,2020-12-17,1.40,1.40,20.1,24.2
4,2020-12-18,0.20,0.20,35.1,24.5
4,2020-12-19,4.80,4.80,27.1,24.5
4,2020-12-20,3.60,3.60,22.3,24.1
4,2020-12-21,4.20,4.20,23.0,24.2
4,2020-12-22,0.00,0.00,14.0,24.0
4,2020-12-23,0.00,0.00,7.9,23.9
4,2020-12-24,0.10,0.10,18.4,23.6
4,2020-12-25,4.30,4.30,24.1,22.9
4,2020-12-26,6.30,6.30,27.7,22.5
4,2020-12-27,4.40,4.40,27.3,24.1
4,2020-12-28,0.20,0.20,10.0,23.9
4,2020-12-29,2.00,2.00,21.6,24.1
4,2020-12-30,0.10,0.10,26.8,24.1
4,2020-12-31,0.30,0.30,28.5,23.9
4,2021-01-01,1.30,1.30,35.5,23.9
4,2021-01-02,0.30,0.30,29.1,23.9
4,2021-01-03,0.90,0.90,24.8,23.9
4,2021-01-04,0.40,0.40,21.0,24.3
4,2021-01-05,1.10,1.10,18.9,23.7
4,2021-01-06,0.50,0.50,22.6,24.0
4,2021-01-07,0.50,0.50,21.6,24.3
4,2021-01-08,0.40,0.40,13.6,23.5
4,2021-01-09,0.10,0.10,12.7,23.5
4,2021-01-10,0.40,0.40,22.6,23.6
4,2021-01-11,0.70,0.70,19.2,24.2
4,2021-01-12,0.70,0.70,18.1,23.7
4,2021-01-13,1.60,1.60,14.9,23.9
4,2021-01-14,0.80,0.80,15.6,23.7
4,2021-01-15,0.00,0.00,14.1,23.9
4,2021-01-16,0.60,0.60,15.9,24.2
4,2021-01-17,2.70,2.70,18.7,23.2
4,2021-01-18,5.20,5.20,31.7,21.6
4,2021-01-19,3.20,3.20,27.2,22.6
4,2021-01-20,0.40,0.40,22.1,23.8
4,2021-01-21,3.30,3.30,28.6,23.7
4,2021-01-22,1.40,1.40,31.4,23.9
4,2021-01-23,3.30,3.30,31.7,23.4
4,2021-01-24,3.80,3.80,30.7,23.9
4,2021-01-25,4.70,4.70,30.3,23.5
4,2021-01-26,1.10,1.10,29.9,23.8
4,2021-01-27,1.50,1.50,30.4,23.8
4,2021-01-28,0.20,0.20,33.8,23.6
4,2021-01-29,3.00,3.00,29.0,23.0
4,2021-01-30,1.90,1.90,28.1,23.1
4,2021-01-31,0.20,0.20,23.5,23.2
4,2021-02-01,1.80,1.80,18.6,22.3
4,2021-02-02,2.70,2.70,14.3,22.8
4,2021-02-03,28.10,28.10,28.3,20.9
4,2021-02-04,0.30,0.30,16.9,20.0
4,2021-02-05,0.20,0.20,10.0,19.8
4,2021-02-06,0.20,0.20,7.9,21.1
4,2021-02-07,0.00,0.00,8.8,21.5
4,2021-02-08,0.80,0.80,22.0,22.1
4,2021-02-09,0.00,0.00,24.5,21.5
4,2021-02-10,0.00,0.00,20.2,22.0
4,2021-02-11,0.00,0.00,19.2,22.8
4,2021-02-12,0.10,0.10,20.5,23.7
4,2021-02-13,0.30,0.30,25.1,23.8
4,2021-02-14,2.90,2.90,11.4,23.8
4,2021-02-15,1.40,1.40,15.3,23.4
4,2021-02-16,0.40,0.40,12.5,24.0
4,2021-02-17,0.10,0.10,22.7,23.9
4,2021-02-18,3.20,3.20,23.5,23.1
4,2021-02-19,5.00,5.00,23.1,23.2
4,2021-02-20,0.60,0.60,25.8,23.7
4,2021-02-21,5.50,5.50,27.5,23.6
4,2021-02-22,0.40,0.40,29.9,23.7
4,2021-02-23,2.60,2.60,31.3,23.7
4,2021-02-24,0.40,0.40,31.1,23.6
4,2021-02-25,0.80,0.80,36.4,23.6
4,2021-02-26,0.80,0.80,33.8,23.6
4,2021-02-27,2.50,2.50,27.3,22.9
4,2021-02-28,5.90,5.90,32.1,22.5
4,2021-03-01,0.70,0.70,34.2,22.8
4,2021-03-02,1.50,1.50,33.4,22.5
4,2021-03-03,2.60,2.60,26.4,21.8
4,2021-03-04,1.60,1.60,20.4,21.8
4,2021-03-05,4.90,4.90,21.8,20.2
4,2021-03-06,5.30,5.30,24.3,21.0
4,2021-03-07,1.20,1.20,24.5,23.0
4,2021-03-08,13.80,13.80,26.7,22.0
4,2021-03-09,31.80,31.80,22.9,21.9
4,2021-03-10,6.00,6.00,15.0,22.4
4,2021-03-11,3.80,3.80,11.8,22.7
4,2021-03-12,9.60,9.60,20.9,22.3
4,2021-03-13,15.40,15.40,25.4,21.8
4,2021-03-14,2.30,2.30,19.8,22.4
4,2021-03-15,7.70,7.70,13.2,22.7
4,2021-03-16,5.00,5.00,25.2,22.1
4,2021-03-17,1.90,1.90,31.1,22.1
4,2021-03-18,5.40,5.40,30.0,20.8
4,2021-03-19,2.10,2.10,28.7,21.9
4,2021-03-20,8.50,8.50,29.7,22.0
4,2021-03-21,2.70,2.70,32.6,22.4
4,2021-03-22,0.70,0.70,24.6,23.0
4,2021-03-23,1.50,1.50,14.4,22.5
4,2021-03-24,5.90,5.90,24.0,23.6
4,2021-03-25,6.60,6.60,14.2,23.4
4,2021-03-26,0.20,0.20,19.8,23.3
4,2021-03-27,0.00,0.00,27.2,23.7
4,2021-03-28,1.10,1.10,32.7,23.0
4,2021-03-29,1.40,1.40,22.0,23.6
4,2021-03-30,1.80,1.80,21.1,23.6
4,2021-03-31,0.50,0.50,21.3,23.5
4,2021-04-01,2.40,2.40,22.4,23.2
4,2021-04-02,1.40,1.40,19.9,22.8
4,2021-04-03,1.30,1.30,24.0,22.5
4,2021-04-04,5.90,5.90,28.4,21.8
4,2021-04-05,3.20,3.20,30.1,22.6
4,2021-04-06,0.20,0.20,28.0,22.0
4,2021-04-07,0.40,0.40,25.1,21.6
4,2021-04-08,0.10,0.10,24.5,22.3
4,2021-04-09,0.40,0.40,24.8,22.0
4,2021-04-10,0.90,0.90,15.6,21.9
4,2021-04-11,2.70,2.70,16.2,21.1
4,2021-04-12,2.60,2.60,20.3,21.5
4,2021-04-13,0.80,0.80,19.9,22.3
4,2021-04-14,1.00,1.00,20.8,22.6
4,2021-04-15,0.20,0.20,18.6,22.9
4,2021-04-16,0.90,0.90,11.8,22.7
4,2021-04-17,0.50,0.50,20.3,22.1
4,2021-04-18,0.00,0.00,20.3,23.5
4,2021-04-19,0.00,0.00,7.9,24.6
4,2021-04-20,0.30,0.30,10.1,24.3
4,2021-04-21,0.40,0.40,16.4,24.8
4,2021-04-22,0.00,0.00,21.6,24.7
4,2021-04-23,0.70,0.70,25.8,24.1
4,2021-04-24,0.80,0.80,24.6,23.9
4,2021-04-25,1.10,1.10,26.2,24.1
4,2021-04-26,0.20,0.20,18.3,24.5
4,2021-04-27,6.20,6.20,16.3,23.7
4,2021-04-28,2.30,2.30,12.9,23.6
4,2021-04-29,3.30,3.30,19.7,23.6
4,2021-04-30,5.40,5.40,22.8,23.7
4,2021-05-01,1.70,1.70,26.6,24.5
4,2021-05-02,1.50,1.50,25.8,24.3
4,2021-05-03,3.50,3.50,18.6,24.6
4,2021-05-04,2.40,2.40,17.5,24.3
4,2021-05-05,2.50,2.50,24.2,24.4
4,2021-05-06,4.40,4.40,20.1,24.0
4,2021-05-07,0.50,0.50,28.9,24.6
4,2021-05-08,0.80,0.80,24.7,24.7
4,2021-05-09,2.90,2.90,24.5,24.5
4,2021-05-10,1.10,1.10,24.5,24.7
4,2021-05-11,0.30,0.30,26.4,24.6
4,2021-05-12,0.60,0.60,25.3,24.1
4,2021-05-13,0.30,0.30,24.7,24.4
4,2021-05-14,2.40,2.40,27.8,24.1
4,2021-05-15,2.80,2.80,25.1,23.5
4,2021-05-16,1.50,1.50,30.1,23.3
4,2021-05-17,0.70,0.70,25.7,24.2
4,2021-05-18,0.80,0.80,26.2,24.2
4,2021-05-19,0.20,0.20,27.5,24.4
4,2021-05-20,0.30,0.30,25.2,24.5
4,2021-05-21,2.40,2.40,23.9,24.4
4,2021-05-22,0.40,0.40,21.5,24.8
4,2021-05-23,4.60,4.60,17.6,24.8
4,2021-05-24,0.80,0.80,13.9,25.3
4,2021-05-25,1.80,1.80,15.3,25.4
4,2021-05-26,0.60,0.60,17.4,25.5
4,2021-05-27,1.40,1.40,18.9,25.1
4,2021-05-28,0.00,0.00,20.9,25.1
4,2021-05-29,0.00,0.00,15.9,25.3
4,2021-05-30,0.00,0.00,15.2,25.3
4,2021-05-31,0.00,0.00,9.2,26.0
4,2021-06-01,0.20,0.20,20.1,26.2
4,2021-06-02,1.80,1.80,21.4,25.6
4,2021-06-03,5.50,5.50,22.1,25.4
4,2021-06-04,0.70,0.70,26.6,25.8
4,2021-06-05,0.10,0.10,24.9,25.7
4,2021-06-06,4.40,4.40,25.0,25.1
4,2021-06-07,0.30,0.30,22.7,25.4
4,2021-06-08,0.50,0.50,29.6,25.5
4,2021-06-09,0.70,0.70,29.1,25.6
4,2021-06-10,0.40,0.40,29.6,25.4
4,2021-06-11,2.30,2.30,23.2,24.4
4,2021-06-12,1.30,1.30,23.2,24.9
4,2021-06-13,0.70,0.70,23.9,24.9
4,2021-06-14,0.10,0.10,20.4,25.3
4,2021-06-15,0.30,0.30,23.0,25.4
4,2021-06-16,0.00,0.00,23.7,25.8
4,2021-06-17,1.90,1.90,26.8,25.6
4,2021-06-18,0.00,0.00,19.3,25.7
4,2021-06-19,3.70,3.70,17.9,25.0
4,2021-06-20,1.40,1.40,17.7,25.0
4,2021-06-21,2.10,2.10,18.9,25.3
4,2021-06-22,0.00,0.00,19.6,25.5
4,2021-06-23,0.20,0.20,18.6,25.0
4,2021-06-24,0.20,0.20,17.0,25.6
4,2021-06-25,0.90,0.90,14.4,25.8
4,2021-06-26,0.00,0.00,12.6,25.8
4,2021-06-27,0.80,0.80,21.4,25.7
4,2021-06-28,0.50,0.50,21.4,25.8
4,2021-06-29,0.20,0.20,21.1,26.2
4,2021-06-30,0.80,0.80,23.1,25.9
4,2021-07-01,0.20,0.20,26.3,25.9
4,2021-07-02,2.30,2.30,30.1,25.7
4,2021-07-03,1.70,1.70,33.2,25.2
4,2021-07-04,3.60,3.60,28.5,24.8
4,2021-07-05,1.40,1.40,23.8,25.7
4,2021-07-06,0.90,0.90,22.6,25.6
4,2021-07-07,1.10,1.10,21.0,25.2
4,2021-07-08,0.80,0.80,17.8,25.3
4,2021-07-09,1.20,1.20,19.1,25.9
4,2021-07-10,2.50,2.50,25.4,25.7
4,2021-07-11,0.10,0.10,26.3,25.4
4,2021-07-12,3.80,3.80,24.0,25.6
4,2021-07-13,1.30,1.30,21.6,25.8
4,2021-07-14,5.30,5.30,20.9,25.6
4,2021-07-15,0.10,0.10,27.0,26.1
4,2021-07-16,0.40,0.40,28.9,26.1
4,2021-07-17,3.30,3.30,25.9,25.7
4,2021-07-18,4.30,4.30,27.6,25.6
4,2021-07-19,2.40,2.40,29.4,25.7
4,2021-07-20,0.20,0.20,30.1,25.7
4,2021-07-21,3.70,3.70,27.1,25.6
4,2021-07-22,0.50,0.50,30.8,25.8
4,2021-07-23,2.90,2.90,30.8,25.6
4,2021-07-24,1.80,1.80,26.5,26.2
4,2021-07-25,0.60,0.60,27.1,26.6
4,2021-07-26,1.00,1.00,26.1,26.1
4,2021-07-27,1.80,1.80,25.3,25.8
4,2021-07-28,2.10,2.10,23.5,25.6
4,2021-07-29,2.00,2.00,26.3,26.0
4,2021-07-30,1.20,1.20,28.1,26.1
4,2021-07-31,0.10,0.10,32.0,26.1
4,2021-08-01,0.00,0.00,33.5,26.1
4,2021-08-02,0.70,0.70,31.8,25.8
4,2021-08-03,0.20,0.20,28.5,25.5
4,2021-08-04,1.30,1.30,26.3,25.6
4,2021-08-05,2.70,2.70,26.5,25.6
4,2021-08-06,0.50,0.50,28.2,26.1
4,2021-08-07,0.30,0.30,27.2,25.9
4,2021-08-08,0.70,0.70,24.1,25.7
4,2021-08-09,0.00,0.00,17.7,26.0
4,2021-08-10,1.80,1.80,18.4,26.3
4,2021-08-11,0.10,0.10,17.9,26.4
4,2021-08-12,0.10,0.10,20.1,26.1
4,2021-08-13,3.00,3.00,25.1,25.7
4,2021-08-14,2.40,2.40,25.1,25.6
4,2021-08-15,1.80,1.80,22.2,25.7
4,2021-08-16,2.70,2.70,14.0,26.0
4,2021-08-17,2.10,2.10,11.1,25.8
4,2021-08-18,1.90,1.90,19.0,26.5
4,2021-08-19,2.30,2.30,23.8,25.9
4,2021-08-20,0.20,0.20,24.4,26.3
4,2021-08-21,1.00,1.00,25.7,25.9
4,2021-08-22,1.10,1.10,22.8,26.1
4,2021-08-23,27.70,27.70,31.9,25.5
4,2021-08-24,1.90,1.90,29.5,25.7
4,2021-08-25,0.00,0.00,25.3,25.7
4,2021-08-26,2.40,2.40,24.6,25.4
4,2021-08-27,0.50,0.50,22.7,25.6
4,2021-08-28,0.70,0.70,20.1,25.7
4,2021-08-29,1.40,1.40,17.1,25.6
4,2021-08-30,1.00,1.00,15.7,25.7
4,2021-08-31,1.10,1.10,12.6,25.6
4,2021-09-01,0.60,0.60,20.0,26.0
4,2021-09-02,0.20,0.20,23.9,26.6
4,2021-09-03,1.00,1.00,32.4,26.0
4,2021-09-04,1.60,1.60,28.0,25.3
4,2021-09-05,2.00,2.00,22.5,25.4
4,2021-09-06,2.70,2.70,17.3,25.6
4,2021-09-07,0.40,0.40,20.9,25.8
4,2021-09-08,0.30,0.30,21.7,25.8
4,2021-09-09,0.10,0.10,23.2,25.7
4,2021-09-10,1.10,1.10,18.1,25.1
4,2021-09-11,1.90,1.90,21.4,25.5
4,2021-09-12,2.30,2.30,24.5,25.4
4,2021-09-13,2.80,2.80,24.0,25.3
4,2021-09-14,4.00,4.00,21.7,25.0
4,2021-09-15,1.70,1.70,17.7,25.4
4,2021-09-16,0.40,0.40,27.6,26.4
4,2021-09-17,1.60,1.60,30.6,25.7
4,2021-09-18,0.20,0.20,28.7,25.8
4,2021-09-19,2.20,2.20,23.8,25.7
4,2021-09-20,0.10,0.10,25.1,25.9
4,2021-09-21,0.10,0.10,26.1,25.9
4,2021-09-22,0.80,0.80,24.4,25.6
4,2021-09-23,1.00,1.00,25.5,25.7
4,2021-09-24,5.00,5.00,23.6,24.9
4,2021-09-25,5.10,5.10,26.4,25.4
4,2021-09-26,1.70,1.70,26.8,25.9
4,2021-09-27,2.50,2.50,24.1,25.3
4,2021-09-28,0.90,0.90,23.4,25.4
4,2021-09-29,0.90,0.90,18.8,25.7
4,2021-09-30,3.90,3.90,23.3,25.3
4,2021-10-01,0.60,0.60,25.6,25.6
4,2021-10-02,1.90,1.90,21.8,25.4
4,2021-10-03,4.90,4.90,21.9,25.1
4,2021-10-04,0.50,0.50,24.6,25.4
4,2021-10-05,0.10,0.10,23.2,25.8
4,2021-10-06,0.00,0.00,27.6,25.6
4,2021-10-07,1.30,1.30,29.5,25.4
4,2021-10-08,0.50,0.50,32.4,25.5
4,2021-10-09,0.40,0.40,36.8,25.2
4,2021-10-10,1.00,1.00,31.2,25.2
4,2021-10-11,2.10,2.10,28.0,25.2
4,2021-10-12,1.50,1.50,33.5,25.9
4,2021-10-13,1.20,1.20,31.1,25.5
4,2021-10-14,3.90,3.90,27.6,24.8
4,2021-10-15,2.40,2.40,26.6,24.7
4,2021-10-16,2.30,2.30,21.5,24.7
4,2021-10-17,0.30,0.30,27.9,24.9
4,2021-10-18,0.00,0.00,22.4,25.0
4,2021-10-19,0.50,0.50,21.4,24.6
4,2021-10-20,0.00,0.00,16.6,24.9
4,2021-10-21,2.70,2.70,16.9,24.8
4,2021-10-22,0.70,0.70,24.1,25.3
4,2021-10-23,0.00,0.00,22.9,25.3
4,2021-10-24,2.50,2.50,26.7,24.9
4,2021-10-25,0.90,0.90,24.9,25.1
4,2021-10-26,0.70,0.70,19.4,25.4
4,2021-10-27,1.00,1.00,20.0,24.9
4,2021-10-28,2.40,2.40,17.3,24.8
4,2021-10-29,2.00,2.00,14.3,25.0
4,2021-10-30,0.00,0.00,7.4,24.9
4,2021-10-31,1.60,1.60,13.3,24.4
4,2021-11-01,0.00,0.00,16.6,24.6
4,2021-11-02,2.10,2.10,12.0,24.6
4,2021-11-03,2.80,2.80,18.2,25.2
4,2021-11-04,0.90,0.90,24.0,25.3
4,2021-11-05,0.10,0.10,28.6,25.7
4,2021-11-06,0.70,0.70,26.0,25.4
4,2021-11-07,1.10,1.10,24.2,25.0
4,2021-11-08,0.60,0.60,20.9,25.1
4,2021-11-09,0.10,0.10,15.2,25.1
4,2021-11-10,0.00,0.00,14.2,24.9
4,2021-11-11,0.00,0.00,18.9,25.1
4,2021-11-12,1.10,1.10,15.2,25.0
4,2021-11-13,0.10,0.10,12.0,24.7
4,2021-11-14,16.80,16.80,14.2,23.7
4,2021-11-15,0.90,0.90,10.5,24.3
4,2021-11-16,1.50,1.50,9.1,25.2
4,2021-11-17,1.40,1.40,12.0,25.2
4,2021-11-18,0.50,0.50,16.1,25.3
4,2021-11-19,0.00,0.00,19.6,25.4
4,2021-11-20,0.20,0.20,16.9,25.8
4,2021-11-21,0.20,0.20,21.3,25.2
4,2021-11-22,1.10,1.10,22.0,24.9
4,2021-11-23,0.00,0.00,20.8,25.3
4,2021-11-24,0.10,0.10,17.1,25.0
4,2021-11-25,0.00,0.00,21.8,24.8
4,2021-11-26,0.00,0.00,18.7,24.3
4,2021-11-27,0.70,0.70,15.6,23.6
4,2021-11-28,1.40,1.40,26.5,23.5
4,2021-11-29,2.40,2.40,29.5,24.1
4,2021-11-30,2.30,2.30,27.7,24.2
4,2021-12-01,1.80,1.80,21.4,24.7
4,2021-12-02,0.60,0.60,15.3,24.2
4,2021-12-03,3.80,3.80,25.6,22.9
4,2021-12-04,0.40,0.40,20.1,20.8
4,2021-12-05,61.90,61.90,39.2,22.6
4,2021-12-06,82.10,82.10,32.2,22.4
4,2021-12-07,17.30,17.30,25.0,22.6
4,2021-12-08,1.60,1.60,25.6,24.3
4,2021-12-09,3.00,3.00,29.8,24.4
4,2021-12-10,0.70,0.70,30.0,24.3
4,2021-12-11,1.80,1.80,27.9,24.2
4,2021-12-12,0.60,0.60,30.8,23.6
4,2021-12-13,0.50,0.50,25.8,23.9
4,2021-12-14,2.10,2.10,25.8,23.5
4,2021-12-15,1.50,1.50,23.5,23.8
4,2021-12-16,2.30,2.30,19.5,23.6
4,2021-12-17,1.40,1.40,15.9,23.2
4,2021-12-18,0.50,0.50,23.4,23.9
4,2021-12-19,1.60,1.60,25.8,23.4
4,2021-12-20,0.50,0.50,25.5,23.4
4,2021-12-21,2.10,2.10,25.1,22.2
4,2021-12-22,2.00,2.00,26.5,22.9
4,2021-12-23,0.00,0.00,25.8,23.3
4,2021-12-24,1.00,1.00,25.7,22.3
4,2021-12-25,0.70,0.70,23.4,22.7
4,2021-12-26,1.90,1.90,22.8,22.8
4,2021-12-27,0.90,0.90,28.8,23.4
4,2021-12-28,0.30,0.30,31.4,23.3
4,2021-12-29,3.60,3.60,27.3,23.4
4,2021-12-30,3.60,3.60,25.5,22.9
4,2021-12-31,23.20,23.20,19.1,22.4
4,2022-01-01,26.40,26.40,19.7,21.9
4,2022-01-02,14.20,14.20,14.0,21.7
4,2022-01-03,5.10,5.10,13.7,21.9
4,2022-01-04,3.50,3.50,20.2,22.4
4,2022-01-05,0.50,0.50,7.5,23.0
4,2022-01-06,1.30,1.30,12.7,22.5
4,2022-01-07,0.50,0.50,6.4,22.0
4,2022-01-08,1.10,1.10,9.0,22.8
4,2022-01-09,0.40,0.40,10.7,21.8
4,2022-01-10,0.30,0.30,19.5,23.0
4,2022-01-11,0.00,0.00,21.0,22.4
4,2022-01-12,0.40,0.40,14.3,23.2
4,2022-01-13,0.50,0.50,11.9,22.9
4,2022-01-14,1.80,1.80,12.3,22.9
4,2022-01-15,0.50,0.50,7.1,22.0
4,2022-01-16,0.70,0.70,6.6,22.6
4,2022-01-17,0.00,0.00,11.5,22.7
4,2022-01-18,0.20,0.20,9.7,22.6
4,2022-01-19,0.00,0.00,12.6,23.1
4,2022-01-20,0.80,0.80,11.4,23.2
4,2022-01-21,0.00,0.00,18.9,23.3
4,2022-01-22,0.10,0.10,20.6,23.7
4,2022-01-23,0.40,0.40,17.7,23.7
4,2022-01-24,0.00,0.00,21.0,23.4
4,2022-01-25,0.70,0.70,24.8,23.2
4,2022-01-26,0.20,0.20,20.5,23.4
4,2022-01-27,0.10,0.10,15.2,23.5
4,2022-01-28,0.10,0.10,12.6,23.5
4,2022-01-29,0.30,0.30,19.5,23.7
4,2022-01-30,0.50,0.50,19.6,23.5
4,2022-01-31,0.60,0.60,12.4,22.9
4,2022-02-01,0.00,0.00,18.5,23.4
4,2022-02-02,0.20,0.20,13.8,23.8
4,2022-02-03,0.00,0.00,17.8,23.0
4,2022-02-04,0.00,0.00,6.4,23.1
4,2022-02-05,1.20,1.20,17.6,23.0
4,2022-02-06,0.50,0.50,23.7,23.6
4,2022-02-07,0.00,0.00,25.8,23.6
4,2022-02-08,0.10,0.10,19.7,23.5
4,2022-02-09,1.00,1.00,16.2,23.5
4,2022-02-10,0.70,0.70,8.7,22.9
4,2022-02-11,0.00,0.00,10.8,23.3
4,2022-02-12,0.20,0.20,17.1,23.3
4,2022-02-13,1.00,1.00,20.7,22.6
4,2022-02-14,1.20,1.20,15.0,22.2
4,2022-02-15,1.30,1.30,16.9,22.5
4,2022-02-16,0.80,0.80,19.7,23.0
4,2022-02-17,2.20,2.20,22.2,23.1
4,2022-02-18,0.80,0.80,18.7,23.5
4,2022-02-19,1.90,1.90,14.2,23.2
4,2022-02-20,0.00,0.00,22.6,22.9
4,2022-02-21,0.50,0.50,17.8,23.3
4,2022-02-22,0.40,0.40,24.6,23.9
4,2022-02-23,0.00,0.00,27.7,24.1
4,2022-02-24,0.30,0.30,21.8,24.2
4,2022-02-25,0.10,0.10,25.0,24.0
4,2022-02-26,0.00,0.00,22.5,24.0
4,2022-02-27,1.20,1.20,10.7,23.8
4,2022-02-28,2.50,2.50,14.1,23.7
4,2022-03-01,0.80,0.80,12.5,23.2
4,2022-03-02,0.20,0.20,10.2,23.2
4,2022-03-03,0.80,0.80,7.6,23.5
4,2022-03-04,1.10,1.10,15.3,22.4
4,2022-03-05,0.00,0.00,14.0,22.8
4,2022-03-06,0.30,0.30,13.3,23.2
4,2022-03-07,0.00,0.00,11.4,23.7
4,2022-03-08,0.70,0.70,15.8,23.9
4,2022-03-09,1.20,1.20,14.2,24.4
4,2022-03-10,1.60,1.60,18.5,24.8
4,2022-03-11,0.30,0.30,21.9,24.6
4,2022-03-12,0.00,0.00,24.4,24.7
4,2022-03-13,0.10,0.10,23.5,24.5
4,2022-03-14,0.00,0.00,22.0,24.5
4,2022-03-15,0.00,0.00,17.2,24.8
4,2022-03-16,1.50,1.50,13.7,25.1
4,2022-03-17,0.00,0.00,20.9,24.7
4,2022-03-18,0.20,0.20,23.1,24.6
4,2022-03-19,2.00,2.00,26.1,24.6
4,2022-03-20,2.60,2.60,17.6,24.7
4,2022-03-21,1.90,1.90,14.0,24.2
4,2022-03-22,2.10,2.10,23.8,23.7
4,2022-03-23,2.80,2.80,31.4,24.1
4,2022-03-24,1.50,1.50,31.4,24.0
4,2022-03-25,7.30,7.30,27.6,22.7
4,2022-03-26,1.30,1.30,22.7,23.6
4,2022-03-27,0.60,0.60,13.4,23.4
4,2022-03-28,0.10,0.10,13.7,24.4
4,2022-03-29,3.70,3.70,19.1,24.2
4,2022-03-30,1.30,1.30,22.8,24.6
4,2022-03-31,5.10,5.10,26.1,23.7
4,2022-04-01,4.60,4.60,26.3,23.6
4,2022-04-02,1.60,1.60,32.7,23.8
4,2022-04-03,1.00,1.00,30.0,24.3
4,2022-04-04,0.70,0.70,26.6,24.0
4,2022-04-05,2.00,2.00,21.4,23.9
4,2022-04-06,2.50,2.50,23.0,23.3
4,2022-04-07,0.00,0.00,29.0,24.2
4,2022-04-08,2.90,2.90,28.4,24.0
4,2022-04-09,2.10,2.10,27.4,24.0
4,2022-04-10,0.10,0.10,23.2,24.6
4,2022-04-11,1.30,1.30,27.2,24.6
4,2022-04-12,0.00,0.00,22.1,24.7
4,2022-04-13,0.00,0.00,25.1,24.6
4,2022-04-14,0.80,0.80,25.8,24.3
4,2022-04-15,1.40,1.40,26.1,23.9
4,2022-04-16,3.00,3.00,24.6,23.1
4,2022-04-17,2.90,2.90,27.1,23.4
4,2022-04-18,0.70,0.70,24.6,23.6
4,2022-04-19,7.80,7.80,27.4,22.8
4,2022-04-20,7.00,7.00,25.1,23.1
4,2022-04-21,2.40,2.40,26.8,23.5
4,2022-04-22,1.80,1.80,25.4,24.3
4,2022-04-23,2.20,2.20,28.0,24.0
4,2022-04-24,1.40,1.40,27.1,24.1
4,2022-04-25,1.20,1.20,26.0,24.3
4,2022-04-26,2.20,2.20,25.0,24.1
4,2022-04-27,3.60,3.60,22.8,23.9
4,2022-04-28,1.80,1.80,23.1,24.5
4,2022-04-29,0.30,0.30,28.5,24.4
4,2022-04-30,2.30,2.30,26.3,24.2
4,2022-05-01,2.90,2.90,29.5,23.8
4,2022-05-02,0.90,0.90,26.7,23.8
4,2022-05-03,1.80,1.80,24.8,23.7
4,2022-05-04,3.10,3.10,26.0,23.9
4,2022-05-05,1.00,1.00,28.2,24.3
4,2022-05-06,1.90,1.90,26.5,24.3
4,2022-05-07,0.30,0.30,27.9,24.2
4,2022-05-08,0.10,0.10,29.2,24.7
4,2022-05-09,0.10,0.10,29.0,24.6
4,2022-05-10,0.00,0.00,23.8,24.4
4,2022-05-11,0.40,0.40,27.2,24.3
4,2022-05-12,0.00,0.00,32.0,24.5
4,2022-05-13,0.10,0.10,27.9,24.8
4,2022-05-14,0.30,0.30,23.0,24.4
4,2022-05-15,4.60,4.60,19.6,24.5
4,2022-05-16,4.00,4.00,11.7,24.6
4,2022-05-17,3.90,3.90,18.2,25.0
4,2022-05-18,8.30,8.30,25.3,24.5
4,2022-05-19,8.80,8.80,21.1,25.2
4,2022-05-20,1.90,1.90,7.6,25.4
4,2022-05-21,0.00,0.00,19.8,25.7
4,2022-05-22,0.10,0.10,23.0,25.3
4,2022-05-23,0.70,0.70,22.2,25.1
4,2022-05-24,0.60,0.60,17.4,24.8
4,2022-05-25,0.60,0.60,19.3,24.5
4,2022-05-26,0.40,0.40,20.1,24.7
4,2022-05-27,0.90,0.90,22.7,24.8
4,2022-05-28,1.10,1.10,23.1,24.8
4,2022-05-29,1.20,1.20,16.3,25.4
4,2022-05-30,0.90,0.90,20.6,25.3
4,2022-05-31,0.20,0.20,21.0,25.3
4,2022-06-01,0.20,0.20,22.5,25.4
4,2022-06-02,1.30,1.30,19.6,25.0
4,2022-06-03,0.60,0.60,18.4,24.9
4,2022-06-04,0.00,0.00,17.9,25.1
4,2022-06-05,2.70,2.70,16.3,25.2
4,2022-06-06,0.70,0.70,18.8,25.6
4,2022-06-07,0.60,0.60,22.1,25.8
4,2022-06-08,0.70,0.70,23.4,25.6
4,2022-06-09,0.50,0.50,19.5,25.5
4,2022-06-10,1.60,1.60,21.4,25.5
4,2022-06-11,0.50,0.50,25.4,25.7
4,2022-06-12,2.50,2.50,27.5,25.5
4,2022-06-13,1.30,1.30,28.2,25.5
4,2022-06-14,0.70,0.70,30.0,25.2
4,2022-06-15,6.10,6.10,22.5,25.1
4,2022-06-16,4.50,4.50,25.1,25.0
4,2022-06-17,1.90,1.90,23.9,25.4
4,2022-06-18,0.00,0.00,26.7,25.8
4,2022-06-19,1.90,1.90,21.5,25.7
4,2022-06-20,3.30,3.30,24.6,25.3
4,2022-06-21,1.50,1.50,22.1,25.4
4,2022-06-22,1.50,1.50,22.1,25.2
4,2022-06-23,0.10,0.10,21.3,25.2
4,2022-06-24,3.20,3.20,18.5,24.5
4,2022-06-25,2.50,2.50,17.7,24.9
4,2022-06-26,0.00,0.00,16.7,25.8
4,2022-06-27,1.10,1.10,22.2,25.4
4,2022-06-28,0.10,0.10,25.2,25.6
4,2022-06-29,1.00,1.00,26.8,25.3
4,2022-06-30,0.50,0.50,28.3,26.0
4,2022-07-01,3.20,3.20,32.5,25.5
4,2022-07-02,0.20,0.20,30.4,25.6
4,2022-07-03,4.10,4.10,27.7,25.1
4,2022-07-04,3.30,3.30,32.0,25.0
4,2022-07-05,2.50,2.50,28.9,24.8
4,2022-07-06,1.30,1.30,25.2,25.1
4,2022-07-07,0.60,0.60,26.4,24.8
4,2022-07-08,2.40,2.40,27.4,24.8
4,2022-07-09,1.90,1.90,27.3,25.7
4,2022-07-10,2.10,2.10,28.3,25.5
4,2022-07-11,0.60,0.60,23.7,25.3
4,2022-07-12,4.60,4.60,24.8,25.1
4,2022-07-13,1.60,1.60,27.7,25.7
4,2022-07-14,4.30,4.30,26.6,25.3
4,2022-07-15,4.40,4.40,23.5,25.6
4,2022-07-16,2.70,2.70,30.8,25.8
4,2022-07-17,0.80,0.80,28.1,26.2
4,2022-07-18,1.80,1.80,30.3,25.6
4,2022-07-19,1.00,1.00,27.9,25.2
4,2022-07-20,1.50,1.50,23.7,25.2
4,2022-07-21,1.80,1.80,25.2,25.3
4,2022-07-22,0.30,0.30,22.3,25.9
4,2022-07-23,0.10,0.10,21.9,25.7
4,2022-07-24,0.00,0.00,21.1,25.8
4,2022-07-25,0.20,0.20,25.0,25.8
4,2022-07-26,2.20,2.20,27.5,25.6
4,2022-07-27,0.30,0.30,22.5,26.1
4,2022-07-28,0.50,0.50,17.5,26.4
4,2022-07-29,0.00,0.00,18.7,26.4
4,2022-07-30,0.00,0.00,28.6,26.7
4,2022-07-31,0.00,0.00,29.8,26.2
4,2022-08-01,2.50,2.50,27.2,25.1
4,2022-08-02,0.40,0.40,24.7,25.7
4,2022-08-03,4.10,4.10,20.2,25.3
4,2022-08-04,1.50,1.50,15.1,25.8
4,2022-08-05,0.90,0.90,10.1,26.4
4,2022-08-06,0.30,0.30,15.8,26.9
4,2022-08-07,0.10,0.10,22.2,27.1
4,2022-08-08,0.40,0.40,26.4,26.8
4,2022-08-09,0.40,0.40,27.6,26.7
4,2022-08-10,0.20,0.20,30.5,26.7
4,2022-08-11,1.20,1.20,28.8,26.4
4,2022-08-12,0.50,0.50,23.0,26.0
4,2022-08-13,2.70,2.70,23.7,26.1
4,2022-08-14,0.00,0.00,22.5,26.4
4,2022-08-15,0.10,0.10,17.1,26.4
4,2022-08-16,0.00,0.00,12.2,26.7
4,2022-08-17,4.60,4.60,16.3,26.7
4,2022-08-18,2.30,2.30,19.9,26.8
4,2022-08-19,0.10,0.10,23.7,27.0
4,2022-08-20,1.90,1.90,23.1,26.4
4,2022-08-21,0.10,0.10,23.8,26.4
4,2022-08-22,2.90,2.90,21.6,26.0
4,2022-08-23,2.60,2.60,12.7,26.3
4,2022-08-24,4.60,4.60,11.4,26.9
4,2022-08-25,1.20,1.20,18.3,27.0
4,2022-08-26,2.90,2.90,21.6,26.8
4,2022-08-27,0.10,0.10,29.9,26.6
4,2022-08-28,0.60,0.60,18.9,26.1
4,2022-08-29,2.00,2.00,17.9,26.5
4,2022-08-30,0.90,0.90,16.2,26.4
4,2022-08-31,1.10,1.10,20.3,25.8
4,2022-09-01,0.20,0.20,21.8,26.5
4,2022-09-02,1.50,1.50,21.6,26.0
4,2022-09-03,3.60,3.60,19.3,25.6
4,2022-09-04,1.00,1.00,22.6,26.6
4,2022-09-05,1.40,1.40,21.8,26.6
4,2022-09-06,1.00,1.00,23.5,26.7
4,2022-09-07,0.40,0.40,23.1,27.0
4,2022-09-08,1.10,1.10,19.5,26.2
4,2022-09-09,1.80,1.80,18.9,25.4
4,2022-09-10,1.00,1.00,17.1,26.7
4,2022-09-11,1.40,1.40,16.2,26.6
4,2022-09-12,0.60,0.60,19.9,26.7
4,2022-09-13,1.10,1.10,22.1,26.4
4,2022-09-14,0.00,0.00,18.7,26.9
4,2022-09-15,3.30,3.30,15.0,26.6
4,2022-09-16,4.20,4.20,12.4,26.5
4,2022-09-17,0.00,0.00,17.2,27.1
4,2022-09-18,2.70,2.70,21.9,26.4
4,2022-09-19,2.10,2.10,25.5,26.2
4,2022-09-20,0.40,0.40,22.7,27.0
4,2022-09-21,1.60,1.60,20.6,26.3
4,2022-09-22,2.70,2.70,17.4,26.3
4,2022-09-23,3.10,3.10,18.6,26.3
4,2022-09-24,0.40,0.40,15.8,27.1
4,2022-09-25,3.20,3.20,14.7,26.5
4,2022-09-26,0.20,0.20,18.6,26.6
4,2022-09-27,0.40,0.40,22.7,26.6
4,2022-09-28,0.00,0.00,22.7,26.6
4,2022-09-29,0.60,0.60,24.1,26.6
4,2022-09-30,0.10,0.10,19.6,26.6
4,2022-10-01,0.60,0.60,18.2,26.7
4,2022-10-02,2.50,2.50,21.9,25.3
4,2022-10-03,0.30,0.30,18.3,26.2
4,2022-10-04,3.30,3.30,20.3,25.5
4,2022-10-05,0.20,0.20,18.7,26.0
4,2022-10-06,0.50,0.50,16.5,25.8
4,2022-10-07,0.00,0.00,15.3,26.4
4,2022-10-08,3.80,3.80,9.8,25.4
4,2022-10-09,0.00,0.00,11.0,26.0
4,2022-10-10,0.70,0.70,12.6,26.7
4,2022-10-11,3.00,3.00,6.0,25.8
4,2022-10-12,1.40,1.40,10.3,26.0
4,2022-10-13,5.20,5.20,9.7,26.3
4,2022-10-14,5.40,5.40,16.9,25.9
4,2022-10-15,0.00,0.00,20.4,25.9
4,2022-10-16,0.10,0.10,18.5,26.1
4,2022-10-17,0.00,0.00,15.3,26.6
4,2022-10-18,0.00,0.00,6.9,25.7
4,2022-10-19,10.40,10.40,21.9,24.9
4,2022-10-20,2.60,2.60,20.3,24.5
4,2022-10-21,0.50,0.50,15.7,26.5
4,2022-10-22,0.10,0.10,25.3,27.0
4,2022-10-23,2.60,2.60,24.1,26.4
4,2022-10-24,1.20,1.20,30.7,26.3
4,2022-10-25,1.00,1.00,27.1,26.5
4,2022-10-26,3.70,3.70,26.4,25.6
4,2022-10-27,2.30,2.30,21.1,25.5
4,2022-10-28,2.40,2.40,19.4,25.0
4,2022-10-29,0.70,0.70,21.1,26.2
4,2022-10-30,0.80,0.80,23.1,26.1
4,2022-10-31,1.80,1.80,24.6,26.0
4,2022-11-01,0.90,0.90,24.0,25.9
4,2022-11-02,2.10,2.10,24.0,25.9
4,2022-11-03,2.40,2.40,23.0,26.1
4,2022-11-04,0.00,0.00,22.5,26.6
4,2022-11-05,0.10,0.10,25.3,26.4
4,2022-11-06,0.00,0.00,27.3,26.1
4,2022-11-07,0.50,0.50,26.0,26.1
4,2022-11-08,0.10,0.10,26.4,25.8
4,2022-11-09,1.30,1.30,23.7,25.4
4,2022-11-10,0.90,0.90,22.0,24.7
4,2022-11-11,1.00,1.00,24.7,24.3
4,2022-11-12,6.20,6.20,26.6,24.4
4,2022-11-13,1.80,1.80,23.9,24.5
4,2022-11-14,0.10,0.10,22.0,24.8
4,2022-11-15,0.90,0.90,21.9,24.6
4,2022-11-16,0.00,0.00,20.8,25.0
4,2022-11-17,1.00,1.00,16.1,24.9
4,2022-11-18,0.40,0.40,22.9,24.6
4,2022-11-19,1.10,1.10,26.1,25.1
4,2022-11-20,0.90,0.90,29.6,25.3
4,2022-11-21,0.00,0.00,33.2,25.4
4,2022-11-22,0.10,0.10,26.2,25.1
4,2022-11-23,1.10,1.10,21.1,24.2
4,2022-11-24,3.70,3.70,33.7,22.8
4,2022-11-25,0.00,0.00,28.9,22.9
4,2022-11-26,0.30,0.30,16.2,23.2
4,2022-11-27,5.30,5.30,11.3,23.0
4,2022-11-28,7.90,7.90,6.5,22.9
4,2022-11-29,0.60,0.60,7.8,24.7
4,2022-11-30,0.20,0.20,18.9,24.4
4,2022-12-01,0.60,0.60,19.7,23.4
4,2022-12-02,2.00,2.00,18.3,23.6
4,2022-12-03,0.50,0.50,21.0,24.8
4,2022-12-04,4.90,4.90,20.7,24.5
4,2022-12-05,0.50,0.50,9.7,24.3
4,2022-12-06,0.10,0.10,17.0,25.0
4,2022-12-07,0.10,0.10,32.0,25.1
4,2022-12-08,0.30,0.30,33.4,25.0
4,2022-12-09,0.00,0.00,34.5,24.7
4,2022-12-10,0.00,0.00,30.6,24.5
4,2022-12-11,0.20,0.20,29.1,24.3
4,2022-12-12,1.80,1.80,31.4,23.7
4,2022-12-13,1.30,1.30,25.8,24.2
4,2022-12-14,0.10,0.10,21.3,24.5
4,2022-12-15,0.30,0.30,15.3,23.6
4,2022-12-16,6.20,6.20,10.0,23.4
4,2022-12-17,0.70,0.70,8.5,23.1
4,2022-12-18,37.50,37.50,23.8,21.2
4,2022-12-19,19.80,19.80,31.7,20.5
4,2022-12-20,0.40,0.40,28.4,23.1
4,2022-12-21,0.10,0.10,16.9,23.3
4,2022-12-22,0.20,0.20,14.8,22.4
4,2022-12-23,0.10,0.10,15.1,23.4
4,2022-12-24,1.10,1.10,20.2,23.8
4,2022-12-25,0.00,0.00,13.6,23.9
4,2022-12-26,0.10,0.10,17.0,24.0
4,2022-12-27,0.00,0.00,25.1,24.7
4,2022-12-28,0.60,0.60,22.4,24.1
4,2022-12-29,1.50,1.50,8.7,23.6
4,2022-12-30,0.00,0.00,18.9,23.9
4,2022-12-31,0.40,0.40,15.9,23.7
4,2023-01-01,2.40,2.40,15.5,23.3
4,2023-01-02,0.60,0.60,18.4,24.1
4,2023-01-03,0.00,0.00,16.7,23.1
4,2023-01-04,2.80,2.80,13.7,22.6
4,2023-01-05,0.80,0.80,12.4,23.7
4,2023-01-06,0.60,0.60,17.5,24.1
4,2023-01-07,0.00,0.00,17.3,23.5
4,2023-01-08,0.00,0.00,16.3,22.7
4,2023-01-09,0.00,0.00,10.9,23.4
4,2023-01-10,0.00,0.00,12.8,23.4
4,2023-01-11,0.00,0.00,22.0,22.5
4,2023-01-12,0.00,0.00,18.4,22.3
4,2023-01-13,0.00,0.00,11.3,22.9
4,2023-01-14,0.20,0.20,15.4,23.0
4,2023-01-15,0.40,0.40,22.8,24.0
4,2023-01-16,0.30,0.30,12.7,24.2
4,2023-01-17,0.10,0.10,11.2,23.5
4,2023-01-18,0.10,0.10,10.9,23.8
4,2023-01-19,0.50,0.50,9.2,24.0
4,2023-01-20,0.60,0.60,24.5,24.1
4,2023-01-21,0.30,0.30,21.6,24.6
4,2023-01-22,0.30,0.30,19.1,23.4
4,2023-01-23,4.10,4.10,10.6,23.9
4,2023-01-24,0.50,0.50,11.2,23.5
4,2023-01-25,2.40,2.40,18.9,22.6
4,2023-01-26,0.10,0.10,23.7,22.2
4,2023-01-27,0.60,0.60,27.1,22.2
4,2023-01-28,11.00,11.00,23.7,21.2
4,2023-01-29,7.60,7.60,27.7,20.7
4,2023-01-30,2.70,2.70,21.1,22.0
4,2023-01-31,2.60,2.60,13.0,23.1
4,2023-02-01,0.10,0.10,13.4,22.9
4,2023-02-02,1.80,1.80,15.0,23.3
4,2023-02-03,3.40,3.40,20.4,22.5
4,2023-02-04,9.20,9.20,24.7,22.7
4,2023-02-05,2.10,2.10,27.3,23.5
4,2023-02-06,0.00,0.00,26.5,24.1
4,2023-02-07,1.00,1.00,29.1,24.1
4,2023-02-08,0.30,0.30,37.5,23.6
4,2023-02-09,0.30,0.30,37.8,23.6
4,2023-02-10,0.00,0.00,38.4,23.8
4,2023-02-11,0.10,0.10,31.2,23.6
4,2023-02-12,1.40,1.40,30.0,22.6
4,2023-02-13,2.00,2.00,27.8,23.0
4,2023-02-14,1.70,1.70,23.9,22.6
4,2023-02-15,6.30,6.30,15.7,22.0
4,2023-02-16,12.10,12.10,20.3,22.8
4,2023-02-17,30.10,30.10,12.8,21.4
4,2023-02-18,15.80,15.80,18.3,22.4
4,2023-02-19,9.30,9.30,20.5,23.1
4,2023-02-20,7.10,7.10,17.7,23.0
4,2023-02-21,3.60,3.60,29.9,23.7
4,2023-02-22,1.00,1.00,29.5,23.7
4,2023-02-23,0.60,0.60,33.8,23.6
4,2023-02-24,2.90,2.90,30.2,22.7
4,2023-02-25,0.30,0.30,30.4,22.7
4,2023-02-26,0.70,0.70,30.0,22.8
4,2023-02-27,2.10,2.10,34.4,22.8
4,2023-02-28,0.90,0.90,34.5,22.6
4,2023-03-01,2.00,2.00,36.9,22.4
4,2023-03-02,0.60,0.60,33.5,22.2
4,2023-03-03,3.40,3.40,25.0,22.0
4,2023-03-04,1.00,1.00,18.4,22.2
4,2023-03-05,2.30,2.30,13.5,22.3
4,2023-03-06,11.20,11.20,23.9,22.6
4,2023-03-07,1.90,1.90,29.0,23.0
4,2023-03-08,3.50,3.50,42.8,22.7
4,2023-03-09,0.00,0.00,21.5,22.6
4,2023-03-10,0.00,0.00,19.0,21.8
4,2023-03-11,0.10,0.10,15.1,21.5
4,2023-03-12,3.40,3.40,26.5,23.7
4,2023-03-13,0.00,0.00,15.9,23.6
4,2023-03-14,7.10,7.10,20.7,23.8
4,2023-03-15,0.50,0.50,20.8,24.7
4,2023-03-16,0.10,0.10,16.1,24.2
4,2023-03-17,0.20,0.20,14.1,24.8
4,2023-03-18,1.90,1.90,13.2,23.8
4,2023-03-19,1.20,1.20,16.9,24.0
4,2023-03-20,0.40,0.40,17.6,24.3
4,2023-03-21,3.40,3.40,23.8,24.5
4,2023-03-22,4.00,4.00,13.4,24.4
4,2023-03-23,2.40,2.40,16.3,23.3
4,2023-03-24,1.50,1.50,11.4,24.0
4,2023-03-25,0.90,0.90,24.7,24.3
4,2023-03-26,0.60,0.60,18.5,24.3
4,2023-03-27,1.00,1.00,7.5,24.2
4,2023-03-28,13.30,13.30,21.6,23.4
4,2023-03-29,6.80,6.80,23.8,23.9
4,2023-03-30,3.30,3.30,14.4,24.5
4,2023-03-31,3.50,3.50,10.4,24.2
4,2023-04-01,4.00,4.00,17.1,23.5
4,2023-04-02,12.20,12.20,24.8,23.0
4,2023-04-03,1.10,1.10,21.4,23.2
4,2023-04-04,1.30,1.30,25.6,23.3
4,2023-04-05,0.00,0.00,27.6,24.0
4,2023-04-06,0.30,0.30,30.6,23.9
4,2023-04-07,0.70,0.70,25.5,23.5
4,2023-04-08,0.60,0.60,24.5,23.4
4,2023-04-09,3.50,3.50,25.0,22.9
4,2023-04-10,2.30,2.30,26.6,23.3
4,2023-04-11,0.60,0.60,27.1,23.7
4,2023-04-12,0.50,0.50,28.2,24.1
4,2023-04-13,3.00,3.00,28.3,23.7
4,2023-04-14,0.70,0.70,21.4,23.2
4,2023-04-15,2.30,2.30,21.7,23.3
4,2023-04-16,4.70,4.70,16.9,24.1
4,2023-04-17,0.30,0.30,12.7,24.2
4,2023-04-18,10.80,10.80,28.9,23.7
4,2023-04-19,33.20,33.20,34.5,24.1
4,2023-04-20,0.90,0.90,10.7,24.0
4,2023-04-21,2.30,2.30,13.6,24.7
4,2023-04-22,3.20,3.20,18.7,24.5
4,2023-04-23,1.20,1.20,13.5,24.2
4,2023-04-24,4.70,4.70,11.5,23.7
4,2023-04-25,12.00,12.00,20.5,23.3
4,2023-04-26,2.90,2.90,15.6,23.4
4,2023-04-27,4.00,4.00,12.4,23.0
4,2023-04-28,5.00,5.00,10.6,23.8
4,2023-04-29,2.00,2.00,23.1,23.8
4,2023-04-30,2.80,2.80,23.3,24.2
4,2023-05-01,2.00,2.00,16.6,24.8
4,2023-05-02,3.60,3.60,14.3,23.3
4,2023-05-03,1.00,1.00,26.6,24.2
4,2023-05-04,0.30,0.30,30.1,24.4
4,2023-05-05,3.30,3.30,29.0,24.1
4,2023-05-06,0.40,0.40,28.0,24.3
4,2023-05-07,0.10,0.10,24.9,24.1
4,2023-05-08,0.30,0.30,28.3,24.5
4,2023-05-09,2.20,2.20,26.3,24.2
4,2023-05-10,2.80,2.80,20.3,23.6
4,2023-05-11,2.30,2.30,15.9,23.9
4,2023-05-12,0.50,0.50,9.8,24.1
4,2023-05-13,2.00,2.00,19.1,23.5
4,2023-05-14,1.20,1.20,19.6,23.1
4,2023-05-15,0.60,0.60,17.6,23.3
4,2023-05-16,0.70,0.70,15.1,23.6
4,2023-05-17,3.20,3.20,17.7,24.0
4,2023-05-18,8.50,8.50,12.7,23.4
4,2023-05-19,3.20,3.20,15.6,24.6
4,2023-05-20,0.90,0.90,13.0,25.4
4,2023-05-21,0.30,0.30,20.9,25.3
4,2023-05-22,1.40,1.40,25.5,24.8
4,2023-05-23,0.00,0.00,25.9,25.0
4,2023-05-24,0.20,0.20,25.3,25.0
4,2023-05-25,3.80,3.80,23.8,24.1
4,2023-05-26,2.40,2.40,22.9,24.1
4,2023-05-27,0.20,0.20,15.5,24.7
4,2023-05-28,1.80,1.80,16.8,24.3
4,2023-05-29,1.50,1.50,20.8,24.7
4,2023-05-30,3.60,3.60,20.5,25.1
4,2023-05-31,2.00,2.00,20.8,25.1
4,2023-06-01,2.60,2.60,23.4,24.9
4,2023-06-02,0.30,0.30,21.5,24.9
4,2023-06-03,1.30,1.30,17.9,24.2
4,2023-06-04,3.70,3.70,16.2,24.8
4,2023-06-05,0.40,0.40,18.3,25.1
4,2023-06-06,0.50,0.50,19.9,25.2
4,2023-06-07,0.00,0.00,19.4,25.5
4,2023-06-08,0.90,0.90,21.6,25.4
4,2023-06-09,0.10,0.10,25.2,25.7
4,2023-06-10,0.00,0.00,26.0,25.8
4,2023-06-11,0.00,0.00,25.0,26.1
4,2023-06-12,0.60,0.60,23.9,25.8
4,2023-06-13,4.10,4.10,26.7,25.4
4,2023-06-14,0.40,0.40,24.0,25.4
4,2023-06-15,1.10,1.10,24.1,25.0
4,2023-06-16,2.40,2.40,24.9,25.6
4,2023-06-17,0.60,0.60,23.4,25.6
4,2023-06-18,0.60,0.60,21.9,25.8
4,2023-06-19,0.30,0.30,17.8,25.7
4,2023-06-20,4.60,4.60,18.0,25.7
4,2023-06-21,1.70,1.70,21.1,25.7
4,2023-06-22,2.40,2.40,25.4,25.5
4,2023-06-23,2.80,2.80,26.9,25.6
4,2023-06-24,1.00,1.00,27.6,25.4
4,2023-06-25,0.80,0.80,29.3,25.5
4,2023-06-26,1.00,1.00,27.6,25.4
4,2023-06-27,0.20,0.20,27.1,26.0
4,2023-06-28,2.00,2.00,25.9,25.2
4,2023-06-29,3.00,3.00,23.6,25.3
4,2023-06-30,3.60,3.60,20.5,24.8
4,2023-07-01,1.90,1.90,20.0,24.9
4,2023-07-02,0.50,0.50,21.3,25.4
4,2023-07-03,0.70,0.70,27.2,26.1
4,2023-07-04,0.40,0.40,25.3,25.8
4,2023-07-05,1.00,1.00,25.4,25.6
4,2023-07-06,0.20,0.20,22.2,25.6
4,2023-07-07,1.20,1.20,25.3,25.6
4,2023-07-08,1.00,1.00,27.3,25.5
4,2023-07-09,0.50,0.50,28.7,25.4
4,2023-07-10,2.10,2.10,23.0,25.3
4,2023-07-11,1.70,1.70,29.9,25.6
4,2023-07-12,0.00,0.00,27.1,26.4
4,2023-07-13,0.40,0.40,25.0,26.0
4,2023-07-14,0.50,0.50,22.7,26.0
4,2023-07-15,2.60,2.60,22.9,24.7
4,2023-07-16,0.30,0.30,21.5,25.4
4,2023-07-17,0.60,0.60,24.3,26.3
4,2023-07-18,0.90,0.90,34.3,25.8
4,2023-07-19,6.90,6.90,35.1,25.7
4,2023-07-20,1.60,1.60,28.9,26.0
4,2023-07-21,0.50,0.50,26.5,26.0
4,2023-07-22,1.40,1.40,22.9,26.3
4,2023-07-23,3.70,3.70,26.0,26.0
4,2023-07-24,1.20,1.20,27.0,26.2
4,2023-07-25,1.00,1.00,28.4,26.1
4,2023-07-26,1.10,1.10,26.6,26.1
4,2023-07-27,0.60,0.60,25.0,26.2
4,2023-07-28,0.60,0.60,29.4,26.0
4,2023-07-29,0.80,0.80,23.8,26.1
4,2023-07-30,0.30,0.30,23.1,26.3
4,2023-07-31,0.50,0.50,26.5,26.4
4,2023-08-01,0.60,0.60,30.1,26.2
4,2023-08-02,1.10,1.10,29.1,25.9
4,2023-08-03,2.00,2.00,24.4,25.7
4,2023-08-04,2.30,2.30,21.8,25.0
4,2023-08-05,2.10,2.10,20.9,25.4
4,2023-08-06,0.30,0.30,25.1,26.3
4,2023-08-07,1.00,1.00,34.3,26.7
4,2023-08-08,0.10,0.10,36.9,27.0
4,2023-08-09,0.50,0.50,32.8,26.4
4,2023-08-10,0.90,0.90,25.6,26.6
4,2023-08-11,0.20,0.20,22.7,26.4
4,2023-08-12,0.00,0.00,21.2,26.4
4,2023-08-13,0.00,0.00,21.4,26.2
4,2023-08-14,0.30,0.30,24.5,26.0
4,2023-08-15,3.30,3.30,22.1,26.1
4,2023-08-16,4.10,4.10,26.4,26.0
4,2023-08-17,0.20,0.20,25.3,26.3
4,2023-08-18,0.20,0.20,19.6,26.0
4,2023-08-19,0.20,0.20,20.5,26.0
4,2023-08-20,0.60,0.60,22.7,26.0
4,2023-08-21,3.40,3.40,25.3,26.2
4,2023-08-22,0.00,0.00,28.8,27.0
4,2023-08-23,0.40,0.40,24.8,26.5
4,2023-08-24,1.90,1.90,23.8,26.3
4,2023-08-25,3.80,3.80,22.8,26.1
4,2023-08-26,1.30,1.30,23.0,26.3
4,2023-08-27,2.00,2.00,21.4,26.0
4,2023-08-28,1.50,1.50,25.5,26.1
4,2023-08-29,2.10,2.10,24.2,26.3
4,2023-08-30,0.40,0.40,28.8,26.7
4,2023-08-31,1.20,1.20,31.1,26.4
4,2023-09-01,2.50,2.50,27.8,26.2
4,2023-09-02,1.70,1.70,27.1,26.2
4,2023-09-03,2.10,2.10,22.4,25.7
4,2023-09-04,0.20,0.20,19.0,26.0
4,2023-09-05,0.00,0.00,17.1,26.4
4,2023-09-06,0.00,0.00,18.8,26.4
4,2023-09-07,0.20,0.20,18.6,26.6
4,2023-09-08,0.60,0.60,21.5,26.2
4,2023-09-09,3.80,3.80,22.5,25.9
4,2023-09-10,2.90,2.90,27.0,25.9
4,2023-09-11,0.00,0.00,25.5,26.2
4,2023-09-12,1.30,1.30,22.4,26.2
4,2023-09-13,2.10,2.10,21.6,26.3
4,2023-09-14,4.50,4.50,21.3,25.8
4,2023-09-15,1.60,1.60,22.3,26.4
4,2023-09-16,0.60,0.60,28.2,26.6
4,2023-09-17,2.20,2.20,23.2,25.9
4,2023-09-18,1.40,1.40,25.8,26.0
4,2023-09-19,0.00,0.00,25.6,26.3
4,2023-09-20,0.00,0.00,22.7,26.4
4,2023-09-21,0.70,0.70,29.5,25.9
4,2023-09-22,0.00,0.00,28.4,26.4
4,2023-09-23,0.20,0.20,26.6,26.0
4,2023-09-24,1.00,1.00,26.0,25.9
4,2023-09-25,0.10,0.10,24.3,26.2
4,2023-09-26,0.90,0.90,25.8,26.1
4,2023-09-27,0.50,0.50,29.0,25.7
4,2023-09-28,1.20,1.20,21.3,26.3
4,2023-09-29,2.10,2.10,26.3,26.6
4,2023-09-30,0.90,0.90,28.7,26.6
4,2023-10-01,0.10,0.10,27.1,26.3
4,2023-10-02,2.80,2.80,16.3,25.9
4,2023-10-03,2.10,2.10,14.1,25.5
4,2023-10-04,0.00,0.00,8.2,25.4
4,2023-10-05,0.90,0.90,13.8,26.2
4,2023-10-06,1.70,1.70,20.2,26.2
4,2023-10-07,1.00,1.00,21.8,25.7
4,2023-10-08,0.10,0.10,23.0,25.8
4,2023-10-09,1.20,1.20,24.2,25.7
4,2023-10-10,0.00,0.00,19.4,26.1
4,2023-10-11,0.00,0.00,20.6,26.0
4,2023-10-12,0.00,0.00,20.5,26.4
4,2023-10-13,0.80,0.80,17.5,26.1
4,2023-10-14,0.40,0.40,15.3,26.1
4,2023-10-15,0.40,0.40,15.7,26.4
4,2023-10-16,0.10,0.10,18.3,26.5
4,2023-10-17,1.00,1.00,15.0,26.0
4,2023-10-18,0.40,0.40,19.0,25.6
4,2023-10-19,0.20,0.20,18.6,25.5
4,2023-10-20,1.70,1.70,10.0,25.6
4,2023-10-21,2.20,2.20,13.3,25.5
4,2023-10-22,1.70,1.70,15.7,25.2
4,2023-10-23,1.10,1.10,22.9,25.7
4,2023-10-24,0.50,0.50,13.4,25.8
4,2023-10-25,0.40,0.40,11.2,25.3
4,2023-10-26,0.00,0.00,9.3,25.2
4,2023-10-27,0.00,0.00,15.4,25.4
4,2023-10-28,0.70,0.70,17.7,25.5
4,2023-10-29,0.00,0.00,19.3,25.8
4,2023-10-30,0.00,0.00,17.6,26.1
4,2023-10-31,0.00,0.00,9.3,25.4
4,2023-11-01,0.10,0.10,10.5,25.3
4,2023-11-02,0.00,0.00,11.8,25.7
4,2023-11-03,0.00,0.00,20.6,25.8
4,2023-11-04,0.70,0.70,26.4,25.8
4,2023-11-05,0.20,0.20,32.9,26.3
4,2023-11-06,1.50,1.50,33.0,26.2
4,2023-11-07,2.40,2.40,31.6,25.6
4,2023-11-08,0.40,0.40,24.1,26.3
4,2023-11-09,0.00,0.00,31.2,26.3
4,2023-11-10,2.10,2.10,27.0,26.0
4,2023-11-11,0.20,0.20,27.4,25.6
4,2023-11-12,0.60,0.60,32.0,25.4
4,2023-11-13,0.00,0.00,30.9,25.6
4,2023-11-14,0.70,0.70,36.4,24.8
4,2023-11-15,0.50,0.50,32.2,24.3
4,2023-11-16,0.30,0.30,27.6,24.5
4,2023-11-17,0.00,0.00,26.6,24.8
4,2023-11-18,0.10,0.10,15.3,24.2
4,2023-11-19,4.90,4.90,28.2,24.3
4,2023-11-20,14.80,14.80,22.0,22.4
4,2023-11-21,3.50,3.50,23.1,23.7
4,2023-11-22,1.70,1.70,15.8,24.0
4,2023-11-23,0.70,0.70,19.1,24.6
4,2023-11-24,0.00,0.00,14.1,24.7
4,2023-11-25,0.00,0.00,16.3,24.5
4,2023-11-26,0.10,0.10,21.3,24.3
4,2023-11-27,2.30,2.30,22.4,24.1
4,2023-11-28,8.00,8.00,18.9,23.5
4,2023-11-29,31.80,31.80,15.4,23.0
4,2023-11-30,0.20,0.20,18.8,24.2
4,2023-12-01,11.40,11.40,16.9,23.0
4,2023-12-02,0.50,0.50,16.4,23.7
4,2023-12-03,1.90,1.90,14.6,24.3
4,2023-12-04,0.40,0.40,22.5,24.2
4,2023-12-05,2.70,2.70,29.9,24.1
4,2023-12-06,0.60,0.60,30.2,24.4
4,2023-12-07,2.20,2.20,19.3,24.0
4,2023-12-08,0.60,0.60,8.4,22.7
4,2023-12-09,0.00,0.00,16.6,23.0
4,2023-12-10,0.10,0.10,25.1,25.1
4,2023-12-11,0.20,0.20,22.6,25.3
4,2023-12-12,2.40,2.40,25.5,23.8
4,2023-12-13,8.90,8.90,28.8,22.4
4,2023-12-14,0.80,0.80,32.9,21.8
4,2023-12-15,0.70,0.70,31.8,21.7
4,2023-12-16,0.40,0.40,27.1,21.9
4,2023-12-17,0.50,0.50,25.7,22.0
4,2023-12-18,2.70,2.70,27.7,21.9
4,2023-12-19,1.10,1.10,32.5,22.8
4,2023-12-20,5.90,5.90,26.1,22.2
4,2023-12-21,0.50,0.50,29.3,23.7
4,2023-12-22,1.60,1.60,26.3,23.4
4,2023-12-23,1.80,1.80,29.9,23.3
4,2023-12-24,0.30,0.30,21.2,23.3
4,2023-12-25,0.00,0.00,14.3,22.8
4,2023-12-26,0.00,0.00,17.7,22.9
4,2023-12-27,0.50,0.50,13.9,21.6
4,2023-12-28,2.00,2.00,23.5,21.3
4,2023-12-29,1.60,1.60,19.3,22.4
4,2023-12-30,0.20,0.20,21.3,22.7
4,2023-12-31,0.00,0.00,9.4,22.0
4,2024-01-01,1.00,1.00,24.5,22.8
4,2024-01-02,1.00,1.00,25.2,23.9
4,2024-01-03,0.00,0.00,21.6,23.3
4,2024-01-04,0.30,0.30,13.2,22.9
4,2024-01-05,0.00,0.00,17.5,23.1
4,2024-01-06,1.00,1.00,10.9,22.7
4,2024-01-07,5.00,5.00,16.9,22.6
4,2024-01-08,37.00,37.00,29.5,22.2
4,2024-01-09,19.50,19.50,29.1,22.4
4,2024-01-10,0.00,0.00,19.2,21.9
4,2024-01-11,1.90,1.90,31.6,20.4
4,2024-01-12,0.00,0.00,22.6,19.3
4,2024-01-13,0.00,0.00,18.8,19.7
4,2024-01-14,0.00,0.00,13.3,20.1
4,2024-01-15,0.00,0.00,18.2,20.9
4,2024-01-16,3.00,3.00,32.8,23.7
4,2024-01-17,0.00,0.00,21.5,23.4
4,2024-01-18,0.00,0.00,16.3,21.7
4,2024-01-19,0.10,0.10,15.9,22.4
4,2024-01-20,0.00,0.00,17.0,22.9
4,2024-01-21,2.30,2.30,14.1,22.6
4,2024-01-22,1.00,1.00,22.2,23.6
4,2024-01-23,1.60,1.60,21.6,23.7
4,2024-01-24,3.70,3.70,29.6,24.1
4,2024-01-25,4.40,4.40,16.6,23.4
4,2024-01-26,3.20,3.20,18.4,22.3
4,2024-01-27,5.80,5.80,28.9,23.1
4,2024-01-28,9.10,9.10,28.1,23.5
4,2024-01-29,13.90,13.90,29.0,23.3
4,2024-01-30,7.80,7.80,16.1,22.5
4,2024-01-31,0.00,0.00,9.4,22.2
4,2024-02-01,2.80,2.80,11.2,22.1
4,2024-02-02,0.10,0.10,30.6,21.4
4,2024-02-03,0.00,0.00,34.2,21.0
4,2024-02-04,0.30,0.30,35.5,22.1
4,2024-02-05,1.00,1.00,36.2,22.6
4,2024-02-06,0.20,0.20,35.0,23.1
4,2024-02-07,0.10,0.10,33.4,23.1
4,2024-02-08,0.10,0.10,24.0,23.4
4,2024-02-09,4.60,4.60,20.2,22.8
4,2024-02-10,2.00,2.00,10.5,22.1
4,2024-02-11,2.30,2.30,13.7,21.4
4,2024-02-12,0.60,0.60,17.5,21.5
4,2024-02-13,1.20,1.20,11.8,21.5
4,2024-02-14,2.60,2.60,23.9,22.4
4,2024-02-15,1.20,1.20,20.9,21.7
4,2024-02-16,0.00,0.00,23.8,20.7
4,2024-02-17,0.00,0.00,25.7,21.1
4,2024-02-18,0.00,0.00,30.8,21.5
4,2024-02-19,0.00,0.00,23.7,22.0
4,2024-02-20,0.30,0.30,16.4,22.8
4,2024-02-21,2.70,2.70,25.7,22.9
4,2024-02-22,0.60,0.60,25.6,23.4
4,2024-02-23,0.60,0.60,26.7,23.3
4,2024-02-24,1.50,1.50,29.0,22.6
4,2024-02-25,0.80,0.80,29.7,22.4
4,2024-02-26,1.80,1.80,31.7,22.3
4,2024-02-27,1.00,1.00,30.3,22.7
4,2024-02-28,1.70,1.70,26.8,22.1
4,2024-02-29,2.80,2.80,27.0,22.9
4,2024-03-01,0.60,0.60,26.6,23.0
4,2024-03-02,0.40,0.40,27.1,22.9
4,2024-03-03,0.20,0.20,24.5,23.2
4,2024-03-04,1.70,1.70,28.0,23.1
4,2024-03-05,1.50,1.50,33.0,22.6
4,2024-03-06,4.60,4.60,31.4,21.5
4,2024-03-07,1.30,1.30,29.9,22.2
4,2024-03-08,0.50,0.50,32.7,22.4
4,2024-03-09,0.20,0.20,33.0,22.8
4,2024-03-10,0.60,0.60,31.2,22.9
4,2024-03-11,0.80,0.80,30.4,22.8
4,2024-03-12,0.20,0.20,21.8,23.8
4,2024-03-13,8.90,8.90,8.0,22.5
4,2024-03-14,0.10,0.10,22.6,21.9
4,2024-03-15,0.70,0.70,20.2,21.0
4,2024-03-16,0.60,0.60,18.3,21.1
4,2024-03-17,0.00,0.00,20.4,22.1
4,2024-03-18,0.00,0.00,19.8,22.7
4,2024-03-19,0.30,0.30,22.6,22.2
4,2024-03-20,0.70,0.70,23.2,22.3
4,2024-03-21,0.00,0.00,26.0,22.6
4,2024-03-22,0.40,0.40,30.2,22.5
4,2024-03-23,0.60,0.60,32.8,22.8
4,2024-03-24,0.10,0.10,30.9,23.4
4,2024-03-25,0.30,0.30,25.2,24.0
4,2024-03-26,1.30,1.30,25.2,23.6
4,2024-03-27,2.60,2.60,31.1,23.5
4,2024-03-28,0.70,0.70,34.6,23.6
4,2024-03-29,0.10,0.10,29.6,23.6
4,2024-03-30,1.20,1.20,25.8,22.9
4,2024-03-31,0.70,0.70,24.1,23.4
4,2024-04-01,6.10,6.10,26.6,23.0
4,2024-04-02,1.30,1.30,29.8,23.4
4,2024-04-03,0.40,0.40,35.1,23.5
4,2024-04-04,1.10,1.10,36.4,23.4
4,2024-04-05,4.00,4.00,36.9,22.4
4,2024-04-06,4.10,4.10,35.6,22.4
4,2024-04-07,2.70,2.70,30.3,22.6
4,2024-04-08,0.40,0.40,26.8,23.2
4,2024-04-09,1.70,1.70,25.9,23.1
4,2024-04-10,0.60,0.60,17.9,23.8
4,2024-04-11,4.00,4.00,16.9,23.8
4,2024-04-12,1.80,1.80,15.6,24.6
4,2024-04-13,5.20,5.20,19.7,24.5
4,2024-04-14,22.50,22.50,27.0,22.9
4,2024-04-15,0.20,0.20,23.7,23.3
4,2024-04-16,3.90,3.90,11.4,21.8
4,2024-04-17,0.30,0.30,18.7,22.2
4,2024-04-18,2.50,2.50,21.1,22.3
4,2024-04-19,2.80,2.80,27.9,22.8
4,2024-04-20,1.90,1.90,24.6,22.7
4,2024-04-21,2.00,2.00,27.9,22.6
4,2024-04-22,0.80,0.80,26.5,23.3
4,2024-04-23,2.50,2.50,29.9,23.3
4,2024-04-24,7.10,7.10,29.0,23.1
4,2024-04-25,1.50,1.50,31.3,23.5
4,2024-04-26,1.50,1.50,31.0,23.6
4,2024-04-27,3.00,3.00,28.0,23.4
4,2024-04-28,0.30,0.30,19.1,24.4
4,2024-04-29,0.50,0.50,23.8,24.1
4,2024-04-30,2.40,2.40,18.0,24.5
4,2024-05-01,0.10,0.10,23.7,24.3
4,2024-05-02,0.10,0.10,26.6,24.0
4,2024-05-03,1.90,1.90,29.5,23.7
4,2024-05-04,3.80,3.80,32.1,23.6
4,2024-05-05,0.00,0.00,30.0,23.9
4,2024-05-06,1.00,1.00,27.1,23.5
4,2024-05-07,0.00,0.00,22.1,23.9
4,2024-05-08,0.30,0.30,16.8,24.1
4,2024-05-09,4.60,4.60,13.5,23.6
4,2024-05-10,5.50,5.50,13.7,22.7
4,2024-05-11,3.10,3.10,14.3,22.7
4,2024-05-12,2.60,2.60,13.5,23.0
4,2024-05-13,2.80,2.80,13.5,24.1
4,2024-05-14,18.70,18.70,13.0,23.7
4,2024-05-15,9.30,9.30,21.9,23.8
4,2024-05-16,61.40,61.40,25.5,23.0
4,2024-05-17,36.50,36.50,19.1,24.0
4,2024-05-18,19.20,19.20,22.4,24.0
4,2024-05-19,2.30,2.30,14.3,24.2
4,2024-05-20,0.40,0.40,21.2,24.5
4,2024-05-21,1.90,1.90,20.4,24.5
4,2024-05-22,3.00,3.00,25.3,24.5
4,2024-05-23,1.90,1.90,28.9,24.6
4,2024-05-24,0.00,0.00,27.4,24.3
4,2024-05-25,0.70,0.70,25.0,24.1
4,2024-05-26,1.60,1.60,26.5,24.0
4,2024-05-27,2.80,2.80,25.0,24.0
4,2024-05-28,2.50,2.50,28.4,24.5
4,2024-05-29,0.70,0.70,26.6,24.5
4,2024-05-30,0.50,0.50,28.2,24.4
4,2024-05-31,1.30,1.30,28.4,24.0
4,2024-06-01,0.80,0.80,29.5,24.1
4,2024-06-02,1.50,1.50,27.5,24.2
4,2024-06-03,2.90,2.90,30.8,24.6
4,2024-06-04,2.20,2.20,27.4,24.6
4,2024-06-05,0.50,0.50,22.6,24.9
4,2024-06-06,0.60,0.60,11.2,24.8
4,2024-06-07,0.40,0.40,17.8,24.9
4,2024-06-08,0.00,0.00,21.0,24.7
4,2024-06-09,0.80,0.80,25.7,24.8
4,2024-06-10,0.30,0.30,27.1,25.0
4,2024-06-11,0.90,0.90,26.4,24.8
4,2024-06-12,2.80,2.80,26.0,24.6
4,2024-06-13,1.30,1.30,25.4,24.8
4,2024-06-14,0.80,0.80,25.7,25.1
4,2024-06-15,0.00,0.00,25.9,25.0
4,2024-06-16,0.90,0.90,23.1,24.7
4,2024-06-17,2.20,2.20,27.1,24.5
4,2024-06-18,2.50,2.50,27.3,24.8
4,2024-06-19,2.00,2.00,28.2,24.9
4,2024-06-20,1.60,1.60,29.9,24.5
4,2024-06-21,5.40,5.40,29.8,25.0
4,2024-06-22,2.40,2.40,31.6,24.6
4,2024-06-23,1.60,1.60,27.6,25.0
4,2024-06-24,1.30,1.30,31.2,24.8
4,2024-06-25,2.80,2.80,26.9,24.6
4,2024-06-26,1.10,1.10,21.7,24.6
4,2024-06-27,0.90,0.90,22.4,24.8
4,2024-06-28,3.90,3.90,22.0,23.8
4,2024-06-29,0.70,0.70,19.4,25.0
4,2024-06-30,0.00,0.00,21.9,25.2
4,2024-07-01,0.80,0.80,25.7,25.3
4,2024-07-02,2.90,2.90,21.5,25.1
4,2024-07-03,0.50,0.50,21.5,25.1
4,2024-07-04,1.70,1.70,25.6,25.1
4,2024-07-05,1.50,1.50,24.9,25.2
4,2024-07-06,0.20,0.20,22.2,24.9
4,2024-07-07,0.80,0.80,24.8,24.9
4,2024-07-08,1.90,1.90,23.2,25.1
4,2024-07-09,1.70,1.70,28.0,25.4
4,2024-07-10,1.60,1.60,32.2,25.2
4,2024-07-11,6.20,6.20,31.8,25.1
4,2024-07-12,1.90,1.90,30.3,25.5
4,2024-07-13,1.00,1.00,31.7,25.5
4,2024-07-14,1.80,1.80,28.7,25.4
4,2024-07-15,1.70,1.70,28.3,25.1
4,2024-07-16,1.00,1.00,29.0,25.1
4,2024-07-17,0.20,0.20,24.7,25.2
4,2024-07-18,1.20,1.20,20.2,25.1
4,2024-07-19,2.40,2.40,20.0,25.1
4,2024-07-20,1.70,1.70,20.5,26.0
4,2024-07-21,3.70,3.70,25.1,26.1
4,2024-07-22,1.20,1.20,27.2,25.9
4,2024-07-23,0.90,0.90,27.2,26.0
4,2024-07-24,1.60,1.60,29.4,26.2
4,2024-07-25,1.60,1.60,31.6,26.0
4,2024-07-26,1.40,1.40,32.7,24.8
4,2024-07-27,3.50,3.50,28.0,24.8
4,2024-07-28,0.50,0.50,26.3,25.4
4,2024-07-29,0.00,0.00,23.7,25.8
4,2024-07-30,2.20,2.20,24.1,25.2
4,2024-07-31,0.60,0.60,23.2,25.4
4,2024-08-01,2.10,2.10,20.3,25.3
4,2024-08-02,1.80,1.80,20.2,25.6
4,2024-08-03,2.20,2.20,22.4,25.9
4,2024-08-04,0.60,0.60,25.4,25.9
4,2024-08-05,0.80,0.80,25.3,26.1
4,2024-08-06,0.40,0.40,25.4,26.2
4,2024-08-07,0.20,0.20,28.4,26.1
4,2024-08-08,0.60,0.60,22.7,25.8
4,2024-08-09,0.10,0.10,22.9,25.8
4,2024-08-10,1.70,1.70,25.2,26.1
4,2024-08-11,1.30,1.30,25.3,26.2
4,2024-08-12,3.10,3.10,23.7,25.9
4,2024-08-13,1.60,1.60,27.4,26.1
4,2024-08-14,0.70,0.70,22.7,26.0
4,2024-08-15,0.30,0.30,19.0,26.3
4,2024-08-16,0.50,0.50,27.7,26.7
4,2024-08-17,1.40,1.40,27.6,26.3
4,2024-08-18,1.70,1.70,26.7,26.2
4,2024-08-19,3.70,3.70,24.7,26.0
4,2024-08-20,0.70,0.70,23.8,26.3
4,2024-08-21,0.00,0.00,28.4,26.4
4,2024-08-22,1.00,1.00,30.0,26.0
4,2024-08-23,3.30,3.30,30.4,26.2
4,2024-08-24,1.20,1.20,35.3,26.4
4,2024-08-25,17.60,17.60,39.8,25.2
4,2024-08-26,5.10,5.10,27.9,25.6
4,2024-08-27,0.30,0.30,22.4,25.7
4,2024-08-28,2.70,2.70,20.9,25.5
4,2024-08-29,3.20,3.20,24.0,25.9
4,2024-08-30,9.00,9.00,20.4,25.9
4,2024-08-31,3.50,3.50,15.6,26.7
4,2024-09-01,0.90,0.90,26.2,26.7
4,2024-09-02,0.50,0.50,27.6,26.5
4,2024-09-03,0.80,0.80,26.3,26.2
4,2024-09-04,0.20,0.20,20.4,26.0
4,2024-09-05,0.00,0.00,18.6,26.5
4,2024-09-06,0.00,0.00,19.6,26.5
4,2024-09-07,0.70,0.70,23.4,25.7
4,2024-09-08,0.50,0.50,17.3,25.4
4,2024-09-09,0.40,0.40,10.3,25.8
4,2024-09-10,3.20,3.20,11.9,25.4
4,2024-09-11,0.00,0.00,11.7,26.4
4,2024-09-12,0.10,0.10,20.3,26.9
4,2024-09-13,1.40,1.40,25.3,26.6
4,2024-09-14,0.50,0.50,25.5,26.3
4,2024-09-15,0.80,0.80,25.4,26.3
4,2024-09-16,0.60,0.60,28.4,26.8
4,2024-09-17,0.50,0.50,23.7,26.6
4,2024-09-18,0.10,0.10,28.7,26.7
4,2024-09-19,0.10,0.10,25.8,26.5
4,2024-09-20,1.00,1.00,23.0,26.0
4,2024-09-21,4.10,4.10,23.8,25.4
4,2024-09-22,2.50,2.50,19.9,25.8
4,2024-09-23,0.10,0.10,20.6,26.4
4,2024-09-24,0.00,0.00,23.8,26.6
4,2024-09-25,0.30,0.30,24.6,26.1
4,2024-09-26,0.70,0.70,21.7,26.1
4,2024-09-27,0.50,0.50,22.5,26.1
4,2024-09-28,0.20,0.20,26.5,26.4
4,2024-09-29,0.70,0.70,19.3,25.8
4,2024-09-30,4.70,4.70,21.5,25.9
4,2024-10-01,0.80,0.80,22.1,26.2
4,2024-10-02,0.90,0.90,22.8,26.2
4,2024-10-03,1.80,1.80,19.7,25.8
4,2024-10-04,2.20,2.20,18.1,25.1
4,2024-10-05,2.10,2.10,19.0,25.7
4,2024-10-06,1.90,1.90,24.5,25.9
4,2024-10-07,0.20,0.20,22.1,25.7
4,2024-10-08,0.20,0.20,22.9,25.7
4,2024-10-09,0.10,0.10,25.5,26.0
4,2024-10-10,4.30,4.30,17.4,26.2
4,2024-10-11,0.00,0.00,20.7,26.3
4,2024-10-12,0.10,0.10,19.1,25.9
4,2024-10-13,1.90,1.90,23.7,25.7
4,2024-10-14,4.90,4.90,28.5,25.8
4,2024-10-15,0.00,0.00,28.1,26.2
4,2024-10-16,0.00,0.00,32.3,26.1
4,2024-10-17,0.30,0.30,25.0,26.2
4,2024-10-18,0.60,0.60,20.5,26.6
4,2024-10-19,1.70,1.70,22.5,25.8
4,2024-10-20,0.00,0.00,25.2,26.1
4,2024-10-21,0.00,0.00,18.2,26.2
4,2024-10-22,0.60,0.60,14.5,25.8
4,2024-10-23,0.50,0.50,16.1,26.2
4,2024-10-24,1.00,1.00,19.0,25.9
4,2024-10-25,1.00,1.00,16.2,26.0
4,2024-10-26,4.00,4.00,24.0,25.2
4,2024-10-27,5.60,5.60,21.9,24.8
4,2024-10-28,2.30,2.30,28.1,25.8
4,2024-10-29,0.70,0.70,30.4,25.5
4,2024-10-30,4.00,4.00,29.6,25.2
4,2024-10-31,1.50,1.50,29.2,25.8
4,2024-11-01,2.90,2.90,25.9,25.2
4,2024-11-02,0.10,0.10,24.0,25.4
4,2024-11-03,2.00,2.00,21.8,25.2
4,2024-11-04,1.30,1.30,25.8,25.9
4,2024-11-05,3.10,3.10,16.1,25.9
4,2024-11-06,6.40,6.40,26.6,24.5
4,2024-11-07,4.50,4.50,30.7,24.0
4,2024-11-08,3.10,3.10,28.9,24.1
4,2024-11-09,1.50,1.50,26.5,24.8
4,2024-11-10,0.30,0.30,26.7,25.4
4,2024-11-11,1.70,1.70,27.5,25.2
4,2024-11-12,1.30,1.30,26.7,24.8
4,2024-11-13,2.80,2.80,26.4,24.6
4,2024-11-14,3.40,3.40,32.2,24.7
4,2024-11-15,0.40,0.40,29.8,25.0
4,2024-11-16,0.90,0.90,30.9,24.7
4,2024-11-17,0.80,0.80,28.1,24.4
4,2024-11-18,0.10,0.10,27.2,24.5
4,2024-11-19,0.30,0.30,22.9,24.7
4,2024-11-20,0.00,0.00,21.7,24.3
4,2024-11-21,0.00,0.00,20.7,23.8
4,2024-11-22,0.00,0.00,12.3,23.4
4,2024-11-23,0.00,0.00,9.8,22.8
4,2024-11-24,0.00,0.00,6.7,22.6
4,2024-11-25,0.10,0.10,15.4,23.4
4,2024-11-26,0.20,0.20,13.8,23.6
4,2024-11-27,0.00,0.00,20.0,24.1
4,2024-11-28,0.30,0.30,20.5,24.2
4,2024-11-29,0.50,0.50,18.0,24.1
4,2024-11-30,0.20,0.20,15.9,23.7
4,2024-12-01,0.00,0.00,12.2,23.3
4,2024-12-02,0.00,0.00,14.2,23.0
4,2024-12-03,1.10,1.10,15.3,22.9
4,2024-12-04,1.00,1.00,13.4,22.9
4,2024-12-05,1.20,1.20,17.1,24.0
4,2024-12-06,9.00,9.00,13.8,23.1
4,2024-12-07,0.10,0.10,12.0,23.6
4,2024-12-08,0.20,0.20,15.3,23.5
4,2024-12-09,0.00,0.00,20.9,24.5
4,2024-12-10,0.50,0.50,28.4,24.4
4,2024-12-11,0.00,0.00,32.1,24.7
4,2024-12-12,0.10,0.10,29.6,25.0
4,2024-12-13,0.70,0.70,27.4,24.8
4,2024-12-14,0.20,0.20,23.3,24.6
4,2024-12-15,0.70,0.70,24.0,24.4
4,2024-12-16,0.00,0.00,11.5,23.7
4,2024-12-17,0.00,0.00,13.6,22.6
4,2024-12-18,1.70,1.70,11.7,23.3
4,2024-12-19,0.20,0.20,6.8,23.2
4,2024-12-20,0.40,0.40,8.0,23.5
4,2024-12-21,0.10,0.10,11.0,23.1
4,2024-12-22,0.00,0.00,15.3,23.2
4,2024-12-23,0.50,0.50,27.7,24.3
4,2024-12-24,0.20,0.20,20.9,24.6
4,2024-12-25,0.40,0.40,22.2,23.7
4,2024-12-26,0.00,0.00,12.0,23.2
4,2024-12-27,0.60,0.60,11.9,23.1
4,2024-12-28,1.00,1.00,19.1,23.2
4,2024-12-29,4.70,4.70,22.5,22.8
4,2024-12-30,0.10,0.10,25.1,23.6
4,2024-12-31,0.20,0.20,23.2,24.1
4,2025-01-01,0.30,0.30,22.1,23.6
4,2025-01-02,0.10,0.10,21.6,23.8
4,2025-01-03,0.30,0.30,9.4,23.3
4,2025-01-04,0.00,0.00,13.4,22.5
4,2025-01-05,2.00,2.00,18.9,23.2
4,2025-01-06,0.70,0.70,16.1,23.6
4,2025-01-07,5.40,5.40,23.4,23.8
4,2025-01-08,0.10,0.10,16.1,23.9
4,2025-01-09,2.60,2.60,16.1,23.1
4,2025-01-10,2.00,2.00,17.8,23.3
4,2025-01-11,0.50,0.50,23.6,23.4
4,2025-01-12,3.40,3.40,20.8,23.3
4,2025-01-13,0.30,0.30,20.5,23.6
4,2025-01-14,1.00,1.00,20.8,23.1
4,2025-01-15,0.30,0.30,15.8,23.2
4,2025-01-16,0.30,0.30,14.0,22.7
4,2025-01-17,1.40,1.40,8.8,21.7
4,2025-01-18,0.00,0.00,19.8,22.5
4,2025-01-19,0.00,0.00,21.6,22.8
4,2025-01-20,0.00,0.00,20.6,22.5
4,2025-01-21,0.00,0.00,11.6,22.7
4,2025-01-22,1.70,1.70,12.3,21.0
4,2025-01-23,0.00,0.00,13.0,20.0
4,2025-01-24,0.00,0.00,14.9,21.1
4,2025-01-25,3.40,3.40,19.7,23.0
4,2025-01-26,2.50,2.50,16.3,22.5
4,2025-01-27,1.10,1.10,20.2,21.6
4,2025-01-28,0.00,0.00,17.5,20.7
4,2025-01-29,1.00,1.00,23.3,22.3
4,2025-01-30,81.50,81.50,35.5,22.6
4,2025-01-31,1.50,1.50,27.4,23.5
4,2025-02-01,0.00,0.00,8.6,21.9
4,2025-02-02,0.00,0.00,16.4,21.1
4,2025-02-03,0.00,0.00,17.0,21.8
4,2025-02-04,0.20,0.20,17.1,21.1
4,2025-02-05,1.10,1.10,10.1,20.8
4,2025-02-06,4.60,4.60,7.6,21.0
4,2025-02-07,0.00,0.00,14.5,22.2
4,2025-02-08,0.00,0.00,16.6,22.1
4,2025-02-09,0.10,0.10,13.6,23.2
4,2025-02-10,0.30,0.30,12.4,22.7
4,2025-02-11,0.00,0.00,11.5,22.4
4,2025-02-12,0.10,0.10,11.7,22.7
4,2025-02-13,0.80,0.80,14.3,22.2
4,2025-02-14,3.10,3.10,11.4,22.7
4,2025-02-15,0.70,0.70,18.0,23.2
4,2025-02-16,2.20,2.20,10.0,23.8
4,2025-02-17,24.60,24.60,16.0,22.8
4,2025-02-18,0.20,0.20,17.8,23.1
4,2025-02-19,1.70,1.70,15.0,23.0
4,2025-02-20,0.20,0.20,18.3,23.3
4,2025-02-21,0.60,0.60,9.3,23.3
4,2025-02-22,0.40,0.40,8.3,22.2
4,2025-02-23,1.00,1.00,17.5,23.2
4,2025-02-24,0.70,0.70,16.1,23.4
4,2025-02-25,0.60,0.60,18.0,22.8
4,2025-02-26,3.40,3.40,19.2,23.6
4,2025-02-27,0.30,0.30,17.5,23.7
4,2025-02-28,1.30,1.30,15.9,23.4
4,2025-03-01,0.00,0.00,10.1,23.8
4,2025-03-02,0.00,0.00,16.4,23.0
4,2025-03-03,0.00,0.00,25.4,24.5
4,2025-03-04,3.60,3.60,30.9,23.7
4,2025-03-05,0.10,0.10,29.5,24.1
4,2025-03-06,0.40,0.40,25.7,24.1
4,2025-03-07,3.10,3.10,27.2,23.1
4,2025-03-08,3.70,3.70,27.2,22.6
4,2025-03-09,1.00,1.00,25.3,23.0
4,2025-03-10,3.50,3.50,26.5,22.8
4,2025-03-11,0.60,0.60,30.8,22.9
4,2025-03-12,0.30,0.30,28.1,23.5
4,2025-03-13,0.00,0.00,29.2,24.0
4,2025-03-14,2.20,2.20,25.1,23.7
4,2025-03-15,2.20,2.20,12.6,22.9
4,2025-03-16,3.20,3.20,14.9,23.3
4,2025-03-17,0.80,0.80,11.0,23.9
4,2025-03-18,1.60,1.60,17.9,23.7
4,2025-03-19,1.80,1.80,25.6,23.8
4,2025-03-20,0.10,0.10,23.3,24.2
4,2025-03-21,0.70,0.70,23.5,24.0
4,2025-03-22,0.50,0.50,18.6,24.2
4,2025-03-23,0.00,0.00,10.3,23.9
4,2025-03-24,0.20,0.20,14.3,23.7
4,2025-03-25,1.00,1.00,18.4,23.9
4,2025-03-26,0.70,0.70,13.2,23.9
4,2025-03-27,0.40,0.40,13.6,24.3
4,2025-03-28,1.70,1.70,8.8,24.1
4,2025-03-29,0.00,0.00,14.5,24.0
4,2025-03-30,1.70,1.70,15.0,23.7
4,2025-03-31,2.40,2.40,21.4,24.1
4,2025-04-01,1.30,1.30,21.3,25.1
4,2025-04-02,0.50,0.50,17.6,24.4
4,2025-04-03,6.20,6.20,11.6,24.0
4,2025-04-04,1.10,1.10,16.6,23.8
4,2025-04-05,1.50,1.50,24.9,24.5
4,2025-04-06,0.50,0.50,25.0,24.8
4,2025-04-07,0.20,0.20,23.6,24.7
4,2025-04-08,0.90,0.90,20.9,23.7
4,2025-04-09,4.40,4.40,22.7,22.7
4,2025-04-10,6.30,6.30,25.9,23.2
4,2025-04-11,6.40,6.40,29.3,23.5
4,2025-04-12,1.60,1.60,23.2,23.8
4,2025-04-13,3.90,3.90,23.1,23.6
4,2025-04-14,0.20,0.20,25.6,24.1
4,2025-04-15,4.30,4.30,23.1,23.6
4,2025-04-16,1.60,1.60,13.8,23.2
4,2025-04-17,2.20,2.20,12.1,22.8
4,2025-04-18,12.70,12.70,10.6,21.8
4,2025-04-19,4.00,4.00,20.4,23.4
4,2025-04-20,2.20,2.20,20.2,23.6
4,2025-04-21,2.10,2.10,17.8,23.9
4,2025-04-22,3.10,3.10,14.7,23.5
4,2025-04-23,4.60,4.60,20.4,24.0
4,2025-04-24,1.80,1.80,12.0,24.8
4,2025-04-25,4.30,4.30,11.8,24.2
4,2025-04-26,2.30,2.30,7.6,24.1
4,2025-04-27,3.50,3.50,6.5,23.6
4,2025-04-28,4.70,4.70,8.6,23.2
4,2025-04-29,1.60,1.60,10.4,22.8
4,2025-04-30,2.90,2.90,17.5,23.5
4,2025-05-01,0.10,0.10,22.5,24.7
4,2025-05-02,0.70,0.70,23.3,24.7
4,2025-05-03,2.30,2.30,23.3,24.6
4,2025-05-04,0.60,0.60,21.6,25.0
4,2025-05-05,0.60,0.60,25.4,24.8
4,2025-05-06,4.20,4.20,24.7,24.3
4,2025-05-07,2.90,2.90,24.8,24.3
4,2025-05-08,2.90,2.90,23.2,24.3
4,2025-05-09,0.00,0.00,22.7,25.0
4,2025-05-10,0.30,0.30,26.9,24.8
4,2025-05-11,1.40,1.40,25.8,24.7
4,2025-05-12,2.70,2.70,24.5,24.6
4,2025-05-13,3.50,3.50,24.6,24.9
4,2025-05-14,2.40,2.40,23.5,24.5
4,2025-05-15,1.90,1.90,23.9,24.4
4,2025-05-16,4.50,4.50,24.8,24.4
4,2025-05-17,2.70,2.70,20.8,24.9
4,2025-05-18,0.50,0.50,19.5,24.8
4,2025-05-19,4.80,4.80,20.8,24.5
4,2025-05-20,3.50,3.50,23.6,24.1
4,2025-05-21,4.90,4.90,23.8,24.2
4,2025-05-22,2.40,2.40,22.7,24.3
4,2025-05-23,3.20,3.20,21.5,24.4
4,2025-05-24,2.40,2.40,23.8,24.4
4,2025-05-25,0.50,0.50,22.7,24.5
4,2025-05-26,0.00,0.00,18.1,25.4
4,2025-05-27,0.00,0.00,18.8,25.4
4,2025-05-28,0.10,0.10,17.3,25.4
4,2025-05-29,0.70,0.70,17.5,24.5
4,2025-05-30,2.80,2.80,22.1,24.7
4,2025-05-31,1.70,1.70,22.7,25.2
4,2025-06-01,3.40,3.40,18.2,25.2
4,2025-06-02,4.90,4.90,21.6,25.2
4,2025-06-03,0.70,0.70,27.0,25.3
4,2025-06-04,0.00,0.00,25.2,25.5
4,2025-06-05,1.30,1.30,23.0,24.6
4,2025-06-06,0.30,0.30,18.0,25.3
4,2025-06-07,0.20,0.20,19.0,25.3
4,2025-06-08,0.30,0.30,16.6,25.4
4,2025-06-09,4.40,4.40,19.5,25.1
4,2025-06-10,0.70,0.70,21.7,25.7
4,2025-06-11,0.10,0.10,23.5,26.0
4,2025-06-12,2.30,2.30,22.3,25.5
4,2025-06-13,0.50,0.50,23.8,25.4
4,2025-06-14,1.60,1.60,25.4,25.1
4,2025-06-15,0.10,0.10,26.2,25.9
4,2025-06-16,1.70,1.70,26.3,25.3
4,2025-06-17,2.50,2.50,25.7,25.1
4,2025-06-18,2.70,2.70,24.4,25.2
4,2025-06-19,2.50,2.50,22.4,25.0
4,2025-06-20,2.00,2.00,18.8,25.5
4,2025-06-21,0.20,0.20,25.8,26.0
4,2025-06-22,0.90,0.90,29.2,25.8
4,2025-06-23,0.20,0.20,27.9,25.7
4,2025-06-24,1.40,1.40,22.5,25.6
4,2025-06-25,2.00,2.00,21.1,25.3
4,2025-06-26,1.00,1.00,21.0,25.7
4,2025-06-27,1.40,1.40,22.3,25.9
4,2025-06-28,0.00,0.00,22.2,26.1
4,2025-06-29,2.60,2.60,18.4,25.5
4,2025-06-30,0.50,0.50,16.9,25.6
4,2025-07-01,0.00,0.00,19.1,25.5
4,2025-07-02,1.10,1.10,18.2,25.1
4,2025-07-03,0.20,0.20,22.8,25.8
4,2025-07-04,2.80,2.80,25.6,24.9
4,2025-07-05,0.10,0.10,24.9,25.6
4,2025-07-06,0.00,0.00,26.0,26.0
4,2025-07-07,2.00,2.00,28.0,25.6
4,2025-07-08,1.50,1.50,30.1,25.4
4,2025-07-09,8.80,8.80,24.4,25.2
4,2025-07-10,3.10,3.10,25.4,24.7
4,2025-07-11,2.30,2.30,23.4,24.7
4,2025-07-12,4.50,4.50,22.3,24.9
4,2025-07-13,0.70,0.70,21.6,25.6
4,2025-07-14,2.20,2.20,21.8,25.5
4,2025-07-15,2.20,2.20,24.0,25.5
4,2025-07-16,1.20,1.20,27.7,25.6
4,2025-07-17,0.70,0.70,22.0,25.5
4,2025-07-18,2.30,2.30,19.8,25.2
4,2025-07-19,5.00,5.00,20.4,25.2
4,2025-07-20,0.60,0.60,22.3,25.9
4,2025-07-21,0.10,0.10,24.8,26.1
4,2025-07-22,1.70,1.70,25.3,26.1
4,2025-07-23,0.00,0.00,24.9,26.1
4,2025-07-24,0.20,0.20,21.9,25.9
4,2025-07-25,0.40,0.40,21.3,25.8
4,2025-07-26,0.60,0.60,18.0,25.5
4,2025-07-27,1.70,1.70,17.0,25.8
4,2025-07-28,3.90,3.90,16.5,25.7
4,2025-07-29,1.00,1.00,21.9,26.3
4,2025-07-30,1.20,1.20,27.6,26.5
4,2025-07-31,0.80,0.80,29.9,26.2
4,2025-08-01,1.60,1.60,28.1,26.0
4,2025-08-02,1.20,1.20,29.4,25.9
4,2025-08-03,2.10,2.10,27.7,25.8
4,2025-08-04,0.00,0.00,25.4,26.7
4,2025-08-05,0.20,0.20,20.1,26.1
4,2025-08-06,2.10,2.10,15.6,26.7
4,2025-08-07,1.60,1.60,21.7,26.4
4,2025-08-08,0.50,0.50,23.7,26.3
4,2025-08-09,1.40,1.40,18.1,26.1
4,2025-08-10,0.70,0.70,13.5,26.5
4,2025-08-11,0.40,0.40,13.0,26.8
4,2025-08-12,1.30,1.30,23.9,26.4
4,2025-08-13,0.60,0.60,22.2,26.2
4,2025-08-14,1.10,1.10,18.1,25.7
4,2025-08-15,1.10,1.10,20.8,26.4
4,2025-08-16,0.70,0.70,23.4,26.8
4,2025-08-17,3.50,3.50,27.3,26.3
4,2025-08-18,1.50,1.50,17.5,26.5
4,2025-08-19,0.00,0.00,22.0,26.8
4,2025-08-20,1.10,1.10,22.6,26.4
4,2025-08-21,0.90,0.90,23.8,26.5
4,2025-08-22,0.10,0.10,22.1,26.7
4,2025-08-23,0.00,0.00,21.3,26.7
4,2025-08-24,0.00,0.00,21.7,26.7
4,2025-08-25,0.00,0.00,20.7,26.6
4,2025-08-26,0.10,0.10,21.5,26.8
4,2025-08-27,0.20,0.20,21.2,26.9
4,2025-08-28,0.00,0.00,18.8,26.7
4,2025-08-29,0.00,0.00,18.8,26.6
4,2025-08-30,0.20,0.20,14.3,26.6
4,2025-08-31,3.20,3.20,12.4,26.7
4,2025-09-01,0.60,0.60,17.5,26.9
4,2025-09-02,0.40,0.40,18.1,26.3
4,2025-09-03,0.10,0.10,19.4,26.7
4,2025-09-04,0.10,0.10,17.1,26.5
4,2025-09-05,0.20,0.20,18.8,26.3
4,2025-09-06,0.30,0.30,16.5,26.5
4,2025-09-07,0.20,0.20,13.9,26.0
4,2025-09-08,0.30,0.30,17.1,26.2
4,2025-09-09,1.40,1.40,19.4,26.3
4,2025-09-10,2.70,2.70,14.1,26.7
4,2025-09-11,2.40,2.40,20.7,26.6
4,2025-09-12,2.00,2.00,21.5,26.1
4,2025-09-13,0.30,0.30,20.5,26.7
4,2025-09-14,0.90,0.90,22.7,26.6
4,2025-09-15,0.00,0.00,20.9,26.9
4,2025-09-16,1.50,1.50,26.8,26.1
4,2025-09-17,0.20,0.20,25.0,26.3
4,2025-09-18,0.70,0.70,26.8,26.3
4,2025-09-19,4.60,4.60,25.0,26.2
4,2025-09-20,5.10,5.10,24.3,25.8
4,2025-09-21,1.60,1.60,22.4,25.8
4,2025-09-22,3.40,3.40,19.8,25.8
4,2025-09-23,0.40,0.40,21.3,25.7
4,2025-09-24,1.90,1.90,18.0,25.4
4,2025-09-25,3.40,3.40,18.2,24.7
4,2025-09-26,3.30,3.30,15.7,25.9
4,2025-09-27,0.90,0.90,13.8,25.9
4,2025-09-28,0.50,0.50,23.9,26.1
4,2025-09-29,0.50,0.50,20.9,26.2
4,2025-09-30,0.00,0.00,22.1,26.2
4,2025-10-01,5.90,5.90,19.0,25.5
4,2025-10-02,1.40,1.40,18.9,26.0
4,2025-10-03,1.70,1.70,19.1,25.7
4,2025-10-04,0.80,0.80,19.9,25.7
4,2025-10-05,0.40,0.40,20.8,25.8
4,2025-10-06,12.20,12.20,8.7,24.0
4,2025-10-07,3.00,3.00,7.6,24.3
4,2025-10-08,0.80,0.80,12.5,25.3
4,2025-10-09,0.50,0.50,13.4,25.7
4,2025-10-10,0.30,0.30,11.0,25.7
4,2025-10-11,0.40,0.40,17.8,26.0
4,2025-10-12,0.10,0.10,16.0,26.0
4,2025-10-13,3.20,3.20,10.8,25.1
4,2025-10-14,0.80,0.80,17.5,25.6
4,2025-10-15,0.00,0.00,20.4,26.1
4,2025-10-16,1.10,1.10,20.6,26.0
4,2025-10-17,2.30,2.30,23.9,25.4
4,2025-10-18,3.80,3.80,24.7,25.8
4,2025-10-19,1.40,1.40,22.2,25.6
4,2025-10-20,3.00,3.00,20.6,25.5
4,2025-10-21,5.70,5.70,24.3,24.8
4,2025-10-22,0.40,0.40,25.5,25.7
4,2025-10-23,1.00,1.00,25.5,25.9
4,2025-10-24,2.30,2.30,29.5,25.4
4,2025-10-25,0.80,0.80,24.0,26.3
4,2025-10-26,1.60,1.60,24.0,25.9
4,2025-10-27,0.00,0.00,19.4,26.1
4,2025-10-28,0.00,0.00,19.9,26.1
4,2025-10-29,0.40,0.40,17.6,25.8
4,2025-10-30,0.80,0.80,23.0,25.7
4,2025-10-31,1.40,1.40,20.8,25.5
4,2025-11-01,0.30,0.30,18.4,25.3
4,2025-11-02,3.30,3.30,17.6,24.7
4,2025-11-03,2.00,2.00,18.5,25.8
4,2025-11-04,3.20,3.20,17.1,25.3
4,2025-11-05,0.10,0.10,20.3,25.8
4,2025-11-06,1.30,1.30,16.2,25.9
4,2025-11-07,0.30,0.30,8.5,24.6
4,2025-11-08,4.30,4.30,17.6,24.0
4,2025-11-09,4.60,4.60,25.0,23.8
4,2025-11-10,1.70,1.70,27.2,24.3
4,2025-11-11,1.40,1.40,26.8,24.1
4,2025-11-12,3.10,3.10,31.4,23.9
4,2025-11-13,1.40,1.40,28.2,25.2
4,2025-11-14,1.30,1.30,24.9,24.9
4,2025-11-15,0.30,0.30,18.1,24.4
4,2025-11-16,3.20,3.20,16.3,24.1
4,2025-11-17,1.70,1.70,19.0,24.3
4,2025-11-18,0.80,0.80,16.7,24.6
4,2025-11-19,1.50,1.50,24.4,24.7
4,2025-11-20,3.90,3.90,23.2,24.9
4,2025-11-21,2.80,2.80,24.9,24.8
4,2025-11-22,4.20,4.20,19.1,24.6
4,2025-11-23,1.40,1.40,20.6,24.6
4,2025-11-24,0.00,0.00,21.9,24.9
4,2025-11-25,0.10,0.10,15.7,24.8
4,2025-11-26,0.00,0.00,11.9,24.5
4,2025-11-27,0.00,0.00,12.9,23.9
4,2025-11-28,0.30,0.30,11.5,24.6
4,2025-11-29,0.00,0.00,5.4,23.4
4,2025-11-30,0.00,0.00,12.8,23.7
4,2025-12-01,0.00,0.00,9.1,23.3
4,2025-12-02,0.00,0.00,9.9,23.4
4,2025-12-03,0.10,0.10,12.2,22.8
4,2025-12-04,1.20,1.20,24.9,24.1
4,2025-12-05,2.80,2.80,25.8,24.6
4,2025-12-06,0.10,0.10,19.4,24.6
4,2025-12-07,3.80,3.80,18.0,23.7
4,2025-12-08,0.20,0.20,16.8,24.3
4,2025-12-09,0.50,0.50,13.2,23.9
4,2025-12-10,0.40,0.40,16.6,23.0
4,2025-12-11,1.30,1.30,11.2,22.7
4,2025-12-12,0.00,0.00,11.7,22.9
4,2025-12-13,2.90,2.90,24.1,24.3
4,2025-12-14,39.00,39.00,15.8,22.7
4,2025-12-15,3.10,3.10,18.9,24.2
4,2025-12-16,9.10,9.10,19.3,24.2
4,2025-12-17,6.90,6.90,22.3,24.3
4,2025-12-18,2.00,2.00,13.8,22.8
4,2025-12-19,5.80,5.80,12.2,22.9
4,2025-12-20,6.80,6.80,10.2,23.6
4,2025-12-21,0.30,0.30,18.7,24.2
4,2025-12-22,0.40,0.40,25.3,24.7
4,2025-12-23,1.10,1.10,26.3,23.7
4,2025-12-24,0.00,0.00,22.4,23.7
4,2025-12-25,0.00,0.00,21.0,23.7
4,2025-12-26,0.60,0.60,24.7,23.2
4,2025-12-27,3.10,3.10,15.4,23.3
4,2025-12-28,0.90,0.90,8.0,22.5
4,2025-12-29,0.50,0.50,17.6,23.8
4,2025-12-30,2.00,2.00,24.6,23.8
4,2025-12-31,1.30,1.30,18.1,23.3
4,2026-01-01,1.10,1.10,22.3,23.3
4,2026-01-02,3.50,3.50,23.2,22.7
4,2026-01-03,1.80,1.80,13.3,23.0
4,2026-01-04,24.60,24.60,13.9,21.0
4,2026-01-05,4.90,4.90,27.3,23.1
4,2026-01-06,0.20,0.20,29.3,24.0
4,2026-01-07,0.10,0.10,23.4,23.7
4,2026-01-08,0.00,0.00,8.6,22.8
4,2026-01-09,0.10,0.10,8.0,22.9
4,2026-01-10,0.20,0.20,5.8,23.3
4,2026-01-11,1.50,1.50,11.3,23.0
4,2026-01-12,1.10,1.10,15.9,23.3
4,2026-01-13,0.00,0.00,12.6,22.1
4,2026-01-14,3.30,3.30,25.0,23.3
4,2026-01-15,9.60,9.60,20.2,21.3
4,2026-01-16,0.00,0.00,22.7,20.7
4,2026-01-17,0.00,0.00,21.1,21.7
4,2026-01-18,0.10,0.10,21.4,22.7
4,2026-01-19,0.10,0.10,13.9,22.5
4,2026-01-20,0.60,0.60,13.6,21.9
4,2026-01-21,0.40,0.40,20.7,21.7
4,2026-01-22,0.00,0.00,13.3,22.3
4,2026-01-23,2.90,2.90,15.4,22.7
4,2026-01-24,0.60,0.60,12.2,22.8
4,2026-01-25,0.10,0.10,11.5,22.5
4,2026-01-26,1.10,1.10,11.0,22.8
4,2026-01-27,0.00,0.00,11.6,23.0
4,2026-01-28,0.10,0.10,11.8,23.3
4,2026-01-29,2.10,2.10,13.7,23.4
4,2026-01-30,10.60,10.60,9.5,21.8
4,2026-01-31,0.00,0.00,8.7,22.6
4,2026-02-01,3.20,3.20,19.5,22.0
4,2026-02-02,2.70,2.70,34.4,24.3
4,2026-02-03,0.10,0.10,11.5,22.3
4,2026-02-04,0.00,0.00,10.2,21.4
4,2026-02-05,2.10,2.10,16.8,21.8
4,2026-02-06,1.30,1.30,17.1,22.3
4,2026-02-07,25.20,25.20,20.1,19.9
4,2026-02-08,15.80,15.80,34.1,19.9
4,2026-02-09,5.40,5.40,31.0,22.0
4,2026-02-10,4.50,4.50,30.9,22.7
4,2026-02-11,0.20,0.20,27.5,23.4
4,2026-02-12,2.60,2.60,26.1,22.9
4,2026-02-13,0.30,0.30,28.9,23.2
4,2026-02-14,1.40,1.40,28.4,23.0
4,2026-02-15,2.60,2.60,29.4,22.6
4,2026-02-16,1.60,1.60,29.3,22.0
4,2026-02-17,0.30,0.30,29.2,22.2
4,2026-02-18,0.10,0.10,34.7,22.8
4,2026-02-19,1.20,1.20,31.2,22.6
4,2026-02-20,4.40,4.40,26.9,22.7
4,2026-02-21,12.20,12.20,14.0,20.2
4,2026-02-22,1.50,1.50,16.4,20.8
4,2026-02-23,1.30,1.30,25.3,20.8
4,2026-02-24,3.50,3.50,22.9,20.3
4,2026-02-25,0.10,0.10,20.2,20.7
4,2026-02-26,0.10,0.10,17.1,21.8
4,2026-02-27,1.30,1.30,10.1,21.6
4,2026-02-28,0.30,0.30,9.9,23.0
4,2026-03-01,1.00,1.00,11.5,23.5
4,2026-03-02,1.10,1.10,17.7,23.1
4,2026-03-03,1.10,1.10,22.8,23.4
4,2026-03-04,0.60,0.60,25.5,24.0
4,2026-03-05,0.30,0.30,18.0,23.9
4,2026-03-06,0.50,0.50,21.4,23.6
4,2026-03-07,2.20,2.20,27.3,23.9
4,2026-03-08,4.10,4.10,23.2,23.7
4,2026-03-09,0.10,0.10,15.9,23.9
4,2026-03-10,7.50,7.50,18.8,23.4
4,2026-03-11,51.00,51.00,21.0,21.9
4,2026-03-12,45.80,45.80,18.5,21.9
4,2026-03-13,102.50,102.50,39.1,21.8
4,2026-03-14,27.90,27.90,29.0,22.6
4,2026-03-15,4.50,4.50,23.3,23.8
4,2026-03-16,0.80,0.80,10.0,23.2
4,2026-03-17,9.50,9.50,5.4,21.9
4,2026-03-18,1.20,1.20,9.2,22.5
4,2026-03-19,18.00,18.00,14.6,22.3
4,2026-03-20,37.30,37.30,23.6,22.4
4,2026-03-21,20.00,20.00,17.8,23.1
4,2026-03-22,17.20,17.20,12.1,22.3
4,2026-03-23,1.70,1.70,22.6,22.0
4,2026-03-24,0.50,0.50,24.3,22.4
4,2026-03-25,0.30,0.30,23.4,22.1
4,2026-03-26,0.00,0.00,16.5,22.3
4,2026-03-27,2.90,2.90,20.3,20.9
4,2026-03-28,0.90,0.90,25.3,21.0
4,2026-03-29,0.00,0.00,22.3,21.1
4,2026-03-30,0.00,0.00,22.9,21.4
4,2026-03-31,0.50,0.50,23.6,21.6
4,2026-04-01,0.30,0.30,22.5,21.9
4,2026-04-02,0.50,0.50,20.7,21.8
4,2026-04-03,0.10,0.10,19.9,22.4
4,2026-04-04,0.00,0.00,17.5,22.5
4,2026-04-05,2.50,2.50,18.2,22.0
4,2026-04-06,1.10,1.10,17.7,22.4
4,2026-04-07,16.40,16.40,10.2,21.8
4,2026-04-08,9.60,9.60,18.0,22.2
4,2026-04-09,8.90,8.90,19.0,23.0
4,2026-04-10,64.80,64.80,27.4,22.2
4,2026-04-11,0.70,0.70,8.7,23.8
4,2026-04-12,20.20,20.20,7.4,22.2
4,2026-04-13,3.60,3.60,13.7,22.6
4,2026-04-14,4.50,4.50,6.9,24.1
4,2026-04-15,0.80,0.80,8.6,24.2
4,2026-04-16,0.00,0.00,13.0,24.4
4,2026-04-17,0.30,0.30,21.5,24.2
4,2026-04-18,1.40,1.40,18.6,24.1
4,2026-04-19,0.00,0.00,16.4,24.5
4,2026-04-20,1.30,1.30,9.0,24.6
4,2026-04-21,5.10,5.10,7.0,23.9
4,2026-04-22,0.60,0.60,12.2,24.2
4,2026-04-23,1.60,1.60,15.2,24.1
4,2026-04-24,0.80,0.80,19.2,23.8
4,2026-04-25,0.10,0.10,18.5,24.1
4,2026-04-26,1.40,1.40,20.5,24.4
4,2026-04-27,4.00,4.00,19.7,23.9
4,2026-04-28,1.10,1.10,16.5,24.4
4,2026-04-29,0.40,0.40,21.5,24.2
4,2026-04-30,2.00,2.00,24.5,23.7
4,2026-05-01,4.50,4.50,26.2,23.4
4,2026-05-02,0.90,0.90,21.1,24.1
4,2026-05-03,2.10,2.10,20.4,23.3
4,2026-05-04,0.70,0.70,17.4,24.1
4,2026-05-05,5.30,5.30,14.9,24.2
4,2026-05-06,1.10,1.10,15.6,23.5
4,2026-05-07,1.20,1.20,14.9,23.9
4,2026-05-08,0.70,0.70,15.9,24.0
4,2026-05-09,4.90,4.90,17.5,23.6
4,2026-05-10,0.10,0.10,23.3,25.0
4,2026-05-11,1.30,1.30,23.2,24.4
4,2026-05-12,1.40,1.40,24.0,24.9
4,2026-05-13,3.20,3.20,24.7,24.9
4,2026-05-14,5.70,5.70,18.7,24.2
4,2026-05-15,8.40,8.40,20.4,23.6
4,2026-05-16,4.50,4.50,17.7,24.7
4,2026-05-17,7.00,7.00,18.5,24.7
4,2026-05-18,1.70,1.70,22.2,25.1
4,2026-05-19,1.40,1.40,21.7,25.4
4,2026-05-20,5.50,5.50,25.2,24.8
4,2026-05-21,3.10,3.10,28.6,24.5
4,2026-05-22,1.50,1.50,27.0,24.3
4,2026-05-23,2.80,2.80,27.3,23.8
4,2026-05-24,1.40,1.40,26.1,24.1
4,2026-05-25,0.70,0.70,22.8,24.5
4,2026-05-26,4.40,4.40,26.3,24.1
4,2026-05-27,3.10,3.10,22.8,24.1
4,2026-05-28,3.40,3.40,20.9,24.3
4,2026-05-29,2.10,2.10,20.0,24.0
4,2026-05-30,3.20,3.20,18.1,24.2
4,2026-05-31,2.40,2.40,15.6,24.3
4,2026-06-01,4.00,4.00,19.9,24.6
4,2026-06-02,3.40,3.40,24.0,25.3
4,2026-06-03,0.70,0.70,22.7,25.7
4,2026-06-04,10.30,10.30,22.5,24.6
4,2026-06-05,2.70,2.70,23.3,25.2
4,2026-06-06,0.40,0.40,23.3,25.0
4,2026-06-07,3.00,3.00,24.3,24.9
4,2026-06-08,4.90,4.90,23.2,24.6
4,2026-06-09,3.90,3.90,20.6,25.2
4,2026-06-10,3.40,3.40,19.7,25.0
4,2026-06-11,2.00,2.00,16.9,25.3
4,2026-06-12,0.10,0.10,14.5,24.8
4,2026-06-13,0.00,0.00,17.1,24.7
4,2026-06-14,5.60,5.60,16.4,24.4
4,2026-06-15,2.00,2.00,19.9,24.7
4,2026-06-16,0.90,0.90,17.5,25.4
4,2026-06-17,0.30,0.30,16.6,26.2
4,2026-06-18,2.70,2.70,9.4,26.4
4,2026-06-19,2.00,2.00,17.2,26.4
4,2026-06-20,1.10,1.10,17.7,26.7
4,2026-06-21,0.10,0.10,17.1,26.9
4,2026-06-22,1.20,1.20,17.7,26.2
4,2026-06-23,7.60,7.60,19.5,25.6
4,2026-06-24,3.30,3.30,24.0,25.9
4,2026-06-25,1.70,1.70,22.4,25.9
4,2026-06-26,0.90,0.90,21.7,26.3
4,2026-06-27,1.70,1.70,24.6,25.8
4,2026-06-28,1.30,1.30,19.7,26.0
4,2026-06-29,2.60,2.60,22.4,26.0
4,2026-06-30,0.10,0.10,20.2,26.7
4,2026-07-01,1.50,1.50,23.6,26.5
4,2026-07-02,0.90,0.90,19.2,26.1
4,2026-07-03,2.00,2.00,21.6,25.8
4,2026-07-04,0.10,0.10,21.1,26.0
4,2026-07-05,2.10,2.10,25.2,26.0
4,2026-07-06,2.60,2.60,24.8,25.8
4,2026-07-07,1.70,1.70,26.0,25.6
4,2026-07-08,1.30,1.30,25.0,26.0
4,2026-07-09,3.50,3.50,23.0,26.1
4,2026-07-10,1.10,1.10,25.7,26.4
4,2026-07-11,2.10,2.10,26.1,26.4
4,2026-07-12,4.30,4.30,25.0,26.0
4,2026-07-13,0.40,0.40,19.4,26.1
4,2026-07-14,3.00,3.00,17.0,25.0
4,2026-07-15,1.80,1.80,16.4,26.0
4,2026-07-16,0.80,0.80,20.3,26.6
4,2026-07-17,2.00,2.00,23.0,26.9
4,2026-07-18,0.90,0.90,24.9,26.8
4,2026-07-19,0.70,0.70,21.7,26.3
4,2026-07-20,6.20,6.20,19.6,25.6
4,2026-07-21,6.20,6.20,18.4,26.0
4,2026-07-22,3.30,3.30,23.4,26.0
4,2026-07-23,3.40,3.40,25.8,25.8
4,2026-07-24,2.50,2.50,26.7,25.9
4,2026-07-25,2.40,2.40,24.5,25.8
4,2026-07-26,2.40,2.40,23.0,25.5
4,2026-07-27,4.90,4.90,18.9,25.8
4,2026-07-28,6.00,6.00,19.3,25.7
4,2026-07-29,0.70,0.70,10.5,26.7
4,2026-07-30,1.30,1.30,20.8,26.7
4,2026-07-31,2.50,2.50,26.6,26.7
4,2026-08-01,4.30,4.30,29.5,26.2
4,2026-08-02,2.70,2.70,25.2,25.9
4,2026-08-03,4.80,4.80,18.1,25.2
4,2026-08-04,2.90,2.90,16.5,25.9
4,2026-08-05,0.10,0.10,15.9,26.6
4,2026-08-06,2.30,2.30,18.1,26.6
4,2026-08-07,0.30,0.30,17.7,26.9
4,2026-08-08,0.60,0.60,21.5,26.9
4,2026-08-09,2.00,2.00,19.0,26.8
4,2026-08-10,2.80,2.80,20.0,26.9
4,2026-08-11,0.80,0.80,19.3,26.8
4,2026-08-12,1.00,1.00,21.5,26.4
4,2026-08-13,1.50,1.50,24.3,26.7
4,2026-08-14,1.60,1.60,27.6,26.5
4,2026-08-15,7.30,7.30,33.7,26.2
4,2026-08-16,73.00,73.00,42.1,25.0
4,2026-08-17,2.40,2.40,20.3,26.5
4,2026-08-18,0.40,0.40,17.7,26.2
4,2026-08-19,0.40,0.40,14.6,26.1
4,2026-08-20,0.30,0.30,9.2,26.3
4,2026-08-21,5.70,5.70,20.3,26.5
4,2026-08-22,0.00,0.00,25.4,27.3
4,2026-08-23,1.10,1.10,23.8,27.0
4,2026-08-24,1.70,1.70,23.8,27.3
4,2026-08-25,0.20,0.20,22.5,27.2
4,2026-08-26,0.60,0.60,23.2,26.4
4,2026-08-27,0.90,0.90,22.7,26.4
4,2026-08-28,1.20,1.20,22.2,26.1
4,2026-08-29,2.60,2.60,24.6,26.3
4,2026-08-30,2.50,2.50,23.0,26.1
4,2026-08-31,2.40,2.40,24.8,26.3
4,2026-09-01,3.30,3.30,23.4,26.3
4,2026-09-02,6.20,6.20,25.5,26.2
4,2026-09-03,4.00,4.00,27.2,25.9
4,2026-09-04,1.20,1.20,25.0,26.0
4,2026-09-05,3.10,3.10,21.0,25.8
4,2026-09-06,8.10,8.10,20.7,25.8
4,2026-09-07,33.80,33.80,31.9,25.4
4,2026-09-08,4.20,4.20,31.3,26.7
4,2026-09-09,6.00,6.00,12.3,26.0
4,2026-09-10,1.80,1.80,21.3,26.4
4,2026-09-11,0.20,0.20,18.1,26.4
4,2026-09-12,0.40,0.40,15.3,25.7
4,2026-09-13,0.00,0.00,15.7,25.7
4,2026-09-14,0.10,0.10,17.1,25.8
5,2018-01-01,0.10,0.10,20.9,23.0
5,2018-01-02,0.00,0.00,20.5,22.6
5,2018-01-03,0.00,0.00,24.1,22.5
5,2018-01-04,0.00,0.00,25.3,22.9
5,2018-01-05,0.00,0.00,28.3,22.5
5,2018-01-06,1.10,1.10,27.6,23.2
5,2018-01-07,1.40,1.40,26.9,23.1
5,2018-01-08,0.20,0.20,26.0,23.3
5,2018-01-09,0.10,0.10,13.5,23.1
5,2018-01-10,0.10,0.10,16.2,22.4
5,2018-01-11,1.40,1.40,19.6,22.9
5,2018-01-12,0.00,0.00,13.2,22.2
5,2018-01-13,0.00,0.00,10.2,22.4
5,2018-01-14,0.00,0.00,13.0,22.6
5,2018-01-15,0.00,0.00,21.2,22.7
5,2018-01-16,0.00,0.00,24.5,23.2
5,2018-01-17,0.10,0.10,33.9,23.0
5,2018-01-18,0.00,0.00,38.9,23.5
5,2018-01-19,0.80,0.80,37.0,23.6
5,2018-01-20,3.60,3.60,26.1,23.1
5,2018-01-21,2.70,2.70,23.8,23.2
5,2018-01-22,0.00,0.00,27.0,23.2
5,2018-01-23,2.60,2.60,28.7,23.4
5,2018-01-24,0.40,0.40,29.0,23.3
5,2018-01-25,0.00,0.00,21.1,23.6
5,2018-01-26,0.00,0.00,15.0,23.1
5,2018-01-27,0.70,0.70,6.8,22.9
5,2018-01-28,0.00,0.00,19.1,22.8
5,2018-01-29,0.00,0.00,11.5,22.6
5,2018-01-30,0.70,0.70,22.2,22.3
5,2018-01-31,7.60,7.60,18.9,22.9
5,2018-02-01,8.40,8.40,22.3,23.8
5,2018-02-02,12.40,12.40,16.2,23.8
5,2018-02-03,1.30,1.30,19.6,23.9
5,2018-02-04,9.00,9.00,20.8,23.3
5,2018-02-05,4.80,4.80,18.9,21.7
5,2018-02-06,1.00,1.00,10.9,21.1
5,2018-02-07,3.10,3.10,9.1,21.5
5,2018-02-08,0.00,0.00,27.4,20.6
5,2018-02-09,0.00,0.00,24.5,21.1
5,2018-02-10,0.00,0.00,20.7,20.7
5,2018-02-11,0.00,0.00,13.4,21.1
5,2018-02-12,0.10,0.10,14.4,21.9
5,2018-02-13,1.50,1.50,21.3,23.0
5,2018-02-14,15.70,15.70,21.4,21.7
5,2018-02-15,12.60,12.60,17.3,21.9
5,2018-02-16,0.40,0.40,14.1,22.2
5,2018-02-17,0.10,0.10,13.1,21.7
5,2018-02-18,16.80,16.80,18.0,21.0
5,2018-02-19,0.60,0.60,14.6,21.4
5,2018-02-20,0.00,0.00,7.8,21.6
5,2018-02-21,0.00,0.00,17.4,22.5
5,2018-02-22,2.30,2.30,24.8,23.0
5,2018-02-23,1.20,1.20,17.8,23.8
5,2018-02-24,0.30,0.30,19.8,23.6
5,2018-02-25,7.00,7.00,21.8,23.4
5,2018-02-26,1.70,1.70,29.9,23.2
5,2018-02-27,0.60,0.60,33.9,23.1
5,2018-02-28,0.40,0.40,37.1,23.0
5,2018-03-01,4.20,4.20,28.6,23.0
5,2018-03-02,2.60,2.60,28.9,23.1
5,2018-03-03,0.10,0.10,28.5,23.0
5,2018-03-04,0.20,0.20,26.9,23.0
5,2018-03-05,0.00,0.00,28.5,22.4
5,2018-03-06,3.10,3.10,28.2,21.6
5,2018-03-07,1.40,1.40,22.4,21.0
5,2018-03-08,0.70,0.70,26.3,20.4
5,2018-03-09,0.50,0.50,28.8,20.5
5,2018-03-10,0.00,0.00,24.7,21.0
5,2018-03-11,0.20,0.20,24.5,20.8
5,2018-03-12,1.40,1.40,28.5,21.1
5,2018-03-13,2.20,2.20,29.7,22.0
5,2018-03-14,2.30,2.30,26.9,23.1
5,2018-03-15,0.00,0.00,11.7,24.1
5,2018-03-16,0.10,0.10,11.5,24.5
5,2018-03-17,0.00,0.00,17.1,23.9
5,2018-03-18,2.30,2.30,25.8,22.8
5,2018-03-19,1.40,1.40,24.6,22.1
5,2018-03-20,1.00,1.00,23.1,22.5
5,2018-03-21,0.90,0.90,29.4,22.5
5,2018-03-22,11.10,11.10,23.9,22.3
5,2018-03-23,2.40,2.40,15.4,22.5
5,2018-03-24,32.30,32.30,10.8,21.7
5,2018-03-25,0.00,0.00,12.1,22.4
5,2018-03-26,2.00,2.00,18.8,22.2
5,2018-03-27,0.00,0.00,16.2,22.3
5,2018-03-28,0.00,0.00,9.2,22.3
5,2018-03-29,0.10,0.10,12.2,22.7
5,2018-03-30,0.00,0.00,10.5,23.6
5,2018-03-31,2.70,2.70,14.7,23.2
5,2018-04-01,0.00,0.00,8.7,24.0
5,2018-04-02,28.80,28.80,22.7,23.4
5,2018-04-03,1.50,1.50,17.7,24.3
5,2018-04-04,7.70,7.70,28.3,25.0
5,2018-04-05,3.30,3.30,21.4,25.0
5,2018-04-06,0.90,0.90,23.9,23.8
5,2018-04-07,3.60,3.60,19.8,23.5
5,2018-04-08,1.00,1.00,19.9,23.3
5,2018-04-09,0.00,0.00,27.1,22.8
5,2018-04-10,0.30,0.30,28.1,23.6
5,2018-04-11,1.90,1.90,30.3,23.5
5,2018-04-12,1.50,1.50,23.5,23.8
5,2018-04-13,3.40,3.40,20.9,23.8
5,2018-04-14,3.30,3.30,29.7,23.3
5,2018-04-15,1.70,1.70,29.9,23.9
5,2018-04-16,0.40,0.40,29.7,24.1
5,2018-04-17,1.30,1.30,29.3,23.7
5,2018-04-18,2.10,2.10,28.1,23.8
5,2018-04-19,1.30,1.30,28.0,23.5
5,2018-04-20,3.00,3.00,26.9,23.7
5,2018-04-21,1.20,1.20,24.8,23.8
5,2018-04-22,0.10,0.10,26.9,24.0
5,2018-04-23,0.30,0.30,31.6,23.6
5,2018-04-24,4.50,4.50,30.0,23.3
5,2018-04-25,1.20,1.20,27.9,23.5
5,2018-04-26,2.20,2.20,20.6,23.3
5,2018-04-27,3.80,3.80,20.7,23.0
5,2018-04-28,0.50,0.50,17.7,21.6
5,2018-04-29,0.00,0.00,11.3,21.6
5,2018-04-30,0.00,0.00,14.0,22.0
5,2018-05-01,0.00,0.00,14.0,22.3
5,2018-05-02,11.40,11.40,14.0,23.1
5,2018-05-03,1.20,1.20,22.0,23.9
5,2018-05-04,0.30,0.30,20.2,24.1
5,2018-05-05,0.20,0.20,17.9,23.8
5,2018-05-06,0.40,0.40,24.7,23.4
5,2018-05-07,0.20,0.20,28.0,23.1
5,2018-05-08,1.00,1.00,28.0,23.1
5,2018-05-09,2.80,2.80,22.7,23.7
5,2018-05-10,1.20,1.20,15.8,24.5
5,2018-05-11,2.50,2.50,13.7,24.4
5,2018-05-12,0.60,0.60,25.3,24.5
5,2018-05-13,2.40,2.40,29.3,24.1
5,2018-05-14,3.30,3.30,25.8,23.0
5,2018-05-15,3.00,3.00,18.6,23.4
5,2018-05-16,3.80,3.80,17.1,24.4
5,2018-05-17,0.40,0.40,23.2,25.2
5,2018-05-18,0.50,0.50,28.2,25.2
5,2018-05-19,0.20,0.20,31.4,25.0
5,2018-05-20,0.00,0.00,27.2,25.0
5,2018-05-21,0.20,0.20,30.0,24.8
5,2018-05-22,0.20,0.20,27.7,24.5
5,2018-05-23,0.90,0.90,27.8,24.4
5,2018-05-24,1.70,1.70,30.2,24.7
5,2018-05-25,0.40,0.40,26.9,24.8
5,2018-05-26,0.40,0.40,24.9,24.6
5,2018-05-27,1.70,1.70,22.5,24.3
5,2018-05-28,4.10,4.10,23.9,24.8
5,2018-05-29,0.40,0.40,29.5,24.9
5,2018-05-30,2.00,2.00,29.5,25.1
5,2018-05-31,0.90,0.90,26.6,24.9
5,2018-06-01,0.30,0.30,23.8,24.7
5,2018-06-02,0.50,0.50,23.7,24.8
5,2018-06-03,0.20,0.20,27.7,25.4
5,2018-06-04,3.40,3.40,31.4,25.0
5,2018-06-05,1.90,1.90,29.2,24.6
5,2018-06-06,2.50,2.50,25.3,24.2
5,2018-06-07,5.10,5.10,21.9,24.3
5,2018-06-08,2.40,2.40,20.8,25.3
5,2018-06-09,0.80,0.80,27.4,25.5
5,2018-06-10,1.40,1.40,26.3,25.3
5,2018-06-11,0.10,0.10,24.3,25.3
5,2018-06-12,0.40,0.40,25.7,25.2
5,2018-06-13,3.50,3.50,24.7,25.2
5,2018-06-14,2.10,2.10,20.6,25.4
5,2018-06-15,0.10,0.10,19.7,25.4
5,2018-06-16,0.10,0.10,16.4,25.2
5,2018-06-17,1.00,1.00,19.7,25.4
5,2018-06-18,0.00,0.00,15.8,25.5
5,2018-06-19,0.00,0.00,11.4,26.2
5,2018-06-20,0.60,0.60,18.4,26.2
5,2018-06-21,0.20,0.20,23.3,26.2
5,2018-06-22,3.80,3.80,25.6,25.7
5,2018-06-23,0.80,0.80,28.2,25.6
5,2018-06-24,8.70,8.70,27.0,25.0
5,2018-06-25,1.20,1.20,24.9,25.3
5,2018-06-26,2.60,2.60,31.4,25.5
5,2018-06-27,1.80,1.80,29.5,25.8
5,2018-06-28,3.60,3.60,28.5,25.3
5,2018-06-29,0.30,0.30,24.5,25.6
5,2018-06-30,0.60,0.60,22.1,25.6
5,2018-07-01,1.00,1.00,22.4,25.4
5,2018-07-02,1.50,1.50,22.4,25.8
5,2018-07-03,3.30,3.30,25.1,25.4
5,2018-07-04,0.80,0.80,22.3,25.8
5,2018-07-05,0.70,0.70,23.7,26.1
5,2018-07-06,2.20,2.20,32.1,25.7
5,2018-07-07,4.50,4.50,27.1,25.2
5,2018-07-08,6.40,6.40,25.0,24.8
5,2018-07-09,4.80,4.80,18.7,25.3
5,2018-07-10,0.20,0.20,23.1,26.0
5,2018-07-11,0.00,0.00,29.0,25.8
5,2018-07-12,2.80,2.80,24.3,25.3
5,2018-07-13,1.90,1.90,27.7,25.8
5,2018-07-14,4.30,4.30,25.0,25.7
5,2018-07-15,3.40,3.40,24.4,26.3
5,2018-07-16,0.60,0.60,28.2,26.6
5,2018-07-17,1.20,1.20,29.3,26.4
5,2018-07-18,0.80,0.80,26.6,26.4
5,2018-07-19,0.90,0.90,27.5,26.3
5,2018-07-20,0.70,0.70,24.6,26.1
5,2018-07-21,0.80,0.80,25.9,25.9
5,2018-07-22,1.60,1.60,25.1,26.0
5,2018-07-23,0.50,0.50,24.5,26.8
5,2018-07-24,0.50,0.50,26.4,26.2
5,2018-07-25,0.50,0.50,25.3,26.1
5,2018-07-26,2.80,2.80,25.7,26.4
5,2018-07-27,0.00,0.00,27.7,26.8
5,2018-07-28,2.60,2.60,26.4,26.4
5,2018-07-29,1.70,1.70,24.8,26.3
5,2018-07-30,3.90,3.90,23.0,26.5
5,2018-07-31,0.00,0.00,28.4,26.8
5,2018-08-01,0.10,0.10,32.7,26.6
5,2018-08-02,0.30,0.30,33.5,26.4
5,2018-08-03,4.20,4.20,31.1,25.5
5,2018-08-04,1.30,1.30,33.2,26.2
5,2018-08-05,1.40,1.40,29.0,26.2
5,2018-08-06,0.10,0.10,28.0,26.2
5,2018-08-07,0.60,0.60,27.9,25.9
5,2018-08-08,0.70,0.70,30.3,25.9
5,2018-08-09,9.50,9.50,25.0,26.1
5,2018-08-10,12.30,12.30,23.2,26.2
5,2018-08-11,2.20,2.20,22.4,26.3
5,2018-08-12,2.70,2.70,25.5,26.4
5,2018-08-13,0.70,0.70,23.4,26.4
5,2018-08-14,0.00,0.00,19.4,26.1
5,2018-08-15,0.90,0.90,18.8,26.3
5,2018-08-16,1.30,1.30,22.5,26.5
5,2018-08-17,3.00,3.00,21.0,26.9
5,2018-08-18,9.20,9.20,23.9,26.7
5,2018-08-19,3.50,3.50,20.3,27.1
5,2018-08-20,0.90,0.90,25.7,26.9
5,2018-08-21,1.20,1.20,31.4,26.4
5,2018-08-22,0.20,0.20,28.3,26.7
5,2018-08-23,13.60,13.60,31.2,25.7
5,2018-08-24,16.40,16.40,32.0,25.8
5,2018-08-25,6.10,6.10,30.3,25.8
5,2018-08-26,6.70,6.70,25.3,25.8
5,2018-08-27,9.00,9.00,21.7,26.0
5,2018-08-28,5.30,5.30,24.5,26.2
5,2018-08-29,0.80,0.80,29.2,26.4
5,2018-08-30,0.00,0.00,27.4,25.6
5,2018-08-31,3.90,3.90,21.7,25.2
5,2018-09-01,0.50,0.50,22.0,25.3
5,2018-09-02,7.00,7.00,10.7,25.2
5,2018-09-03,0.80,0.80,20.3,26.3
5,2018-09-04,1.70,1.70,25.6,26.7
5,2018-09-05,0.80,0.80,26.4,26.1
5,2018-09-06,0.20,0.20,26.7,26.1
5,2018-09-07,1.10,1.10,20.2,26.3
5,2018-09-08,0.00,0.00,14.4,26.5
5,2018-09-09,0.10,0.10,18.1,26.2
5,2018-09-10,1.20,1.20,19.0,26.2
5,2018-09-11,1.30,1.30,22.7,26.6
5,2018-09-12,24.70,24.70,41.1,25.5
5,2018-09-13,14.20,14.20,26.9,25.7
5,2018-09-14,0.40,0.40,27.7,26.3
5,2018-09-15,3.00,3.00,27.9,25.8
5,2018-09-16,0.60,0.60,27.6,25.4
5,2018-09-17,0.70,0.70,23.5,25.4
5,2018-09-18,0.20,0.20,20.9,25.7
5,2018-09-19,0.00,0.00,10.3,25.7
5,2018-09-20,1.10,1.10,15.8,26.9
5,2018-09-21,0.90,0.90,22.2,26.8
5,2018-09-22,0.10,0.10,24.7,26.5
5,2018-09-23,0.60,0.60,12.4,26.4
5,2018-09-24,0.40,0.40,17.0,26.6
5,2018-09-25,0.70,0.70,15.2,27.4
5,2018-09-26,4.50,4.50,16.3,26.8
5,2018-09-27,4.00,4.00,10.9,26.3
5,2018-09-28,2.10,2.10,18.7,26.8
5,2018-09-29,3.70,3.70,19.5,26.8
5,2018-09-30,0.50,0.50,20.2,26.6
5,2018-10-01,1.40,1.40,14.2,26.7
5,2018-10-02,0.20,0.20,14.8,26.6
5,2018-10-03,0.40,0.40,19.2,26.5
5,2018-10-04,0.50,0.50,13.4,26.6
5,2018-10-05,1.30,1.30,16.5,26.6
5,2018-10-06,3.80,3.80,16.7,26.3
5,2018-10-07,0.80,0.80,21.2,26.6
5,2018-10-08,0.10,0.10,20.5,26.8
5,2018-10-09,1.30,1.30,21.3,26.1
5,2018-10-10,2.90,2.90,16.4,25.1
5,2018-10-11,0.80,0.80,12.8,24.9
5,2018-10-12,2.10,2.10,9.6,25.2
5,2018-10-13,3.00,3.00,14.7,25.3
5,2018-10-14,0.20,0.20,18.4,25.3
5,2018-10-15,1.60,1.60,20.5,25.0
5,2018-10-16,1.50,1.50,23.2,25.3
5,2018-10-17,2.00,2.00,21.6,25.6
5,2018-10-18,0.80,0.80,19.7,25.6
5,2018-10-19,3.40,3.40,14.1,25.5
5,2018-10-20,2.10,2.10,20.1,25.3
5,2018-10-21,1.10,1.10,19.8,25.6
5,2018-10-22,1.60,1.60,24.8,25.7
5,2018-10-23,2.90,2.90,23.4,25.8
5,2018-10-24,1.90,1.90,23.6,25.9
5,2018-10-25,0.10,0.10,24.3,25.9
5,2018-10-26,2.70,2.70,23.2,25.6
5,2018-10-27,1.20,1.20,24.5,26.0
5,2018-10-28,1.50,1.50,24.4,26.1
5,2018-10-29,1.60,1.60,13.6,25.9
5,2018-10-30,43.40,43.40,25.0,24.7
5,2018-10-31,19.10,19.10,14.5,25.4
5,2018-11-01,2.40,2.40,19.5,25.7
5,2018-11-02,3.20,3.20,19.5,25.6
5,2018-11-03,0.40,0.40,25.6,25.3
5,2018-11-04,1.40,1.40,25.5,25.2
5,2018-11-05,0.90,0.90,22.7,25.6
5,2018-11-06,4.20,4.20,21.4,25.1
5,2018-11-07,0.80,0.80,14.1,25.1
5,2018-11-08,0.90,0.90,12.7,25.3
5,2018-11-09,2.10,2.10,15.1,24.6
5,2018-11-10,1.10,1.10,28.3,23.8
5,2018-11-11,0.10,0.10,25.2,24.0
5,2018-11-12,1.30,1.30,22.0,24.2
5,2018-11-13,0.20,0.20,21.7,24.8
5,2018-11-14,0.00,0.00,10.3,24.8
5,2018-11-15,0.50,0.50,14.8,24.8
5,2018-11-16,0.60,0.60,25.4,24.8
5,2018-11-17,3.50,3.50,26.9,23.8
5,2018-11-18,0.50,0.50,27.4,24.5
5,2018-11-19,1.10,1.10,27.7,24.2
5,2018-11-20,2.80,2.80,27.7,23.8
5,2018-11-21,1.30,1.30,28.4,24.4
5,2018-11-22,1.80,1.80,21.5,24.3
5,2018-11-23,1.10,1.10,21.0,24.5
5,2018-11-24,0.30,0.30,20.8,24.6
5,2018-11-25,0.10,0.10,10.9,24.3
5,2018-11-26,0.60,0.60,17.6,24.4
5,2018-11-27,2.80,2.80,22.3,24.2
5,2018-11-28,0.60,0.60,28.6,24.5
5,2018-11-29,0.90,0.90,14.1,24.2
5,2018-11-30,2.70,2.70,17.8,24.4
5,2018-12-01,0.70,0.70,16.3,23.7
5,2018-12-02,0.00,0.00,19.5,23.7
5,2018-12-03,0.70,0.70,26.0,24.0
5,2018-12-04,0.20,0.20,26.0,24.6
5,2018-12-05,0.00,0.00,27.6,24.4
5,2018-12-06,0.20,0.20,24.6,24.3
5,2018-12-07,2.20,2.20,24.0,23.6
5,2018-12-08,4.60,4.60,31.7,22.8
5,2018-12-09,0.40,0.40,31.0,23.8
5,2018-12-10,3.40,3.40,32.6,23.5
5,2018-12-11,1.90,1.90,31.4,23.9
5,2018-12-12,1.40,1.40,27.6,23.9
5,2018-12-13,0.30,0.30,33.3,23.8
5,2018-12-14,0.00,0.00,30.1,23.7
5,2018-12-15,0.00,0.00,30.4,23.7
5,2018-12-16,0.00,0.00,24.8,23.3
5,2018-12-17,0.00,0.00,20.1,23.2
5,2018-12-18,0.80,0.80,24.8,22.1
5,2018-12-19,0.60,0.60,30.5,22.2
5,2018-12-20,0.00,0.00,20.3,22.9
5,2018-12-21,1.30,1.30,22.3,23.1
5,2018-12-22,0.30,0.30,22.3,24.0
5,2018-12-23,0.30,0.30,29.5,24.0
5,2018-12-24,4.00,4.00,25.1,23.6
5,2018-12-25,3.70,3.70,22.5,23.7
5,2018-12-26,0.70,0.70,12.1,23.6
5,2018-12-27,0.00,0.00,6.6,23.9
5,2018-12-28,16.80,16.80,16.8,22.8
5,2018-12-29,1.80,1.80,27.1,24.1
5,2018-12-30,0.30,0.30,27.7,24.4
5,2018-12-31,1.30,1.30,26.8,24.1
5,2019-01-01,0.20,0.20,30.1,23.9
5,2019-01-02,0.00,0.00,26.0,24.0
5,2019-01-03,1.30,1.30,28.3,23.4
5,2019-01-04,0.30,0.30,30.0,23.6
5,2019-01-05,0.10,0.10,26.0,23.3
5,2019-01-06,0.10,0.10,10.5,22.4
5,2019-01-07,0.00,0.00,17.5,22.4
5,2019-01-08,0.30,0.30,16.3,23.0
5,2019-01-09,0.00,0.00,10.0,22.7
5,2019-01-10,1.70,1.70,18.8,22.8
5,2019-01-11,0.70,0.70,8.9,22.8
5,2019-01-12,0.20,0.20,12.1,23.3
5,2019-01-13,1.00,1.00,16.3,23.3
5,2019-01-14,2.00,2.00,10.6,22.4
5,2019-01-15,0.00,0.00,8.1,21.7
5,2019-01-16,1.10,1.10,15.5,22.7
5,2019-01-17,4.40,4.40,24.5,23.6
5,2019-01-18,2.00,2.00,20.4,22.0
5,2019-01-19,0.90,0.90,24.5,23.3
5,2019-01-20,0.00,0.00,16.2,23.9
5,2019-01-21,0.10,0.10,11.3,23.2
5,2019-01-22,0.00,0.00,11.2,23.6
5,2019-01-23,0.00,0.00,14.0,23.5
5,2019-01-24,1.10,1.10,15.6,23.6
5,2019-01-25,5.80,5.80,26.8,22.2
5,2019-01-26,0.10,0.10,29.5,21.3
5,2019-01-27,0.60,0.60,26.9,21.0
5,2019-01-28,0.00,0.00,33.1,21.4
5,2019-01-29,3.40,3.40,26.8,21.8
5,2019-01-30,5.60,5.60,26.4,21.9
5,2019-01-31,8.60,8.60,32.7,21.9
5,2019-02-01,4.70,4.70,27.3,22.3
5,2019-02-02,10.50,10.50,23.4,22.3
5,2019-02-03,2.00,2.00,19.4,21.9
5,2019-02-04,0.70,0.70,23.6,21.8
5,2019-02-05,0.00,0.00,17.0,22.2
5,2019-02-06,1.10,1.10,14.6,22.0
5,2019-02-07,3.60,3.60,16.8,22.2
5,2019-02-08,0.20,0.20,22.4,21.7
5,2019-02-09,0.50,0.50,27.1,19.4
5,2019-02-10,2.50,2.50,45.4,18.4
5,2019-02-11,0.30,0.30,19.3,20.5
5,2019-02-12,1.00,1.00,20.3,20.3
5,2019-02-13,11.00,11.00,27.1,18.3
5,2019-02-14,5.20,5.20,26.7,18.4
5,2019-02-15,7.70,7.70,29.8,19.9
5,2019-02-16,2.00,2.00,19.2,20.9
5,2019-02-17,2.00,2.00,20.0,20.8
5,2019-02-18,2.50,2.50,13.3,21.2
5,2019-02-19,16.70,16.70,15.6,21.1
5,2019-02-20,0.00,0.00,7.6,21.4
5,2019-02-21,0.00,0.00,9.5,21.4
5,2019-02-22,0.00,0.00,13.2,21.6
5,2019-02-23,0.80,0.80,17.1,22.2
5,2019-02-24,0.00,0.00,22.4,22.1
5,2019-02-25,0.90,0.90,19.0,21.1
5,2019-02-26,1.60,1.60,20.5,20.6
5,2019-02-27,0.70,0.70,25.4,20.2
5,2019-02-28,0.30,0.30,21.8,19.7
5,2019-03-01,0.50,0.50,19.2,19.9
5,2019-03-02,0.80,0.80,18.2,20.7
5,2019-03-03,0.30,0.30,21.4,21.1
5,2019-03-04,0.40,0.40,27.2,20.8
5,2019-03-05,1.20,1.20,29.3,21.1
5,2019-03-06,0.90,0.90,29.3,21.8
5,2019-03-07,0.90,0.90,30.0,22.1
5,2019-03-08,0.80,0.80,31.6,21.8
5,2019-03-09,0.80,0.80,30.8,22.3
5,2019-03-10,1.40,1.40,31.8,22.8
5,2019-03-11,1.80,1.80,28.9,22.7
5,2019-03-12,6.20,6.20,23.1,22.2
5,2019-03-13,1.90,1.90,23.4,22.6
5,2019-03-14,0.30,0.30,18.7,23.0
5,2019-03-15,0.00,0.00,16.9,22.9
5,2019-03-16,0.00,0.00,10.5,22.5
5,2019-03-17,0.30,0.30,21.3,21.5
5,2019-03-18,0.20,0.20,21.5,21.7
5,2019-03-19,1.10,1.10,21.6,22.5
5,2019-03-20,0.50,0.50,11.2,22.6
5,2019-03-21,0.30,0.30,20.3,22.9
5,2019-03-22,0.30,0.30,20.1,23.2
5,2019-03-23,0.40,0.40,21.4,23.2
5,2019-03-24,0.00,0.00,23.5,23.5
5,2019-03-25,0.40,0.40,23.5,23.0
5,2019-03-26,0.40,0.40,20.6,23.0
5,2019-03-27,1.40,1.40,14.2,23.1
5,2019-03-28,0.00,0.00,10.0,23.2
5,2019-03-29,3.10,3.10,14.7,21.8
5,2019-03-30,0.00,0.00,10.0,22.5
5,2019-03-31,1.00,1.00,16.1,23.0
5,2019-04-01,0.00,0.00,17.6,23.0
5,2019-04-02,0.20,0.20,23.8,23.2
5,2019-04-03,0.70,0.70,22.1,23.3
5,2019-04-04,0.00,0.00,21.9,23.7
5,2019-04-05,0.00,0.00,14.5,24.1
5,2019-04-06,3.50,3.50,18.4,23.7
5,2019-04-07,0.20,0.20,14.8,23.5
5,2019-04-08,1.30,1.30,16.0,24.2
5,2019-04-09,4.50,4.50,24.7,24.1
5,2019-04-10,1.90,1.90,29.5,24.0
5,2019-04-11,2.90,2.90,31.1,23.7
5,2019-04-12,2.10,2.10,31.4,23.8
5,2019-04-13,3.30,3.30,30.9,23.4
5,2019-04-14,0.90,0.90,31.6,23.3
5,2019-04-15,0.60,0.60,25.2,23.5
5,2019-04-16,0.80,0.80,20.1,23.7
5,2019-04-17,2.00,2.00,20.7,24.2
5,2019-04-18,0.30,0.30,25.3,24.2
5,2019-04-19,0.40,0.40,24.2,24.4
5,2019-04-20,2.00,2.00,28.7,24.3
5,2019-04-21,0.00,0.00,29.1,24.7
5,2019-04-22,0.80,0.80,24.9,24.5
5,2019-04-23,1.20,1.20,24.5,24.4
5,2019-04-24,0.50,0.50,22.6,24.4
5,2019-04-25,0.50,0.50,18.3,24.4
5,2019-04-26,3.60,3.60,16.8,24.5
5,2019-04-27,2.90,2.90,11.8,24.1
5,2019-04-28,2.10,2.10,8.7,24.0
5,2019-04-29,3.00,3.00,17.3,23.4
5,2019-04-30,1.10,1.10,22.2,24.3
5,2019-05-01,3.30,3.30,21.8,23.9
5,2019-05-02,5.90,5.90,19.2,23.8
5,2019-05-03,3.50,3.50,12.2,24.2
5,2019-05-04,9.40,9.40,27.5,22.8
5,2019-05-05,0.10,0.10,18.7,21.8
5,2019-05-06,2.60,2.60,13.3,22.3
5,2019-05-07,0.50,0.50,9.4,23.5
5,2019-05-08,7.20,7.20,8.5,23.4
5,2019-05-09,0.00,0.00,15.1,24.2
5,2019-05-10,0.50,0.50,15.0,24.5
5,2019-05-11,1.50,1.50,18.5,24.8
5,2019-05-12,1.10,1.10,14.4,25.3
5,2019-05-13,1.10,1.10,15.8,25.9
5,2019-05-14,2.70,2.70,19.4,25.3
5,2019-05-15,3.40,3.40,23.4,24.8
5,2019-05-16,0.80,0.80,21.6,25.3
5,2019-05-17,3.00,3.00,22.1,25.5
5,2019-05-18,1.70,1.70,22.9,25.5
5,2019-05-19,1.20,1.20,23.3,25.7
5,2019-05-20,0.70,0.70,18.8,26.2
5,2019-05-21,0.40,0.40,11.8,26.0
5,2019-05-22,0.30,0.30,15.2,26.6
5,2019-05-23,4.80,4.80,19.7,26.0
5,2019-05-24,2.80,2.80,22.4,26.3
5,2019-05-25,2.10,2.10,24.0,25.9
5,2019-05-26,0.10,0.10,22.4,26.0
5,2019-05-27,0.90,0.90,14.1,26.1
5,2019-05-28,4.10,4.10,7.6,26.0
5,2019-05-29,0.10,0.10,17.6,26.4
5,2019-05-30,0.00,0.00,22.0,26.2
5,2019-05-31,1.50,1.50,23.8,26.0
5,2019-06-01,2.00,2.00,26.4,25.7
5,2019-06-02,1.30,1.30,25.4,25.9
5,2019-06-03,2.30,2.30,24.9,25.7
5,2019-06-04,2.80,2.80,22.7,25.4
5,2019-06-05,3.60,3.60,23.2,26.2
5,2019-06-06,4.00,4.00,19.1,26.4
5,2019-06-07,0.00,0.00,22.0,26.5
5,2019-06-08,0.90,0.90,18.1,25.9
5,2019-06-09,2.70,2.70,15.6,26.3
5,2019-06-10,0.40,0.40,17.9,26.3
5,2019-06-11,0.20,0.20,19.7,26.4
5,2019-06-12,0.10,0.10,17.3,26.3
5,2019-06-13,0.00,0.00,20.0,26.6
5,2019-06-14,0.00,0.00,22.7,26.3
5,2019-06-15,0.30,0.30,22.6,26.4
5,2019-06-16,0.40,0.40,22.2,26.2
5,2019-06-17,2.90,2.90,16.3,26.6
5,2019-06-18,0.10,0.10,25.2,26.9
5,2019-06-19,0.60,0.60,23.2,26.7
5,2019-06-20,3.20,3.20,21.1,26.0
5,2019-06-21,5.20,5.20,13.7,26.1
5,2019-06-22,1.20,1.20,17.2,27.0
5,2019-06-23,0.90,0.90,12.8,27.3
5,2019-06-24,9.00,9.00,11.2,26.5
5,2019-06-25,45.60,45.60,15.1,25.4
5,2019-06-26,45.70,45.70,19.9,25.4
5,2019-06-27,2.10,2.10,16.6,26.6
5,2019-06-28,4.20,4.20,18.7,26.3
5,2019-06-29,0.10,0.10,20.5,26.4
5,2019-06-30,1.20,1.20,16.7,26.2
5,2019-07-01,0.00,0.00,19.4,26.5
5,2019-07-02,1.90,1.90,19.6,26.1
5,2019-07-03,0.00,0.00,16.2,26.6
5,2019-07-04,3.80,3.80,10.9,26.3
5,2019-07-05,1.20,1.20,11.5,26.8
5,2019-07-06,0.20,0.20,19.4,27.0
5,2019-07-07,0.00,0.00,23.3,26.8
5,2019-07-08,2.00,2.00,28.8,26.7
5,2019-07-09,2.80,2.80,23.6,27.1
5,2019-07-10,0.20,0.20,19.3,26.8
5,2019-07-11,1.20,1.20,22.1,26.8
5,2019-07-12,0.30,0.30,23.3,26.5
5,2019-07-13,0.40,0.40,21.8,26.7
5,2019-07-14,0.30,0.30,24.6,27.0
5,2019-07-15,4.80,4.80,21.0,26.5
5,2019-07-16,0.90,0.90,23.5,27.2
5,2019-07-17,0.60,0.60,28.5,27.0
5,2019-07-18,0.30,0.30,28.2,27.2
5,2019-07-19,0.70,0.70,27.3,27.2
5,2019-07-20,0.40,0.40,25.5,26.8
5,2019-07-21,0.00,0.00,27.3,27.0
5,2019-07-22,0.20,0.20,28.5,27.2
5,2019-07-23,0.80,0.80,25.1,27.4
5,2019-07-24,0.20,0.20,27.3,27.3
5,2019-07-25,1.30,1.30,23.7,26.8
5,2019-07-26,1.00,1.00,24.5,26.8
5,2019-07-27,1.60,1.60,22.5,27.0
5,2019-07-28,2.80,2.80,24.4,26.7
5,2019-07-29,4.60,4.60,24.1,26.8
5,2019-07-30,3.00,3.00,26.3,27.0
5,2019-07-31,4.70,4.70,27.9,26.7
5,2019-08-01,0.40,0.40,31.6,26.9
5,2019-08-02,1.60,1.60,30.3,27.2
5,2019-08-03,0.90,0.90,27.2,27.6
5,2019-08-04,0.80,0.80,17.4,27.9
5,2019-08-05,1.90,1.90,20.0,27.3
5,2019-08-06,3.30,3.30,10.4,27.5
5,2019-08-07,4.30,4.30,9.6,27.3
5,2019-08-08,0.20,0.20,16.0,27.8
5,2019-08-09,0.70,0.70,16.1,27.8
5,2019-08-10,0.80,0.80,14.6,27.8
5,2019-08-11,0.50,0.50,18.1,28.3
5,2019-08-12,0.10,0.10,20.2,27.8
5,2019-08-13,2.60,2.60,21.7,27.5
5,2019-08-14,1.50,1.50,22.0,27.3
5,2019-08-15,2.10,2.10,27.6,27.4
5,2019-08-16,2.00,2.00,25.0,27.3
5,2019-08-17,0.00,0.00,23.3,27.7
5,2019-08-18,0.00,0.00,19.4,27.3
5,2019-08-19,0.40,0.40,18.0,27.0
5,2019-08-20,0.40,0.40,21.4,27.5
5,2019-08-21,1.10,1.10,24.7,27.5
5,2019-08-22,0.20,0.20,23.4,27.5
5,2019-08-23,2.90,2.90,22.2,27.5
5,2019-08-24,0.60,0.60,30.3,27.7
5,2019-08-25,0.70,0.70,28.6,27.4
5,2019-08-26,0.40,0.40,24.2,27.6
5,2019-08-27,2.90,2.90,18.5,27.2
5,2019-08-28,0.00,0.00,15.6,27.8
5,2019-08-29,0.00,0.00,16.6,27.9
5,2019-08-30,0.00,0.00,20.3,27.5
5,2019-08-31,3.20,3.20,18.7,27.8
5,2019-09-01,2.50,2.50,18.9,27.2
5,2019-09-02,1.40,1.40,23.5,27.5
5,2019-09-03,1.70,1.70,18.9,27.5
5,2019-09-04,1.60,1.60,24.9,27.6
5,2019-09-05,0.00,0.00,28.0,28.0
5,2019-09-06,2.00,2.00,25.8,27.6
5,2019-09-07,0.20,0.20,30.0,27.7
5,2019-09-08,3.80,3.80,28.9,27.4
5,2019-09-09,0.00,0.00,26.7,27.7
5,2019-09-10,0.00,0.00,25.9,27.3
5,2019-09-11,0.00,0.00,20.6,27.4
5,2019-09-12,0.30,0.30,19.8,27.2
5,2019-09-13,2.90,2.90,16.5,26.8
5,2019-09-14,3.80,3.80,16.4,27.6
5,2019-09-15,2.20,2.20,16.4,27.5
5,2019-09-16,4.90,4.90,22.2,27.8
5,2019-09-17,0.90,0.90,23.4,27.7
5,2019-09-18,2.00,2.00,21.7,27.7
5,2019-09-19,0.00,0.00,20.5,27.6
5,2019-09-20,2.70,2.70,25.1,26.4
5,2019-09-21,1.10,1.10,25.1,26.8
5,2019-09-22,1.70,1.70,17.7,27.6
5,2019-09-23,7.70,7.70,24.3,27.4
5,2019-09-24,1.20,1.20,24.4,27.5
5,2019-09-25,3.20,3.20,13.4,26.8
5,2019-09-26,5.20,5.20,7.4,27.0
5,2019-09-27,5.00,5.00,18.7,27.3
5,2019-09-28,8.30,8.30,20.3,26.9
5,2019-09-29,1.10,1.10,22.6,26.9
5,2019-09-30,2.00,2.00,20.5,26.7
5,2019-10-01,2.60,2.60,24.6,26.6
5,2019-10-02,1.80,1.80,29.6,26.5
5,2019-10-03,3.80,3.80,28.7,26.3
5,2019-10-04,1.00,1.00,28.3,26.8
5,2019-10-05,1.80,1.80,15.3,25.7
5,2019-10-06,0.00,0.00,12.5,26.0
5,2019-10-07,4.10,4.10,10.3,25.5
5,2019-10-08,1.20,1.20,14.0,26.2
5,2019-10-09,0.00,0.00,16.3,27.1
5,2019-10-10,4.50,4.50,17.4,28.0
5,2019-10-11,3.40,3.40,27.1,27.3
5,2019-10-12,0.00,0.00,27.6,27.3
5,2019-10-13,0.60,0.60,24.6,27.0
5,2019-10-14,0.30,0.30,23.3,27.2
5,2019-10-15,0.50,0.50,25.6,26.5
5,2019-10-16,2.30,2.30,21.5,26.2
5,2019-10-17,5.00,5.00,23.7,26.6
5,2019-10-18,0.90,0.90,24.1,26.4
5,2019-10-19,0.80,0.80,26.4,26.8
5,2019-10-20,0.10,0.10,18.7,27.2
5,2019-10-21,0.60,0.60,25.6,27.1
5,2019-10-22,0.20,0.20,29.6,26.9
5,2019-10-23,0.50,0.50,22.5,27.1
5,2019-10-24,0.10,0.10,14.2,26.9
5,2019-10-25,0.30,0.30,13.2,26.7
5,2019-10-26,0.10,0.10,21.6,26.9
5,2019-10-27,0.10,0.10,22.3,26.4
5,2019-10-28,0.00,0.00,20.0,26.3
5,2019-10-29,1.50,1.50,12.7,25.8
5,2019-10-30,0.90,0.90,6.8,25.8
5,2019-10-31,2.70,2.70,10.8,25.9
5,2019-11-01,0.40,0.40,14.6,25.7
5,2019-11-02,0.00,0.00,15.8,25.6
5,2019-11-03,3.10,3.10,12.5,25.7
5,2019-11-04,1.00,1.00,10.7,25.6
5,2019-11-05,0.00,0.00,11.0,25.7
5,2019-11-06,0.20,0.20,19.6,25.9
5,2019-11-07,1.60,1.60,20.4,24.6
5,2019-11-08,0.40,0.40,10.7,24.8
5,2019-11-09,0.10,0.10,10.6,25.0
5,2019-11-10,0.40,0.40,14.1,25.8
5,2019-11-11,1.50,1.50,14.2,25.9
5,2019-11-12,0.40,0.40,14.8,25.9
5,2019-11-13,0.00,0.00,14.1,25.7
5,2019-11-14,0.10,0.10,12.7,26.1
5,2019-11-15,0.10,0.10,15.0,26.1
5,2019-11-16,1.10,1.10,14.6,25.8
5,2019-11-17,2.00,2.00,23.4,25.0
5,2019-11-18,1.80,1.80,21.3,25.2
5,2019-11-19,10.70,10.70,20.9,24.8
5,2019-11-20,1.80,1.80,23.4,25.5
5,2019-11-21,3.00,3.00,26.4,25.2
5,2019-11-22,2.30,2.30,30.3,25.6
5,2019-11-23,2.70,2.70,32.2,25.4
5,2019-11-24,0.00,0.00,25.9,25.8
5,2019-11-25,0.80,0.80,19.6,26.0
5,2019-11-26,0.10,0.10,13.1,25.8
5,2019-11-27,4.20,4.20,12.9,25.3
5,2019-11-28,0.50,0.50,18.4,25.6
5,2019-11-29,0.30,0.30,27.1,25.5
5,2019-11-30,0.50,0.50,32.4,25.3
5,2019-12-01,2.60,2.60,32.0,24.2
5,2019-12-02,0.90,0.90,24.1,24.3
5,2019-12-03,1.30,1.30,24.1,24.7
5,2019-12-04,0.70,0.70,20.8,24.6
5,2019-12-05,0.60,0.60,22.4,24.6
5,2019-12-06,13.80,13.80,19.6,23.7
5,2019-12-07,0.70,0.70,13.7,24.3
5,2019-12-08,0.00,0.00,5.9,23.8
5,2019-12-09,0.00,0.00,12.9,23.9
5,2019-12-10,0.10,0.10,11.0,24.5
5,2019-12-11,1.30,1.30,11.2,25.0
5,2019-12-12,0.90,0.90,17.9,25.1
5,2019-12-13,1.50,1.50,27.0,25.0
5,2019-12-14,1.40,1.40,26.3,24.7
5,2019-12-15,1.50,1.50,22.4,24.7
5,2019-12-16,6.20,6.20,27.7,24.4
5,2019-12-17,0.80,0.80,32.2,25.0
5,2019-12-18,0.20,0.20,27.6,25.2
5,2019-12-19,2.30,2.30,20.7,24.6
5,2019-12-20,5.40,5.40,32.4,23.9
5,2019-12-21,3.80,3.80,36.7,23.6
5,2019-12-22,0.20,0.20,31.1,24.1
5,2019-12-23,0.10,0.10,18.5,24.6
5,2019-12-24,0.70,0.70,23.4,24.9
5,2019-12-25,60.30,60.30,37.4,24.2
5,2019-12-26,0.90,0.90,18.3,24.4
5,2019-12-27,0.90,0.90,25.5,24.0
5,2019-12-28,1.20,1.20,21.9,24.6
5,2019-12-29,0.00,0.00,24.9,25.0
5,2019-12-30,0.30,0.30,28.0,24.7
5,2019-12-31,1.00,1.00,29.0,24.5
5,2020-01-01,2.00,2.00,22.3,23.5
5,2020-01-02,2.90,2.90,20.8,22.9
5,2020-01-03,8.10,8.10,27.4,22.8
5,2020-01-04,3.50,3.50,31.4,23.5
5,2020-01-05,1.00,1.00,29.7,24.2
5,2020-01-06,0.00,0.00,31.6,24.3
5,2020-01-07,0.40,0.40,37.2,23.7
5,2020-01-08,0.60,0.60,34.0,23.8
5,2020-01-09,13.10,13.10,37.4,23.2
5,2020-01-10,8.40,8.40,32.0,22.7
5,2020-01-11,10.80,10.80,34.8,23.3
5,2020-01-12,12.80,12.80,31.3,23.4
5,2020-01-13,1.10,1.10,35.1,24.4
5,2020-01-14,0.20,0.20,34.3,24.2
5,2020-01-15,1.40,1.40,29.3,23.7
5,2020-01-16,2.80,2.80,18.8,23.3
5,2020-01-17,2.10,2.10,29.4,22.5
5,2020-01-18,0.00,0.00,26.3,22.6
5,2020-01-19,0.20,0.20,27.4,23.0
5,2020-01-20,1.40,1.40,27.8,23.1
5,2020-01-21,0.00,0.00,15.0,23.3
5,2020-01-22,0.00,0.00,10.9,22.3
5,2020-01-23,0.00,0.00,14.1,23.3
5,2020-01-24,0.00,0.00,14.4,23.1
5,2020-01-25,0.60,0.60,16.9,23.6
5,2020-01-26,0.10,0.10,21.4,23.9
5,2020-01-27,0.10,0.10,20.9,23.9
5,2020-01-28,0.00,0.00,11.9,23.1
5,2020-01-29,0.00,0.00,12.4,24.3
5,2020-01-30,0.10,0.10,12.9,23.7
5,2020-01-31,0.80,0.80,19.7,23.9
5,2020-02-01,3.10,3.10,28.2,23.0
5,2020-02-02,1.30,1.30,22.6,23.3
5,2020-02-03,0.70,0.70,21.7,24.0
5,2020-02-04,0.70,0.70,14.0,23.4
5,2020-02-05,2.90,2.90,12.6,23.5
5,2020-02-06,11.40,11.40,32.4,20.6
5,2020-02-07,0.40,0.40,22.6,20.8
5,2020-02-08,0.30,0.30,17.9,20.3
5,2020-02-09,1.40,1.40,26.7,21.3
5,2020-02-10,4.40,4.40,24.5,19.7
5,2020-02-11,6.90,6.90,24.0,21.3
5,2020-02-12,1.30,1.30,21.4,22.0
5,2020-02-13,0.90,0.90,23.7,24.5
5,2020-02-14,0.00,0.00,34.1,24.3
5,2020-02-15,0.30,0.30,31.7,24.0
5,2020-02-16,1.50,1.50,31.4,23.2
5,2020-02-17,1.60,1.60,30.8,22.8
5,2020-02-18,2.20,2.20,31.2,22.8
5,2020-02-19,3.80,3.80,36.0,22.6
5,2020-02-20,0.40,0.40,32.2,23.0
5,2020-02-21,0.70,0.70,28.8,23.4
5,2020-02-22,0.60,0.60,22.3,23.6
5,2020-02-23,1.00,1.00,14.5,23.0
5,2020-02-24,0.30,0.30,17.5,22.6
5,2020-02-25,1.80,1.80,26.6,23.3
5,2020-02-26,0.50,0.50,32.4,23.2
5,2020-02-27,0.00,0.00,29.6,22.9
5,2020-02-28,0.10,0.10,33.0,22.8
5,2020-02-29,3.40,3.40,35.0,22.3
5,2020-03-01,8.00,8.00,34.8,21.7
5,2020-03-02,2.00,2.00,28.5,22.4
5,2020-03-03,2.60,2.60,21.3,23.4
5,2020-03-04,1.40,1.40,12.0,23.4
5,2020-03-05,3.20,3.20,22.1,22.2
5,2020-03-06,5.70,5.70,33.9,22.6
5,2020-03-07,0.70,0.70,33.6,22.6
5,2020-03-08,0.60,0.60,30.9,22.2
5,2020-03-09,2.40,2.40,25.5,21.5
5,2020-03-10,0.10,0.10,14.7,22.6
5,2020-03-11,4.00,4.00,12.7,22.3
5,2020-03-12,3.10,3.10,11.2,22.1
5,2020-03-13,2.10,2.10,19.0,22.5
5,2020-03-14,0.90,0.90,15.9,23.0
5,2020-03-15,3.60,3.60,14.3,23.6
5,2020-03-16,12.90,12.90,23.2,22.9
5,2020-03-17,29.20,29.20,10.8,22.2
5,2020-03-18,7.10,7.10,15.1,23.1
5,2020-03-19,0.00,0.00,17.6,22.9
5,2020-03-20,0.90,0.90,12.8,23.4
5,2020-03-21,0.50,0.50,17.9,23.6
5,2020-03-22,1.80,1.80,25.5,23.4
5,2020-03-23,1.20,1.20,34.6,22.9
5,2020-03-24,0.90,0.90,32.2,22.7
5,2020-03-25,0.60,0.60,36.3,22.7
5,2020-03-26,1.80,1.80,34.4,22.4
5,2020-03-27,4.40,4.40,26.6,22.1
5,2020-03-28,1.10,1.10,22.7,23.1
5,2020-03-29,2.20,2.20,20.9,22.6
5,2020-03-30,1.80,1.80,20.4,23.3
5,2020-03-31,0.00,0.00,18.8,23.1
5,2020-04-01,1.00,1.00,15.3,22.8
5,2020-04-02,1.40,1.40,11.1,23.5
5,2020-04-03,0.00,0.00,12.6,23.6
5,2020-04-04,1.50,1.50,9.7,24.0
5,2020-04-05,0.40,0.40,11.1,24.1
5,2020-04-06,2.50,2.50,17.8,23.6
5,2020-04-07,1.20,1.20,17.7,24.0
5,2020-04-08,2.80,2.80,15.2,23.5
5,2020-04-09,1.20,1.20,13.4,23.3
5,2020-04-10,0.10,0.10,18.5,23.6
5,2020-04-11,2.70,2.70,16.3,23.9
5,2020-04-12,0.00,0.00,16.7,23.5
5,2020-04-13,1.40,1.40,16.1,23.9
5,2020-04-14,9.00,9.00,10.0,24.1
5,2020-04-15,1.10,1.10,24.9,24.7
5,2020-04-16,0.20,0.20,26.9,24.2
5,2020-04-17,0.20,0.20,21.4,24.2
5,2020-04-18,0.00,0.00,17.1,24.1
5,2020-04-19,0.20,0.20,14.2,24.2
5,2020-04-20,3.00,3.00,16.6,24.0
5,2020-04-21,4.20,4.20,9.6,24.2
5,2020-04-22,0.60,0.60,14.1,24.5
5,2020-04-23,0.60,0.60,25.3,24.8
5,2020-04-24,1.30,1.30,26.6,24.4
5,2020-04-25,0.10,0.10,25.9,24.4
5,2020-04-26,1.70,1.70,24.1,24.3
5,2020-04-27,0.50,0.50,24.5,24.5
5,2020-04-28,1.00,1.00,28.4,24.2
5,2020-04-29,0.20,0.20,30.5,24.3
5,2020-04-30,0.00,0.00,33.1,24.6
5,2020-05-01,0.30,0.30,30.0,24.6
5,2020-05-02,0.30,0.30,27.9,24.6
5,2020-05-03,1.60,1.60,30.5,24.3
5,2020-05-04,0.10,0.10,28.5,24.7
5,2020-05-05,0.20,0.20,25.4,24.8
5,2020-05-06,0.50,0.50,18.9,24.7
5,2020-05-07,6.60,6.60,24.2,23.5
5,2020-05-08,1.50,1.50,23.4,24.0
5,2020-05-09,0.30,0.30,21.8,24.0
5,2020-05-10,0.00,0.00,21.1,24.4
5,2020-05-11,1.40,1.40,25.5,24.4
5,2020-05-12,2.20,2.20,21.3,24.4
5,2020-05-13,3.20,3.20,16.6,24.7
5,2020-05-14,1.30,1.30,11.3,24.7
5,2020-05-15,0.00,0.00,19.6,25.2
5,2020-05-16,0.00,0.00,21.9,25.4
5,2020-05-17,0.00,0.00,23.1,25.6
5,2020-05-18,4.50,4.50,24.2,24.2
5,2020-05-19,1.80,1.80,28.4,25.0
5,2020-05-20,3.20,3.20,26.7,24.5
5,2020-05-21,5.10,5.10,24.3,24.6
5,2020-05-22,0.50,0.50,24.5,24.8
5,2020-05-23,5.00,5.00,21.4,24.7
5,2020-05-24,0.50,0.50,22.5,25.1
5,2020-05-25,1.10,1.10,14.5,25.1
5,2020-05-26,0.70,0.70,18.9,25.1
5,2020-05-27,1.70,1.70,19.4,25.0
5,2020-05-28,0.00,0.00,26.0,25.4
5,2020-05-29,1.70,1.70,22.5,25.4
5,2020-05-30,0.70,0.70,23.0,25.0
5,2020-05-31,0.40,0.40,27.7,25.3
5,2020-06-01,0.70,0.70,19.2,25.7
5,2020-06-02,1.40,1.40,20.5,26.2
5,2020-06-03,1.40,1.40,24.3,26.1
5,2020-06-04,1.70,1.70,26.8,25.9
5,2020-06-05,0.70,0.70,28.6,25.8
5,2020-06-06,5.30,5.30,28.8,25.3
5,2020-06-07,3.50,3.50,23.5,25.2
5,2020-06-08,1.00,1.00,24.0,25.7
5,2020-06-09,2.50,2.50,27.2,25.6
5,2020-06-10,1.30,1.30,30.0,25.7
5,2020-06-11,1.50,1.50,34.8,25.5
5,2020-06-12,0.40,0.40,31.8,25.7
5,2020-06-13,0.00,0.00,28.4,25.8
5,2020-06-14,0.40,0.40,27.6,25.5
5,2020-06-15,0.30,0.30,28.3,25.7
5,2020-06-16,2.40,2.40,25.6,25.0
5,2020-06-17,0.90,0.90,23.7,25.7
5,2020-06-18,0.80,0.80,29.5,25.7
5,2020-06-19,1.50,1.50,29.6,25.2
5,2020-06-20,0.60,0.60,24.8,25.3
5,2020-06-21,2.10,2.10,24.2,25.4
5,2020-06-22,0.00,0.00,23.7,25.7
5,2020-06-23,0.80,0.80,25.2,25.5
5,2020-06-24,4.60,4.60,20.0,25.8
5,2020-06-25,0.20,0.20,24.2,26.2
5,2020-06-26,0.10,0.10,24.5,26.3
5,2020-06-27,1.20,1.20,23.0,25.7
5,2020-06-28,1.10,1.10,17.1,25.9
5,2020-06-29,1.40,1.40,17.3,26.0
5,2020-06-30,0.40,0.40,23.2,26.4
5,2020-07-01,0.70,0.70,24.8,26.0
5,2020-07-02,1.10,1.10,22.8,25.7
5,2020-07-03,4.60,4.60,18.2,25.6
5,2020-07-04,1.10,1.10,16.9,26.3
5,2020-07-05,1.30,1.30,18.3,26.6
5,2020-07-06,1.40,1.40,22.3,26.2
5,2020-07-07,3.60,3.60,24.4,25.7
5,2020-07-08,3.50,3.50,27.2,25.7
5,2020-07-09,2.50,2.50,25.4,26.1
5,2020-07-10,0.30,0.30,28.2,26.3
5,2020-07-11,2.20,2.20,28.1,26.0
5,2020-07-12,1.30,1.30,25.3,25.5
5,2020-07-13,4.10,4.10,24.0,25.5
5,2020-07-14,2.10,2.10,20.6,25.9
5,2020-07-15,1.20,1.20,23.3,26.1
5,2020-07-16,0.70,0.70,19.4,26.6
5,2020-07-17,0.30,0.30,18.7,27.1
5,2020-07-18,0.60,0.60,25.2,27.0
5,2020-07-19,1.20,1.20,30.6,26.7
5,2020-07-20,1.50,1.50,27.7,26.1
5,2020-07-21,2.70,2.70,15.8,25.4
5,2020-07-22,1.80,1.80,17.0,26.1
5,2020-07-23,0.20,0.20,21.8,26.4
5,2020-07-24,1.60,1.60,24.7,26.5
5,2020-07-25,2.80,2.80,27.3,26.4
5,2020-07-26,4.30,4.30,31.8,26.4
5,2020-07-27,1.70,1.70,29.5,26.7
5,2020-07-28,1.40,1.40,31.4,25.9
5,2020-07-29,0.20,0.20,25.9,25.8
5,2020-07-30,1.00,1.00,29.2,25.8
5,2020-07-31,0.30,0.30,25.5,26.1
5,2020-08-01,0.30,0.30,23.3,26.2
5,2020-08-02,1.20,1.20,23.6,25.8
5,2020-08-03,1.10,1.10,24.1,26.0
5,2020-08-04,0.00,0.00,23.3,26.3
5,2020-08-05,0.50,0.50,26.9,26.6
5,2020-08-06,3.40,3.40,24.2,26.6
5,2020-08-07,1.00,1.00,23.1,26.8
5,2020-08-08,1.40,1.40,30.7,26.6
5,2020-08-09,2.70,2.70,32.1,26.1
5,2020-08-10,2.80,2.80,25.9,26.1
5,2020-08-11,0.70,0.70,21.1,26.3
5,2020-08-12,1.30,1.30,20.8,26.2
5,2020-08-13,1.70,1.70,19.8,26.2
5,2020-08-14,0.20,0.20,19.0,26.6
5,2020-08-15,0.20,0.20,24.3,26.9
5,2020-08-16,0.10,0.10,22.4,26.6
5,2020-08-17,0.70,0.70,21.0,25.8
5,2020-08-18,1.00,1.00,24.9,26.1
5,2020-08-19,0.10,0.10,24.2,26.5
5,2020-08-20,0.30,0.30,26.6,27.0
5,2020-08-21,0.40,0.40,21.9,26.8
5,2020-08-22,0.50,0.50,24.8,26.8
5,2020-08-23,0.60,0.60,22.8,26.9
5,2020-08-24,0.70,0.70,23.9,26.9
5,2020-08-25,0.50,0.50,22.2,26.9
5,2020-08-26,0.30,0.30,21.9,26.6
5,2020-08-27,0.30,0.30,22.8,26.6
5,2020-08-28,1.00,1.00,20.7,26.6
5,2020-08-29,0.40,0.40,25.2,26.6
5,2020-08-30,0.40,0.40,28.2,26.6
5,2020-08-31,1.00,1.00,29.4,26.6
5,2020-09-01,0.30,0.30,24.2,26.5
5,2020-09-02,1.00,1.00,20.4,26.3
5,2020-09-03,0.30,0.30,20.4,26.3
5,2020-09-04,0.00,0.00,19.8,27.0
5,2020-09-05,0.20,0.20,27.3,26.8
5,2020-09-06,1.40,1.40,24.4,26.1
5,2020-09-07,0.90,0.90,21.7,26.8
5,2020-09-08,2.20,2.20,25.3,26.4
5,2020-09-09,2.10,2.10,25.1,26.2
5,2020-09-10,0.00,0.00,25.3,26.7
5,2020-09-11,0.20,0.20,24.4,26.6
5,2020-09-12,0.20,0.20,18.9,26.0
5,2020-09-13,0.20,0.20,18.4,26.3
5,2020-09-14,0.20,0.20,17.2,26.4
5,2020-09-15,0.00,0.00,17.7,26.6
5,2020-09-16,0.00,0.00,19.2,26.7
5,2020-09-17,0.00,0.00,23.7,26.6
5,2020-09-18,0.00,0.00,26.9,27.0
5,2020-09-19,2.00,2.00,24.2,26.3
5,2020-09-20,1.90,1.90,24.9,26.2
5,2020-09-21,3.00,3.00,22.0,26.0
5,2020-09-22,0.30,0.30,22.7,26.4
5,2020-09-23,2.10,2.10,25.1,26.6
5,2020-09-24,0.40,0.40,26.1,26.8
5,2020-09-25,0.80,0.80,22.8,26.6
5,2020-09-26,0.00,0.00,20.6,26.4
5,2020-09-27,0.20,0.20,18.8,26.5
5,2020-09-28,2.30,2.30,18.1,26.3
5,2020-09-29,0.00,0.00,16.0,26.5
5,2020-09-30,0.00,0.00,13.0,26.4
5,2020-10-01,1.50,1.50,15.3,26.7
5,2020-10-02,3.70,3.70,13.0,27.0
5,2020-10-03,0.30,0.30,17.2,27.0
5,2020-10-04,0.70,0.70,24.7,26.6
5,2020-10-05,0.10,0.10,19.5,26.8
5,2020-10-06,0.10,0.10,17.3,27.2
5,2020-10-07,0.20,0.20,20.0,27.1
5,2020-10-08,0.00,0.00,19.3,27.0
5,2020-10-09,0.60,0.60,17.1,27.1
5,2020-10-10,0.30,0.30,27.0,27.0
5,2020-10-11,2.70,2.70,21.9,26.4
5,2020-10-12,4.20,4.20,21.0,26.6
5,2020-10-13,0.60,0.60,25.1,26.6
5,2020-10-14,0.90,0.90,16.1,26.5
5,2020-10-15,3.10,3.10,13.8,26.4
5,2020-10-16,1.60,1.60,14.3,26.7
5,2020-10-17,2.40,2.40,10.2,26.5
5,2020-10-18,1.60,1.60,13.1,26.4
5,2020-10-19,4.30,4.30,14.1,26.1
5,2020-10-20,7.60,7.60,12.1,26.0
5,2020-10-21,10.90,10.90,9.6,25.8
5,2020-10-22,3.00,3.00,8.4,25.5
5,2020-10-23,2.50,2.50,14.5,25.8
5,2020-10-24,0.80,0.80,9.6,26.0
5,2020-10-25,2.30,2.30,9.0,26.4
5,2020-10-26,1.50,1.50,12.8,26.3
5,2020-10-27,1.40,1.40,9.1,25.6
5,2020-10-28,7.80,7.80,18.7,24.7
5,2020-10-29,1.20,1.20,17.5,25.2
5,2020-10-30,0.10,0.10,21.5,26.0
5,2020-10-31,1.60,1.60,9.0,25.0
5,2020-11-01,0.50,0.50,12.4,25.4
5,2020-11-02,0.00,0.00,16.8,26.0
5,2020-11-03,1.90,1.90,18.7,26.2
5,2020-11-04,4.40,4.40,18.7,26.3
5,2020-11-05,0.70,0.70,13.8,26.3
5,2020-11-06,0.80,0.80,23.7,26.3
5,2020-11-07,2.90,2.90,23.6,26.0
5,2020-11-08,0.50,0.50,26.2,26.3
5,2020-11-09,1.00,1.00,29.1,25.9
5,2020-11-10,1.30,1.30,28.3,25.8
5,2020-11-11,0.90,0.90,31.9,25.5
5,2020-11-12,0.20,0.20,29.1,25.6
5,2020-11-13,1.60,1.60,27.3,25.4
5,2020-11-14,0.30,0.30,22.9,25.6
5,2020-11-15,0.80,0.80,15.9,25.3
5,2020-11-16,2.90,2.90,20.3,24.9
5,2020-11-17,0.50,0.50,23.9,25.7
5,2020-11-18,6.50,6.50,23.5,24.7
5,2020-11-19,0.80,0.80,29.0,25.2
5,2020-11-20,1.30,1.30,26.9,25.4
5,2020-11-21,1.10,1.10,35.3,25.7
5,2020-11-22,2.00,2.00,36.1,25.3
5,2020-11-23,3.40,3.40,28.1,25.2
5,2020-11-24,2.90,2.90,28.2,24.9
5,2020-11-25,1.60,1.60,24.6,25.3
5,2020-11-26,3.50,3.50,23.3,24.8
5,2020-11-27,0.80,0.80,29.1,24.2
5,2020-11-28,0.60,0.60,23.2,23.8
5,2020-11-29,3.60,3.60,21.4,23.0
5,2020-11-30,1.20,1.20,16.1,23.9
5,2020-12-01,0.00,0.00,13.8,23.7
5,2020-12-02,0.00,0.00,15.2,24.0
5,2020-12-03,0.20,0.20,15.0,24.2
5,2020-12-04,2.90,2.90,29.8,24.7
5,2020-12-05,0.40,0.40,19.6,25.4
5,2020-12-06,0.00,0.00,9.2,24.7
5,2020-12-07,0.00,0.00,20.9,25.1
5,2020-12-08,1.30,1.30,27.6,25.1
5,2020-12-09,1.90,1.90,10.8,24.6
5,2020-12-10,0.30,0.30,9.7,24.5
5,2020-12-11,0.00,0.00,17.4,24.4
5,2020-12-12,0.40,0.40,25.7,24.9
5,2020-12-13,2.20,2.20,15.8,24.9
5,2020-12-14,0.40,0.40,23.1,25.0
5,2020-12-15,1.50,1.50,27.5,24.9
5,2020-12-16,2.60,2.60,23.6,24.3
5,2020-12-17,1.40,1.40,20.1,24.3
5,2020-12-18,0.20,0.20,35.1,24.5
5,2020-12-19,4.80,4.80,27.1,24.5
5,2020-12-20,3.60,3.60,22.3,24.1
5,2020-12-21,4.20,4.20,23.0,24.2
5,2020-12-22,0.00,0.00,14.0,24.1
5,2020-12-23,0.00,0.00,7.9,24.0
5,2020-12-24,0.10,0.10,18.4,23.6
5,2020-12-25,4.30,4.30,24.1,23.0
5,2020-12-26,6.30,6.30,27.7,22.6
5,2020-12-27,4.40,4.40,27.3,24.2
5,2020-12-28,0.20,0.20,10.0,24.0
5,2020-12-29,2.00,2.00,21.6,24.2
5,2020-12-30,0.10,0.10,26.8,24.1
5,2020-12-31,0.30,0.30,28.5,23.9
5,2021-01-01,1.30,1.30,35.5,24.0
5,2021-01-02,0.30,0.30,29.1,23.9
5,2021-01-03,0.90,0.90,24.8,24.0
5,2021-01-04,0.40,0.40,21.0,24.4
5,2021-01-05,1.10,1.10,18.9,23.7
5,2021-01-06,0.50,0.50,22.6,24.0
5,2021-01-07,0.50,0.50,21.6,24.3
5,2021-01-08,0.40,0.40,13.6,23.5
5,2021-01-09,0.10,0.10,12.7,23.6
5,2021-01-10,0.40,0.40,22.6,23.6
5,2021-01-11,0.70,0.70,19.2,24.2
5,2021-01-12,0.70,0.70,18.1,23.8
5,2021-01-13,1.60,1.60,14.9,23.9
5,2021-01-14,0.80,0.80,15.6,23.7
5,2021-01-15,0.00,0.00,14.1,23.9
5,2021-01-16,0.60,0.60,15.9,24.2
5,2021-01-17,2.70,2.70,18.7,23.2
5,2021-01-18,5.20,5.20,31.7,21.6
5,2021-01-19,3.20,3.20,27.2,22.7
5,2021-01-20,0.40,0.40,22.1,23.8
5,2021-01-21,3.30,3.30,28.6,23.7
5,2021-01-22,1.40,1.40,31.4,23.9
5,2021-01-23,3.30,3.30,31.7,23.4
5,2021-01-24,3.80,3.80,30.7,24.0
5,2021-01-25,4.70,4.70,30.3,23.5
5,2021-01-26,1.10,1.10,29.9,23.8
5,2021-01-27,1.50,1.50,30.4,23.8
5,2021-01-28,0.20,0.20,33.8,23.6
5,2021-01-29,3.00,3.00,29.0,23.0
5,2021-01-30,1.90,1.90,28.1,23.2
5,2021-01-31,0.20,0.20,23.5,23.2
5,2021-02-01,1.80,1.80,18.6,22.3
5,2021-02-02,2.70,2.70,14.3,22.8
5,2021-02-03,28.10,28.10,28.3,21.0
5,2021-02-04,0.30,0.30,16.9,20.0
5,2021-02-05,0.20,0.20,10.0,19.9
5,2021-02-06,0.20,0.20,7.9,21.1
5,2021-02-07,0.00,0.00,8.8,21.5
5,2021-02-08,0.80,0.80,22.0,22.1
5,2021-02-09,0.00,0.00,24.5,21.5
5,2021-02-10,0.00,0.00,20.2,22.0
5,2021-02-11,0.00,0.00,19.2,22.8
5,2021-02-12,0.10,0.10,20.5,23.7
5,2021-02-13,0.30,0.30,25.1,23.9
5,2021-02-14,2.90,2.90,11.4,23.8
5,2021-02-15,1.40,1.40,15.3,23.4
5,2021-02-16,0.40,0.40,12.5,24.1
5,2021-02-17,0.10,0.10,22.7,23.9
5,2021-02-18,3.20,3.20,23.5,23.2
5,2021-02-19,5.00,5.00,23.1,23.3
5,2021-02-20,0.60,0.60,25.8,23.7
5,2021-02-21,5.50,5.50,27.5,23.6
5,2021-02-22,0.40,0.40,29.9,23.7
5,2021-02-23,2.60,2.60,31.3,23.7
5,2021-02-24,0.40,0.40,31.1,23.6
5,2021-02-25,0.80,0.80,36.4,23.7
5,2021-02-26,0.80,0.80,33.8,23.6
5,2021-02-27,2.50,2.50,27.3,22.9
5,2021-02-28,5.90,5.90,32.1,22.5
5,2021-03-01,0.70,0.70,34.2,22.8
5,2021-03-02,1.50,1.50,33.4,22.5
5,2021-03-03,2.60,2.60,26.4,21.8
5,2021-03-04,1.60,1.60,20.4,21.8
5,2021-03-05,4.90,4.90,21.8,20.2
5,2021-03-06,5.30,5.30,24.3,21.0
5,2021-03-07,1.20,1.20,24.5,23.0
5,2021-03-08,13.80,13.80,26.7,22.0
5,2021-03-09,31.80,31.80,22.9,21.9
5,2021-03-10,6.00,6.00,15.0,22.4
5,2021-03-11,3.80,3.80,11.8,22.7
5,2021-03-12,9.60,9.60,20.9,22.3
5,2021-03-13,15.40,15.40,25.4,21.8
5,2021-03-14,2.30,2.30,19.8,22.4
5,2021-03-15,7.70,7.70,13.2,22.7
5,2021-03-16,5.00,5.00,25.2,22.1
5,2021-03-17,1.90,1.90,31.1,22.1
5,2021-03-18,5.40,5.40,30.0,20.9
5,2021-03-19,2.10,2.10,28.7,21.9
5,2021-03-20,8.50,8.50,29.7,22.0
5,2021-03-21,2.70,2.70,32.6,22.4
5,2021-03-22,0.70,0.70,24.6,23.0
5,2021-03-23,1.50,1.50,14.4,22.5
5,2021-03-24,5.90,5.90,24.0,23.6
5,2021-03-25,6.60,6.60,14.2,23.4
5,2021-03-26,0.20,0.20,19.8,23.3
5,2021-03-27,0.00,0.00,27.2,23.7
5,2021-03-28,1.10,1.10,32.7,23.0
5,2021-03-29,1.40,1.40,22.0,23.7
5,2021-03-30,1.80,1.80,21.1,23.6
5,2021-03-31,0.50,0.50,21.3,23.5
5,2021-04-01,2.40,2.40,22.4,23.2
5,2021-04-02,1.40,1.40,19.9,22.9
5,2021-04-03,1.30,1.30,24.0,22.6
5,2021-04-04,5.90,5.90,28.4,21.8
5,2021-04-05,3.20,3.20,30.1,22.6
5,2021-04-06,0.20,0.20,28.0,22.0
5,2021-04-07,0.40,0.40,25.1,21.6
5,2021-04-08,0.10,0.10,24.5,22.4
5,2021-04-09,0.40,0.40,24.8,22.0
5,2021-04-10,0.90,0.90,15.6,21.9
5,2021-04-11,2.70,2.70,16.2,21.1
5,2021-04-12,2.60,2.60,20.3,21.6
5,2021-04-13,0.80,0.80,19.9,22.3
5,2021-04-14,1.00,1.00,20.8,22.6
5,2021-04-15,0.20,0.20,18.6,22.9
5,2021-04-16,0.90,0.90,11.8,22.7
5,2021-04-17,0.50,0.50,20.3,22.1
5,2021-04-18,0.00,0.00,20.3,23.5
5,2021-04-19,0.00,0.00,7.9,24.6
5,2021-04-20,0.30,0.30,10.1,24.4
5,2021-04-21,0.40,0.40,16.4,24.8
5,2021-04-22,0.00,0.00,21.6,24.7
5,2021-04-23,0.70,0.70,25.8,24.2
5,2021-04-24,0.80,0.80,24.6,23.9
5,2021-04-25,1.10,1.10,26.2,24.1
5,2021-04-26,0.20,0.20,18.3,24.5
5,2021-04-27,6.20,6.20,16.3,23.7
5,2021-04-28,2.30,2.30,12.9,23.6
5,2021-04-29,3.30,3.30,19.7,23.6
5,2021-04-30,5.40,5.40,22.8,23.7
5,2021-05-01,1.70,1.70,26.6,24.6
5,2021-05-02,1.50,1.50,25.8,24.3
5,2021-05-03,3.50,3.50,18.6,24.6
5,2021-05-04,2.40,2.40,17.5,24.4
5,2021-05-05,2.50,2.50,24.2,24.4
5,2021-05-06,4.40,4.40,20.1,24.0
5,2021-05-07,0.50,0.50,28.9,24.6
5,2021-05-08,0.80,0.80,24.7,24.7
5,2021-05-09,2.90,2.90,24.5,24.5
5,2021-05-10,1.10,1.10,24.5,24.7
5,2021-05-11,0.30,0.30,26.4,24.6
5,2021-05-12,0.60,0.60,25.3,24.1
5,2021-05-13,0.30,0.30,24.7,24.4
5,2021-05-14,2.40,2.40,27.8,24.1
5,2021-05-15,2.80,2.80,25.1,23.6
5,2021-05-16,1.50,1.50,30.1,23.4
5,2021-05-17,0.70,0.70,25.7,24.2
5,2021-05-18,0.80,0.80,26.2,24.3
5,2021-05-19,0.20,0.20,27.5,24.4
5,2021-05-20,0.30,0.30,25.2,24.5
5,2021-05-21,2.40,2.40,23.9,24.5
5,2021-05-22,0.40,0.40,21.5,24.8
5,2021-05-23,4.60,4.60,17.6,24.8
5,2021-05-24,0.80,0.80,13.9,25.3
5,2021-05-25,1.80,1.80,15.3,25.5
5,2021-05-26,0.60,0.60,17.4,25.6
5,2021-05-27,1.40,1.40,18.9,25.2
5,2021-05-28,0.00,0.00,20.9,25.2
5,2021-05-29,0.00,0.00,15.9,25.3
5,2021-05-30,0.00,0.00,15.2,25.3
5,2021-05-31,0.00,0.00,9.2,26.0
5,2021-06-01,0.20,0.20,20.1,26.2
5,2021-06-02,1.80,1.80,21.4,25.6
5,2021-06-03,5.50,5.50,22.1,25.4
5,2021-06-04,0.70,0.70,26.6,25.9
5,2021-06-05,0.10,0.10,24.9,25.7
5,2021-06-06,4.40,4.40,25.0,25.1
5,2021-06-07,0.30,0.30,22.7,25.5
5,2021-06-08,0.50,0.50,29.6,25.5
5,2021-06-09,0.70,0.70,29.1,25.6
5,2021-06-10,0.40,0.40,29.6,25.5
5,2021-06-11,2.30,2.30,23.2,24.5
5,2021-06-12,1.30,1.30,23.2,24.9
5,2021-06-13,0.70,0.70,23.9,24.9
5,2021-06-14,0.10,0.10,20.4,25.3
5,2021-06-15,0.30,0.30,23.0,25.4
5,2021-06-16,0.00,0.00,23.7,25.8
5,2021-06-17,1.90,1.90,26.8,25.6
5,2021-06-18,0.00,0.00,19.3,25.8
5,2021-06-19,3.70,3.70,17.9,25.1
5,2021-06-20,1.40,1.40,17.7,25.0
5,2021-06-21,2.10,2.10,18.9,25.4
5,2021-06-22,0.00,0.00,19.6,25.5
5,2021-06-23,0.20,0.20,18.6,25.1
5,2021-06-24,0.20,0.20,17.0,25.7
5,2021-06-25,0.90,0.90,14.4,25.8
5,2021-06-26,0.00,0.00,12.6,25.8
5,2021-06-27,0.80,0.80,21.4,25.7
5,2021-06-28,0.50,0.50,21.4,25.9
5,2021-06-29,0.20,0.20,21.1,26.2
5,2021-06-30,0.80,0.80,23.1,26.0
5,2021-07-01,0.20,0.20,26.3,25.9
5,2021-07-02,2.30,2.30,30.1,25.7
5,2021-07-03,1.70,1.70,33.2,25.2
5,2021-07-04,3.60,3.60,28.5,24.9
5,2021-07-05,1.40,1.40,23.8,25.7
5,2021-07-06,0.90,0.90,22.6,25.6
5,2021-07-07,1.10,1.10,21.0,25.2
5,2021-07-08,0.80,0.80,17.8,25.3
5,2021-07-09,1.20,1.20,19.1,26.0
5,2021-07-10,2.50,2.50,25.4,25.7
5,2021-07-11,0.10,0.10,26.3,25.5
5,2021-07-12,3.80,3.80,24.0,25.6
5,2021-07-13,1.30,1.30,21.6,25.8
5,2021-07-14,5.30,5.30,20.9,25.6
5,2021-07-15,0.10,0.10,27.0,26.1
5,2021-07-16,0.40,0.40,28.9,26.2
5,2021-07-17,3.30,3.30,25.9,25.7
5,2021-07-18,4.30,4.30,27.6,25.6
5,2021-07-19,2.40,2.40,29.4,25.7
5,2021-07-20,0.20,0.20,30.1,25.8
5,2021-07-21,3.70,3.70,27.1,25.6
5,2021-07-22,0.50,0.50,30.8,25.8
5,2021-07-23,2.90,2.90,30.8,25.7
5,2021-07-24,1.80,1.80,26.5,26.2
5,2021-07-25,0.60,0.60,27.1,26.6
5,2021-07-26,1.00,1.00,26.1,26.1
5,2021-07-27,1.80,1.80,25.3,25.9
5,2021-07-28,2.10,2.10,23.5,25.7
5,2021-07-29,2.00,2.00,26.3,26.0
5,2021-07-30,1.20,1.20,28.1,26.1
5,2021-07-31,0.10,0.10,32.0,26.2
5,2021-08-01,0.00,0.00,33.5,26.1
5,2021-08-02,0.70,0.70,31.8,25.8
5,2021-08-03,0.20,0.20,28.5,25.5
5,2021-08-04,1.30,1.30,26.3,25.7
5,2021-08-05,2.70,2.70,26.5,25.6
5,2021-08-06,0.50,0.50,28.2,26.2
5,2021-08-07,0.30,0.30,27.2,25.9
5,2021-08-08,0.70,0.70,24.1,25.8
5,2021-08-09,0.00,0.00,17.7,26.1
5,2021-08-10,1.80,1.80,18.4,26.3
5,2021-08-11,0.10,0.10,17.9,26.4
5,2021-08-12,0.10,0.10,20.1,26.2
5,2021-08-13,3.00,3.00,25.1,25.7
5,2021-08-14,2.40,2.40,25.1,25.6
5,2021-08-15,1.80,1.80,22.2,25.7
5,2021-08-16,2.70,2.70,14.0,26.1
5,2021-08-17,2.10,2.10,11.1,25.8
5,2021-08-18,1.90,1.90,19.0,26.5
5,2021-08-19,2.30,2.30,23.8,25.9
5,2021-08-20,0.20,0.20,24.4,26.3
5,2021-08-21,1.00,1.00,25.7,25.9
5,2021-08-22,1.10,1.10,22.8,26.2
5,2021-08-23,27.70,27.70,31.9,25.5
5,2021-08-24,1.90,1.90,29.5,25.8
5,2021-08-25,0.00,0.00,25.3,25.8
5,2021-08-26,2.40,2.40,24.6,25.5
5,2021-08-27,0.50,0.50,22.7,25.6
5,2021-08-28,0.70,0.70,20.1,25.8
5,2021-08-29,1.40,1.40,17.1,25.6
5,2021-08-30,1.00,1.00,15.7,25.8
5,2021-08-31,1.10,1.10,12.6,25.7
5,2021-09-01,0.60,0.60,20.0,26.0
5,2021-09-02,0.20,0.20,23.9,26.6
5,2021-09-03,1.00,1.00,32.4,26.1
5,2021-09-04,1.60,1.60,28.0,25.3
5,2021-09-05,2.00,2.00,22.5,25.5
5,2021-09-06,2.70,2.70,17.3,25.6
5,2021-09-07,0.40,0.40,20.9,25.9
5,2021-09-08,0.30,0.30,21.7,25.9
5,2021-09-09,0.10,0.10,23.2,25.8
5,2021-09-10,1.10,1.10,18.1,25.1
5,2021-09-11,1.90,1.90,21.4,25.5
5,2021-09-12,2.30,2.30,24.5,25.4
5,2021-09-13,2.80,2.80,24.0,25.3
5,2021-09-14,4.00,4.00,21.7,25.0
5,2021-09-15,1.70,1.70,17.7,25.5
5,2021-09-16,0.40,0.40,27.6,26.5
5,2021-09-17,1.60,1.60,30.6,25.7
5,2021-09-18,0.20,0.20,28.7,25.9
5,2021-09-19,2.20,2.20,23.8,25.7
5,2021-09-20,0.10,0.10,25.1,25.9
5,2021-09-21,0.10,0.10,26.1,25.9
5,2021-09-22,0.80,0.80,24.4,25.6
5,2021-09-23,1.00,1.00,25.5,25.7
5,2021-09-24,5.00,5.00,23.6,25.0
5,2021-09-25,5.10,5.10,26.4,25.4
5,2021-09-26,1.70,1.70,26.8,26.0
5,2021-09-27,2.50,2.50,24.1,25.3
5,2021-09-28,0.90,0.90,23.4,25.4
5,2021-09-29,0.90,0.90,18.8,25.7
5,2021-09-30,3.90,3.90,23.3,25.3
5,2021-10-01,0.60,0.60,25.6,25.6
5,2021-10-02,1.90,1.90,21.8,25.4
5,2021-10-03,4.90,4.90,21.9,25.2
5,2021-10-04,0.50,0.50,24.6,25.5
5,2021-10-05,0.10,0.10,23.2,25.8
5,2021-10-06,0.00,0.00,27.6,25.6
5,2021-10-07,1.30,1.30,29.5,25.5
5,2021-10-08,0.50,0.50,32.4,25.6
5,2021-10-09,0.40,0.40,36.8,25.2
5,2021-10-10,1.00,1.00,31.2,25.2
5,2021-10-11,2.10,2.10,28.0,25.3
5,2021-10-12,1.50,1.50,33.5,26.0
5,2021-10-13,1.20,1.20,31.1,25.5
5,2021-10-14,3.90,3.90,27.6,24.8
5,2021-10-15,2.40,2.40,26.6,24.7
5,2021-10-16,2.30,2.30,21.5,24.7
5,2021-10-17,0.30,0.30,27.9,24.9
5,2021-10-18,0.00,0.00,22.4,25.1
5,2021-10-19,0.50,0.50,21.4,24.6
5,2021-10-20,0.00,0.00,16.6,24.9
5,2021-10-21,2.70,2.70,16.9,24.8
5,2021-10-22,0.70,0.70,24.1,25.3
5,2021-10-23,0.00,0.00,22.9,25.4
5,2021-10-24,2.50,2.50,26.7,25.0
5,2021-10-25,0.90,0.90,24.9,25.1
5,2021-10-26,0.70,0.70,19.4,25.4
5,2021-10-27,1.00,1.00,20.0,25.0
5,2021-10-28,2.40,2.40,17.3,24.9
5,2021-10-29,2.00,2.00,14.3,25.1
5,2021-10-30,0.00,0.00,7.4,24.9
5,2021-10-31,1.60,1.60,13.3,24.4
5,2021-11-01,0.00,0.00,16.6,24.6
5,2021-11-02,2.10,2.10,12.0,24.6
5,2021-11-03,2.80,2.80,18.2,25.2
5,2021-11-04,0.90,0.90,24.0,25.4
5,2021-11-05,0.10,0.10,28.6,25.7
5,2021-11-06,0.70,0.70,26.0,25.4
5,2021-11-07,1.10,1.10,24.2,25.0
5,2021-11-08,0.60,0.60,20.9,25.2
5,2021-11-09,0.10,0.10,15.2,25.1
5,2021-11-10,0.00,0.00,14.2,25.0
5,2021-11-11,0.00,0.00,18.9,25.2
5,2021-11-12,1.10,1.10,15.2,25.0
5,2021-11-13,0.10,0.10,12.0,24.7
5,2021-11-14,16.80,16.80,14.2,23.8
5,2021-11-15,0.90,0.90,10.5,24.3
5,2021-11-16,1.50,1.50,9.1,25.2
5,2021-11-17,1.40,1.40,12.0,25.2
5,2021-11-18,0.50,0.50,16.1,25.4
5,2021-11-19,0.00,0.00,19.6,25.4
5,2021-11-20,0.20,0.20,16.9,25.8
5,2021-11-21,0.20,0.20,21.3,25.3
5,2021-11-22,1.10,1.10,22.0,24.9
5,2021-11-23,0.00,0.00,20.8,25.4
5,2021-11-24,0.10,0.10,17.1,25.0
5,2021-11-25,0.00,0.00,21.8,24.8
5,2021-11-26,0.00,0.00,18.7,24.3
5,2021-11-27,0.70,0.70,15.6,23.6
5,2021-11-28,1.40,1.40,26.5,23.6
5,2021-11-29,2.40,2.40,29.5,24.1
5,2021-11-30,2.30,2.30,27.7,24.2
5,2021-12-01,1.80,1.80,21.4,24.7
5,2021-12-02,0.60,0.60,15.3,24.2
5,2021-12-03,3.80,3.80,25.6,22.9
5,2021-12-04,0.40,0.40,20.1,20.8
5,2021-12-05,61.90,61.90,39.2,22.6
5,2021-12-06,82.10,82.10,32.2,22.4
5,2021-12-07,17.30,17.30,25.0,22.6
5,2021-12-08,1.60,1.60,25.6,24.3
5,2021-12-09,3.00,3.00,29.8,24.4
5,2021-12-10,0.70,0.70,30.0,24.3
5,2021-12-11,1.80,1.80,27.9,24.2
5,2021-12-12,0.60,0.60,30.8,23.6
5,2021-12-13,0.50,0.50,25.8,24.0
5,2021-12-14,2.10,2.10,25.8,23.5
5,2021-12-15,1.50,1.50,23.5,23.9
5,2021-12-16,2.30,2.30,19.5,23.6
5,2021-12-17,1.40,1.40,15.9,23.2
5,2021-12-18,0.50,0.50,23.4,23.9
5,2021-12-19,1.60,1.60,25.8,23.4
5,2021-12-20,0.50,0.50,25.5,23.4
5,2021-12-21,2.10,2.10,25.1,22.2
5,2021-12-22,2.00,2.00,26.5,23.0
5,2021-12-23,0.00,0.00,25.8,23.3
5,2021-12-24,1.00,1.00,25.7,22.4
5,2021-12-25,0.70,0.70,23.4,22.7
5,2021-12-26,1.90,1.90,22.8,22.8
5,2021-12-27,0.90,0.90,28.8,23.5
5,2021-12-28,0.30,0.30,31.4,23.4
5,2021-12-29,3.60,3.60,27.3,23.4
5,2021-12-30,3.60,3.60,25.5,22.9
5,2021-12-31,23.20,23.20,19.1,22.4
5,2022-01-01,26.40,26.40,19.7,22.0
5,2022-01-02,14.20,14.20,14.0,21.7
5,2022-01-03,5.10,5.10,13.7,21.9
5,2022-01-04,3.50,3.50,20.2,22.4
5,2022-01-05,0.50,0.50,7.5,23.0
5,2022-01-06,1.30,1.30,12.7,22.6
5,2022-01-07,0.50,0.50,6.4,22.0
5,2022-01-08,1.10,1.10,9.0,22.8
5,2022-01-09,0.40,0.40,10.7,21.8
5,2022-01-10,0.30,0.30,19.5,23.0
5,2022-01-11,0.00,0.00,21.0,22.4
5,2022-01-12,0.40,0.40,14.3,23.2
5,2022-01-13,0.50,0.50,11.9,22.9
5,2022-01-14,1.80,1.80,12.3,22.9
5,2022-01-15,0.50,0.50,7.1,22.1
5,2022-01-16,0.70,0.70,6.6,22.6
5,2022-01-17,0.00,0.00,11.5,22.7
5,2022-01-18,0.20,0.20,9.7,22.7
5,2022-01-19,0.00,0.00,12.6,23.1
5,2022-01-20,0.80,0.80,11.4,23.3
5,2022-01-21,0.00,0.00,18.9,23.4
5,2022-01-22,0.10,0.10,20.6,23.7
5,2022-01-23,0.40,0.40,17.7,23.8
5,2022-01-24,0.00,0.00,21.0,23.4
5,2022-01-25,0.70,0.70,24.8,23.2
5,2022-01-26,0.20,0.20,20.5,23.4
5,2022-01-27,0.10,0.10,15.2,23.6
5,2022-01-28,0.10,0.10,12.6,23.5
5,2022-01-29,0.30,0.30,19.5,23.7
5,2022-01-30,0.50,0.50,19.6,23.6
5,2022-01-31,0.60,0.60,12.4,22.9
5,2022-02-01,0.00,0.00,18.5,23.5
5,2022-02-02,0.20,0.20,13.8,23.8
5,2022-02-03,0.00,0.00,17.8,23.1
5,2022-02-04,0.00,0.00,6.4,23.2
5,2022-02-05,1.20,1.20,17.6,23.0
5,2022-02-06,0.50,0.50,23.7,23.6
5,2022-02-07,0.00,0.00,25.8,23.7
5,2022-02-08,0.10,0.10,19.7,23.5
5,2022-02-09,1.00,1.00,16.2,23.5
5,2022-02-10,0.70,0.70,8.7,22.9
5,2022-02-11,0.00,0.00,10.8,23.3
5,2022-02-12,0.20,0.20,17.1,23.3
5,2022-02-13,1.00,1.00,20.7,22.6
5,2022-02-14,1.20,1.20,15.0,22.3
5,2022-02-15,1.30,1.30,16.9,22.5
5,2022-02-16,0.80,0.80,19.7,23.0
5,2022-02-17,2.20,2.20,22.2,23.1
5,2022-02-18,0.80,0.80,18.7,23.5
5,2022-02-19,1.90,1.90,14.2,23.2
5,2022-02-20,0.00,0.00,22.6,22.9
5,2022-02-21,0.50,0.50,17.8,23.3
5,2022-02-22,0.40,0.40,24.6,24.0
5,2022-02-23,0.00,0.00,27.7,24.2
5,2022-02-24,0.30,0.30,21.8,24.2
5,2022-02-25,0.10,0.10,25.0,24.0
5,2022-02-26,0.00,0.00,22.5,24.0
5,2022-02-27,1.20,1.20,10.7,23.8
5,2022-02-28,2.50,2.50,14.1,23.7
5,2022-03-01,0.80,0.80,12.5,23.3
5,2022-03-02,0.20,0.20,10.2,23.3
5,2022-03-03,0.80,0.80,7.6,23.6
5,2022-03-04,1.10,1.10,15.3,22.4
5,2022-03-05,0.00,0.00,14.0,22.8
5,2022-03-06,0.30,0.30,13.3,23.2
5,2022-03-07,0.00,0.00,11.4,23.7
5,2022-03-08,0.70,0.70,15.8,23.9
5,2022-03-09,1.20,1.20,14.2,24.4
5,2022-03-10,1.60,1.60,18.5,24.8
5,2022-03-11,0.30,0.30,21.9,24.7
5,2022-03-12,0.00,0.00,24.4,24.7
5,2022-03-13,0.10,0.10,23.5,24.6
5,2022-03-14,0.00,0.00,22.0,24.6
5,2022-03-15,0.00,0.00,17.2,24.9
5,2022-03-16,1.50,1.50,13.7,25.1
5,2022-03-17,0.00,0.00,20.9,24.7
5,2022-03-18,0.20,0.20,23.1,24.6
5,2022-03-19,2.00,2.00,26.1,24.6
5,2022-03-20,2.60,2.60,17.6,24.7
5,2022-03-21,1.90,1.90,14.0,24.2
5,2022-03-22,2.10,2.10,23.8,23.7
5,2022-03-23,2.80,2.80,31.4,24.2
5,2022-03-24,1.50,1.50,31.4,24.1
5,2022-03-25,7.30,7.30,27.6,22.7
5,2022-03-26,1.30,1.30,22.7,23.6
5,2022-03-27,0.60,0.60,13.4,23.4
5,2022-03-28,0.10,0.10,13.7,24.5
5,2022-03-29,3.70,3.70,19.1,24.2
5,2022-03-30,1.30,1.30,22.8,24.6
5,2022-03-31,5.10,5.10,26.1,23.7
5,2022-04-01,4.60,4.60,26.3,23.6
5,2022-04-02,1.60,1.60,32.7,23.8
5,2022-04-03,1.00,1.00,30.0,24.3
5,2022-04-04,0.70,0.70,26.6,24.0
5,2022-04-05,2.00,2.00,21.4,24.0
5,2022-04-06,2.50,2.50,23.0,23.4
5,2022-04-07,0.00,0.00,29.0,24.2
5,2022-04-08,2.90,2.90,28.4,24.0
5,2022-04-09,2.10,2.10,27.4,24.1
5,2022-04-10,0.10,0.10,23.2,24.6
5,2022-04-11,1.30,1.30,27.2,24.6
5,2022-04-12,0.00,0.00,22.1,24.8
5,2022-04-13,0.00,0.00,25.1,24.6
5,2022-04-14,0.80,0.80,25.8,24.3
5,2022-04-15,1.40,1.40,26.1,23.9
5,2022-04-16,3.00,3.00,24.6,23.1
5,2022-04-17,2.90,2.90,27.1,23.4
5,2022-04-18,0.70,0.70,24.6,23.6
5,2022-04-19,7.80,7.80,27.4,22.8
5,2022-04-20,7.00,7.00,25.1,23.2
5,2022-04-21,2.40,2.40,26.8,23.6
5,2022-04-22,1.80,1.80,25.4,24.4
5,2022-04-23,2.20,2.20,28.0,24.0
5,2022-04-24,1.40,1.40,27.1,24.2
5,2022-04-25,1.20,1.20,26.0,24.3
5,2022-04-26,2.20,2.20,25.0,24.1
5,2022-04-27,3.60,3.60,22.8,24.0
5,2022-04-28,1.80,1.80,23.1,24.6
5,2022-04-29,0.30,0.30,28.5,24.4
5,2022-04-30,2.30,2.30,26.3,24.2
5,2022-05-01,2.90,2.90,29.5,23.8
5,2022-05-02,0.90,0.90,26.7,23.8
5,2022-05-03,1.80,1.80,24.8,23.7
5,2022-05-04,3.10,3.10,26.0,24.0
5,2022-05-05,1.00,1.00,28.2,24.3
5,2022-05-06,1.90,1.90,26.5,24.4
5,2022-05-07,0.30,0.30,27.9,24.3
5,2022-05-08,0.10,0.10,29.2,24.7
5,2022-05-09,0.10,0.10,29.0,24.7
5,2022-05-10,0.00,0.00,23.8,24.5
5,2022-05-11,0.40,0.40,27.2,24.4
5,2022-05-12,0.00,0.00,32.0,24.5
5,2022-05-13,0.10,0.10,27.9,24.8
5,2022-05-14,0.30,0.30,23.0,24.4
5,2022-05-15,4.60,4.60,19.6,24.5
5,2022-05-16,4.00,4.00,11.7,24.6
5,2022-05-17,3.90,3.90,18.2,25.0
5,2022-05-18,8.30,8.30,25.3,24.5
5,2022-05-19,8.80,8.80,21.1,25.2
5,2022-05-20,1.90,1.90,7.6,25.4
5,2022-05-21,0.00,0.00,19.8,25.7
5,2022-05-22,0.10,0.10,23.0,25.3
5,2022-05-23,0.70,0.70,22.2,25.1
5,2022-05-24,0.60,0.60,17.4,24.8
5,2022-05-25,0.60,0.60,19.3,24.6
5,2022-05-26,0.40,0.40,20.1,24.8
5,2022-05-27,0.90,0.90,22.7,24.8
5,2022-05-28,1.10,1.10,23.1,24.8
5,2022-05-29,1.20,1.20,16.3,25.4
5,2022-05-30,0.90,0.90,20.6,25.3
5,2022-05-31,0.20,0.20,21.0,25.4
5,2022-06-01,0.20,0.20,22.5,25.4
5,2022-06-02,1.30,1.30,19.6,25.0
5,2022-06-03,0.60,0.60,18.4,24.9
5,2022-06-04,0.00,0.00,17.9,25.1
5,2022-06-05,2.70,2.70,16.3,25.2
5,2022-06-06,0.70,0.70,18.8,25.6
5,2022-06-07,0.60,0.60,22.1,25.8
5,2022-06-08,0.70,0.70,23.4,25.6
5,2022-06-09,0.50,0.50,19.5,25.6
5,2022-06-10,1.60,1.60,21.4,25.5
5,2022-06-11,0.50,0.50,25.4,25.7
5,2022-06-12,2.50,2.50,27.5,25.6
5,2022-06-13,1.30,1.30,28.2,25.6
5,2022-06-14,0.70,0.70,30.0,25.2
5,2022-06-15,6.10,6.10,22.5,25.1
5,2022-06-16,4.50,4.50,25.1,25.0
5,2022-06-17,1.90,1.90,23.9,25.5
5,2022-06-18,0.00,0.00,26.7,25.8
5,2022-06-19,1.90,1.90,21.5,25.8
5,2022-06-20,3.30,3.30,24.6,25.4
5,2022-06-21,1.50,1.50,22.1,25.4
5,2022-06-22,1.50,1.50,22.1,25.2
5,2022-06-23,0.10,0.10,21.3,25.2
5,2022-06-24,3.20,3.20,18.5,24.5
5,2022-06-25,2.50,2.50,17.7,24.9
5,2022-06-26,0.00,0.00,16.7,25.9
5,2022-06-27,1.10,1.10,22.2,25.4
5,2022-06-28,0.10,0.10,25.2,25.6
5,2022-06-29,1.00,1.00,26.8,25.3
5,2022-06-30,0.50,0.50,28.3,26.0
5,2022-07-01,3.20,3.20,32.5,25.5
5,2022-07-02,0.20,0.20,30.4,25.7
5,2022-07-03,4.10,4.10,27.7,25.2
5,2022-07-04,3.30,3.30,32.0,25.0
5,2022-07-05,2.50,2.50,28.9,24.8
5,2022-07-06,1.30,1.30,25.2,25.1
5,2022-07-07,0.60,0.60,26.4,24.9
5,2022-07-08,2.40,2.40,27.4,24.9
5,2022-07-09,1.90,1.90,27.3,25.7
5,2022-07-10,2.10,2.10,28.3,25.6
5,2022-07-11,0.60,0.60,23.7,25.3
5,2022-07-12,4.60,4.60,24.8,25.2
5,2022-07-13,1.60,1.60,27.7,25.7
5,2022-07-14,4.30,4.30,26.6,25.3
5,2022-07-15,4.40,4.40,23.5,25.6
5,2022-07-16,2.70,2.70,30.8,25.8
5,2022-07-17,0.80,0.80,28.1,26.2
5,2022-07-18,1.80,1.80,30.3,25.6
5,2022-07-19,1.00,1.00,27.9,25.3
5,2022-07-20,1.50,1.50,23.7,25.3
5,2022-07-21,1.80,1.80,25.2,25.4
5,2022-07-22,0.30,0.30,22.3,25.9
5,2022-07-23,0.10,0.10,21.9,25.7
5,2022-07-24,0.00,0.00,21.1,25.8
5,2022-07-25,0.20,0.20,25.0,25.8
5,2022-07-26,2.20,2.20,27.5,25.6
5,2022-07-27,0.30,0.30,22.5,26.1
5,2022-07-28,0.50,0.50,17.5,26.4
5,2022-07-29,0.00,0.00,18.7,26.5
5,2022-07-30,0.00,0.00,28.6,26.7
5,2022-07-31,0.00,0.00,29.8,26.2
5,2022-08-01,2.50,2.50,27.2,25.1
5,2022-08-02,0.40,0.40,24.7,25.8
5,2022-08-03,4.10,4.10,20.2,25.4
5,2022-08-04,1.50,1.50,15.1,25.8
5,2022-08-05,0.90,0.90,10.1,26.4
5,2022-08-06,0.30,0.30,15.8,26.9
5,2022-08-07,0.10,0.10,22.2,27.2
5,2022-08-08,0.40,0.40,26.4,26.8
5,2022-08-09,0.40,0.40,27.6,26.7
5,2022-08-10,0.20,0.20,30.5,26.7
5,2022-08-11,1.20,1.20,28.8,26.4
5,2022-08-12,0.50,0.50,23.0,26.0
5,2022-08-13,2.70,2.70,23.7,26.1
5,2022-08-14,0.00,0.00,22.5,26.4
5,2022-08-15,0.10,0.10,17.1,26.5
5,2022-08-16,0.00,0.00,12.2,26.7
5,2022-08-17,4.60,4.60,16.3,26.8
5,2022-08-18,2.30,2.30,19.9,26.8
5,2022-08-19,0.10,0.10,23.7,27.0
5,2022-08-20,1.90,1.90,23.1,26.5
5,2022-08-21,0.10,0.10,23.8,26.4
5,2022-08-22,2.90,2.90,21.6,26.0
5,2022-08-23,2.60,2.60,12.7,26.3
5,2022-08-24,4.60,4.60,11.4,26.9
5,2022-08-25,1.20,1.20,18.3,27.0
5,2022-08-26,2.90,2.90,21.6,26.8
5,2022-08-27,0.10,0.10,29.9,26.6
5,2022-08-28,0.60,0.60,18.9,26.1
5,2022-08-29,2.00,2.00,17.9,26.5
5,2022-08-30,0.90,0.90,16.2,26.4
5,2022-08-31,1.10,1.10,20.3,25.8
5,2022-09-01,0.20,0.20,21.8,26.5
5,2022-09-02,1.50,1.50,21.6,26.0
5,2022-09-03,3.60,3.60,19.3,25.7
5,2022-09-04,1.00,1.00,22.6,26.7
5,2022-09-05,1.40,1.40,21.8,26.6
5,2022-09-06,1.00,1.00,23.5,26.7
5,2022-09-07,0.40,0.40,23.1,27.0
5,2022-09-08,1.10,1.10,19.5,26.3
5,2022-09-09,1.80,1.80,18.9,25.5
5,2022-09-10,1.00,1.00,17.1,26.7
5,2022-09-11,1.40,1.40,16.2,26.6
5,2022-09-12,0.60,0.60,19.9,26.7
5,2022-09-13,1.10,1.10,22.1,26.4
5,2022-09-14,0.00,0.00,18.7,26.9
5,2022-09-15,3.30,3.30,15.0,26.6
5,2022-09-16,4.20,4.20,12.4,26.5
5,2022-09-17,0.00,0.00,17.2,27.1
5,2022-09-18,2.70,2.70,21.9,26.4
5,2022-09-19,2.10,2.10,25.5,26.2
5,2022-09-20,0.40,0.40,22.7,27.0
5,2022-09-21,1.60,1.60,20.6,26.4
5,2022-09-22,2.70,2.70,17.4,26.3
5,2022-09-23,3.10,3.10,18.6,26.3
5,2022-09-24,0.40,0.40,15.8,27.1
5,2022-09-25,3.20,3.20,14.7,26.5
5,2022-09-26,0.20,0.20,18.6,26.6
5,2022-09-27,0.40,0.40,22.7,26.6
5,2022-09-28,0.00,0.00,22.7,26.6
5,2022-09-29,0.60,0.60,24.1,26.7
5,2022-09-30,0.10,0.10,19.6,26.6
5,2022-10-01,0.60,0.60,18.2,26.7
5,2022-10-02,2.50,2.50,21.9,25.3
5,2022-10-03,0.30,0.30,18.3,26.2
5,2022-10-04,3.30,3.30,20.3,25.5
5,2022-10-05,0.20,0.20,18.7,26.0
5,2022-10-06,0.50,0.50,16.5,25.9
5,2022-10-07,0.00,0.00,15.3,26.4
5,2022-10-08,3.80,3.80,9.8,25.4
5,2022-10-09,0.00,0.00,11.0,26.0
5,2022-10-10,0.70,0.70,12.6,26.7
5,2022-10-11,3.00,3.00,6.0,25.8
5,2022-10-12,1.40,1.40,10.3,26.0
5,2022-10-13,5.20,5.20,9.7,26.4
5,2022-10-14,5.40,5.40,16.9,25.9
5,2022-10-15,0.00,0.00,20.4,25.9
5,2022-10-16,0.10,0.10,18.5,26.1
5,2022-10-17,0.00,0.00,15.3,26.6
5,2022-10-18,0.00,0.00,6.9,25.7
5,2022-10-19,10.40,10.40,21.9,25.0
5,2022-10-20,2.60,2.60,20.3,24.5
5,2022-10-21,0.50,0.50,15.7,26.6
5,2022-10-22,0.10,0.10,25.3,27.0
5,2022-10-23,2.60,2.60,24.1,26.4
5,2022-10-24,1.20,1.20,30.7,26.3
5,2022-10-25,1.00,1.00,27.1,26.5
5,2022-10-26,3.70,3.70,26.4,25.6
5,2022-10-27,2.30,2.30,21.1,25.5
5,2022-10-28,2.40,2.40,19.4,25.0
5,2022-10-29,0.70,0.70,21.1,26.2
5,2022-10-30,0.80,0.80,23.1,26.1
5,2022-10-31,1.80,1.80,24.6,26.0
5,2022-11-01,0.90,0.90,24.0,25.9
5,2022-11-02,2.10,2.10,24.0,25.9
5,2022-11-03,2.40,2.40,23.0,26.1
5,2022-11-04,0.00,0.00,22.5,26.7
5,2022-11-05,0.10,0.10,25.3,26.4
5,2022-11-06,0.00,0.00,27.3,26.2
5,2022-11-07,0.50,0.50,26.0,26.1
5,2022-11-08,0.10,0.10,26.4,25.8
5,2022-11-09,1.30,1.30,23.7,25.4
5,2022-11-10,0.90,0.90,22.0,24.7
5,2022-11-11,1.00,1.00,24.7,24.3
5,2022-11-12,6.20,6.20,26.6,24.5
5,2022-11-13,1.80,1.80,23.9,24.6
5,2022-11-14,0.10,0.10,22.0,24.8
5,2022-11-15,0.90,0.90,21.9,24.6
5,2022-11-16,0.00,0.00,20.8,25.0
5,2022-11-17,1.00,1.00,16.1,24.9
5,2022-11-18,0.40,0.40,22.9,24.7
5,2022-11-19,1.10,1.10,26.1,25.2
5,2022-11-20,0.90,0.90,29.6,25.3
5,2022-11-21,0.00,0.00,33.2,25.4
5,2022-11-22,0.10,0.10,26.2,25.1
5,2022-11-23,1.10,1.10,21.1,24.3
5,2022-11-24,3.70,3.70,33.7,22.8
5,2022-11-25,0.00,0.00,28.9,22.9
5,2022-11-26,0.30,0.30,16.2,23.3
5,2022-11-27,5.30,5.30,11.3,23.0
5,2022-11-28,7.90,7.90,6.5,22.9
5,2022-11-29,0.60,0.60,7.8,24.8
5,2022-11-30,0.20,0.20,18.9,24.4
5,2022-12-01,0.60,0.60,19.7,23.5
5,2022-12-02,2.00,2.00,18.3,23.7
5,2022-12-03,0.50,0.50,21.0,24.8
5,2022-12-04,4.90,4.90,20.7,24.5
5,2022-12-05,0.50,0.50,9.7,24.3
5,2022-12-06,0.10,0.10,17.0,25.0
5,2022-12-07,0.10,0.10,32.0,25.1
5,2022-12-08,0.30,0.30,33.4,25.0
5,2022-12-09,0.00,0.00,34.5,24.7
5,2022-12-10,0.00,0.00,30.6,24.5
5,2022-12-11,0.20,0.20,29.1,24.3
5,2022-12-12,1.80,1.80,31.4,23.7
5,2022-12-13,1.30,1.30,25.8,24.2
5,2022-12-14,0.10,0.10,21.3,24.5
5,2022-12-15,0.30,0.30,15.3,23.6
5,2022-12-16,6.20,6.20,10.0,23.4
5,2022-12-17,0.70,0.70,8.5,23.1
5,2022-12-18,37.50,37.50,23.8,21.2
5,2022-12-19,19.80,19.80,31.7,20.5
5,2022-12-20,0.40,0.40,28.4,23.1
5,2022-12-21,0.10,0.10,16.9,23.4
5,2022-12-22,0.20,0.20,14.8,22.5
5,2022-12-23,0.10,0.10,15.1,23.4
5,2022-12-24,1.10,1.10,20.2,23.8
5,2022-12-25,0.00,0.00,13.6,23.9
5,2022-12-26,0.10,0.10,17.0,24.0
5,2022-12-27,0.00,0.00,25.1,24.7
5,2022-12-28,0.60,0.60,22.4,24.2
5,2022-12-29,1.50,1.50,8.7,23.6
5,2022-12-30,0.00,0.00,18.9,23.9
5,2022-12-31,0.40,0.40,15.9,23.8
5,2023-01-01,2.40,2.40,15.5,23.3
5,2023-01-02,0.60,0.60,18.4,24.1
5,2023-01-03,0.00,0.00,16.7,23.2
5,2023-01-04,2.80,2.80,13.7,22.6
5,2023-01-05,0.80,0.80,12.4,23.7
5,2023-01-06,0.60,0.60,17.5,24.1
5,2023-01-07,0.00,0.00,17.3,23.5
5,2023-01-08,0.00,0.00,16.3,22.7
5,2023-01-09,0.00,0.00,10.9,23.5
5,2023-01-10,0.00,0.00,12.8,23.4
5,2023-01-11,0.00,0.00,22.0,22.6
5,2023-01-12,0.00,0.00,18.4,22.4
5,2023-01-13,0.00,0.00,11.3,22.9
5,2023-01-14,0.20,0.20,15.4,23.0
5,2023-01-15,0.40,0.40,22.8,24.0
5,2023-01-16,0.30,0.30,12.7,24.2
5,2023-01-17,0.10,0.10,11.2,23.6
5,2023-01-18,0.10,0.10,10.9,23.8
5,2023-01-19,0.50,0.50,9.2,24.0
5,2023-01-20,0.60,0.60,24.5,24.2
5,2023-01-21,0.30,0.30,21.6,24.6
5,2023-01-22,0.30,0.30,19.1,23.5
5,2023-01-23,4.10,4.10,10.6,23.9
5,2023-01-24,0.50,0.50,11.2,23.5
5,2023-01-25,2.40,2.40,18.9,22.7
5,2023-01-26,0.10,0.10,23.7,22.3
5,2023-01-27,0.60,0.60,27.1,22.2
5,2023-01-28,11.00,11.00,23.7,21.2
5,2023-01-29,7.60,7.60,27.7,20.8
5,2023-01-30,2.70,2.70,21.1,22.0
5,2023-01-31,2.60,2.60,13.0,23.1
5,2023-02-01,0.10,0.10,13.4,23.0
5,2023-02-02,1.80,1.80,15.0,23.4
5,2023-02-03,3.40,3.40,20.4,22.5
5,2023-02-04,9.20,9.20,24.7,22.7
5,2023-02-05,2.10,2.10,27.3,23.5
5,2023-02-06,0.00,0.00,26.5,24.2
5,2023-02-07,1.00,1.00,29.1,24.1
5,2023-02-08,0.30,0.30,37.5,23.6
5,2023-02-09,0.30,0.30,37.8,23.6
5,2023-02-10,0.00,0.00,38.4,23.8
5,2023-02-11,0.10,0.10,31.2,23.6
5,2023-02-12,1.40,1.40,30.0,22.7
5,2023-02-13,2.00,2.00,27.8,23.1
5,2023-02-14,1.70,1.70,23.9,22.6
5,2023-02-15,6.30,6.30,15.7,22.1
5,2023-02-16,12.10,12.10,20.3,22.8
5,2023-02-17,30.10,30.10,12.8,21.5
5,2023-02-18,15.80,15.80,18.3,22.4
5,2023-02-19,9.30,9.30,20.5,23.1
5,2023-02-20,7.10,7.10,17.7,23.0
5,2023-02-21,3.60,3.60,29.9,23.7
5,2023-02-22,1.00,1.00,29.5,23.7
5,2023-02-23,0.60,0.60,33.8,23.6
5,2023-02-24,2.90,2.90,30.2,22.8
5,2023-02-25,0.30,0.30,30.4,22.7
5,2023-02-26,0.70,0.70,30.0,22.9
5,2023-02-27,2.10,2.10,34.4,22.8
5,2023-02-28,0.90,0.90,34.5,22.6
5,2023-03-01,2.00,2.00,36.9,22.5
5,2023-03-02,0.60,0.60,33.5,22.2
5,2023-03-03,3.40,3.40,25.0,22.0
5,2023-03-04,1.00,1.00,18.4,22.2
5,2023-03-05,2.30,2.30,13.5,22.3
5,2023-03-06,11.20,11.20,23.9,22.7
5,2023-03-07,1.90,1.90,29.0,23.1
5,2023-03-08,3.50,3.50,42.8,22.7
5,2023-03-09,0.00,0.00,21.5,22.6
5,2023-03-10,0.00,0.00,19.0,21.9
5,2023-03-11,0.10,0.10,15.1,21.5
5,2023-03-12,3.40,3.40,26.5,23.8
5,2023-03-13,0.00,0.00,15.9,23.7
5,2023-03-14,7.10,7.10,20.7,23.9
5,2023-03-15,0.50,0.50,20.8,24.7
5,2023-03-16,0.10,0.10,16.1,24.2
5,2023-03-17,0.20,0.20,14.1,24.8
5,2023-03-18,1.90,1.90,13.2,23.8
5,2023-03-19,1.20,1.20,16.9,24.0
5,2023-03-20,0.40,0.40,17.6,24.3
5,2023-03-21,3.40,3.40,23.8,24.5
5,2023-03-22,4.00,4.00,13.4,24.4
5,2023-03-23,2.40,2.40,16.3,23.3
5,2023-03-24,1.50,1.50,11.4,24.0
5,2023-03-25,0.90,0.90,24.7,24.4
5,2023-03-26,0.60,0.60,18.5,24.4
5,2023-03-27,1.00,1.00,7.5,24.2
5,2023-03-28,13.30,13.30,21.6,23.5
5,2023-03-29,6.80,6.80,23.8,23.9
5,2023-03-30,3.30,3.30,14.4,24.5
5,2023-03-31,3.50,3.50,10.4,24.2
5,2023-04-01,4.00,4.00,17.1,23.5
5,2023-04-02,12.20,12.20,24.8,23.0
5,2023-04-03,1.10,1.10,21.4,23.3
5,2023-04-04,1.30,1.30,25.6,23.3
5,2023-04-05,0.00,0.00,27.6,24.0
5,2023-04-06,0.30,0.30,30.6,23.9
5,2023-04-07,0.70,0.70,25.5,23.5
5,2023-04-08,0.60,0.60,24.5,23.4
5,2023-04-09,3.50,3.50,25.0,22.9
5,2023-04-10,2.30,2.30,26.6,23.3
5,2023-04-11,0.60,0.60,27.1,23.7
5,2023-04-12,0.50,0.50,28.2,24.1
5,2023-04-13,3.00,3.00,28.3,23.7
5,2023-04-14,0.70,0.70,21.4,23.3
5,2023-04-15,2.30,2.30,21.7,23.3
5,2023-04-16,4.70,4.70,16.9,24.2
5,2023-04-17,0.30,0.30,12.7,24.2
5,2023-04-18,10.80,10.80,28.9,23.7
5,2023-04-19,33.20,33.20,34.5,24.1
5,2023-04-20,0.90,0.90,10.7,24.0
5,2023-04-21,2.30,2.30,13.6,24.8
5,2023-04-22,3.20,3.20,18.7,24.5
5,2023-04-23,1.20,1.20,13.5,24.3
5,2023-04-24,4.70,4.70,11.5,23.7
5,2023-04-25,12.00,12.00,20.5,23.3
5,2023-04-26,2.90,2.90,15.6,23.5
5,2023-04-27,4.00,4.00,12.4,23.1
5,2023-04-28,5.00,5.00,10.6,23.8
5,2023-04-29,2.00,2.00,23.1,23.8
5,2023-04-30,2.80,2.80,23.3,24.2
5,2023-05-01,2.00,2.00,16.6,24.9
5,2023-05-02,3.60,3.60,14.3,23.3
5,2023-05-03,1.00,1.00,26.6,24.2
5,2023-05-04,0.30,0.30,30.1,24.4
5,2023-05-05,3.30,3.30,29.0,24.2
5,2023-05-06,0.40,0.40,28.0,24.4
5,2023-05-07,0.10,0.10,24.9,24.2
5,2023-05-08,0.30,0.30,28.3,24.5
5,2023-05-09,2.20,2.20,26.3,24.2
5,2023-05-10,2.80,2.80,20.3,23.6
5,2023-05-11,2.30,2.30,15.9,23.9
5,2023-05-12,0.50,0.50,9.8,24.2
5,2023-05-13,2.00,2.00,19.1,23.5
5,2023-05-14,1.20,1.20,19.6,23.1
5,2023-05-15,0.60,0.60,17.6,23.3
5,2023-05-16,0.70,0.70,15.1,23.6
5,2023-05-17,3.20,3.20,17.7,24.1
5,2023-05-18,8.50,8.50,12.7,23.4
5,2023-05-19,3.20,3.20,15.6,24.6
5,2023-05-20,0.90,0.90,13.0,25.5
5,2023-05-21,0.30,0.30,20.9,25.3
5,2023-05-22,1.40,1.40,25.5,24.9
5,2023-05-23,0.00,0.00,25.9,25.0
5,2023-05-24,0.20,0.20,25.3,25.0
5,2023-05-25,3.80,3.80,23.8,24.1
5,2023-05-26,2.40,2.40,22.9,24.1
5,2023-05-27,0.20,0.20,15.5,24.7
5,2023-05-28,1.80,1.80,16.8,24.3
5,2023-05-29,1.50,1.50,20.8,24.7
5,2023-05-30,3.60,3.60,20.5,25.1
5,2023-05-31,2.00,2.00,20.8,25.2
5,2023-06-01,2.60,2.60,23.4,25.0
5,2023-06-02,0.30,0.30,21.5,24.9
5,2023-06-03,1.30,1.30,17.9,24.2
5,2023-06-04,3.70,3.70,16.2,24.8
5,2023-06-05,0.40,0.40,18.3,25.1
5,2023-06-06,0.50,0.50,19.9,25.3
5,2023-06-07,0.00,0.00,19.4,25.5
5,2023-06-08,0.90,0.90,21.6,25.5
5,2023-06-09,0.10,0.10,25.2,25.7
5,2023-06-10,0.00,0.00,26.0,25.8
5,2023-06-11,0.00,0.00,25.0,26.1
5,2023-06-12,0.60,0.60,23.9,25.9
5,2023-06-13,4.10,4.10,26.7,25.5
5,2023-06-14,0.40,0.40,24.0,25.4
5,2023-06-15,1.10,1.10,24.1,25.1
5,2023-06-16,2.40,2.40,24.9,25.6
5,2023-06-17,0.60,0.60,23.4,25.6
5,2023-06-18,0.60,0.60,21.9,25.8
5,2023-06-19,0.30,0.30,17.8,25.8
5,2023-06-20,4.60,4.60,18.0,25.7
5,2023-06-21,1.70,1.70,21.1,25.8
5,2023-06-22,2.40,2.40,25.4,25.5
5,2023-06-23,2.80,2.80,26.9,25.6
5,2023-06-24,1.00,1.00,27.6,25.4
5,2023-06-25,0.80,0.80,29.3,25.5
5,2023-06-26,1.00,1.00,27.6,25.4
5,2023-06-27,0.20,0.20,27.1,26.1
5,2023-06-28,2.00,2.00,25.9,25.2
5,2023-06-29,3.00,3.00,23.6,25.3
5,2023-06-30,3.60,3.60,20.5,24.8
5,2023-07-01,1.90,1.90,20.0,24.9
5,2023-07-02,0.50,0.50,21.3,25.4
5,2023-07-03,0.70,0.70,27.2,26.1
5,2023-07-04,0.40,0.40,25.3,25.8
5,2023-07-05,1.00,1.00,25.4,25.6
5,2023-07-06,0.20,0.20,22.2,25.6
5,2023-07-07,1.20,1.20,25.3,25.6
5,2023-07-08,1.00,1.00,27.3,25.5
5,2023-07-09,0.50,0.50,28.7,25.5
5,2023-07-10,2.10,2.10,23.0,25.3
5,2023-07-11,1.70,1.70,29.9,25.6
5,2023-07-12,0.00,0.00,27.1,26.4
5,2023-07-13,0.40,0.40,25.0,26.0
5,2023-07-14,0.50,0.50,22.7,26.0
5,2023-07-15,2.60,2.60,22.9,24.7
5,2023-07-16,0.30,0.30,21.5,25.5
5,2023-07-17,0.60,0.60,24.3,26.3
5,2023-07-18,0.90,0.90,34.3,25.9
5,2023-07-19,6.90,6.90,35.1,25.7
5,2023-07-20,1.60,1.60,28.9,26.0
5,2023-07-21,0.50,0.50,26.5,26.1
5,2023-07-22,1.40,1.40,22.9,26.3
5,2023-07-23,3.70,3.70,26.0,26.0
5,2023-07-24,1.20,1.20,27.0,26.2
5,2023-07-25,1.00,1.00,28.4,26.1
5,2023-07-26,1.10,1.10,26.6,26.2
5,2023-07-27,0.60,0.60,25.0,26.2
5,2023-07-28,0.60,0.60,29.4,26.0
5,2023-07-29,0.80,0.80,23.8,26.2
5,2023-07-30,0.30,0.30,23.1,26.4
5,2023-07-31,0.50,0.50,26.5,26.4
5,2023-08-01,0.60,0.60,30.1,26.2
5,2023-08-02,1.10,1.10,29.1,25.9
5,2023-08-03,2.00,2.00,24.4,25.7
5,2023-08-04,2.30,2.30,21.8,25.0
5,2023-08-05,2.10,2.10,20.9,25.5
5,2023-08-06,0.30,0.30,25.1,26.3
5,2023-08-07,1.00,1.00,34.3,26.7
5,2023-08-08,0.10,0.10,36.9,27.0
5,2023-08-09,0.50,0.50,32.8,26.5
5,2023-08-10,0.90,0.90,25.6,26.7
5,2023-08-11,0.20,0.20,22.7,26.4
5,2023-08-12,0.00,0.00,21.2,26.4
5,2023-08-13,0.00,0.00,21.4,26.2
5,2023-08-14,0.30,0.30,24.5,26.1
5,2023-08-15,3.30,3.30,22.1,26.2
5,2023-08-16,4.10,4.10,26.4,26.0
5,2023-08-17,0.20,0.20,25.3,26.3
5,2023-08-18,0.20,0.20,19.6,26.0
5,2023-08-19,0.20,0.20,20.5,26.0
5,2023-08-20,0.60,0.60,22.7,26.0
5,2023-08-21,3.40,3.40,25.3,26.3
5,2023-08-22,0.00,0.00,28.8,27.1
5,2023-08-23,0.40,0.40,24.8,26.5
5,2023-08-24,1.90,1.90,23.8,26.3
5,2023-08-25,3.80,3.80,22.8,26.1
5,2023-08-26,1.30,1.30,23.0,26.4
5,2023-08-27,2.00,2.00,21.4,26.0
5,2023-08-28,1.50,1.50,25.5,26.1
5,2023-08-29,2.10,2.10,24.2,26.4
5,2023-08-30,0.40,0.40,28.8,26.7
5,2023-08-31,1.20,1.20,31.1,26.4
5,2023-09-01,2.50,2.50,27.8,26.2
5,2023-09-02,1.70,1.70,27.1,26.2
5,2023-09-03,2.10,2.10,22.4,25.7
5,2023-09-04,0.20,0.20,19.0,26.0
5,2023-09-05,0.00,0.00,17.1,26.4
5,2023-09-06,0.00,0.00,18.8,26.4
5,2023-09-07,0.20,0.20,18.6,26.6
5,2023-09-08,0.60,0.60,21.5,26.3
5,2023-09-09,3.80,3.80,22.5,25.9
5,2023-09-10,2.90,2.90,27.0,26.0
5,2023-09-11,0.00,0.00,25.5,26.2
5,2023-09-12,1.30,1.30,22.4,26.2
5,2023-09-13,2.10,2.10,21.6,26.3
5,2023-09-14,4.50,4.50,21.3,25.9
5,2023-09-15,1.60,1.60,22.3,26.4
5,2023-09-16,0.60,0.60,28.2,26.6
5,2023-09-17,2.20,2.20,23.2,25.9
5,2023-09-18,1.40,1.40,25.8,26.1
5,2023-09-19,0.00,0.00,25.6,26.3
5,2023-09-20,0.00,0.00,22.7,26.4
5,2023-09-21,0.70,0.70,29.5,26.0
5,2023-09-22,0.00,0.00,28.4,26.4
5,2023-09-23,0.20,0.20,26.6,26.1
5,2023-09-24,1.00,1.00,26.0,26.0
5,2023-09-25,0.10,0.10,24.3,26.2
5,2023-09-26,0.90,0.90,25.8,26.1
5,2023-09-27,0.50,0.50,29.0,25.8
5,2023-09-28,1.20,1.20,21.3,26.3
5,2023-09-29,2.10,2.10,26.3,26.7
5,2023-09-30,0.90,0.90,28.7,26.6
5,2023-10-01,0.10,0.10,27.1,26.4
5,2023-10-02,2.80,2.80,16.3,25.9
5,2023-10-03,2.10,2.10,14.1,25.6
5,2023-10-04,0.00,0.00,8.2,25.4
5,2023-10-05,0.90,0.90,13.8,26.2
5,2023-10-06,1.70,1.70,20.2,26.2
5,2023-10-07,1.00,1.00,21.8,25.8
5,2023-10-08,0.10,0.10,23.0,25.8
5,2023-10-09,1.20,1.20,24.2,25.7
5,2023-10-10,0.00,0.00,19.4,26.1
5,2023-10-11,0.00,0.00,20.6,26.0
5,2023-10-12,0.00,0.00,20.5,26.4
5,2023-10-13,0.80,0.80,17.5,26.1
5,2023-10-14,0.40,0.40,15.3,26.1
5,2023-10-15,0.40,0.40,15.7,26.4
5,2023-10-16,0.10,0.10,18.3,26.6
5,2023-10-17,1.00,1.00,15.0,26.0
5,2023-10-18,0.40,0.40,19.0,25.6
5,2023-10-19,0.20,0.20,18.6,25.5
5,2023-10-20,1.70,1.70,10.0,25.6
5,2023-10-21,2.20,2.20,13.3,25.6
5,2023-10-22,1.70,1.70,15.7,25.2
5,2023-10-23,1.10,1.10,22.9,25.8
5,2023-10-24,0.50,0.50,13.4,25.8
5,2023-10-25,0.40,0.40,11.2,25.3
5,2023-10-26,0.00,0.00,9.3,25.2
5,2023-10-27,0.00,0.00,15.4,25.5
5,2023-10-28,0.70,0.70,17.7,25.5
5,2023-10-29,0.00,0.00,19.3,25.8
5,2023-10-30,0.00,0.00,17.6,26.2
5,2023-10-31,0.00,0.00,9.3,25.4
5,2023-11-01,0.10,0.10,10.5,25.3
5,2023-11-02,0.00,0.00,11.8,25.7
5,2023-11-03,0.00,0.00,20.6,25.8
5,2023-11-04,0.70,0.70,26.4,25.9
5,2023-11-05,0.20,0.20,32.9,26.3
5,2023-11-06,1.50,1.50,33.0,26.2
5,2023-11-07,2.40,2.40,31.6,25.6
5,2023-11-08,0.40,0.40,24.1,26.3
5,2023-11-09,0.00,0.00,31.2,26.4
5,2023-11-10,2.10,2.10,27.0,26.0
5,2023-11-11,0.20,0.20,27.4,25.6
5,2023-11-12,0.60,0.60,32.0,25.4
5,2023-11-13,0.00,0.00,30.9,25.6
5,2023-11-14,0.70,0.70,36.4,24.8
5,2023-11-15,0.50,0.50,32.2,24.3
5,2023-11-16,0.30,0.30,27.6,24.5
5,2023-11-17,0.00,0.00,26.6,24.9
5,2023-11-18,0.10,0.10,15.3,24.3
5,2023-11-19,4.90,4.90,28.2,24.3
5,2023-11-20,14.80,14.80,22.0,22.4
5,2023-11-21,3.50,3.50,23.1,23.7
5,2023-11-22,1.70,1.70,15.8,24.1
5,2023-11-23,0.70,0.70,19.1,24.6
5,2023-11-24,0.00,0.00,14.1,24.7
5,2023-11-25,0.00,0.00,16.3,24.6
5,2023-11-26,0.10,0.10,21.3,24.4
5,2023-11-27,2.30,2.30,22.4,24.1
5,2023-11-28,8.00,8.00,18.9,23.6
5,2023-11-29,31.80,31.80,15.4,23.0
5,2023-11-30,0.20,0.20,18.8,24.2
5,2023-12-01,11.40,11.40,16.9,23.0
5,2023-12-02,0.50,0.50,16.4,23.7
5,2023-12-03,1.90,1.90,14.6,24.3
5,2023-12-04,0.40,0.40,22.5,24.2
5,2023-12-05,2.70,2.70,29.9,24.1
5,2023-12-06,0.60,0.60,30.2,24.5
5,2023-12-07,2.20,2.20,19.3,24.0
5,2023-12-08,0.60,0.60,8.4,22.7
5,2023-12-09,0.00,0.00,16.6,23.0
5,2023-12-10,0.10,0.10,25.1,25.1
5,2023-12-11,0.20,0.20,22.6,25.3
5,2023-12-12,2.40,2.40,25.5,23.8
5,2023-12-13,8.90,8.90,28.8,22.4
5,2023-12-14,0.80,0.80,32.9,21.8
5,2023-12-15,0.70,0.70,31.8,21.7
5,2023-12-16,0.40,0.40,27.1,21.9
5,2023-12-17,0.50,0.50,25.7,22.0
5,2023-12-18,2.70,2.70,27.7,21.9
5,2023-12-19,1.10,1.10,32.5,22.8
5,2023-12-20,5.90,5.90,26.1,22.2
5,2023-12-21,0.50,0.50,29.3,23.7
5,2023-12-22,1.60,1.60,26.3,23.4
5,2023-12-23,1.80,1.80,29.9,23.3
5,2023-12-24,0.30,0.30,21.2,23.4
5,2023-12-25,0.00,0.00,14.3,22.8
5,2023-12-26,0.00,0.00,17.7,23.0
5,2023-12-27,0.50,0.50,13.9,21.6
5,2023-12-28,2.00,2.00,23.5,21.3
5,2023-12-29,1.60,1.60,19.3,22.5
5,2023-12-30,0.20,0.20,21.3,22.7
5,2023-12-31,0.00,0.00,9.4,22.1
5,2024-01-01,1.00,1.00,24.5,22.9
5,2024-01-02,1.00,1.00,25.2,23.9
5,2024-01-03,0.00,0.00,21.6,23.3
5,2024-01-04,0.30,0.30,13.2,22.9
5,2024-01-05,0.00,0.00,17.5,23.2
5,2024-01-06,1.00,1.00,10.9,22.7
5,2024-01-07,5.00,5.00,16.9,22.6
5,2024-01-08,37.00,37.00,29.5,22.2
5,2024-01-09,19.50,19.50,29.1,22.4
5,2024-01-10,0.00,0.00,19.2,21.9
5,2024-01-11,1.90,1.90,31.6,20.4
5,2024-01-12,0.00,0.00,22.6,19.4
5,2024-01-13,0.00,0.00,18.8,19.8
5,2024-01-14,0.00,0.00,13.3,20.2
5,2024-01-15,0.00,0.00,18.2,21.0
5,2024-01-16,3.00,3.00,32.8,23.7
5,2024-01-17,0.00,0.00,21.5,23.4
5,2024-01-18,0.00,0.00,16.3,21.8
5,2024-01-19,0.10,0.10,15.9,22.4
5,2024-01-20,0.00,0.00,17.0,22.9
5,2024-01-21,2.30,2.30,14.1,22.7
5,2024-01-22,1.00,1.00,22.2,23.6
5,2024-01-23,1.60,1.60,21.6,23.7
5,2024-01-24,3.70,3.70,29.6,24.2
5,2024-01-25,4.40,4.40,16.6,23.4
5,2024-01-26,3.20,3.20,18.4,22.3
5,2024-01-27,5.80,5.80,28.9,23.1
5,2024-01-28,9.10,9.10,28.1,23.5
5,2024-01-29,13.90,13.90,29.0,23.3
5,2024-01-30,7.80,7.80,16.1,22.5
5,2024-01-31,0.00,0.00,9.4,22.2
5,2024-02-01,2.80,2.80,11.2,22.1
5,2024-02-02,0.10,0.10,30.6,21.5
5,2024-02-03,0.00,0.00,34.2,21.0
5,2024-02-04,0.30,0.30,35.5,22.2
5,2024-02-05,1.00,1.00,36.2,22.6
5,2024-02-06,0.20,0.20,35.0,23.1
5,2024-02-07,0.10,0.10,33.4,23.1
5,2024-02-08,0.10,0.10,24.0,23.5
5,2024-02-09,4.60,4.60,20.2,22.9
5,2024-02-10,2.00,2.00,10.5,22.1
5,2024-02-11,2.30,2.30,13.7,21.5
5,2024-02-12,0.60,0.60,17.5,21.5
5,2024-02-13,1.20,1.20,11.8,21.5
5,2024-02-14,2.60,2.60,23.9,22.4
5,2024-02-15,1.20,1.20,20.9,21.7
5,2024-02-16,0.00,0.00,23.8,20.8
5,2024-02-17,0.00,0.00,25.7,21.1
5,2024-02-18,0.00,0.00,30.8,21.5
5,2024-02-19,0.00,0.00,23.7,22.1
5,2024-02-20,0.30,0.30,16.4,22.8
5,2024-02-21,2.70,2.70,25.7,23.0
5,2024-02-22,0.60,0.60,25.6,23.4
5,2024-02-23,0.60,0.60,26.7,23.3
5,2024-02-24,1.50,1.50,29.0,22.6
5,2024-02-25,0.80,0.80,29.7,22.4
5,2024-02-26,1.80,1.80,31.7,22.3
5,2024-02-27,1.00,1.00,30.3,22.7
5,2024-02-28,1.70,1.70,26.8,22.2
5,2024-02-29,2.80,2.80,27.0,23.0
5,2024-03-01,0.60,0.60,26.6,23.0
5,2024-03-02,0.40,0.40,27.1,23.0
5,2024-03-03,0.20,0.20,24.5,23.2
5,2024-03-04,1.70,1.70,28.0,23.2
5,2024-03-05,1.50,1.50,33.0,22.7
5,2024-03-06,4.60,4.60,31.4,21.5
5,2024-03-07,1.30,1.30,29.9,22.2
5,2024-03-08,0.50,0.50,32.7,22.4
5,2024-03-09,0.20,0.20,33.0,22.9
5,2024-03-10,0.60,0.60,31.2,22.9
5,2024-03-11,0.80,0.80,30.4,22.9
5,2024-03-12,0.20,0.20,21.8,23.8
5,2024-03-13,8.90,8.90,8.0,22.6
5,2024-03-14,0.10,0.10,22.6,22.0
5,2024-03-15,0.70,0.70,20.2,21.0
5,2024-03-16,0.60,0.60,18.3,21.1
5,2024-03-17,0.00,0.00,20.4,22.1
5,2024-03-18,0.00,0.00,19.8,22.7
5,2024-03-19,0.30,0.30,22.6,22.2
5,2024-03-20,0.70,0.70,23.2,22.3
5,2024-03-21,0.00,0.00,26.0,22.6
5,2024-03-22,0.40,0.40,30.2,22.5
5,2024-03-23,0.60,0.60,32.8,22.8
5,2024-03-24,0.10,0.10,30.9,23.4
5,2024-03-25,0.30,0.30,25.2,24.1
5,2024-03-26,1.30,1.30,25.2,23.7
5,2024-03-27,2.60,2.60,31.1,23.5
5,2024-03-28,0.70,0.70,34.6,23.6
5,2024-03-29,0.10,0.10,29.6,23.6
5,2024-03-30,1.20,1.20,25.8,23.0
5,2024-03-31,0.70,0.70,24.1,23.4
5,2024-04-01,6.10,6.10,26.6,23.1
5,2024-04-02,1.30,1.30,29.8,23.4
5,2024-04-03,0.40,0.40,35.1,23.5
5,2024-04-04,1.10,1.10,36.4,23.5
5,2024-04-05,4.00,4.00,36.9,22.5
5,2024-04-06,4.10,4.10,35.6,22.4
5,2024-04-07,2.70,2.70,30.3,22.6
5,2024-04-08,0.40,0.40,26.8,23.2
5,2024-04-09,1.70,1.70,25.9,23.1
5,2024-04-10,0.60,0.60,17.9,23.8
5,2024-04-11,4.00,4.00,16.9,23.9
5,2024-04-12,1.80,1.80,15.6,24.6
5,2024-04-13,5.20,5.20,19.7,24.5
5,2024-04-14,22.50,22.50,27.0,22.9
5,2024-04-15,0.20,0.20,23.7,23.4
5,2024-04-16,3.90,3.90,11.4,21.8
5,2024-04-17,0.30,0.30,18.7,22.2
5,2024-04-18,2.50,2.50,21.1,22.3
5,2024-04-19,2.80,2.80,27.9,22.9
5,2024-04-20,1.90,1.90,24.6,22.7
5,2024-04-21,2.00,2.00,27.9,22.6
5,2024-04-22,0.80,0.80,26.5,23.3
5,2024-04-23,2.50,2.50,29.9,23.4
5,2024-04-24,7.10,7.10,29.0,23.1
5,2024-04-25,1.50,1.50,31.3,23.5
5,2024-04-26,1.50,1.50,31.0,23.6
5,2024-04-27,3.00,3.00,28.0,23.5
5,2024-04-28,0.30,0.30,19.1,24.4
5,2024-04-29,0.50,0.50,23.8,24.1
5,2024-04-30,2.40,2.40,18.0,24.5
5,2024-05-01,0.10,0.10,23.7,24.3
5,2024-05-02,0.10,0.10,26.6,24.0
5,2024-05-03,1.90,1.90,29.5,23.7
5,2024-05-04,3.80,3.80,32.1,23.7
5,2024-05-05,0.00,0.00,30.0,23.9
5,2024-05-06,1.00,1.00,27.1,23.5
5,2024-05-07,0.00,0.00,22.1,23.9
5,2024-05-08,0.30,0.30,16.8,24.2
5,2024-05-09,4.60,4.60,13.5,23.6
5,2024-05-10,5.50,5.50,13.7,22.7
5,2024-05-11,3.10,3.10,14.3,22.7
5,2024-05-12,2.60,2.60,13.5,23.1
5,2024-05-13,2.80,2.80,13.5,24.1
5,2024-05-14,18.70,18.70,13.0,23.7
5,2024-05-15,9.30,9.30,21.9,23.9
5,2024-05-16,61.40,61.40,25.5,23.1
5,2024-05-17,36.50,36.50,19.1,24.1
5,2024-05-18,19.20,19.20,22.4,24.0
5,2024-05-19,2.30,2.30,14.3,24.3
5,2024-05-20,0.40,0.40,21.2,24.5
5,2024-05-21,1.90,1.90,20.4,24.5
5,2024-05-22,3.00,3.00,25.3,24.6
5,2024-05-23,1.90,1.90,28.9,24.6
5,2024-05-24,0.00,0.00,27.4,24.3
5,2024-05-25,0.70,0.70,25.0,24.1
5,2024-05-26,1.60,1.60,26.5,24.0
5,2024-05-27,2.80,2.80,25.0,24.1
5,2024-05-28,2.50,2.50,28.4,24.6
5,2024-05-29,0.70,0.70,26.6,24.5
5,2024-05-30,0.50,0.50,28.2,24.4
5,2024-05-31,1.30,1.30,28.4,24.1
5,2024-06-01,0.80,0.80,29.5,24.1
5,2024-06-02,1.50,1.50,27.5,24.2
5,2024-06-03,2.90,2.90,30.8,24.6
5,2024-06-04,2.20,2.20,27.4,24.6
5,2024-06-05,0.50,0.50,22.6,24.9
5,2024-06-06,0.60,0.60,11.2,24.8
5,2024-06-07,0.40,0.40,17.8,24.9
5,2024-06-08,0.00,0.00,21.0,24.7
5,2024-06-09,0.80,0.80,25.7,24.9
5,2024-06-10,0.30,0.30,27.1,25.0
5,2024-06-11,0.90,0.90,26.4,24.8
5,2024-06-12,2.80,2.80,26.0,24.7
5,2024-06-13,1.30,1.30,25.4,24.9
5,2024-06-14,0.80,0.80,25.7,25.1
5,2024-06-15,0.00,0.00,25.9,25.0
5,2024-06-16,0.90,0.90,23.1,24.7
5,2024-06-17,2.20,2.20,27.1,24.6
5,2024-06-18,2.50,2.50,27.3,24.8
5,2024-06-19,2.00,2.00,28.2,24.9
5,2024-06-20,1.60,1.60,29.9,24.5
5,2024-06-21,5.40,5.40,29.8,25.0
5,2024-06-22,2.40,2.40,31.6,24.7
5,2024-06-23,1.60,1.60,27.6,25.0
5,2024-06-24,1.30,1.30,31.2,24.8
5,2024-06-25,2.80,2.80,26.9,24.6
5,2024-06-26,1.10,1.10,21.7,24.6
5,2024-06-27,0.90,0.90,22.4,24.8
5,2024-06-28,3.90,3.90,22.0,23.8
5,2024-06-29,0.70,0.70,19.4,25.1
5,2024-06-30,0.00,0.00,21.9,25.2
5,2024-07-01,0.80,0.80,25.7,25.3
5,2024-07-02,2.90,2.90,21.5,25.1
5,2024-07-03,0.50,0.50,21.5,25.2
5,2024-07-04,1.70,1.70,25.6,25.1
5,2024-07-05,1.50,1.50,24.9,25.2
5,2024-07-06,0.20,0.20,22.2,25.0
5,2024-07-07,0.80,0.80,24.8,24.9
5,2024-07-08,1.90,1.90,23.2,25.1
5,2024-07-09,1.70,1.70,28.0,25.4
5,2024-07-10,1.60,1.60,32.2,25.2
5,2024-07-11,6.20,6.20,31.8,25.1
5,2024-07-12,1.90,1.90,30.3,25.5
5,2024-07-13,1.00,1.00,31.7,25.6
5,2024-07-14,1.80,1.80,28.7,25.4
5,2024-07-15,1.70,1.70,28.3,25.1
5,2024-07-16,1.00,1.00,29.0,25.1
5,2024-07-17,0.20,0.20,24.7,25.2
5,2024-07-18,1.20,1.20,20.2,25.1
5,2024-07-19,2.40,2.40,20.0,25.1
5,2024-07-20,1.70,1.70,20.5,26.1
5,2024-07-21,3.70,3.70,25.1,26.1
5,2024-07-22,1.20,1.20,27.2,25.9
5,2024-07-23,0.90,0.90,27.2,26.0
5,2024-07-24,1.60,1.60,29.4,26.3
5,2024-07-25,1.60,1.60,31.6,26.0
5,2024-07-26,1.40,1.40,32.7,24.9
5,2024-07-27,3.50,3.50,28.0,24.8
5,2024-07-28,0.50,0.50,26.3,25.4
5,2024-07-29,0.00,0.00,23.7,25.8
5,2024-07-30,2.20,2.20,24.1,25.2
5,2024-07-31,0.60,0.60,23.2,25.4
5,2024-08-01,2.10,2.10,20.3,25.3
5,2024-08-02,1.80,1.80,20.2,25.6
5,2024-08-03,2.20,2.20,22.4,25.9
5,2024-08-04,0.60,0.60,25.4,25.9
5,2024-08-05,0.80,0.80,25.3,26.1
5,2024-08-06,0.40,0.40,25.4,26.2
5,2024-08-07,0.20,0.20,28.4,26.2
5,2024-08-08,0.60,0.60,22.7,25.9
5,2024-08-09,0.10,0.10,22.9,25.8
5,2024-08-10,1.70,1.70,25.2,26.1
5,2024-08-11,1.30,1.30,25.3,26.2
5,2024-08-12,3.10,3.10,23.7,25.9
5,2024-08-13,1.60,1.60,27.4,26.1
5,2024-08-14,0.70,0.70,22.7,26.0
5,2024-08-15,0.30,0.30,19.0,26.4
5,2024-08-16,0.50,0.50,27.7,26.7
5,2024-08-17,1.40,1.40,27.6,26.3
5,2024-08-18,1.70,1.70,26.7,26.2
5,2024-08-19,3.70,3.70,24.7,26.0
5,2024-08-20,0.70,0.70,23.8,26.3
5,2024-08-21,0.00,0.00,28.4,26.5
5,2024-08-22,1.00,1.00,30.0,26.0
5,2024-08-23,3.30,3.30,30.4,26.3
5,2024-08-24,1.20,1.20,35.3,26.4
5,2024-08-25,17.60,17.60,39.8,25.2
5,2024-08-26,5.10,5.10,27.9,25.6
5,2024-08-27,0.30,0.30,22.4,25.7
5,2024-08-28,2.70,2.70,20.9,25.5
5,2024-08-29,3.20,3.20,24.0,25.9
5,2024-08-30,9.00,9.00,20.4,25.9
5,2024-08-31,3.50,3.50,15.6,26.8
5,2024-09-01,0.90,0.90,26.2,26.7
5,2024-09-02,0.50,0.50,27.6,26.5
5,2024-09-03,0.80,0.80,26.3,26.2
5,2024-09-04,0.20,0.20,20.4,26.1
5,2024-09-05,0.00,0.00,18.6,26.6
5,2024-09-06,0.00,0.00,19.6,26.5
5,2024-09-07,0.70,0.70,23.4,25.7
5,2024-09-08,0.50,0.50,17.3,25.5
5,2024-09-09,0.40,0.40,10.3,25.8
5,2024-09-10,3.20,3.20,11.9,25.5
5,2024-09-11,0.00,0.00,11.7,26.4
5,2024-09-12,0.10,0.10,20.3,26.9
5,2024-09-13,1.40,1.40,25.3,26.6
5,2024-09-14,0.50,0.50,25.5,26.3
5,2024-09-15,0.80,0.80,25.4,26.4
5,2024-09-16,0.60,0.60,28.4,26.9
5,2024-09-17,0.50,0.50,23.7,26.6
5,2024-09-18,0.10,0.10,28.7,26.7
5,2024-09-19,0.10,0.10,25.8,26.5
5,2024-09-20,1.00,1.00,23.0,26.0
5,2024-09-21,4.10,4.10,23.8,25.4
5,2024-09-22,2.50,2.50,19.9,25.9
5,2024-09-23,0.10,0.10,20.6,26.4
5,2024-09-24,0.00,0.00,23.8,26.6
5,2024-09-25,0.30,0.30,24.6,26.2
5,2024-09-26,0.70,0.70,21.7,26.1
5,2024-09-27,0.50,0.50,22.5,26.1
5,2024-09-28,0.20,0.20,26.5,26.4
5,2024-09-29,0.70,0.70,19.3,25.8
5,2024-09-30,4.70,4.70,21.5,25.9
5,2024-10-01,0.80,0.80,22.1,26.2
5,2024-10-02,0.90,0.90,22.8,26.2
5,2024-10-03,1.80,1.80,19.7,25.9
5,2024-10-04,2.20,2.20,18.1,25.1
5,2024-10-05,2.10,2.10,19.0,25.7
5,2024-10-06,1.90,1.90,24.5,26.0
5,2024-10-07,0.20,0.20,22.1,25.8
5,2024-10-08,0.20,0.20,22.9,25.7
5,2024-10-09,0.10,0.10,25.5,26.0
5,2024-10-10,4.30,4.30,17.4,26.2
5,2024-10-11,0.00,0.00,20.7,26.3
5,2024-10-12,0.10,0.10,19.1,25.9
5,2024-10-13,1.90,1.90,23.7,25.8
5,2024-10-14,4.90,4.90,28.5,25.8
5,2024-10-15,0.00,0.00,28.1,26.2
5,2024-10-16,0.00,0.00,32.3,26.1
5,2024-10-17,0.30,0.30,25.0,26.2
5,2024-10-18,0.60,0.60,20.5,26.6
5,2024-10-19,1.70,1.70,22.5,25.8
5,2024-10-20,0.00,0.00,25.2,26.2
5,2024-10-21,0.00,0.00,18.2,26.2
5,2024-10-22,0.60,0.60,14.5,25.8
5,2024-10-23,0.50,0.50,16.1,26.2
5,2024-10-24,1.00,1.00,19.0,25.9
5,2024-10-25,1.00,1.00,16.2,26.0
5,2024-10-26,4.00,4.00,24.0,25.3
5,2024-10-27,5.60,5.60,21.9,24.8
5,2024-10-28,2.30,2.30,28.1,25.8
5,2024-10-29,0.70,0.70,30.4,25.5
5,2024-10-30,4.00,4.00,29.6,25.2
5,2024-10-31,1.50,1.50,29.2,25.8
5,2024-11-01,2.90,2.90,25.9,25.2
5,2024-11-02,0.10,0.10,24.0,25.5
5,2024-11-03,2.00,2.00,21.8,25.3
5,2024-11-04,1.30,1.30,25.8,25.9
5,2024-11-05,3.10,3.10,16.1,25.9
5,2024-11-06,6.40,6.40,26.6,24.6
5,2024-11-07,4.50,4.50,30.7,24.0
5,2024-11-08,3.10,3.10,28.9,24.2
5,2024-11-09,1.50,1.50,26.5,24.8
5,2024-11-10,0.30,0.30,26.7,25.4
5,2024-11-11,1.70,1.70,27.5,25.3
5,2024-11-12,1.30,1.30,26.7,24.8
5,2024-11-13,2.80,2.80,26.4,24.6
5,2024-11-14,3.40,3.40,32.2,24.7
5,2024-11-15,0.40,0.40,29.8,25.0
5,2024-11-16,0.90,0.90,30.9,24.7
5,2024-11-17,0.80,0.80,28.1,24.4
5,2024-11-18,0.10,0.10,27.2,24.6
5,2024-11-19,0.30,0.30,22.9,24.7
5,2024-11-20,0.00,0.00,21.7,24.3
5,2024-11-21,0.00,0.00,20.7,23.8
5,2024-11-22,0.00,0.00,12.3,23.4
5,2024-11-23,0.00,0.00,9.8,22.8
5,2024-11-24,0.00,0.00,6.7,22.7
5,2024-11-25,0.10,0.10,15.4,23.4
5,2024-11-26,0.20,0.20,13.8,23.6
5,2024-11-27,0.00,0.00,20.0,24.1
5,2024-11-28,0.30,0.30,20.5,24.2
5,2024-11-29,0.50,0.50,18.0,24.1
5,2024-11-30,0.20,0.20,15.9,23.8
5,2024-12-01,0.00,0.00,12.2,23.3
5,2024-12-02,0.00,0.00,14.2,23.0
5,2024-12-03,1.10,1.10,15.3,22.9
5,2024-12-04,1.00,1.00,13.4,22.9
5,2024-12-05,1.20,1.20,17.1,24.1
5,2024-12-06,9.00,9.00,13.8,23.1
5,2024-12-07,0.10,0.10,12.0,23.6
5,2024-12-08,0.20,0.20,15.3,23.5
5,2024-12-09,0.00,0.00,20.9,24.6
5,2024-12-10,0.50,0.50,28.4,24.4
5,2024-12-11,0.00,0.00,32.1,24.8
5,2024-12-12,0.10,0.10,29.6,25.0
5,2024-12-13,0.70,0.70,27.4,24.9
5,2024-12-14,0.20,0.20,23.3,24.6
5,2024-12-15,0.70,0.70,24.0,24.4
5,2024-12-16,0.00,0.00,11.5,23.7
5,2024-12-17,0.00,0.00,13.6,22.6
5,2024-12-18,1.70,1.70,11.7,23.3
5,2024-12-19,0.20,0.20,6.8,23.2
5,2024-12-20,0.40,0.40,8.0,23.6
5,2024-12-21,0.10,0.10,11.0,23.1
5,2024-12-22,0.00,0.00,15.3,23.2
5,2024-12-23,0.50,0.50,27.7,24.3
5,2024-12-24,0.20,0.20,20.9,24.7
5,2024-12-25,0.40,0.40,22.2,23.7
5,2024-12-26,0.00,0.00,12.0,23.2
5,2024-12-27,0.60,0.60,11.9,23.2
5,2024-12-28,1.00,1.00,19.1,23.2
5,2024-12-29,4.70,4.70,22.5,22.8
5,2024-12-30,0.10,0.10,25.1,23.7
5,2024-12-31,0.20,0.20,23.2,24.2
5,2025-01-01,0.30,0.30,22.1,23.6
5,2025-01-02,0.10,0.10,21.6,23.8
5,2025-01-03,0.30,0.30,9.4,23.4
5,2025-01-04,0.00,0.00,13.4,22.5
5,2025-01-05,2.00,2.00,18.9,23.2
5,2025-01-06,0.70,0.70,16.1,23.6
5,2025-01-07,5.40,5.40,23.4,23.8
5,2025-01-08,0.10,0.10,16.1,23.9
5,2025-01-09,2.60,2.60,16.1,23.1
5,2025-01-10,2.00,2.00,17.8,23.3
5,2025-01-11,0.50,0.50,23.6,23.4
5,2025-01-12,3.40,3.40,20.8,23.3
5,2025-01-13,0.30,0.30,20.5,23.6
5,2025-01-14,1.00,1.00,20.8,23.1
5,2025-01-15,0.30,0.30,15.8,23.3
5,2025-01-16,0.30,0.30,14.0,22.7
5,2025-01-17,1.40,1.40,8.8,21.7
5,2025-01-18,0.00,0.00,19.8,22.6
5,2025-01-19,0.00,0.00,21.6,22.9
5,2025-01-20,0.00,0.00,20.6,22.5
5,2025-01-21,0.00,0.00,11.6,22.7
5,2025-01-22,1.70,1.70,12.3,21.0
5,2025-01-23,0.00,0.00,13.0,20.1
5,2025-01-24,0.00,0.00,14.9,21.2
5,2025-01-25,3.40,3.40,19.7,23.0
5,2025-01-26,2.50,2.50,16.3,22.5
5,2025-01-27,1.10,1.10,20.2,21.7
5,2025-01-28,0.00,0.00,17.5,20.8
5,2025-01-29,1.00,1.00,23.3,22.3
5,2025-01-30,81.50,81.50,35.5,22.7
5,2025-01-31,1.50,1.50,27.4,23.6
5,2025-02-01,0.00,0.00,8.6,22.0
5,2025-02-02,0.00,0.00,16.4,21.1
5,2025-02-03,0.00,0.00,17.0,21.8
5,2025-02-04,0.20,0.20,17.1,21.1
5,2025-02-05,1.10,1.10,10.1,20.9
5,2025-02-06,4.60,4.60,7.6,21.0
5,2025-02-07,0.00,0.00,14.5,22.2
5,2025-02-08,0.00,0.00,16.6,22.1
5,2025-02-09,0.10,0.10,13.6,23.2
5,2025-02-10,0.30,0.30,12.4,22.7
5,2025-02-11,0.00,0.00,11.5,22.5
5,2025-02-12,0.10,0.10,11.7,22.7
5,2025-02-13,0.80,0.80,14.3,22.2
5,2025-02-14,3.10,3.10,11.4,22.7
5,2025-02-15,0.70,0.70,18.0,23.2
5,2025-02-16,2.20,2.20,10.0,23.8
5,2025-02-17,24.60,24.60,16.0,22.8
5,2025-02-18,0.20,0.20,17.8,23.1
5,2025-02-19,1.70,1.70,15.0,23.1
5,2025-02-20,0.20,0.20,18.3,23.4
5,2025-02-21,0.60,0.60,9.3,23.3
5,2025-02-22,0.40,0.40,8.3,22.2
5,2025-02-23,1.00,1.00,17.5,23.3
5,2025-02-24,0.70,0.70,16.1,23.4
5,2025-02-25,0.60,0.60,18.0,22.9
5,2025-02-26,3.40,3.40,19.2,23.7
5,2025-02-27,0.30,0.30,17.5,23.7
5,2025-02-28,1.30,1.30,15.9,23.4
5,2025-03-01,0.00,0.00,10.1,23.8
5,2025-03-02,0.00,0.00,16.4,23.0
5,2025-03-03,0.00,0.00,25.4,24.5
5,2025-03-04,3.60,3.60,30.9,23.7
5,2025-03-05,0.10,0.10,29.5,24.2
5,2025-03-06,0.40,0.40,25.7,24.2
5,2025-03-07,3.10,3.10,27.2,23.1
5,2025-03-08,3.70,3.70,27.2,22.6
5,2025-03-09,1.00,1.00,25.3,23.0
5,2025-03-10,3.50,3.50,26.5,22.8
5,2025-03-11,0.60,0.60,30.8,22.9
5,2025-03-12,0.30,0.30,28.1,23.6
5,2025-03-13,0.00,0.00,29.2,24.1
5,2025-03-14,2.20,2.20,25.1,23.7
5,2025-03-15,2.20,2.20,12.6,22.9
5,2025-03-16,3.20,3.20,14.9,23.3
5,2025-03-17,0.80,0.80,11.0,23.9
5,2025-03-18,1.60,1.60,17.9,23.7
5,2025-03-19,1.80,1.80,25.6,23.8
5,2025-03-20,0.10,0.10,23.3,24.3
5,2025-03-21,0.70,0.70,23.5,24.0
5,2025-03-22,0.50,0.50,18.6,24.2
5,2025-03-23,0.00,0.00,10.3,23.9
5,2025-03-24,0.20,0.20,14.3,23.7
5,2025-03-25,1.00,1.00,18.4,23.9
5,2025-03-26,0.70,0.70,13.2,23.9
5,2025-03-27,0.40,0.40,13.6,24.3
5,2025-03-28,1.70,1.70,8.8,24.1
5,2025-03-29,0.00,0.00,14.5,24.0
5,2025-03-30,1.70,1.70,15.0,23.8
5,2025-03-31,2.40,2.40,21.4,24.1
5,2025-04-01,1.30,1.30,21.3,25.1
5,2025-04-02,0.50,0.50,17.6,24.4
5,2025-04-03,6.20,6.20,11.6,24.0
5,2025-04-04,1.10,1.10,16.6,23.8
5,2025-04-05,1.50,1.50,24.9,24.5
5,2025-04-06,0.50,0.50,25.0,24.8
5,2025-04-07,0.20,0.20,23.6,24.7
5,2025-04-08,0.90,0.90,20.9,23.7
5,2025-04-09,4.40,4.40,22.7,22.7
5,2025-04-10,6.30,6.30,25.9,23.2
5,2025-04-11,6.40,6.40,29.3,23.6
5,2025-04-12,1.60,1.60,23.2,23.8
5,2025-04-13,3.90,3.90,23.1,23.6
5,2025-04-14,0.20,0.20,25.6,24.1
5,2025-04-15,4.30,4.30,23.1,23.6
5,2025-04-16,1.60,1.60,13.8,23.3
5,2025-04-17,2.20,2.20,12.1,22.8
5,2025-04-18,12.70,12.70,10.6,21.8
5,2025-04-19,4.00,4.00,20.4,23.4
5,2025-04-20,2.20,2.20,20.2,23.6
5,2025-04-21,2.10,2.10,17.8,23.9
5,2025-04-22,3.10,3.10,14.7,23.6
5,2025-04-23,4.60,4.60,20.4,24.0
5,2025-04-24,1.80,1.80,12.0,24.8
5,2025-04-25,4.30,4.30,11.8,24.3
5,2025-04-26,2.30,2.30,7.6,24.1
5,2025-04-27,3.50,3.50,6.5,23.7
5,2025-04-28,4.70,4.70,8.6,23.3
5,2025-04-29,1.60,1.60,10.4,22.8
5,2025-04-30,2.90,2.90,17.5,23.5
5,2025-05-01,0.10,0.10,22.5,24.7
5,2025-05-02,0.70,0.70,23.3,24.7
5,2025-05-03,2.30,2.30,23.3,24.6
5,2025-05-04,0.60,0.60,21.6,25.1
5,2025-05-05,0.60,0.60,25.4,24.8
5,2025-05-06,4.20,4.20,24.7,24.3
5,2025-05-07,2.90,2.90,24.8,24.3
5,2025-05-08,2.90,2.90,23.2,24.3
5,2025-05-09,0.00,0.00,22.7,25.0
5,2025-05-10,0.30,0.30,26.9,24.8
5,2025-05-11,1.40,1.40,25.8,24.7
5,2025-05-12,2.70,2.70,24.5,24.6
5,2025-05-13,3.50,3.50,24.6,25.0
5,2025-05-14,2.40,2.40,23.5,24.5
5,2025-05-15,1.90,1.90,23.9,24.4
5,2025-05-16,4.50,4.50,24.8,24.4
5,2025-05-17,2.70,2.70,20.8,24.9
5,2025-05-18,0.50,0.50,19.5,24.9
5,2025-05-19,4.80,4.80,20.8,24.5
5,2025-05-20,3.50,3.50,23.6,24.1
5,2025-05-21,4.90,4.90,23.8,24.2
5,2025-05-22,2.40,2.40,22.7,24.3
5,2025-05-23,3.20,3.20,21.5,24.5
5,2025-05-24,2.40,2.40,23.8,24.4
5,2025-05-25,0.50,0.50,22.7,24.6
5,2025-05-26,0.00,0.00,18.1,25.4
5,2025-05-27,0.00,0.00,18.8,25.4
5,2025-05-28,0.10,0.10,17.3,25.5
5,2025-05-29,0.70,0.70,17.5,24.6
5,2025-05-30,2.80,2.80,22.1,24.8
5,2025-05-31,1.70,1.70,22.7,25.2
5,2025-06-01,3.40,3.40,18.2,25.2
5,2025-06-02,4.90,4.90,21.6,25.2
5,2025-06-03,0.70,0.70,27.0,25.3
5,2025-06-04,0.00,0.00,25.2,25.5
5,2025-06-05,1.30,1.30,23.0,24.6
5,2025-06-06,0.30,0.30,18.0,25.3
5,2025-06-07,0.20,0.20,19.0,25.3
5,2025-06-08,0.30,0.30,16.6,25.5
5,2025-06-09,4.40,4.40,19.5,25.2
5,2025-06-10,0.70,0.70,21.7,25.8
5,2025-06-11,0.10,0.10,23.5,26.1
5,2025-06-12,2.30,2.30,22.3,25.5
5,2025-06-13,0.50,0.50,23.8,25.5
5,2025-06-14,1.60,1.60,25.4,25.1
5,2025-06-15,0.10,0.10,26.2,25.9
5,2025-06-16,1.70,1.70,26.3,25.4
5,2025-06-17,2.50,2.50,25.7,25.1
5,2025-06-18,2.70,2.70,24.4,25.3
5,2025-06-19,2.50,2.50,22.4,25.0
5,2025-06-20,2.00,2.00,18.8,25.6
5,2025-06-21,0.20,0.20,25.8,26.0
5,2025-06-22,0.90,0.90,29.2,25.8
5,2025-06-23,0.20,0.20,27.9,25.7
5,2025-06-24,1.40,1.40,22.5,25.6
5,2025-06-25,2.00,2.00,21.1,25.3
5,2025-06-26,1.00,1.00,21.0,25.8
5,2025-06-27,1.40,1.40,22.3,25.9
5,2025-06-28,0.00,0.00,22.2,26.1
5,2025-06-29,2.60,2.60,18.4,25.5
5,2025-06-30,0.50,0.50,16.9,25.6
5,2025-07-01,0.00,0.00,19.1,25.6
5,2025-07-02,1.10,1.10,18.2,25.1
5,2025-07-03,0.20,0.20,22.8,25.8
5,2025-07-04,2.80,2.80,25.6,24.9
5,2025-07-05,0.10,0.10,24.9,25.6
5,2025-07-06,0.00,0.00,26.0,26.0
5,2025-07-07,2.00,2.00,28.0,25.6
5,2025-07-08,1.50,1.50,30.1,25.4
5,2025-07-09,8.80,8.80,24.4,25.2
5,2025-07-10,3.10,3.10,25.4,24.8
5,2025-07-11,2.30,2.30,23.4,24.8
5,2025-07-12,4.50,4.50,22.3,24.9
5,2025-07-13,0.70,0.70,21.6,25.6
5,2025-07-14,2.20,2.20,21.8,25.5
5,2025-07-15,2.20,2.20,24.0,25.6
5,2025-07-16,1.20,1.20,27.7,25.6
5,2025-07-17,0.70,0.70,22.0,25.6
5,2025-07-18,2.30,2.30,19.8,25.2
5,2025-07-19,5.00,5.00,20.4,25.2
5,2025-07-20,0.60,0.60,22.3,26.0
5,2025-07-21,0.10,0.10,24.8,26.1
5,2025-07-22,1.70,1.70,25.3,26.1
5,2025-07-23,0.00,0.00,24.9,26.2
5,2025-07-24,0.20,0.20,21.9,26.0
5,2025-07-25,0.40,0.40,21.3,25.8
5,2025-07-26,0.60,0.60,18.0,25.5
5,2025-07-27,1.70,1.70,17.0,25.8
5,2025-07-28,3.90,3.90,16.5,25.8
5,2025-07-29,1.00,1.00,21.9,26.3
5,2025-07-30,1.20,1.20,27.6,26.6
5,2025-07-31,0.80,0.80,29.9,26.3
5,2025-08-01,1.60,1.60,28.1,26.0
5,2025-08-02,1.20,1.20,29.4,25.9
5,2025-08-03,2.10,2.10,27.7,25.8
5,2025-08-04,0.00,0.00,25.4,26.7
5,2025-08-05,0.20,0.20,20.1,26.1
5,2025-08-06,2.10,2.10,15.6,26.7
5,2025-08-07,1.60,1.60,21.7,26.5
5,2025-08-08,0.50,0.50,23.7,26.3
5,2025-08-09,1.40,1.40,18.1,26.2
5,2025-08-10,0.70,0.70,13.5,26.5
5,2025-08-11,0.40,0.40,13.0,26.9
5,2025-08-12,1.30,1.30,23.9,26.4
5,2025-08-13,0.60,0.60,22.2,26.3
5,2025-08-14,1.10,1.10,18.1,25.8
5,2025-08-15,1.10,1.10,20.8,26.4
5,2025-08-16,0.70,0.70,23.4,26.9
5,2025-08-17,3.50,3.50,27.3,26.3
5,2025-08-18,1.50,1.50,17.5,26.6
5,2025-08-19,0.00,0.00,22.0,26.8
5,2025-08-20,1.10,1.10,22.6,26.4
5,2025-08-21,0.90,0.90,23.8,26.5
5,2025-08-22,0.10,0.10,22.1,26.7
5,2025-08-23,0.00,0.00,21.3,26.7
5,2025-08-24,0.00,0.00,21.7,26.7
5,2025-08-25,0.00,0.00,20.7,26.6
5,2025-08-26,0.10,0.10,21.5,26.8
5,2025-08-27,0.20,0.20,21.2,26.9
5,2025-08-28,0.00,0.00,18.8,26.7
5,2025-08-29,0.00,0.00,18.8,26.6
5,2025-08-30,0.20,0.20,14.3,26.6
5,2025-08-31,3.20,3.20,12.4,26.7
5,2025-09-01,0.60,0.60,17.5,27.0
5,2025-09-02,0.40,0.40,18.1,26.3
5,2025-09-03,0.10,0.10,19.4,26.7
5,2025-09-04,0.10,0.10,17.1,26.6
5,2025-09-05,0.20,0.20,18.8,26.3
5,2025-09-06,0.30,0.30,16.5,26.5
5,2025-09-07,0.20,0.20,13.9,26.1
5,2025-09-08,0.30,0.30,17.1,26.3
5,2025-09-09,1.40,1.40,19.4,26.4
5,2025-09-10,2.70,2.70,14.1,26.7
5,2025-09-11,2.40,2.40,20.7,26.6
5,2025-09-12,2.00,2.00,21.5,26.2
5,2025-09-13,0.30,0.30,20.5,26.7
5,2025-09-14,0.90,0.90,22.7,26.7
5,2025-09-15,0.00,0.00,20.9,26.9
5,2025-09-16,1.50,1.50,26.8,26.1
5,2025-09-17,0.20,0.20,25.0,26.3
5,2025-09-18,0.70,0.70,26.8,26.4
5,2025-09-19,4.60,4.60,25.0,26.2
5,2025-09-20,5.10,5.10,24.3,25.8
5,2025-09-21,1.60,1.60,22.4,25.8
5,2025-09-22,3.40,3.40,19.8,25.8
5,2025-09-23,0.40,0.40,21.3,25.7
5,2025-09-24,1.90,1.90,18.0,25.4
5,2025-09-25,3.40,3.40,18.2,24.7
5,2025-09-26,3.30,3.30,15.7,25.9
5,2025-09-27,0.90,0.90,13.8,25.9
5,2025-09-28,0.50,0.50,23.9,26.1
5,2025-09-29,0.50,0.50,20.9,26.3
5,2025-09-30,0.00,0.00,22.1,26.2
5,2025-10-01,5.90,5.90,19.0,25.5
5,2025-10-02,1.40,1.40,18.9,26.0
5,2025-10-03,1.70,1.70,19.1,25.7
5,2025-10-04,0.80,0.80,19.9,25.7
5,2025-10-05,0.40,0.40,20.8,25.8
5,2025-10-06,12.20,12.20,8.7,24.1
5,2025-10-07,3.00,3.00,7.6,24.3
5,2025-10-08,0.80,0.80,12.5,25.3
5,2025-10-09,0.50,0.50,13.4,25.7
5,2025-10-10,0.30,0.30,11.0,25.8
5,2025-10-11,0.40,0.40,17.8,26.0
5,2025-10-12,0.10,0.10,16.0,26.1
5,2025-10-13,3.20,3.20,10.8,25.1
5,2025-10-14,0.80,0.80,17.5,25.6
5,2025-10-15,0.00,0.00,20.4,26.1
5,2025-10-16,1.10,1.10,20.6,26.1
5,2025-10-17,2.30,2.30,23.9,25.4
5,2025-10-18,3.80,3.80,24.7,25.8
5,2025-10-19,1.40,1.40,22.2,25.7
5,2025-10-20,3.00,3.00,20.6,25.6
5,2025-10-21,5.70,5.70,24.3,24.9
5,2025-10-22,0.40,0.40,25.5,25.7
5,2025-10-23,1.00,1.00,25.5,25.9
5,2025-10-24,2.30,2.30,29.5,25.5
5,2025-10-25,0.80,0.80,24.0,26.3
5,2025-10-26,1.60,1.60,24.0,25.9
5,2025-10-27,0.00,0.00,19.4,26.1
5,2025-10-28,0.00,0.00,19.9,26.2
5,2025-10-29,0.40,0.40,17.6,25.9
5,2025-10-30,0.80,0.80,23.0,25.7
5,2025-10-31,1.40,1.40,20.8,25.5
5,2025-11-01,0.30,0.30,18.4,25.4
5,2025-11-02,3.30,3.30,17.6,24.8
5,2025-11-03,2.00,2.00,18.5,25.9
5,2025-11-04,3.20,3.20,17.1,25.3
5,2025-11-05,0.10,0.10,20.3,25.8
5,2025-11-06,1.30,1.30,16.2,25.9
5,2025-11-07,0.30,0.30,8.5,24.7
5,2025-11-08,4.30,4.30,17.6,24.0
5,2025-11-09,4.60,4.60,25.0,23.8
5,2025-11-10,1.70,1.70,27.2,24.3
5,2025-11-11,1.40,1.40,26.8,24.1
5,2025-11-12,3.10,3.10,31.4,23.9
5,2025-11-13,1.40,1.40,28.2,25.2
5,2025-11-14,1.30,1.30,24.9,25.0
5,2025-11-15,0.30,0.30,18.1,24.4
5,2025-11-16,3.20,3.20,16.3,24.2
5,2025-11-17,1.70,1.70,19.0,24.3
5,2025-11-18,0.80,0.80,16.7,24.7
5,2025-11-19,1.50,1.50,24.4,24.7
5,2025-11-20,3.90,3.90,23.2,24.9
5,2025-11-21,2.80,2.80,24.9,24.9
5,2025-11-22,4.20,4.20,19.1,24.7
5,2025-11-23,1.40,1.40,20.6,24.6
5,2025-11-24,0.00,0.00,21.9,24.9
5,2025-11-25,0.10,0.10,15.7,24.8
5,2025-11-26,0.00,0.00,11.9,24.5
5,2025-11-27,0.00,0.00,12.9,23.9
5,2025-11-28,0.30,0.30,11.5,24.6
5,2025-11-29,0.00,0.00,5.4,23.4
5,2025-11-30,0.00,0.00,12.8,23.7
5,2025-12-01,0.00,0.00,9.1,23.3
5,2025-12-02,0.00,0.00,9.9,23.4
5,2025-12-03,0.10,0.10,12.2,22.8
5,2025-12-04,1.20,1.20,24.9,24.2
5,2025-12-05,2.80,2.80,25.8,24.7
5,2025-12-06,0.10,0.10,19.4,24.6
5,2025-12-07,3.80,3.80,18.0,23.8
5,2025-12-08,0.20,0.20,16.8,24.3
5,2025-12-09,0.50,0.50,13.2,24.0
5,2025-12-10,0.40,0.40,16.6,23.1
5,2025-12-11,1.30,1.30,11.2,22.7
5,2025-12-12,0.00,0.00,11.7,23.0
5,2025-12-13,2.90,2.90,24.1,24.3
5,2025-12-14,39.00,39.00,15.8,22.7
5,2025-12-15,3.10,3.10,18.9,24.2
5,2025-12-16,9.10,9.10,19.3,24.3
5,2025-12-17,6.90,6.90,22.3,24.4
5,2025-12-18,2.00,2.00,13.8,22.8
5,2025-12-19,5.80,5.80,12.2,22.9
5,2025-12-20,6.80,6.80,10.2,23.6
5,2025-12-21,0.30,0.30,18.7,24.3
5,2025-12-22,0.40,0.40,25.3,24.7
5,2025-12-23,1.10,1.10,26.3,23.8
5,2025-12-24,0.00,0.00,22.4,23.7
5,2025-12-25,0.00,0.00,21.0,23.7
5,2025-12-26,0.60,0.60,24.7,23.2
5,2025-12-27,3.10,3.10,15.4,23.3
5,2025-12-28,0.90,0.90,8.0,22.5
5,2025-12-29,0.50,0.50,17.6,23.8
5,2025-12-30,2.00,2.00,24.6,23.8
5,2025-12-31,1.30,1.30,18.1,23.3
5,2026-01-01,1.10,1.10,22.3,23.3
5,2026-01-02,3.50,3.50,23.2,22.7
5,2026-01-03,1.80,1.80,13.3,23.0
5,2026-01-04,24.60,24.60,13.9,21.0
5,2026-01-05,4.90,4.90,27.3,23.1
5,2026-01-06,0.20,0.20,29.3,24.0
5,2026-01-07,0.10,0.10,23.4,23.7
5,2026-01-08,0.00,0.00,8.6,22.9
5,2026-01-09,0.10,0.10,8.0,23.0
5,2026-01-10,0.20,0.20,5.8,23.4
5,2026-01-11,1.50,1.50,11.3,23.0
5,2026-01-12,1.10,1.10,15.9,23.3
5,2026-01-13,0.00,0.00,12.6,22.1
5,2026-01-14,3.30,3.30,25.0,23.3
5,2026-01-15,9.60,9.60,20.2,21.3
5,2026-01-16,0.00,0.00,22.7,20.7
5,2026-01-17,0.00,0.00,21.1,21.7
5,2026-01-18,0.10,0.10,21.4,22.7
5,2026-01-19,0.10,0.10,13.9,22.6
5,2026-01-20,0.60,0.60,13.6,21.9
5,2026-01-21,0.40,0.40,20.7,21.8
5,2026-01-22,0.00,0.00,13.3,22.4
5,2026-01-23,2.90,2.90,15.4,22.7
5,2026-01-24,0.60,0.60,12.2,22.8
5,2026-01-25,0.10,0.10,11.5,22.5
5,2026-01-26,1.10,1.10,11.0,22.9
5,2026-01-27,0.00,0.00,11.6,23.0
5,2026-01-28,0.10,0.10,11.8,23.3
5,2026-01-29,2.10,2.10,13.7,23.5
5,2026-01-30,10.60,10.60,9.5,21.8
5,2026-01-31,0.00,0.00,8.7,22.7
5,2026-02-01,3.20,3.20,19.5,22.0
5,2026-02-02,2.70,2.70,34.4,24.3
5,2026-02-03,0.10,0.10,11.5,22.3
5,2026-02-04,0.00,0.00,10.2,21.4
5,2026-02-05,2.10,2.10,16.8,21.8
5,2026-02-06,1.30,1.30,17.1,22.3
5,2026-02-07,25.20,25.20,20.1,19.9
5,2026-02-08,15.80,15.80,34.1,19.9
5,2026-02-09,5.40,5.40,31.0,22.0
5,2026-02-10,4.50,4.50,30.9,22.7
5,2026-02-11,0.20,0.20,27.5,23.4
5,2026-02-12,2.60,2.60,26.1,23.0
5,2026-02-13,0.30,0.30,28.9,23.2
5,2026-02-14,1.40,1.40,28.4,23.0
5,2026-02-15,2.60,2.60,29.4,22.6
5,2026-02-16,1.60,1.60,29.3,22.0
5,2026-02-17,0.30,0.30,29.2,22.2
5,2026-02-18,0.10,0.10,34.7,22.8
5,2026-02-19,1.20,1.20,31.2,22.6
5,2026-02-20,4.40,4.40,26.9,22.8
5,2026-02-21,12.20,12.20,14.0,20.3
5,2026-02-22,1.50,1.50,16.4,20.9
5,2026-02-23,1.30,1.30,25.3,20.8
5,2026-02-24,3.50,3.50,22.9,20.3
5,2026-02-25,0.10,0.10,20.2,20.8
5,2026-02-26,0.10,0.10,17.1,21.8
5,2026-02-27,1.30,1.30,10.1,21.7
5,2026-02-28,0.30,0.30,9.9,23.0
5,2026-03-01,1.00,1.00,11.5,23.5
5,2026-03-02,1.10,1.10,17.7,23.1
5,2026-03-03,1.10,1.10,22.8,23.4
5,2026-03-04,0.60,0.60,25.5,24.0
5,2026-03-05,0.30,0.30,18.0,23.9
5,2026-03-06,0.50,0.50,21.4,23.6
5,2026-03-07,2.20,2.20,27.3,23.9
5,2026-03-08,4.10,4.10,23.2,23.7
5,2026-03-09,0.10,0.10,15.9,23.9
5,2026-03-10,7.50,7.50,18.8,23.4
5,2026-03-11,51.00,51.00,21.0,21.9
5,2026-03-12,45.80,45.80,18.5,21.9
5,2026-03-13,102.50,102.50,39.1,21.9
5,2026-03-14,27.90,27.90,29.0,22.6
5,2026-03-15,4.50,4.50,23.3,23.9
5,2026-03-16,0.80,0.80,10.0,23.2
5,2026-03-17,9.50,9.50,5.4,21.9
5,2026-03-18,1.20,1.20,9.2,22.5
5,2026-03-19,18.00,18.00,14.6,22.3
5,2026-03-20,37.30,37.30,23.6,22.4
5,2026-03-21,20.00,20.00,17.8,23.1
5,2026-03-22,17.20,17.20,12.1,22.3
5,2026-03-23,1.70,1.70,22.6,22.0
5,2026-03-24,0.50,0.50,24.3,22.4
5,2026-03-25,0.30,0.30,23.4,22.2
5,2026-03-26,0.00,0.00,16.5,22.3
5,2026-03-27,2.90,2.90,20.3,21.0
5,2026-03-28,0.90,0.90,25.3,21.1
5,2026-03-29,0.00,0.00,22.3,21.1
5,2026-03-30,0.00,0.00,22.9,21.4
5,2026-03-31,0.50,0.50,23.6,21.6
5,2026-04-01,0.30,0.30,22.5,22.0
5,2026-04-02,0.50,0.50,20.7,21.8
5,2026-04-03,0.10,0.10,19.9,22.4
5,2026-04-04,0.00,0.00,17.5,22.6
5,2026-04-05,2.50,2.50,18.2,22.0
5,2026-04-06,1.10,1.10,17.7,22.4
5,2026-04-07,16.40,16.40,10.2,21.8
5,2026-04-08,9.60,9.60,18.0,22.2
5,2026-04-09,8.90,8.90,19.0,23.1
5,2026-04-10,64.80,64.80,27.4,22.3
5,2026-04-11,0.70,0.70,8.7,23.8
5,2026-04-12,20.20,20.20,7.4,22.2
5,2026-04-13,3.60,3.60,13.7,22.6
5,2026-04-14,4.50,4.50,6.9,24.1
5,2026-04-15,0.80,0.80,8.6,24.2
5,2026-04-16,0.00,0.00,13.0,24.5
5,2026-04-17,0.30,0.30,21.5,24.3
5,2026-04-18,1.40,1.40,18.6,24.1
5,2026-04-19,0.00,0.00,16.4,24.6
5,2026-04-20,1.30,1.30,9.0,24.6
5,2026-04-21,5.10,5.10,7.0,23.9
5,2026-04-22,0.60,0.60,12.2,24.2
5,2026-04-23,1.60,1.60,15.2,24.1
5,2026-04-24,0.80,0.80,19.2,23.8
5,2026-04-25,0.10,0.10,18.5,24.1
5,2026-04-26,1.40,1.40,20.5,24.4
5,2026-04-27,4.00,4.00,19.7,24.0
5,2026-04-28,1.10,1.10,16.5,24.4
5,2026-04-29,0.40,0.40,21.5,24.2
5,2026-04-30,2.00,2.00,24.5,23.8
5,2026-05-01,4.50,4.50,26.2,23.4
5,2026-05-02,0.90,0.90,21.1,24.1
5,2026-05-03,2.10,2.10,20.4,23.3
5,2026-05-04,0.70,0.70,17.4,24.1
5,2026-05-05,5.30,5.30,14.9,24.2
5,2026-05-06,1.10,1.10,15.6,23.6
5,2026-05-07,1.20,1.20,14.9,23.9
5,2026-05-08,0.70,0.70,15.9,24.0
5,2026-05-09,4.90,4.90,17.5,23.6
5,2026-05-10,0.10,0.10,23.3,25.0
5,2026-05-11,1.30,1.30,23.2,24.4
5,2026-05-12,1.40,1.40,24.0,25.0
5,2026-05-13,3.20,3.20,24.7,24.9
5,2026-05-14,5.70,5.70,18.7,24.2
5,2026-05-15,8.40,8.40,20.4,23.7
5,2026-05-16,4.50,4.50,17.7,24.7
5,2026-05-17,7.00,7.00,18.5,24.7
5,2026-05-18,1.70,1.70,22.2,25.1
5,2026-05-19,1.40,1.40,21.7,25.4
5,2026-05-20,5.50,5.50,25.2,24.8
5,2026-05-21,3.10,3.10,28.6,24.5
5,2026-05-22,1.50,1.50,27.0,24.3
5,2026-05-23,2.80,2.80,27.3,23.8
5,2026-05-24,1.40,1.40,26.1,24.1
5,2026-05-25,0.70,0.70,22.8,24.5
5,2026-05-26,4.40,4.40,26.3,24.1
5,2026-05-27,3.10,3.10,22.8,24.1
5,2026-05-28,3.40,3.40,20.9,24.3
5,2026-05-29,2.10,2.10,20.0,24.0
5,2026-05-30,3.20,3.20,18.1,24.2
5,2026-05-31,2.40,2.40,15.6,24.3
5,2026-06-01,4.00,4.00,19.9,24.6
5,2026-06-02,3.40,3.40,24.0,25.3
5,2026-06-03,0.70,0.70,22.7,25.8
5,2026-06-04,10.30,10.30,22.5,24.6
5,2026-06-05,2.70,2.70,23.3,25.2
5,2026-06-06,0.40,0.40,23.3,25.1
5,2026-06-07,3.00,3.00,24.3,24.9
5,2026-06-08,4.90,4.90,23.2,24.7
5,2026-06-09,3.90,3.90,20.6,25.3
5,2026-06-10,3.40,3.40,19.7,25.0
5,2026-06-11,2.00,2.00,16.9,25.4
5,2026-06-12,0.10,0.10,14.5,24.8
5,2026-06-13,0.00,0.00,17.1,24.7
5,2026-06-14,5.60,5.60,16.4,24.4
5,2026-06-15,2.00,2.00,19.9,24.7
5,2026-06-16,0.90,0.90,17.5,25.5
5,2026-06-17,0.30,0.30,16.6,26.2
5,2026-06-18,2.70,2.70,9.4,26.4
5,2026-06-19,2.00,2.00,17.2,26.4
5,2026-06-20,1.10,1.10,17.7,26.7
5,2026-06-21,0.10,0.10,17.1,26.9
5,2026-06-22,1.20,1.20,17.7,26.2
5,2026-06-23,7.60,7.60,19.5,25.6
5,2026-06-24,3.30,3.30,24.0,26.0
5,2026-06-25,1.70,1.70,22.4,25.9
5,2026-06-26,0.90,0.90,21.7,26.3
5,2026-06-27,1.70,1.70,24.6,25.9
5,2026-06-28,1.30,1.30,19.7,26.1
5,2026-06-29,2.60,2.60,22.4,26.0
5,2026-06-30,0.10,0.10,20.2,26.7
5,2026-07-01,1.50,1.50,23.6,26.5
5,2026-07-02,0.90,0.90,19.2,26.1
5,2026-07-03,2.00,2.00,21.6,25.8
5,2026-07-04,0.10,0.10,21.1,26.1
5,2026-07-05,2.10,2.10,25.2,26.1
5,2026-07-06,2.60,2.60,24.8,25.8
5,2026-07-07,1.70,1.70,26.0,25.6
5,2026-07-08,1.30,1.30,25.0,26.0
5,2026-07-09,3.50,3.50,23.0,26.2
5,2026-07-10,1.10,1.10,25.7,26.4
5,2026-07-11,2.10,2.10,26.1,26.4
5,2026-07-12,4.30,4.30,25.0,26.0
5,2026-07-13,0.40,0.40,19.4,26.1
5,2026-07-14,3.00,3.00,17.0,25.0
5,2026-07-15,1.80,1.80,16.4,26.0
5,2026-07-16,0.80,0.80,20.3,26.7
5,2026-07-17,2.00,2.00,23.0,26.9
5,2026-07-18,0.90,0.90,24.9,26.9
5,2026-07-19,0.70,0.70,21.7,26.3
5,2026-07-20,6.20,6.20,19.6,25.7
5,2026-07-21,6.20,6.20,18.4,26.0
5,2026-07-22,3.30,3.30,23.4,26.1
5,2026-07-23,3.40,3.40,25.8,25.9
5,2026-07-24,2.50,2.50,26.7,25.9
5,2026-07-25,2.40,2.40,24.5,25.8
5,2026-07-26,2.40,2.40,23.0,25.6
5,2026-07-27,4.90,4.90,18.9,25.8
5,2026-07-28,6.00,6.00,19.3,25.7
5,2026-07-29,0.70,0.70,10.5,26.8
5,2026-07-30,1.30,1.30,20.8,26.8
5,2026-07-31,2.50,2.50,26.6,26.8
5,2026-08-01,4.30,4.30,29.5,26.2
5,2026-08-02,2.70,2.70,25.2,25.9
5,2026-08-03,4.80,4.80,18.1,25.2
5,2026-08-04,2.90,2.90,16.5,25.9
5,2026-08-05,0.10,0.10,15.9,26.6
5,2026-08-06,2.30,2.30,18.1,26.6
5,2026-08-07,0.30,0.30,17.7,27.0
5,2026-08-08,0.60,0.60,21.5,26.9
5,2026-08-09,2.00,2.00,19.0,26.9
5,2026-08-10,2.80,2.80,20.0,26.9
5,2026-08-11,0.80,0.80,19.3,26.8
5,2026-08-12,1.00,1.00,21.5,26.5
5,2026-08-13,1.50,1.50,24.3,26.7
5,2026-08-14,1.60,1.60,27.6,26.6
5,2026-08-15,7.30,7.30,33.7,26.2
5,2026-08-16,73.00,73.00,42.1,25.0
5,2026-08-17,2.40,2.40,20.3,26.5
5,2026-08-18,0.40,0.40,17.7,26.2
5,2026-08-19,0.40,0.40,14.6,26.1
5,2026-08-20,0.30,0.30,9.2,26.3
5,2026-08-21,5.70,5.70,20.3,26.5
5,2026-08-22,0.00,0.00,25.4,27.3
5,2026-08-23,1.10,1.10,23.8,27.0
5,2026-08-24,1.70,1.70,23.8,27.3
5,2026-08-25,0.20,0.20,22.5,27.3
5,2026-08-26,0.60,0.60,23.2,26.4
5,2026-08-27,0.90,0.90,22.7,26.4
5,2026-08-28,1.20,1.20,22.2,26.2
5,2026-08-29,2.60,2.60,24.6,26.3
5,2026-08-30,2.50,2.50,23.0,26.1
5,2026-08-31,2.40,2.40,24.8,26.4
5,2026-09-01,3.30,3.30,23.4,26.4
5,2026-09-02,6.20,6.20,25.5,26.3
5,2026-09-03,4.00,4.00,27.2,25.9
5,2026-09-04,1.20,1.20,25.0,26.0
5,2026-09-05,3.10,3.10,21.0,25.8
5,2026-09-06,8.10,8.10,20.7,25.9
5,2026-09-07,33.80,33.80,31.9,25.4
5,2026-09-08,4.20,4.20,31.3,26.7
5,2026-09-09,6.00,6.00,12.3,26.0
5,2026-09-10,1.80,1.80,21.3,26.4
5,2026-09-11,0.20,0.20,18.1,26.4
5,2026-09-12,0.40,0.40,15.3,25.7
5,2026-09-13,0.00,0.00,15.7,25.7
5,2026-09-14,0.10,0.10,17.1,25.9
6,2018-01-01,0.00,0.00,21.6,22.4
6,2018-01-02,0.00,0.00,21.3,22.2
6,2018-01-03,0.00,0.00,22.8,22.2
6,2018-01-04,0.00,0.00,25.6,22.4
6,2018-01-05,0.00,0.00,29.5,22.1
6,2018-01-06,0.20,0.20,27.0,22.4
6,2018-01-07,0.60,0.60,28.3,22.5
6,2018-01-08,0.10,0.10,24.5,22.8
6,2018-01-09,0.10,0.10,18.0,22.8
6,2018-01-10,0.00,0.00,16.1,21.8
6,2018-01-11,0.60,0.60,20.3,22.6
6,2018-01-12,0.00,0.00,15.8,21.7
6,2018-01-13,0.00,0.00,13.3,22.1
6,2018-01-14,0.00,0.00,13.0,22.3
6,2018-01-15,0.00,0.00,19.8,22.2
6,2018-01-16,0.00,0.00,23.5,22.6
6,2018-01-17,0.00,0.00,34.8,22.6
6,2018-01-18,0.40,0.40,42.1,22.9
6,2018-01-19,1.20,1.20,39.2,23.0
6,2018-01-20,1.10,1.10,30.2,22.8
6,2018-01-21,0.80,0.80,23.5,22.7
6,2018-01-22,0.00,0.00,26.3,22.7
6,2018-01-23,1.40,1.40,29.8,22.8
6,2018-01-24,0.10,0.10,30.7,23.0
6,2018-01-25,0.00,0.00,24.2,23.3
6,2018-01-26,0.00,0.00,14.4,22.7
6,2018-01-27,3.20,3.20,9.5,22.2
6,2018-01-28,0.00,0.00,19.3,22.0
6,2018-01-29,0.00,0.00,15.5,21.7
6,2018-01-30,0.10,0.10,22.3,22.4
6,2018-01-31,4.60,4.60,21.0,23.0
6,2018-02-01,1.90,1.90,20.3,23.6
6,2018-02-02,6.00,6.00,18.9,23.6
6,2018-02-03,0.50,0.50,13.4,24.1
6,2018-02-04,6.10,6.10,18.5,23.3
6,2018-02-05,3.30,3.30,18.7,21.6
6,2018-02-06,2.40,2.40,9.6,20.8
6,2018-02-07,5.50,5.50,12.2,20.7
6,2018-02-08,0.90,0.90,26.7,20.3
6,2018-02-09,0.90,0.90,26.5,20.6
6,2018-02-10,0.10,0.10,19.7,20.3
6,2018-02-11,0.10,0.10,15.8,21.0
6,2018-02-12,0.60,0.60,14.8,20.7
6,2018-02-13,0.50,0.50,15.2,22.7
6,2018-02-14,25.90,25.90,14.3,21.2
6,2018-02-15,3.20,3.20,17.3,21.4
6,2018-02-16,5.10,5.10,13.4,21.0
6,2018-02-17,1.60,1.60,10.5,21.8
6,2018-02-18,11.20,11.20,19.0,20.8
6,2018-02-19,0.00,0.00,13.5,20.8
6,2018-02-20,0.90,0.90,10.3,20.9
6,2018-02-21,0.00,0.00,18.1,22.3
6,2018-02-22,1.00,1.00,23.2,22.7
6,2018-02-23,0.40,0.40,25.5,23.4
6,2018-02-24,0.10,0.10,30.6,23.9
6,2018-02-25,4.40,4.40,25.9,23.1
6,2018-02-26,2.20,2.20,30.1,22.9
6,2018-02-27,0.70,0.70,35.0,22.7
6,2018-02-28,0.90,0.90,39.2,22.5
6,2018-03-01,3.60,3.60,35.1,22.5
6,2018-03-02,0.50,0.50,26.4,22.6
6,2018-03-03,0.00,0.00,25.7,22.4
6,2018-03-04,0.00,0.00,25.6,22.5
6,2018-03-05,0.00,0.00,28.1,22.0
6,2018-03-06,1.70,1.70,27.7,21.2
6,2018-03-07,3.10,3.10,22.0,20.2
6,2018-03-08,2.30,2.30,27.0,19.9
6,2018-03-09,0.60,0.60,29.4,20.0
6,2018-03-10,1.80,1.80,26.1,20.3
6,2018-03-11,1.40,1.40,25.0,20.1
6,2018-03-12,0.60,0.60,29.4,20.5
6,2018-03-13,0.50,0.50,33.8,21.6
6,2018-03-14,0.60,0.60,29.9,22.7
6,2018-03-15,0.60,0.60,11.1,24.2
6,2018-03-16,0.20,0.20,11.2,23.7
6,2018-03-17,0.10,0.10,17.0,23.6
6,2018-03-18,2.60,2.60,26.8,22.2
6,2018-03-19,0.10,0.10,25.9,21.4
6,2018-03-20,0.20,0.20,24.5,21.7
6,2018-03-21,0.00,0.00,30.6,22.3
6,2018-03-22,13.50,13.50,26.8,22.0
6,2018-03-23,5.20,5.20,21.7,22.1
6,2018-03-24,13.90,13.90,14.0,21.9
6,2018-03-25,3.00,3.00,9.0,22.0
6,2018-03-26,2.80,2.80,18.4,21.6
6,2018-03-27,0.00,0.00,17.6,21.7
6,2018-03-28,0.00,0.00,12.1,21.6
6,2018-03-29,0.00,0.00,13.0,22.5
6,2018-03-30,3.30,3.30,9.7,23.5
6,2018-03-31,4.00,4.00,13.4,23.1
6,2018-04-01,4.00,4.00,8.5,23.7
6,2018-04-02,28.10,28.10,19.7,23.0
6,2018-04-03,0.30,0.30,18.1,24.2
6,2018-04-04,3.00,3.00,25.5,25.1
6,2018-04-05,3.50,3.50,19.6,24.7
6,2018-04-06,1.30,1.30,22.7,23.3
6,2018-04-07,4.30,4.30,20.5,23.4
6,2018-04-08,8.60,8.60,19.3,22.8
6,2018-04-09,1.40,1.40,26.9,22.1
6,2018-04-10,0.20,0.20,28.4,22.9
6,2018-04-11,0.50,0.50,29.7,23.1
6,2018-04-12,0.60,0.60,22.1,23.5
6,2018-04-13,0.80,0.80,23.2,23.6
6,2018-04-14,3.30,3.30,34.0,22.6
6,2018-04-15,0.10,0.10,32.2,23.6
6,2018-04-16,0.10,0.10,30.9,23.8
6,2018-04-17,0.10,0.10,31.7,23.2
6,2018-04-18,2.60,2.60,27.6,23.2
6,2018-04-19,0.80,0.80,29.5,23.1
6,2018-04-20,0.70,0.70,26.5,23.3
6,2018-04-21,0.50,0.50,26.0,23.3
6,2018-04-22,0.00,0.00,26.9,23.7
6,2018-04-23,0.00,0.00,31.1,23.3
6,2018-04-24,3.00,3.00,30.6,22.9
6,2018-04-25,0.00,0.00,27.6,23.2
6,2018-04-26,1.20,1.20,21.3,22.8
6,2018-04-27,3.20,3.20,16.8,22.4
6,2018-04-28,4.10,4.10,20.5,20.5
6,2018-04-29,0.00,0.00,13.7,20.7
6,2018-04-30,0.00,0.00,17.7,21.4
6,2018-05-01,0.30,0.30,16.7,21.9
6,2018-05-02,8.30,8.30,13.3,22.4
6,2018-05-03,1.80,1.80,17.0,23.0
6,2018-05-04,3.80,3.80,18.7,23.3
6,2018-05-05,0.40,0.40,15.3,23.1
6,2018-05-06,1.60,1.60,22.1,22.6
6,2018-05-07,0.50,0.50,26.3,22.4
6,2018-05-08,1.80,1.80,26.7,22.5
6,2018-05-09,0.40,0.40,24.4,22.8
6,2018-05-10,0.80,0.80,15.6,24.1
6,2018-05-11,2.90,2.90,14.2,24.2
6,2018-05-12,0.90,0.90,23.9,23.9
6,2018-05-13,1.10,1.10,29.4,23.6
6,2018-05-14,3.30,3.30,26.5,22.5
6,2018-05-15,1.00,1.00,19.5,23.0
6,2018-05-16,0.30,0.30,17.7,23.7
6,2018-05-17,0.40,0.40,23.2,24.7
6,2018-05-18,0.20,0.20,28.7,24.9
6,2018-05-19,0.10,0.10,33.2,24.5
6,2018-05-20,0.00,0.00,30.4,24.5
6,2018-05-21,0.30,0.30,30.7,24.3
6,2018-05-22,0.10,0.10,27.7,24.1
6,2018-05-23,1.50,1.50,27.2,23.7
6,2018-05-24,1.40,1.40,30.3,24.2
6,2018-05-25,0.30,0.30,28.1,24.2
6,2018-05-26,0.00,0.00,27.5,24.1
6,2018-05-27,0.00,0.00,22.5,23.9
6,2018-05-28,0.70,0.70,23.1,24.4
6,2018-05-29,0.70,0.70,32.7,24.7
6,2018-05-30,0.50,0.50,32.6,24.8
6,2018-05-31,0.10,0.10,27.4,24.4
6,2018-06-01,0.70,0.70,25.8,24.2
6,2018-06-02,0.20,0.20,27.4,24.3
6,2018-06-03,0.20,0.20,28.5,25.0
6,2018-06-04,1.30,1.30,32.6,24.6
6,2018-06-05,1.60,1.60,28.1,24.1
6,2018-06-06,1.30,1.30,24.0,23.8
6,2018-06-07,4.80,4.80,22.6,24.0
6,2018-06-08,0.90,0.90,23.4,25.1
6,2018-06-09,1.00,1.00,25.7,25.2
6,2018-06-10,0.20,0.20,26.0,25.0
6,2018-06-11,0.40,0.40,23.7,24.9
6,2018-06-12,0.40,0.40,27.1,24.6
6,2018-06-13,1.30,1.30,22.3,24.8
6,2018-06-14,0.60,0.60,22.3,25.2
6,2018-06-15,0.00,0.00,20.8,25.2
6,2018-06-16,0.10,0.10,19.5,25.3
6,2018-06-17,0.10,0.10,21.4,25.1
6,2018-06-18,0.00,0.00,16.4,25.2
6,2018-06-19,0.00,0.00,15.8,26.0
6,2018-06-20,0.00,0.00,19.3,26.1
6,2018-06-21,0.00,0.00,23.1,26.0
6,2018-06-22,3.60,3.60,25.6,25.1
6,2018-06-23,1.70,1.70,28.9,25.0
6,2018-06-24,7.30,7.30,26.5,24.5
6,2018-06-25,2.60,2.60,23.2,24.8
6,2018-06-26,2.40,2.40,31.2,25.1
6,2018-06-27,1.90,1.90,29.7,25.3
6,2018-06-28,4.30,4.30,28.0,24.8
6,2018-06-29,0.00,0.00,25.8,25.2
6,2018-06-30,0.40,0.40,21.5,25.2
6,2018-07-01,0.70,0.70,21.7,25.0
6,2018-07-02,1.20,1.20,24.1,25.5
6,2018-07-03,1.60,1.60,24.7,25.0
6,2018-07-04,0.10,0.10,23.0,25.3
6,2018-07-05,1.00,1.00,23.1,25.7
6,2018-07-06,2.20,2.20,31.9,25.3
6,2018-07-07,4.40,4.40,26.8,24.7
6,2018-07-08,5.00,5.00,23.7,24.1
6,2018-07-09,1.80,1.80,18.4,24.5
6,2018-07-10,0.00,0.00,24.5,25.6
6,2018-07-11,0.10,0.10,29.4,25.4
6,2018-07-12,1.20,1.20,25.1,25.1
6,2018-07-13,1.30,1.30,26.7,25.3
6,2018-07-14,4.10,4.10,22.6,25.1
6,2018-07-15,1.50,1.50,26.0,25.9
6,2018-07-16,0.30,0.30,30.6,26.3
6,2018-07-17,1.60,1.60,33.0,25.8
6,2018-07-18,1.40,1.40,29.2,25.8
6,2018-07-19,0.40,0.40,28.4,25.8
6,2018-07-20,0.40,0.40,22.7,25.4
6,2018-07-21,0.30,0.30,26.1,25.4
6,2018-07-22,2.20,2.20,22.6,25.3
6,2018-07-23,1.00,1.00,23.8,26.6
6,2018-07-24,0.70,0.70,25.6,25.8
6,2018-07-25,0.50,0.50,26.6,25.6
6,2018-07-26,2.80,2.80,24.2,25.9
6,2018-07-27,0.20,0.20,27.0,26.4
6,2018-07-28,3.00,3.00,27.1,25.6
6,2018-07-29,1.10,1.10,25.0,25.7
6,2018-07-30,3.60,3.60,21.6,25.7
6,2018-07-31,0.40,0.40,29.5,26.5
6,2018-08-01,0.70,0.70,33.8,26.2
6,2018-08-02,1.00,1.00,33.2,25.9
6,2018-08-03,6.50,6.50,32.4,24.7
6,2018-08-04,2.90,2.90,33.9,25.5
6,2018-08-05,1.50,1.50,28.5,25.5
6,2018-08-06,0.00,0.00,27.0,25.8
6,2018-08-07,2.00,2.00,26.9,25.1
6,2018-08-08,0.40,0.40,30.1,25.5
6,2018-08-09,15.90,15.90,23.9,25.4
6,2018-08-10,17.30,17.30,25.6,25.9
6,2018-08-11,0.70,0.70,23.0,26.0
6,2018-08-12,1.20,1.20,22.7,26.0
6,2018-08-13,0.50,0.50,24.8,25.9
6,2018-08-14,0.00,0.00,20.7,25.7
6,2018-08-15,0.90,0.90,19.1,25.8
6,2018-08-16,0.90,0.90,20.4,26.0
6,2018-08-17,0.20,0.20,19.1,26.7
6,2018-08-18,4.10,4.10,23.1,26.5
6,2018-08-19,0.10,0.10,22.0,27.2
6,2018-08-20,0.10,0.10,25.3,26.8
6,2018-08-21,0.40,0.40,29.7,26.1
6,2018-08-22,0.70,0.70,28.3,26.1
6,2018-08-23,16.30,16.30,29.6,25.1
6,2018-08-24,21.90,21.90,33.8,25.1
6,2018-08-25,1.90,1.90,31.7,25.7
6,2018-08-26,5.70,5.70,28.2,25.6
6,2018-08-27,9.80,9.80,24.9,25.5
6,2018-08-28,3.30,3.30,25.2,25.6
6,2018-08-29,0.10,0.10,31.1,26.2
6,2018-08-30,0.30,0.30,26.9,25.3
6,2018-08-31,2.10,2.10,21.7,25.0
6,2018-09-01,1.10,1.10,22.5,25.0
6,2018-09-02,5.30,5.30,13.3,25.0
6,2018-09-03,1.50,1.50,20.2,26.0
6,2018-09-04,0.60,0.60,26.0,26.6
6,2018-09-05,0.80,0.80,24.6,26.0
6,2018-09-06,0.50,0.50,27.3,25.9
6,2018-09-07,1.80,1.80,19.4,25.8
6,2018-09-08,1.30,1.30,14.1,26.0
6,2018-09-09,0.30,0.30,17.7,25.6
6,2018-09-10,0.70,0.70,19.1,25.6
6,2018-09-11,3.00,3.00,20.9,25.9
6,2018-09-12,17.00,17.00,40.7,25.2
6,2018-09-13,15.90,15.90,27.7,25.2
6,2018-09-14,1.40,1.40,31.7,25.9
6,2018-09-15,4.50,4.50,28.5,24.9
6,2018-09-16,1.00,1.00,27.9,25.0
6,2018-09-17,0.60,0.60,23.2,24.8
6,2018-09-18,0.10,0.10,21.8,25.2
6,2018-09-19,0.30,0.30,11.8,25.3
6,2018-09-20,0.50,0.50,15.9,26.2
6,2018-09-21,0.00,0.00,22.1,26.7
6,2018-09-22,0.00,0.00,24.2,26.1
6,2018-09-23,0.60,0.60,15.1,26.1
6,2018-09-24,2.00,2.00,14.4,26.4
6,2018-09-25,0.00,0.00,10.2,27.9
6,2018-09-26,3.20,3.20,8.1,27.2
6,2018-09-27,13.70,13.70,12.2,26.2
6,2018-09-28,3.40,3.40,18.9,26.0
6,2018-09-29,0.10,0.10,19.9,26.7
6,2018-09-30,0.30,0.30,21.7,26.4
6,2018-10-01,0.50,0.50,15.8,26.5
6,2018-10-02,0.00,0.00,14.8,26.5
6,2018-10-03,0.00,0.00,20.2,26.1
6,2018-10-04,1.00,1.00,12.1,26.3
6,2018-10-05,0.00,0.00,17.3,26.2
6,2018-10-06,3.80,3.80,18.0,25.6
6,2018-10-07,1.60,1.60,22.4,26.0
6,2018-10-08,0.30,0.30,21.3,26.5
6,2018-10-09,1.00,1.00,22.0,25.5
6,2018-10-10,1.70,1.70,17.9,24.7
6,2018-10-11,0.90,0.90,13.8,24.9
6,2018-10-12,9.50,9.50,11.0,24.8
6,2018-10-13,1.20,1.20,15.0,24.6
6,2018-10-14,1.10,1.10,15.3,24.6
6,2018-10-15,2.20,2.20,19.8,24.4
6,2018-10-16,0.80,0.80,21.1,24.8
6,2018-10-17,0.60,0.60,21.6,24.9
6,2018-10-18,0.30,0.30,19.6,25.1
6,2018-10-19,1.30,1.30,14.6,25.2
6,2018-10-20,1.00,1.00,19.5,24.9
6,2018-10-21,0.60,0.60,20.8,25.4
6,2018-10-22,0.70,0.70,23.2,25.3
6,2018-10-23,2.80,2.80,21.9,25.2
6,2018-10-24,1.80,1.80,25.1,25.3
6,2018-10-25,4.30,4.30,20.8,24.9
6,2018-10-26,1.80,1.80,21.5,25.1
6,2018-10-27,1.10,1.10,25.2,25.7
6,2018-10-28,0.60,0.60,24.4,25.8
6,2018-10-29,2.80,2.80,15.3,25.7
6,2018-10-30,13.80,13.80,22.4,24.8
6,2018-10-31,2.70,2.70,12.8,25.0
6,2018-11-01,1.30,1.30,17.2,25.3
6,2018-11-02,1.80,1.80,19.1,25.1
6,2018-11-03,0.80,0.80,25.6,24.7
6,2018-11-04,2.70,2.70,23.4,24.5
6,2018-11-05,1.10,1.10,22.5,25.0
6,2018-11-06,1.40,1.40,19.8,24.6
6,2018-11-07,0.70,0.70,14.0,24.6
6,2018-11-08,1.40,1.40,13.2,24.9
6,2018-11-09,4.80,4.80,14.5,24.2
6,2018-11-10,10.70,10.70,25.6,23.1
6,2018-11-11,1.40,1.40,24.9,23.4
6,2018-11-12,0.70,0.70,22.9,23.6
6,2018-11-13,0.50,0.50,23.1,24.1
6,2018-11-14,1.30,1.30,14.5,23.8
6,2018-11-15,1.50,1.50,14.5,24.1
6,2018-11-16,5.10,5.10,25.0,24.0
6,2018-11-17,6.90,6.90,28.6,23.5
6,2018-11-18,0.40,0.40,28.6,24.0
6,2018-11-19,0.60,0.60,29.0,23.7
6,2018-11-20,4.00,4.00,30.2,23.2
6,2018-11-21,1.90,1.90,27.7,23.8
6,2018-11-22,1.60,1.60,23.0,23.7
6,2018-11-23,0.00,0.00,20.6,24.2
6,2018-11-24,0.00,0.00,18.1,24.2
6,2018-11-25,0.00,0.00,10.6,24.1
6,2018-11-26,0.70,0.70,19.3,23.7
6,2018-11-27,1.80,1.80,22.4,23.7
6,2018-11-28,0.30,0.30,27.5,24.1
6,2018-11-29,0.80,0.80,10.9,23.4
6,2018-11-30,13.80,13.80,17.1,23.6
6,2018-12-01,5.20,5.20,13.9,23.3
6,2018-12-02,0.00,0.00,18.4,23.2
6,2018-12-03,0.40,0.40,28.6,23.4
6,2018-12-04,0.50,0.50,28.1,23.9
6,2018-12-05,0.00,0.00,27.7,23.8
6,2018-12-06,0.50,0.50,24.3,23.6
6,2018-12-07,5.50,5.50,24.3,22.5
6,2018-12-08,7.00,7.00,31.8,22.3
6,2018-12-09,1.50,1.50,30.8,22.8
6,2018-12-10,3.20,3.20,33.7,22.8
6,2018-12-11,2.90,2.90,32.7,23.2
6,2018-12-12,2.10,2.10,27.5,23.2
6,2018-12-13,0.20,0.20,34.3,23.3
6,2018-12-14,0.00,0.00,28.9,23.2
6,2018-12-15,0.00,0.00,29.5,23.1
6,2018-12-16,0.00,0.00,26.0,22.9
6,2018-12-17,0.00,0.00,21.3,22.6
6,2018-12-18,6.50,6.50,24.5,21.6
6,2018-12-19,1.90,1.90,28.8,21.6
6,2018-12-20,0.00,0.00,21.6,22.1
6,2018-12-21,0.60,0.60,21.0,22.4
6,2018-12-22,0.40,0.40,21.0,23.4
6,2018-12-23,0.40,0.40,29.1,23.5
6,2018-12-24,2.80,2.80,25.3,23.1
6,2018-12-25,3.00,3.00,24.5,23.2
6,2018-12-26,1.20,1.20,13.0,23.3
6,2018-12-27,0.00,0.00,10.7,23.0
6,2018-12-28,14.30,14.30,13.4,22.2
6,2018-12-29,1.10,1.10,25.7,23.7
6,2018-12-30,0.50,0.50,27.5,23.9
6,2018-12-31,2.10,2.10,29.5,23.4
6,2019-01-01,0.70,0.70,29.2,23.3
6,2019-01-02,0.00,0.00,28.1,23.4
6,2019-01-03,0.50,0.50,27.5,22.9
6,2019-01-04,0.00,0.00,30.0,23.1
6,2019-01-05,0.00,0.00,25.3,22.8
6,2019-01-06,0.30,0.30,11.7,21.4
6,2019-01-07,0.10,0.10,16.5,21.4
6,2019-01-08,0.00,0.00,15.2,22.0
6,2019-01-09,1.30,1.30,12.0,21.8
6,2019-01-10,2.80,2.80,18.8,21.8
6,2019-01-11,0.00,0.00,12.2,21.9
6,2019-01-12,0.10,0.10,15.2,22.6
6,2019-01-13,0.50,0.50,14.8,22.3
6,2019-01-14,0.00,0.00,13.2,21.9
6,2019-01-15,0.70,0.70,13.0,21.1
6,2019-01-16,0.10,0.10,17.7,21.6
6,2019-01-17,7.20,7.20,24.7,22.8
6,2019-01-18,4.30,4.30,18.9,21.5
6,2019-01-19,0.30,0.30,26.6,22.4
6,2019-01-20,0.20,0.20,13.3,23.0
6,2019-01-21,0.10,0.10,12.4,22.4
6,2019-01-22,0.80,0.80,13.8,22.9
6,2019-01-23,0.40,0.40,14.3,23.1
6,2019-01-24,1.20,1.20,13.1,22.4
6,2019-01-25,8.40,8.40,25.6,21.3
6,2019-01-26,0.20,0.20,27.7,20.6
6,2019-01-27,0.30,0.30,27.2,20.5
6,2019-01-28,0.10,0.10,32.3,20.7
6,2019-01-29,3.60,3.60,29.7,21.2
6,2019-01-30,12.60,12.60,28.0,21.4
6,2019-01-31,12.90,12.90,32.2,21.3
6,2019-02-01,10.80,10.80,26.4,21.8
6,2019-02-02,5.50,5.50,26.0,21.8
6,2019-02-03,2.50,2.50,18.4,21.6
6,2019-02-04,0.90,0.90,23.0,21.3
6,2019-02-05,0.40,0.40,22.0,21.2
6,2019-02-06,2.70,2.70,14.9,21.7
6,2019-02-07,9.60,9.60,15.8,21.6
6,2019-02-08,3.40,3.40,25.5,21.3
6,2019-02-09,6.30,6.30,34.0,18.5
6,2019-02-10,11.10,11.10,46.6,17.7
6,2019-02-11,2.10,2.10,28.7,20.0
6,2019-02-12,3.80,3.80,19.1,19.7
6,2019-02-13,14.60,14.60,23.9,18.0
6,2019-02-14,11.50,11.50,28.5,17.8
6,2019-02-15,7.40,7.40,28.2,19.7
6,2019-02-16,4.90,4.90,20.9,20.3
6,2019-02-17,8.70,8.70,22.6,20.1
6,2019-02-18,3.50,3.50,11.9,20.5
6,2019-02-19,11.40,11.40,20.2,20.8
6,2019-02-20,1.10,1.10,13.0,21.4
6,2019-02-21,0.30,0.30,13.7,20.8
6,2019-02-22,0.00,0.00,15.5,21.1
6,2019-02-23,0.60,0.60,17.9,21.6
6,2019-02-24,0.00,0.00,20.2,21.4
6,2019-02-25,4.40,4.40,18.8,20.3
6,2019-02-26,2.90,2.90,18.4,20.2
6,2019-02-27,4.10,4.10,25.3,19.5
6,2019-02-28,1.00,1.00,23.0,19.1
6,2019-03-01,0.70,0.70,20.3,19.5
6,2019-03-02,1.30,1.30,18.9,20.1
6,2019-03-03,1.10,1.10,22.4,20.3
6,2019-03-04,0.30,0.30,25.6,20.3
6,2019-03-05,1.10,1.10,29.3,20.4
6,2019-03-06,1.60,1.60,29.5,21.0
6,2019-03-07,1.40,1.40,30.6,21.4
6,2019-03-08,1.50,1.50,32.8,21.2
6,2019-03-09,1.80,1.80,30.5,21.6
6,2019-03-10,1.80,1.80,33.8,22.1
6,2019-03-11,0.90,0.90,31.7,22.0
6,2019-03-12,1.90,1.90,22.3,21.5
6,2019-03-13,1.20,1.20,20.4,21.9
6,2019-03-14,0.00,0.00,19.5,22.5
6,2019-03-15,0.00,0.00,18.3,22.3
6,2019-03-16,0.00,0.00,16.5,21.5
6,2019-03-17,2.30,2.30,23.4,21.0
6,2019-03-18,0.00,0.00,21.9,21.1
6,2019-03-19,1.50,1.50,21.0,21.6
6,2019-03-20,0.40,0.40,14.9,22.0
6,2019-03-21,0.00,0.00,18.7,22.2
6,2019-03-22,0.00,0.00,19.8,22.4
6,2019-03-23,1.00,1.00,21.3,22.3
6,2019-03-24,0.10,0.10,22.3,23.0
6,2019-03-25,1.60,1.60,21.3,22.3
6,2019-03-26,0.00,0.00,20.2,22.6
6,2019-03-27,5.00,5.00,14.5,22.3
6,2019-03-28,1.50,1.50,14.1,21.8
6,2019-03-29,2.30,2.30,15.2,21.2
6,2019-03-30,0.10,0.10,15.5,21.4
6,2019-03-31,0.90,0.90,17.9,22.2
6,2019-04-01,0.20,0.20,17.0,21.8
6,2019-04-02,2.80,2.80,25.0,22.1
6,2019-04-03,0.00,0.00,20.8,22.5
6,2019-04-04,0.00,0.00,24.1,23.0
6,2019-04-05,0.00,0.00,15.6,22.4
6,2019-04-06,0.90,0.90,19.7,22.6
6,2019-04-07,0.20,0.20,17.6,22.8
6,2019-04-08,0.70,0.70,18.2,23.5
6,2019-04-09,2.70,2.70,24.1,23.6
6,2019-04-10,5.10,5.10,29.4,23.3
6,2019-04-11,4.90,4.90,32.2,23.0
6,2019-04-12,1.90,1.90,31.5,23.1
6,2019-04-13,8.10,8.10,33.2,22.6
6,2019-04-14,1.00,1.00,30.0,22.8
6,2019-04-15,0.30,0.30,26.9,22.9
6,2019-04-16,0.60,0.60,20.2,23.2
6,2019-04-17,1.50,1.50,21.1,23.3
6,2019-04-18,0.00,0.00,22.7,23.7
6,2019-04-19,0.10,0.10,24.6,23.8
6,2019-04-20,1.60,1.60,27.2,23.5
6,2019-04-21,0.20,0.20,26.5,24.1
6,2019-04-22,0.10,0.10,24.9,24.0
6,2019-04-23,0.20,0.20,23.2,24.0
6,2019-04-24,0.00,0.00,22.0,23.7
6,2019-04-25,0.50,0.50,20.2,23.8
6,2019-04-26,1.80,1.80,18.9,23.9
6,2019-04-27,3.80,3.80,8.7,23.8
6,2019-04-28,12.90,12.90,9.4,23.3
6,2019-04-29,4.00,4.00,17.5,23.0
6,2019-04-30,0.20,0.20,21.1,23.6
6,2019-05-01,2.90,2.90,20.2,23.1
6,2019-05-02,7.80,7.80,18.9,23.2
6,2019-05-03,6.20,6.20,13.3,23.9
6,2019-05-04,25.20,25.20,23.5,21.4
6,2019-05-05,1.30,1.30,22.9,21.1
6,2019-05-06,0.30,0.30,16.6,21.8
6,2019-05-07,0.00,0.00,13.6,22.6
6,2019-05-08,2.90,2.90,10.7,23.0
6,2019-05-09,0.00,0.00,17.6,23.3
6,2019-05-10,0.40,0.40,18.6,23.9
6,2019-05-11,0.80,0.80,16.8,24.2
6,2019-05-12,0.10,0.10,17.3,24.4
6,2019-05-13,0.80,0.80,17.6,25.1
6,2019-05-14,2.60,2.60,17.9,24.7
6,2019-05-15,4.30,4.30,21.8,24.1
6,2019-05-16,0.60,0.60,20.6,24.8
6,2019-05-17,2.10,2.10,21.9,24.8
6,2019-05-18,2.10,2.10,23.9,24.9
6,2019-05-19,1.80,1.80,23.8,24.9
6,2019-05-20,2.00,2.00,22.8,25.4
6,2019-05-21,0.00,0.00,15.8,25.0
6,2019-05-22,0.00,0.00,21.3,25.8
6,2019-05-23,1.60,1.60,21.4,25.6
6,2019-05-24,0.60,0.60,25.9,25.6
6,2019-05-25,0.70,0.70,23.4,25.5
6,2019-05-26,0.00,0.00,21.6,25.5
6,2019-05-27,1.50,1.50,15.5,25.5
6,2019-05-28,4.10,4.10,15.6,25.2
6,2019-05-29,0.00,0.00,18.5,25.9
6,2019-05-30,0.00,0.00,22.8,25.6
6,2019-05-31,1.60,1.60,23.9,25.5
6,2019-06-01,3.20,3.20,25.6,25.0
6,2019-06-02,1.10,1.10,24.8,25.2
6,2019-06-03,0.30,0.30,25.1,25.1
6,2019-06-04,1.80,1.80,22.5,24.6
6,2019-06-05,1.00,1.00,24.5,25.8
6,2019-06-06,0.70,0.70,23.3,26.1
6,2019-06-07,0.00,0.00,20.7,26.1
6,2019-06-08,0.00,0.00,20.4,25.6
6,2019-06-09,0.20,0.20,17.9,25.8
6,2019-06-10,0.00,0.00,19.2,26.0
6,2019-06-11,0.00,0.00,20.2,26.0
6,2019-06-12,0.20,0.20,20.1,25.9
6,2019-06-13,0.00,0.00,20.5,26.2
6,2019-06-14,0.10,0.10,23.1,25.9
6,2019-06-15,0.00,0.00,24.3,26.1
6,2019-06-16,0.30,0.30,22.3,25.6
6,2019-06-17,4.30,4.30,19.7,26.0
6,2019-06-18,0.30,0.30,26.0,26.8
6,2019-06-19,0.90,0.90,24.9,26.2
6,2019-06-20,0.00,0.00,22.7,25.9
6,2019-06-21,7.20,7.20,13.9,25.3
6,2019-06-22,11.80,11.80,14.9,26.6
6,2019-06-23,1.80,1.80,13.6,26.9
6,2019-06-24,2.90,2.90,11.1,26.9
6,2019-06-25,68.80,68.80,15.6,25.4
6,2019-06-26,81.90,81.90,18.8,25.8
6,2019-06-27,1.70,1.70,17.0,26.9
6,2019-06-28,0.60,0.60,20.9,26.2
6,2019-06-29,0.00,0.00,23.3,26.3
6,2019-06-30,1.80,1.80,21.1,25.8
6,2019-07-01,0.00,0.00,19.9,26.2
6,2019-07-02,0.40,0.40,19.8,26.1
6,2019-07-03,0.00,0.00,18.7,26.4
6,2019-07-04,2.50,2.50,11.0,26.0
6,2019-07-05,0.00,0.00,13.2,26.8
6,2019-07-06,0.10,0.10,21.3,26.8
6,2019-07-07,0.00,0.00,24.5,26.5
6,2019-07-08,5.80,5.80,26.6,26.0
6,2019-07-09,1.60,1.60,22.3,26.7
6,2019-07-10,0.00,0.00,20.4,26.6
6,2019-07-11,0.70,0.70,22.3,26.4
6,2019-07-12,0.00,0.00,23.6,26.3
6,2019-07-13,1.70,1.70,21.5,26.2
6,2019-07-14,0.60,0.60,25.6,26.5
6,2019-07-15,1.20,1.20,20.9,26.1
6,2019-07-16,1.40,1.40,23.1,26.8
6,2019-07-17,0.90,0.90,30.2,26.6
6,2019-07-18,0.40,0.40,31.8,26.7
6,2019-07-19,1.30,1.30,28.3,26.8
6,2019-07-20,0.80,0.80,25.9,26.3
6,2019-07-21,0.10,0.10,28.0,26.6
6,2019-07-22,0.10,0.10,28.9,26.5
6,2019-07-23,0.00,0.00,28.4,27.0
6,2019-07-24,0.00,0.00,25.7,27.1
6,2019-07-25,1.00,1.00,23.5,26.3
6,2019-07-26,1.30,1.30,25.9,26.2
6,2019-07-27,0.70,0.70,24.1,26.5
6,2019-07-28,0.20,0.20,26.1,26.2
6,2019-07-29,1.60,1.60,23.7,26.5
6,2019-07-30,0.90,0.90,25.9,26.7
6,2019-07-31,3.80,3.80,26.9,26.0
6,2019-08-01,1.30,1.30,32.0,26.4
6,2019-08-02,2.50,2.50,32.1,26.9
6,2019-08-03,0.00,0.00,27.1,27.6
6,2019-08-04,3.00,3.00,18.4,27.7
6,2019-08-05,0.60,0.60,18.7,27.1
6,2019-08-06,5.10,5.10,10.7,26.9
6,2019-08-07,5.30,5.30,11.6,27.0
6,2019-08-08,0.00,0.00,16.5,27.2
6,2019-08-09,0.30,0.30,17.4,27.5
6,2019-08-10,0.40,0.40,15.4,27.7
6,2019-08-11,0.20,0.20,17.7,28.0
6,2019-08-12,0.00,0.00,22.0,27.5
6,2019-08-13,0.60,0.60,21.0,27.1
6,2019-08-14,0.80,0.80,19.3,26.9
6,2019-08-15,0.40,0.40,22.7,27.0
6,2019-08-16,1.70,1.70,25.3,26.9
6,2019-08-17,0.00,0.00,24.2,27.3
6,2019-08-18,0.00,0.00,20.4,26.9
6,2019-08-19,0.40,0.40,17.8,26.4
6,2019-08-20,0.10,0.10,23.2,26.8
6,2019-08-21,1.50,1.50,24.2,26.9
6,2019-08-22,0.70,0.70,22.9,27.0
6,2019-08-23,1.40,1.40,23.3,27.2
6,2019-08-24,0.00,0.00,27.8,27.2
6,2019-08-25,1.60,1.60,30.0,26.9
6,2019-08-26,0.30,0.30,24.7,27.3
6,2019-08-27,0.10,0.10,18.9,27.2
6,2019-08-28,0.20,0.20,16.3,27.1
6,2019-08-29,0.00,0.00,16.9,27.4
6,2019-08-30,0.00,0.00,19.9,27.3
6,2019-08-31,1.00,1.00,18.9,27.5
6,2019-09-01,1.70,1.70,19.1,26.7
6,2019-09-02,0.00,0.00,22.5,27.3
6,2019-09-03,0.00,0.00,20.1,27.1
6,2019-09-04,0.60,0.60,24.4,27.1
6,2019-09-05,0.00,0.00,26.9,27.4
6,2019-09-06,0.70,0.70,27.9,27.1
6,2019-09-07,0.60,0.60,29.2,27.2
6,2019-09-08,4.40,4.40,28.2,26.8
6,2019-09-09,0.00,0.00,28.6,27.3
6,2019-09-10,0.30,0.30,24.8,27.0
6,2019-09-11,0.00,0.00,20.0,27.0
6,2019-09-12,1.50,1.50,20.2,26.7
6,2019-09-13,0.90,0.90,17.6,26.4
6,2019-09-14,2.20,2.20,15.2,27.1
6,2019-09-15,2.20,2.20,19.7,27.2
6,2019-09-16,0.80,0.80,22.3,27.8
6,2019-09-17,0.10,0.10,22.9,27.6
6,2019-09-18,0.00,0.00,24.1,27.5
6,2019-09-19,0.40,0.40,21.0,27.4
6,2019-09-20,4.00,4.00,23.4,26.1
6,2019-09-21,2.70,2.70,25.3,26.2
6,2019-09-22,0.30,0.30,18.1,27.1
6,2019-09-23,3.20,3.20,22.5,27.3
6,2019-09-24,0.00,0.00,23.2,27.5
6,2019-09-25,4.80,4.80,12.8,26.5
6,2019-09-26,10.60,10.60,9.6,26.8
6,2019-09-27,0.60,0.60,20.0,27.3
6,2019-09-28,2.60,2.60,20.9,27.1
6,2019-09-29,1.20,1.20,22.9,26.5
6,2019-09-30,3.80,3.80,20.9,26.1
6,2019-10-01,3.30,3.30,25.9,26.0
6,2019-10-02,4.30,4.30,29.9,25.9
6,2019-10-03,5.20,5.20,28.2,25.8
6,2019-10-04,3.00,3.00,27.0,26.3
6,2019-10-05,2.00,2.00,15.0,25.2
6,2019-10-06,0.00,0.00,15.2,25.2
6,2019-10-07,2.60,2.60,13.0,24.9
6,2019-10-08,1.50,1.50,15.9,25.6
6,2019-10-09,0.00,0.00,17.7,26.8
6,2019-10-10,3.00,3.00,20.6,27.6
6,2019-10-11,4.70,4.70,24.4,27.1
6,2019-10-12,0.00,0.00,29.7,26.9
6,2019-10-13,0.50,0.50,23.3,26.7
6,2019-10-14,0.50,0.50,24.0,26.7
6,2019-10-15,0.80,0.80,23.6,26.0
6,2019-10-16,7.10,7.10,19.8,25.5
6,2019-10-17,1.90,1.90,23.1,26.0
6,2019-10-18,1.10,1.10,24.5,25.9
6,2019-10-19,0.80,0.80,25.6,26.2
6,2019-10-20,1.00,1.00,20.6,26.9
6,2019-10-21,0.10,0.10,22.0,26.8
6,2019-10-22,0.00,0.00,28.4,26.6
6,2019-10-23,0.20,0.20,20.4,26.3
6,2019-10-24,0.20,0.20,18.5,26.3
6,2019-10-25,0.10,0.10,18.9,26.3
6,2019-10-26,0.00,0.00,22.0,26.7
6,2019-10-27,0.20,0.20,20.5,25.9
6,2019-10-28,0.00,0.00,19.5,25.7
6,2019-10-29,2.00,2.00,12.1,25.2
6,2019-10-30,4.70,4.70,11.6,24.4
6,2019-10-31,2.60,2.60,11.2,24.8
6,2019-11-01,3.60,3.60,13.4,25.1
6,2019-11-02,0.10,0.10,17.9,25.6
6,2019-11-03,2.50,2.50,12.1,24.9
6,2019-11-04,4.70,4.70,9.4,24.6
6,2019-11-05,0.00,0.00,12.7,25.0
6,2019-11-06,2.10,2.10,19.5,25.2
6,2019-11-07,2.30,2.30,19.5,24.4
6,2019-11-08,0.40,0.40,13.2,23.9
6,2019-11-09,0.40,0.40,16.6,23.4
6,2019-11-10,0.00,0.00,16.0,25.0
6,2019-11-11,0.10,0.10,14.5,25.2
6,2019-11-12,0.00,0.00,15.2,25.4
6,2019-11-13,0.00,0.00,16.5,25.0
6,2019-11-14,0.00,0.00,9.9,25.5
6,2019-11-15,0.10,0.10,17.9,25.7
6,2019-11-16,2.70,2.70,13.0,25.3
6,2019-11-17,4.70,4.70,21.8,23.8
6,2019-11-18,1.20,1.20,19.7,24.8
6,2019-11-19,19.60,19.60,22.0,24.4
6,2019-11-20,2.00,2.00,22.5,25.1
6,2019-11-21,4.20,4.20,27.9,24.7
6,2019-11-22,2.90,2.90,31.7,25.2
6,2019-11-23,3.50,3.50,34.5,24.9
6,2019-11-24,0.10,0.10,29.2,25.4
6,2019-11-25,1.40,1.40,26.6,25.5
6,2019-11-26,0.00,0.00,21.5,25.9
6,2019-11-27,5.60,5.60,13.0,25.3
6,2019-11-28,0.00,0.00,22.3,25.4
6,2019-11-29,0.40,0.40,25.4,25.0
6,2019-11-30,1.60,1.60,33.0,24.6
6,2019-12-01,4.80,4.80,31.8,23.7
6,2019-12-02,1.50,1.50,26.0,23.7
6,2019-12-03,1.10,1.10,23.5,24.0
6,2019-12-04,1.10,1.10,21.0,23.8
6,2019-12-05,0.30,0.30,24.1,24.1
6,2019-12-06,8.90,8.90,19.6,23.3
6,2019-12-07,0.00,0.00,14.5,23.7
6,2019-12-08,0.00,0.00,12.2,23.2
6,2019-12-09,0.00,0.00,12.2,23.9
6,2019-12-10,0.00,0.00,12.3,23.6
6,2019-12-11,0.00,0.00,14.0,24.5
6,2019-12-12,2.60,2.60,17.2,24.2
6,2019-12-13,5.90,5.90,28.5,24.1
6,2019-12-14,4.00,4.00,27.7,24.0
6,2019-12-15,1.60,1.60,22.6,24.1
6,2019-12-16,3.80,3.80,29.0,24.0
6,2019-12-17,2.40,2.40,34.4,24.3
6,2019-12-18,0.40,0.40,28.6,24.5
6,2019-12-19,2.90,2.90,22.4,23.8
6,2019-12-20,7.10,7.10,36.7,23.1
6,2019-12-21,9.80,9.80,39.2,22.9
6,2019-12-22,0.60,0.60,32.0,23.6
6,2019-12-23,0.30,0.30,23.6,24.4
6,2019-12-24,2.70,2.70,25.7,24.3
6,2019-12-25,83.00,83.00,33.9,23.8
6,2019-12-26,1.00,1.00,16.6,24.1
6,2019-12-27,6.10,6.10,25.0,23.3
6,2019-12-28,1.30,1.30,25.6,24.3
6,2019-12-29,0.10,0.10,25.8,24.6
6,2019-12-30,0.00,0.00,25.6,24.2
6,2019-12-31,0.90,0.90,28.1,23.9
6,2020-01-01,1.50,1.50,15.5,22.8
6,2020-01-02,8.60,8.60,22.6,22.0
6,2020-01-03,5.90,5.90,28.4,22.5
6,2020-01-04,7.60,7.60,28.9,22.9
6,2020-01-05,2.90,2.90,33.4,23.5
6,2020-01-06,4.60,4.60,31.4,23.5
6,2020-01-07,2.30,2.30,38.7,23.1
6,2020-01-08,1.00,1.00,34.2,23.1
6,2020-01-09,10.00,10.00,40.3,22.5
6,2020-01-10,6.20,6.20,34.8,22.1
6,2020-01-11,6.10,6.10,31.7,22.7
6,2020-01-12,9.40,9.40,36.4,23.0
6,2020-01-13,2.00,2.00,36.8,23.9
6,2020-01-14,1.40,1.40,36.0,23.7
6,2020-01-15,2.30,2.30,31.3,23.0
6,2020-01-16,1.20,1.20,19.1,22.7
6,2020-01-17,4.20,4.20,28.3,21.9
6,2020-01-18,0.70,0.70,26.9,21.9
6,2020-01-19,0.10,0.10,27.9,22.3
6,2020-01-20,1.40,1.40,25.3,22.6
6,2020-01-21,0.00,0.00,13.8,22.6
6,2020-01-22,0.00,0.00,12.2,21.8
6,2020-01-23,0.00,0.00,13.0,21.8
6,2020-01-24,0.00,0.00,11.6,21.7
6,2020-01-25,0.40,0.40,18.0,22.9
6,2020-01-26,0.00,0.00,19.2,23.4
6,2020-01-27,0.00,0.00,19.6,23.4
6,2020-01-28,0.00,0.00,15.1,22.5
6,2020-01-29,0.00,0.00,12.4,22.9
6,2020-01-30,0.00,0.00,12.0,23.0
6,2020-01-31,0.00,0.00,15.5,23.0
6,2020-02-01,3.60,3.60,24.3,22.1
6,2020-02-02,1.00,1.00,22.3,22.6
6,2020-02-03,0.00,0.00,21.7,23.5
6,2020-02-04,1.60,1.60,16.9,22.9
6,2020-02-05,8.70,8.70,12.0,22.2
6,2020-02-06,23.30,23.30,29.3,20.2
6,2020-02-07,6.50,6.50,21.5,19.9
6,2020-02-08,4.30,4.30,21.4,19.9
6,2020-02-09,6.40,6.40,33.2,20.8
6,2020-02-10,28.10,28.10,37.2,19.0
6,2020-02-11,6.70,6.70,25.8,20.7
6,2020-02-12,2.60,2.60,20.7,21.8
6,2020-02-13,1.40,1.40,25.2,24.2
6,2020-02-14,0.40,0.40,30.9,23.9
6,2020-02-15,0.10,0.10,27.2,23.4
6,2020-02-16,0.50,0.50,30.8,22.7
6,2020-02-17,3.50,3.50,30.2,22.0
6,2020-02-18,1.70,1.70,31.6,22.3
6,2020-02-19,3.80,3.80,35.4,22.3
6,2020-02-20,1.80,1.80,34.3,22.1
6,2020-02-21,0.10,0.10,27.7,22.8
6,2020-02-22,0.20,0.20,20.3,22.9
6,2020-02-23,0.00,0.00,16.9,22.3
6,2020-02-24,0.80,0.80,17.3,22.0
6,2020-02-25,2.00,2.00,27.1,22.7
6,2020-02-26,0.50,0.50,31.9,22.7
6,2020-02-27,0.30,0.30,28.7,22.1
6,2020-02-28,0.40,0.40,32.0,22.0
6,2020-02-29,8.00,8.00,35.3,21.7
6,2020-03-01,11.30,11.30,37.2,21.0
6,2020-03-02,7.00,7.00,32.9,21.5
6,2020-03-03,0.90,0.90,18.4,22.7
6,2020-03-04,1.60,1.60,15.7,22.8
6,2020-03-05,3.50,3.50,21.7,21.8
6,2020-03-06,13.30,13.30,35.7,22.0
6,2020-03-07,1.80,1.80,34.1,22.0
6,2020-03-08,0.40,0.40,31.4,21.7
6,2020-03-09,2.80,2.80,24.3,21.0
6,2020-03-10,0.50,0.50,14.4,22.2
6,2020-03-11,0.80,0.80,14.8,21.5
6,2020-03-12,8.90,8.90,8.9,21.4
6,2020-03-13,4.40,4.40,16.4,21.6
6,2020-03-14,2.00,2.00,15.8,22.0
6,2020-03-15,3.50,3.50,14.9,23.3
6,2020-03-16,12.90,12.90,15.8,22.7
6,2020-03-17,20.80,20.80,17.1,22.4
6,2020-03-18,18.30,18.30,18.9,22.7
6,2020-03-19,1.90,1.90,18.9,22.8
6,2020-03-20,2.00,2.00,13.0,23.2
6,2020-03-21,0.70,0.70,18.9,23.3
6,2020-03-22,0.60,0.60,26.8,23.0
6,2020-03-23,0.80,0.80,36.3,22.6
6,2020-03-24,0.90,0.90,33.9,22.3
6,2020-03-25,3.50,3.50,33.6,22.2
6,2020-03-26,2.70,2.70,35.6,21.7
6,2020-03-27,7.40,7.40,24.9,21.1
6,2020-03-28,2.50,2.50,23.0,22.4
6,2020-03-29,0.50,0.50,21.0,22.3
6,2020-03-30,0.90,0.90,22.0,22.8
6,2020-03-31,0.00,0.00,18.0,22.7
6,2020-04-01,2.40,2.40,16.3,22.3
6,2020-04-02,2.30,2.30,11.1,23.1
6,2020-04-03,2.80,2.80,11.2,22.9
6,2020-04-04,6.50,6.50,7.6,22.8
6,2020-04-05,2.50,2.50,9.5,23.1
6,2020-04-06,3.30,3.30,17.6,23.1
6,2020-04-07,0.40,0.40,17.3,23.2
6,2020-04-08,0.70,0.70,16.7,22.7
6,2020-04-09,0.00,0.00,16.4,22.5
6,2020-04-10,0.20,0.20,21.5,22.9
6,2020-04-11,2.00,2.00,17.1,23.1
6,2020-04-12,0.00,0.00,17.9,22.9
6,2020-04-13,4.30,4.30,18.0,23.2
6,2020-04-14,23.50,23.50,10.1,23.3
6,2020-04-15,0.10,0.10,26.3,24.3
6,2020-04-16,0.40,0.40,30.6,23.8
6,2020-04-17,0.00,0.00,20.8,23.8
6,2020-04-18,0.00,0.00,18.0,23.7
6,2020-04-19,0.30,0.30,12.3,23.2
6,2020-04-20,1.90,1.90,15.4,23.1
6,2020-04-21,0.30,0.30,13.9,23.0
6,2020-04-22,0.20,0.20,17.7,23.9
6,2020-04-23,0.30,0.30,24.5,24.3
6,2020-04-24,2.00,2.00,25.3,23.8
6,2020-04-25,0.00,0.00,25.5,23.9
6,2020-04-26,0.10,0.10,26.0,24.0
6,2020-04-27,0.80,0.80,24.0,23.8
6,2020-04-28,1.00,1.00,29.0,23.8
6,2020-04-29,1.90,1.90,28.2,23.5
6,2020-04-30,0.00,0.00,33.0,24.1
6,2020-05-01,0.00,0.00,29.7,24.0
6,2020-05-02,0.30,0.30,27.3,24.0
6,2020-05-03,0.70,0.70,27.7,23.8
6,2020-05-04,0.00,0.00,27.4,24.2
6,2020-05-05,0.10,0.10,25.0,24.3
6,2020-05-06,0.90,0.90,18.7,24.1
6,2020-05-07,6.30,6.30,25.1,22.8
6,2020-05-08,0.30,0.30,22.9,23.4
6,2020-05-09,0.70,0.70,21.4,23.3
6,2020-05-10,0.10,0.10,20.7,23.7
6,2020-05-11,1.90,1.90,28.1,23.6
6,2020-05-12,0.50,0.50,19.9,23.9
6,2020-05-13,0.70,0.70,17.0,24.5
6,2020-05-14,0.80,0.80,13.0,23.9
6,2020-05-15,0.00,0.00,19.0,24.6
6,2020-05-16,0.00,0.00,22.3,25.0
6,2020-05-17,0.20,0.20,22.7,25.0
6,2020-05-18,5.30,5.30,24.5,23.6
6,2020-05-19,1.70,1.70,27.3,24.4
6,2020-05-20,2.90,2.90,26.3,24.0
6,2020-05-21,5.10,5.10,23.5,23.9
6,2020-05-22,0.90,0.90,24.6,24.2
6,2020-05-23,2.80,2.80,22.0,24.4
6,2020-05-24,0.00,0.00,22.0,24.8
6,2020-05-25,2.60,2.60,16.5,24.6
6,2020-05-26,0.60,0.60,16.7,24.7
6,2020-05-27,1.70,1.70,18.7,24.3
6,2020-05-28,0.00,0.00,26.1,24.9
6,2020-05-29,0.40,0.40,21.3,24.8
6,2020-05-30,0.60,0.60,22.3,24.6
6,2020-05-31,1.10,1.10,27.2,24.7
6,2020-06-01,0.50,0.50,18.3,25.3
6,2020-06-02,0.60,0.60,21.5,26.0
6,2020-06-03,1.10,1.10,22.6,25.8
6,2020-06-04,2.00,2.00,27.4,25.2
6,2020-06-05,1.10,1.10,28.6,25.1
6,2020-06-06,2.30,2.30,28.8,24.8
6,2020-06-07,2.50,2.50,23.5,25.0
6,2020-06-08,0.00,0.00,23.4,25.1
6,2020-06-09,1.80,1.80,25.9,25.1
6,2020-06-10,0.80,0.80,30.7,25.2
6,2020-06-11,0.50,0.50,34.1,25.1
6,2020-06-12,0.60,0.60,32.6,25.3
6,2020-06-13,0.00,0.00,31.4,25.5
6,2020-06-14,1.10,1.10,27.1,24.8
6,2020-06-15,0.30,0.30,28.6,25.3
6,2020-06-16,2.80,2.80,25.5,24.5
6,2020-06-17,0.70,0.70,24.0,25.0
6,2020-06-18,0.80,0.80,31.3,25.3
6,2020-06-19,1.50,1.50,30.7,24.7
6,2020-06-20,1.20,1.20,25.6,24.6
6,2020-06-21,0.10,0.10,23.4,24.9
6,2020-06-22,0.00,0.00,22.7,25.1
6,2020-06-23,0.20,0.20,24.0,25.2
6,2020-06-24,4.40,4.40,20.9,25.1
6,2020-06-25,0.00,0.00,26.7,26.0
6,2020-06-26,0.10,0.10,23.9,25.9
6,2020-06-27,2.30,2.30,22.3,25.1
6,2020-06-28,0.00,0.00,20.4,25.7
6,2020-06-29,0.00,0.00,19.9,26.0
6,2020-06-30,0.00,0.00,22.9,26.2
6,2020-07-01,1.30,1.30,25.6,25.7
6,2020-07-02,1.30,1.30,20.9,25.2
6,2020-07-03,0.70,0.70,19.1,25.2
6,2020-07-04,2.80,2.80,16.8,25.7
6,2020-07-05,0.30,0.30,17.7,26.3
6,2020-07-06,1.20,1.20,22.8,26.0
6,2020-07-07,2.40,2.40,24.1,25.1
6,2020-07-08,2.20,2.20,27.1,24.9
6,2020-07-09,3.20,3.20,23.4,25.3
6,2020-07-10,0.30,0.30,30.4,25.9
6,2020-07-11,1.60,1.60,29.4,25.3
6,2020-07-12,2.10,2.10,24.6,25.0
6,2020-07-13,3.50,3.50,24.0,24.8
6,2020-07-14,1.00,1.00,20.9,25.5
6,2020-07-15,0.30,0.30,24.1,25.8
6,2020-07-16,0.20,0.20,22.4,26.4
6,2020-07-17,0.00,0.00,20.9,27.0
6,2020-07-18,0.00,0.00,25.8,26.8
6,2020-07-19,1.00,1.00,30.5,26.2
6,2020-07-20,0.80,0.80,27.1,25.8
6,2020-07-21,3.80,3.80,17.3,24.7
6,2020-07-22,2.00,2.00,16.7,25.6
6,2020-07-23,0.50,0.50,22.0,26.0
6,2020-07-24,3.00,3.00,26.3,25.8
6,2020-07-25,2.40,2.40,29.5,25.8
6,2020-07-26,23.90,23.90,35.7,25.5
6,2020-07-27,1.50,1.50,33.5,26.3
6,2020-07-28,1.10,1.10,31.5,25.5
6,2020-07-29,1.40,1.40,25.1,25.3
6,2020-07-30,1.50,1.50,28.6,25.1
6,2020-07-31,0.30,0.30,24.4,25.5
6,2020-08-01,0.10,0.10,23.6,25.8
6,2020-08-02,0.90,0.90,24.6,25.3
6,2020-08-03,1.20,1.20,24.1,25.5
6,2020-08-04,0.30,0.30,24.6,25.7
6,2020-08-05,0.70,0.70,26.9,26.2
6,2020-08-06,3.30,3.30,23.7,25.8
6,2020-08-07,1.10,1.10,25.7,26.4
6,2020-08-08,1.40,1.40,31.3,26.0
6,2020-08-09,1.10,1.10,31.9,25.8
6,2020-08-10,1.20,1.20,26.5,25.5
6,2020-08-11,0.10,0.10,22.1,26.0
6,2020-08-12,0.00,0.00,21.3,26.0
6,2020-08-13,1.00,1.00,21.5,25.9
6,2020-08-14,0.00,0.00,21.5,26.3
6,2020-08-15,0.10,0.10,25.9,26.6
6,2020-08-16,0.10,0.10,22.1,26.3
6,2020-08-17,1.50,1.50,20.9,25.6
6,2020-08-18,0.40,0.40,24.2,25.7
6,2020-08-19,0.00,0.00,25.6,26.1
6,2020-08-20,0.00,0.00,30.0,26.6
6,2020-08-21,0.00,0.00,22.1,26.5
6,2020-08-22,0.40,0.40,23.2,26.5
6,2020-08-23,0.10,0.10,23.1,26.6
6,2020-08-24,0.30,0.30,24.1,26.7
6,2020-08-25,0.20,0.20,23.9,26.7
6,2020-08-26,0.00,0.00,22.1,26.3
6,2020-08-27,0.30,0.30,22.4,26.1
6,2020-08-28,0.20,0.20,22.8,26.2
6,2020-08-29,0.30,0.30,27.6,26.2
6,2020-08-30,0.20,0.20,28.2,26.2
6,2020-08-31,1.50,1.50,28.8,25.9
6,2020-09-01,0.10,0.10,25.5,26.1
6,2020-09-02,0.10,0.10,21.3,26.0
6,2020-09-03,0.00,0.00,20.9,26.1
6,2020-09-04,0.00,0.00,20.5,26.6
6,2020-09-05,0.30,0.30,25.3,26.4
6,2020-09-06,1.20,1.20,24.1,25.7
6,2020-09-07,0.60,0.60,22.8,26.6
6,2020-09-08,1.10,1.10,26.0,26.2
6,2020-09-09,1.90,1.90,24.1,26.0
6,2020-09-10,0.00,0.00,25.8,26.3
6,2020-09-11,0.20,0.20,23.2,26.1
6,2020-09-12,0.00,0.00,21.1,26.0
6,2020-09-13,0.00,0.00,21.3,26.1
6,2020-09-14,0.00,0.00,20.6,26.1
6,2020-09-15,0.00,0.00,19.6,26.5
6,2020-09-16,0.00,0.00,20.5,26.5
6,2020-09-17,0.00,0.00,24.0,26.4
6,2020-09-18,0.00,0.00,24.5,26.9
6,2020-09-19,1.30,1.30,22.9,26.3
6,2020-09-20,2.20,2.20,23.5,26.0
6,2020-09-21,0.60,0.60,21.7,25.9
6,2020-09-22,0.10,0.10,20.6,25.8
6,2020-09-23,1.40,1.40,24.5,26.1
6,2020-09-24,0.30,0.30,26.5,26.5
6,2020-09-25,0.70,0.70,23.4,26.3
6,2020-09-26,0.00,0.00,23.0,26.1
6,2020-09-27,0.10,0.10,19.5,26.1
6,2020-09-28,0.70,0.70,19.5,26.3
6,2020-09-29,0.00,0.00,18.9,25.9
6,2020-09-30,0.00,0.00,16.3,25.7
6,2020-10-01,0.00,0.00,17.7,26.5
6,2020-10-02,20.40,20.40,8.0,26.0
6,2020-10-03,0.20,0.20,16.9,26.7
6,2020-10-04,0.00,0.00,22.1,26.3
6,2020-10-05,0.00,0.00,19.0,26.6
6,2020-10-06,0.00,0.00,18.1,26.8
6,2020-10-07,0.20,0.20,19.5,26.7
6,2020-10-08,0.10,0.10,17.9,26.6
6,2020-10-09,3.00,3.00,16.6,26.4
6,2020-10-10,0.10,0.10,25.7,26.6
6,2020-10-11,2.70,2.70,22.6,25.9
6,2020-10-12,0.70,0.70,20.9,26.6
6,2020-10-13,0.20,0.20,24.2,26.4
6,2020-10-14,1.80,1.80,11.3,25.5
6,2020-10-15,4.10,4.10,10.5,25.7
6,2020-10-16,4.80,4.80,14.0,25.6
6,2020-10-17,2.10,2.10,12.1,25.7
6,2020-10-18,5.00,5.00,10.8,25.7
6,2020-10-19,4.00,4.00,8.2,25.9
6,2020-10-20,12.20,12.20,13.7,24.7
6,2020-10-21,6.60,6.60,11.8,25.3
6,2020-10-22,10.30,10.30,8.9,25.3
6,2020-10-23,2.90,2.90,11.2,25.6
6,2020-10-24,6.00,6.00,10.8,25.3
6,2020-10-25,1.60,1.60,11.2,26.0
6,2020-10-26,3.10,3.10,10.5,25.7
6,2020-10-27,2.80,2.80,9.4,25.1
6,2020-10-28,10.50,10.50,19.5,23.8
6,2020-10-29,0.80,0.80,15.9,24.5
6,2020-10-30,0.80,0.80,19.9,25.2
6,2020-10-31,0.80,0.80,13.5,24.9
6,2020-11-01,1.00,1.00,14.0,25.0
6,2020-11-02,0.00,0.00,18.2,25.5
6,2020-11-03,0.70,0.70,18.8,25.9
6,2020-11-04,4.80,4.80,19.7,25.8
6,2020-11-05,0.90,0.90,17.5,26.1
6,2020-11-06,0.70,0.70,23.0,25.9
6,2020-11-07,4.40,4.40,23.4,25.3
6,2020-11-08,0.80,0.80,26.4,25.7
6,2020-11-09,3.60,3.60,28.8,25.1
6,2020-11-10,1.30,1.30,29.3,25.1
6,2020-11-11,4.00,4.00,30.8,24.9
6,2020-11-12,0.20,0.20,30.1,25.1
6,2020-11-13,0.70,0.70,27.8,24.9
6,2020-11-14,0.10,0.10,21.7,25.0
6,2020-11-15,1.00,1.00,17.6,24.6
6,2020-11-16,0.90,0.90,19.2,24.5
6,2020-11-17,0.80,0.80,23.3,25.2
6,2020-11-18,12.00,12.00,24.1,24.2
6,2020-11-19,0.20,0.20,27.0,24.7
6,2020-11-20,1.70,1.70,27.0,24.9
6,2020-11-21,1.60,1.60,34.2,25.2
6,2020-11-22,2.20,2.20,39.8,24.9
6,2020-11-23,2.80,2.80,27.6,24.6
6,2020-11-24,2.10,2.10,31.4,24.5
6,2020-11-25,2.50,2.50,23.0,24.3
6,2020-11-26,2.10,2.10,21.9,24.2
6,2020-11-27,1.00,1.00,29.8,23.8
6,2020-11-28,1.30,1.30,21.8,23.4
6,2020-11-29,3.80,3.80,21.1,22.6
6,2020-11-30,1.00,1.00,18.0,23.4
6,2020-12-01,0.00,0.00,15.3,22.6
6,2020-12-02,0.00,0.00,14.2,23.3
6,2020-12-03,0.50,0.50,14.8,23.3
6,2020-12-04,2.90,2.90,28.9,24.2
6,2020-12-05,0.00,0.00,20.6,24.7
6,2020-12-06,0.10,0.10,13.0,23.7
6,2020-12-07,0.40,0.40,21.0,24.5
6,2020-12-08,0.10,0.10,27.1,24.6
6,2020-12-09,3.30,3.30,13.0,23.5
6,2020-12-10,0.40,0.40,9.9,24.1
6,2020-12-11,0.00,0.00,16.6,24.1
6,2020-12-12,0.40,0.40,26.3,24.4
6,2020-12-13,0.60,0.60,12.9,24.5
6,2020-12-14,0.50,0.50,18.8,24.5
6,2020-12-15,0.60,0.60,25.2,24.4
6,2020-12-16,3.00,3.00,25.2,23.9
6,2020-12-17,1.20,1.20,20.2,23.6
6,2020-12-18,0.40,0.40,36.0,24.0
6,2020-12-19,4.50,4.50,29.4,24.0
6,2020-12-20,3.50,3.50,23.0,23.5
6,2020-12-21,1.00,1.00,23.6,23.8
6,2020-12-22,0.00,0.00,17.1,23.5
6,2020-12-23,0.00,0.00,13.8,22.6
6,2020-12-24,1.40,1.40,16.5,22.9
6,2020-12-25,9.10,9.10,26.3,22.5
6,2020-12-26,5.70,5.70,32.4,22.3
6,2020-12-27,3.00,3.00,25.3,23.7
6,2020-12-28,1.10,1.10,17.1,23.6
6,2020-12-29,0.20,0.20,24.7,24.1
6,2020-12-30,0.30,0.30,25.9,23.7
6,2020-12-31,0.60,0.60,30.1,23.6
6,2021-01-01,2.60,2.60,36.0,23.4
6,2021-01-02,0.80,0.80,28.1,23.4
6,2021-01-03,1.20,1.20,27.3,23.4
6,2021-01-04,0.60,0.60,21.6,23.8
6,2021-01-05,0.50,0.50,20.1,23.2
6,2021-01-06,0.10,0.10,22.5,23.5
6,2021-01-07,0.10,0.10,22.0,24.1
6,2021-01-08,0.20,0.20,14.4,22.6
6,2021-01-09,0.10,0.10,13.0,23.0
6,2021-01-10,0.00,0.00,23.5,23.0
6,2021-01-11,0.00,0.00,20.1,23.7
6,2021-01-12,0.60,0.60,17.1,23.5
6,2021-01-13,1.70,1.70,18.7,23.8
6,2021-01-14,2.30,2.30,18.5,23.8
6,2021-01-15,0.00,0.00,13.0,23.2
6,2021-01-16,2.90,2.90,18.9,23.7
6,2021-01-17,8.40,8.40,29.3,23.0
6,2021-01-18,9.80,9.80,32.4,21.1
6,2021-01-19,9.70,9.70,28.7,21.5
6,2021-01-20,0.70,0.70,22.5,23.1
6,2021-01-21,3.90,3.90,26.3,23.0
6,2021-01-22,0.60,0.60,30.7,23.4
6,2021-01-23,3.00,3.00,34.6,22.8
6,2021-01-24,1.70,1.70,33.6,23.4
6,2021-01-25,2.90,2.90,32.9,23.3
6,2021-01-26,0.80,0.80,33.7,23.8
6,2021-01-27,4.20,4.20,30.3,23.3
6,2021-01-28,0.70,0.70,33.3,23.1
6,2021-01-29,2.90,2.90,29.0,22.4
6,2021-01-30,1.00,1.00,27.7,22.7
6,2021-01-31,0.80,0.80,22.2,22.7
6,2021-02-01,2.40,2.40,20.5,21.7
6,2021-02-02,2.40,2.40,12.6,22.7
6,2021-02-03,22.70,22.70,23.9,20.9
6,2021-02-04,2.20,2.20,18.7,19.9
6,2021-02-05,1.80,1.80,14.3,19.2
6,2021-02-06,0.00,0.00,15.2,20.5
6,2021-02-07,0.10,0.10,11.6,21.2
6,2021-02-08,2.80,2.80,24.4,21.1
6,2021-02-09,0.00,0.00,24.5,20.9
6,2021-02-10,0.00,0.00,20.0,21.5
6,2021-02-11,0.00,0.00,17.5,22.0
6,2021-02-12,0.50,0.50,19.8,23.2
6,2021-02-13,0.30,0.30,22.8,23.4
6,2021-02-14,3.90,3.90,14.8,23.7
6,2021-02-15,2.40,2.40,7.2,23.1
6,2021-02-16,0.10,0.10,13.6,23.2
6,2021-02-17,0.00,0.00,22.6,23.5
6,2021-02-18,1.70,1.70,24.0,22.6
6,2021-02-19,6.80,6.80,20.7,22.3
6,2021-02-20,1.90,1.90,24.8,23.2
6,2021-02-21,2.00,2.00,28.2,23.3
6,2021-02-22,0.70,0.70,28.4,23.3
6,2021-02-23,2.00,2.00,28.8,23.2
6,2021-02-24,0.80,0.80,32.3,23.1
6,2021-02-25,2.70,2.70,33.9,22.9
6,2021-02-26,1.20,1.20,33.8,23.1
6,2021-02-27,2.90,2.90,27.9,22.3
6,2021-02-28,11.70,11.70,31.9,21.8
6,2021-03-01,1.00,1.00,34.2,22.3
6,2021-03-02,4.10,4.10,35.7,21.8
6,2021-03-03,4.20,4.20,27.1,21.3
6,2021-03-04,1.60,1.60,18.9,20.7
6,2021-03-05,7.20,7.20,22.4,19.9
6,2021-03-06,6.00,6.00,24.7,20.5
6,2021-03-07,2.50,2.50,24.1,22.3
6,2021-03-08,13.10,13.10,29.9,21.4
6,2021-03-09,86.90,86.90,28.7,21.9
6,2021-03-10,4.60,4.60,10.6,22.3
6,2021-03-11,7.40,7.40,9.8,22.8
6,2021-03-12,13.80,13.80,20.1,22.3
6,2021-03-13,6.80,6.80,26.5,21.2
6,2021-03-14,4.40,4.40,21.3,21.7
6,2021-03-15,15.90,15.90,15.0,21.9
6,2021-03-16,8.10,8.10,25.7,21.8
6,2021-03-17,2.40,2.40,27.8,21.6
6,2021-03-18,6.90,6.90,29.7,20.4
6,2021-03-19,5.70,5.70,28.2,21.3
6,2021-03-20,10.70,10.70,30.9,21.3
6,2021-03-21,3.20,3.20,34.2,22.0
6,2021-03-22,0.70,0.70,24.1,22.5
6,2021-03-23,2.50,2.50,10.3,22.4
6,2021-03-24,4.00,4.00,17.4,23.2
6,2021-03-25,3.50,3.50,10.8,23.1
6,2021-03-26,0.40,0.40,17.3,23.4
6,2021-03-27,0.00,0.00,25.6,23.6
6,2021-03-28,0.70,0.70,29.6,22.7
6,2021-03-29,1.40,1.40,21.6,23.3
6,2021-03-30,1.00,1.00,22.0,23.4
6,2021-03-31,0.40,0.40,20.9,23.1
6,2021-04-01,1.20,1.20,22.0,22.8
6,2021-04-02,2.10,2.10,19.6,22.3
6,2021-04-03,2.20,2.20,22.5,21.7
6,2021-04-04,5.80,5.80,28.7,21.5
6,2021-04-05,3.30,3.30,30.9,22.0
6,2021-04-06,0.50,0.50,28.2,21.5
6,2021-04-07,3.10,3.10,25.9,20.9
6,2021-04-08,0.40,0.40,24.9,21.9
6,2021-04-09,0.30,0.30,23.4,21.6
6,2021-04-10,0.10,0.10,15.3,21.5
6,2021-04-11,7.90,7.90,15.8,20.5
6,2021-04-12,4.20,4.20,20.5,21.0
6,2021-04-13,0.50,0.50,19.7,21.8
6,2021-04-14,0.40,0.40,21.0,22.2
6,2021-04-15,0.30,0.30,17.7,22.2
6,2021-04-16,0.90,0.90,13.7,21.8
6,2021-04-17,2.40,2.40,19.4,21.5
6,2021-04-18,0.00,0.00,18.8,23.0
6,2021-04-19,3.50,3.50,12.4,23.3
6,2021-04-20,1.80,1.80,11.7,23.0
6,2021-04-21,0.00,0.00,16.7,24.2
6,2021-04-22,0.00,0.00,22.3,24.3
6,2021-04-23,0.40,0.40,26.8,23.5
6,2021-04-24,0.50,0.50,25.6,23.4
6,2021-04-25,0.80,0.80,25.0,23.4
6,2021-04-26,0.00,0.00,16.7,23.5
6,2021-04-27,2.40,2.40,18.1,23.2
6,2021-04-28,3.50,3.50,13.7,23.2
6,2021-04-29,1.80,1.80,19.8,23.1
6,2021-04-30,3.90,3.90,22.6,23.1
6,2021-05-01,1.50,1.50,26.3,24.1
6,2021-05-02,0.00,0.00,25.1,24.1
6,2021-05-03,0.00,0.00,19.6,24.3
6,2021-05-04,2.20,2.20,18.1,23.7
6,2021-05-05,2.60,2.60,24.1,23.6
6,2021-05-06,0.90,0.90,23.6,23.8
6,2021-05-07,0.70,0.70,25.3,24.0
6,2021-05-08,0.00,0.00,25.1,24.3
6,2021-05-09,2.00,2.00,24.5,24.0
6,2021-05-10,1.60,1.60,26.1,24.0
6,2021-05-11,0.30,0.30,25.8,24.3
6,2021-05-12,0.90,0.90,23.1,23.7
6,2021-05-13,0.60,0.60,23.9,23.9
6,2021-05-14,7.40,7.40,25.8,23.2
6,2021-05-15,6.40,6.40,26.0,22.9
6,2021-05-16,1.40,1.40,30.9,22.9
6,2021-05-17,0.20,0.20,25.7,23.7
6,2021-05-18,0.00,0.00,28.3,23.8
6,2021-05-19,0.00,0.00,26.7,23.9
6,2021-05-20,0.30,0.30,25.9,24.0
6,2021-05-21,0.00,0.00,23.6,23.9
6,2021-05-22,0.00,0.00,24.0,24.5
6,2021-05-23,2.80,2.80,14.2,24.6
6,2021-05-24,0.20,0.20,16.0,25.0
6,2021-05-25,0.30,0.30,16.3,25.4
6,2021-05-26,0.00,0.00,19.8,25.2
6,2021-05-27,1.10,1.10,18.7,24.7
6,2021-05-28,0.10,0.10,21.3,24.9
6,2021-05-29,1.00,1.00,15.1,24.7
6,2021-05-30,0.30,0.30,10.1,24.8
6,2021-05-31,0.30,0.30,13.7,25.1
6,2021-06-01,0.00,0.00,20.3,25.7
6,2021-06-02,0.50,0.50,22.0,25.3
6,2021-06-03,3.60,3.60,20.4,24.5
6,2021-06-04,1.00,1.00,22.8,25.4
6,2021-06-05,0.00,0.00,26.3,25.3
6,2021-06-06,1.10,1.10,26.8,24.7
6,2021-06-07,0.40,0.40,25.9,24.8
6,2021-06-08,0.50,0.50,27.1,24.9
6,2021-06-09,0.10,0.10,29.1,24.9
6,2021-06-10,0.80,0.80,30.5,24.9
6,2021-06-11,6.80,6.80,22.3,23.8
6,2021-06-12,1.00,1.00,23.8,24.4
6,2021-06-13,1.30,1.30,23.2,24.2
6,2021-06-14,0.00,0.00,21.0,24.8
6,2021-06-15,1.30,1.30,20.7,24.7
6,2021-06-16,0.60,0.60,23.8,25.1
6,2021-06-17,0.50,0.50,24.9,25.2
6,2021-06-18,0.00,0.00,21.5,25.4
6,2021-06-19,2.80,2.80,17.8,24.5
6,2021-06-20,1.30,1.30,18.2,24.5
6,2021-06-21,0.40,0.40,18.5,24.9
6,2021-06-22,0.10,0.10,18.3,25.1
6,2021-06-23,0.40,0.40,19.1,24.7
6,2021-06-24,0.00,0.00,19.2,25.3
6,2021-06-25,0.00,0.00,15.5,25.3
6,2021-06-26,0.90,0.90,16.3,25.2
6,2021-06-27,0.00,0.00,19.5,25.6
6,2021-06-28,0.00,0.00,20.6,25.6
6,2021-06-29,0.30,0.30,18.9,26.0
6,2021-06-30,0.20,0.20,22.7,25.5
6,2021-07-01,0.10,0.10,26.2,25.6
6,2021-07-02,0.30,0.30,30.3,25.4
6,2021-07-03,3.30,3.30,32.0,24.7
6,2021-07-04,7.30,7.30,28.0,24.0
6,2021-07-05,0.50,0.50,24.5,25.3
6,2021-07-06,0.60,0.60,22.9,25.2
6,2021-07-07,0.60,0.60,19.9,24.9
6,2021-07-08,0.30,0.30,19.0,25.0
6,2021-07-09,0.00,0.00,22.3,25.8
6,2021-07-10,1.30,1.30,23.1,25.4
6,2021-07-11,0.30,0.30,25.3,25.3
6,2021-07-12,2.00,2.00,23.4,25.5
6,2021-07-13,1.00,1.00,21.4,25.2
6,2021-07-14,2.40,2.40,22.4,25.4
6,2021-07-15,0.30,0.30,27.7,25.8
6,2021-07-16,0.10,0.10,29.6,25.8
6,2021-07-17,1.50,1.50,24.8,25.4
6,2021-07-18,4.20,4.20,29.0,25.1
6,2021-07-19,1.80,1.80,29.9,25.2
6,2021-07-20,0.60,0.60,30.2,25.2
6,2021-07-21,2.50,2.50,27.9,25.0
6,2021-07-22,0.50,0.50,32.0,25.5
6,2021-07-23,2.40,2.40,31.4,25.0
6,2021-07-24,0.60,0.60,27.6,25.7
6,2021-07-25,1.20,1.20,27.4,26.2
6,2021-07-26,0.60,0.60,28.2,25.8
6,2021-07-27,0.00,0.00,25.1,25.7
6,2021-07-28,0.90,0.90,23.1,25.8
6,2021-07-29,1.30,1.30,24.9,25.7
6,2021-07-30,0.10,0.10,28.5,25.9
6,2021-07-31,0.20,0.20,31.8,25.8
6,2021-08-01,0.00,0.00,35.8,25.8
6,2021-08-02,0.70,0.70,30.9,25.5
6,2021-08-03,0.50,0.50,29.3,25.2
6,2021-08-04,0.70,0.70,28.4,25.2
6,2021-08-05,2.80,2.80,28.1,25.1
6,2021-08-06,0.60,0.60,29.4,25.9
6,2021-08-07,0.10,0.10,26.5,25.5
6,2021-08-08,0.90,0.90,22.8,25.4
6,2021-08-09,0.00,0.00,21.3,25.6
6,2021-08-10,0.80,0.80,20.0,26.1
6,2021-08-11,0.00,0.00,17.6,26.3
6,2021-08-12,0.10,0.10,20.4,25.8
6,2021-08-13,2.90,2.90,23.9,25.5
6,2021-08-14,4.00,4.00,24.7,25.0
6,2021-08-15,2.10,2.10,20.8,25.4
6,2021-08-16,2.80,2.80,16.7,25.0
6,2021-08-17,3.80,3.80,11.3,25.1
6,2021-08-18,0.00,0.00,17.7,25.9
6,2021-08-19,0.90,0.90,22.8,25.5
6,2021-08-20,1.10,1.10,24.3,25.7
6,2021-08-21,0.80,0.80,26.0,25.6
6,2021-08-22,2.00,2.00,22.2,25.7
6,2021-08-23,11.40,11.40,37.6,25.1
6,2021-08-24,0.80,0.80,30.9,25.7
6,2021-08-25,0.10,0.10,25.7,25.3
6,2021-08-26,2.70,2.70,26.0,25.0
6,2021-08-27,0.00,0.00,22.8,25.4
6,2021-08-28,0.00,0.00,21.1,25.4
6,2021-08-29,0.50,0.50,18.2,25.3
6,2021-08-30,0.30,0.30,17.4,25.2
6,2021-08-31,4.10,4.10,14.3,25.1
6,2021-09-01,0.40,0.40,17.5,25.6
6,2021-09-02,0.10,0.10,26.7,26.4
6,2021-09-03,0.90,0.90,34.8,25.8
6,2021-09-04,3.90,3.90,27.5,24.8
6,2021-09-05,0.60,0.60,21.3,24.9
6,2021-09-06,0.60,0.60,18.6,25.2
6,2021-09-07,0.10,0.10,20.7,25.6
6,2021-09-08,0.20,0.20,22.5,25.5
6,2021-09-09,0.40,0.40,22.2,25.4
6,2021-09-10,1.90,1.90,18.7,24.7
6,2021-09-11,2.00,2.00,21.6,25.1
6,2021-09-12,1.70,1.70,23.6,24.9
6,2021-09-13,2.00,2.00,23.7,24.9
6,2021-09-14,7.50,7.50,21.7,24.3
6,2021-09-15,1.80,1.80,15.0,24.7
6,2021-09-16,0.20,0.20,26.7,26.1
6,2021-09-17,0.30,0.30,30.5,25.5
6,2021-09-18,0.90,0.90,29.8,25.3
6,2021-09-19,1.60,1.60,24.5,25.3
6,2021-09-20,1.70,1.70,25.8,25.3
6,2021-09-21,0.20,0.20,27.5,25.5
6,2021-09-22,0.20,0.20,25.5,25.3
6,2021-09-23,0.80,0.80,26.5,25.3
6,2021-09-24,5.10,5.10,22.4,24.3
6,2021-09-25,3.10,3.10,22.8,24.8
6,2021-09-26,1.20,1.20,29.6,25.6
6,2021-09-27,2.30,2.30,20.9,24.9
6,2021-09-28,0.80,0.80,24.4,25.0
6,2021-09-29,0.30,0.30,19.6,25.4
6,2021-09-30,4.30,4.30,22.9,24.7
6,2021-10-01,0.10,0.10,25.3,25.3
6,2021-10-02,3.90,3.90,21.3,24.7
6,2021-10-03,2.90,2.90,22.5,24.6
6,2021-10-04,1.40,1.40,22.8,24.8
6,2021-10-05,0.00,0.00,23.2,25.6
6,2021-10-06,0.00,0.00,29.6,25.3
6,2021-10-07,1.90,1.90,31.0,24.7
6,2021-10-08,0.50,0.50,31.2,25.2
6,2021-10-09,1.60,1.60,36.5,24.7
6,2021-10-10,1.60,1.60,32.7,24.7
6,2021-10-11,2.40,2.40,29.2,24.9
6,2021-10-12,3.40,3.40,35.4,25.4
6,2021-10-13,1.00,1.00,33.1,25.1
6,2021-10-14,4.00,4.00,27.3,24.2
6,2021-10-15,3.10,3.10,25.8,23.8
6,2021-10-16,1.70,1.70,22.4,24.1
6,2021-10-17,0.30,0.30,28.8,24.6
6,2021-10-18,0.00,0.00,23.2,24.6
6,2021-10-19,0.60,0.60,21.5,24.2
6,2021-10-20,0.10,0.10,17.5,24.4
6,2021-10-21,3.40,3.40,17.9,24.0
6,2021-10-22,0.20,0.20,23.8,24.8
6,2021-10-23,0.20,0.20,27.2,24.9
6,2021-10-24,2.10,2.10,26.0,24.6
6,2021-10-25,1.30,1.30,24.5,24.5
6,2021-10-26,0.00,0.00,18.9,25.0
6,2021-10-27,1.80,1.80,19.5,24.2
6,2021-10-28,1.20,1.20,14.4,24.2
6,2021-10-29,0.40,0.40,15.6,24.5
6,2021-10-30,0.10,0.10,13.2,23.9
6,2021-10-31,2.20,2.20,13.0,23.9
6,2021-11-01,0.00,0.00,15.2,24.8
6,2021-11-02,1.60,1.60,15.8,24.4
6,2021-11-03,1.10,1.10,16.8,24.7
6,2021-11-04,1.90,1.90,24.0,25.0
6,2021-11-05,2.20,2.20,29.7,24.8
6,2021-11-06,0.70,0.70,24.7,24.7
6,2021-11-07,0.80,0.80,23.4,24.3
6,2021-11-08,0.20,0.20,21.3,24.7
6,2021-11-09,0.00,0.00,10.4,24.4
6,2021-11-10,0.80,0.80,17.6,23.9
6,2021-11-11,0.00,0.00,18.0,24.8
6,2021-11-12,0.90,0.90,14.3,24.2
6,2021-11-13,0.10,0.10,12.7,24.3
6,2021-11-14,1.20,1.20,10.3,24.3
6,2021-11-15,1.10,1.10,13.7,23.4
6,2021-11-16,6.30,6.30,10.0,24.4
6,2021-11-17,0.10,0.10,13.3,25.1
6,2021-11-18,0.50,0.50,15.3,25.0
6,2021-11-19,0.00,0.00,18.4,25.3
6,2021-11-20,0.00,0.00,16.7,25.3
6,2021-11-21,0.00,0.00,21.6,24.9
6,2021-11-22,0.60,0.60,21.6,24.4
6,2021-11-23,0.00,0.00,19.8,24.8
6,2021-11-24,0.00,0.00,18.6,24.0
6,2021-11-25,0.00,0.00,23.1,24.4
6,2021-11-26,0.00,0.00,18.3,23.8
6,2021-11-27,1.90,1.90,17.6,22.9
6,2021-11-28,1.70,1.70,24.9,23.1
6,2021-11-29,2.80,2.80,29.8,23.7
6,2021-11-30,2.30,2.30,26.4,23.7
6,2021-12-01,3.30,3.30,22.5,23.8
6,2021-12-02,1.00,1.00,14.6,24.3
6,2021-12-03,23.70,23.70,28.7,21.8
6,2021-12-04,3.50,3.50,18.2,20.3
6,2021-12-05,12.50,12.50,16.6,21.9
6,2021-12-06,45.60,45.60,21.3,22.3
6,2021-12-07,23.70,23.70,23.8,22.6
6,2021-12-08,1.30,1.30,26.1,24.1
6,2021-12-09,0.80,0.80,32.5,24.2
6,2021-12-10,3.00,3.00,25.6,23.6
6,2021-12-11,1.40,1.40,28.9,23.7
6,2021-12-12,2.20,2.20,28.2,23.3
6,2021-12-13,1.10,1.10,25.9,23.6
6,2021-12-14,5.10,5.10,28.3,22.6
6,2021-12-15,1.30,1.30,22.1,23.3
6,2021-12-16,1.20,1.20,20.2,23.0
6,2021-12-17,2.20,2.20,16.2,22.9
6,2021-12-18,0.20,0.20,23.1,23.5
6,2021-12-19,5.90,5.90,26.4,22.6
6,2021-12-20,1.70,1.70,28.0,22.9
6,2021-12-21,5.80,5.80,25.8,21.3
6,2021-12-22,3.60,3.60,28.6,22.2
6,2021-12-23,0.10,0.10,30.0,22.8
6,2021-12-24,2.70,2.70,25.8,21.7
6,2021-12-25,0.80,0.80,22.9,22.3
6,2021-12-26,2.20,2.20,24.2,22.0
6,2021-12-27,1.20,1.20,28.1,22.6
6,2021-12-28,0.60,0.60,30.6,22.9
6,2021-12-29,2.60,2.60,28.1,22.7
6,2021-12-30,4.60,4.60,27.4,22.2
6,2021-12-31,8.60,8.60,18.0,22.9
6,2022-01-01,6.60,6.60,18.6,22.4
6,2022-01-02,5.10,5.10,16.6,21.7
6,2022-01-03,5.60,5.60,7.6,21.8
6,2022-01-04,1.30,1.30,16.4,22.3
6,2022-01-05,0.60,0.60,12.0,22.8
6,2022-01-06,0.40,0.40,13.3,22.3
6,2022-01-07,0.00,0.00,11.2,21.8
6,2022-01-08,1.50,1.50,13.7,22.0
6,2022-01-09,0.90,0.90,10.6,21.2
6,2022-01-10,0.30,0.30,20.2,22.6
6,2022-01-11,0.80,0.80,19.2,22.3
6,2022-01-12,0.20,0.20,13.7,22.6
6,2022-01-13,1.10,1.10,12.7,22.5
6,2022-01-14,1.40,1.40,11.5,22.7
6,2022-01-15,0.00,0.00,12.1,22.1
6,2022-01-16,2.20,2.20,12.0,22.4
6,2022-01-17,3.50,3.50,10.9,21.6
6,2022-01-18,0.70,0.70,12.4,21.8
6,2022-01-19,0.30,0.30,12.6,22.7
6,2022-01-20,0.90,0.90,9.4,22.5
6,2022-01-21,0.00,0.00,15.8,22.6
6,2022-01-22,1.10,1.10,18.4,23.2
6,2022-01-23,0.00,0.00,17.2,23.3
6,2022-01-24,0.00,0.00,20.6,22.7
6,2022-01-25,0.50,0.50,24.2,22.7
6,2022-01-26,0.50,0.50,20.9,22.5
6,2022-01-27,0.00,0.00,16.7,22.3
6,2022-01-28,0.00,0.00,13.8,22.3
6,2022-01-29,0.00,0.00,21.2,23.2
6,2022-01-30,0.00,0.00,20.8,22.7
6,2022-01-31,0.00,0.00,14.3,22.2
6,2022-02-01,0.00,0.00,18.3,22.7
6,2022-02-02,0.00,0.00,17.7,22.8
6,2022-02-03,0.00,0.00,19.5,22.3
6,2022-02-04,0.10,0.10,13.5,21.4
6,2022-02-05,0.70,0.70,15.5,22.2
6,2022-02-06,0.00,0.00,23.7,23.3
6,2022-02-07,0.10,0.10,26.6,23.1
6,2022-02-08,0.00,0.00,18.7,23.2
6,2022-02-09,0.00,0.00,17.7,23.1
6,2022-02-10,0.70,0.70,11.8,21.9
6,2022-02-11,0.00,0.00,15.8,22.5
6,2022-02-12,0.00,0.00,16.9,22.8
6,2022-02-13,0.80,0.80,20.4,22.0
6,2022-02-14,1.30,1.30,16.1,21.5
6,2022-02-15,3.20,3.20,17.6,21.7
6,2022-02-16,1.50,1.50,19.6,22.2
6,2022-02-17,2.60,2.60,18.1,22.4
6,2022-02-18,0.10,0.10,15.6,22.9
6,2022-02-19,1.50,1.50,12.4,22.2
6,2022-02-20,1.40,1.40,17.8,22.0
6,2022-02-21,1.60,1.60,18.4,22.5
6,2022-02-22,0.50,0.50,23.4,23.5
6,2022-02-23,0.00,0.00,28.8,23.8
6,2022-02-24,0.00,0.00,20.6,23.9
6,2022-02-25,0.00,0.00,23.7,23.6
6,2022-02-26,0.30,0.30,22.3,23.5
6,2022-02-27,0.00,0.00,13.0,23.6
6,2022-02-28,0.20,0.20,14.0,23.4
6,2022-03-01,1.60,1.60,15.3,22.6
6,2022-03-02,0.60,0.60,12.3,22.7
6,2022-03-03,1.50,1.50,15.8,22.6
6,2022-03-04,1.30,1.30,16.2,22.1
6,2022-03-05,0.00,0.00,15.0,22.1
6,2022-03-06,0.00,0.00,12.6,22.3
6,2022-03-07,0.00,0.00,14.6,22.3
6,2022-03-08,1.00,1.00,16.3,23.1
6,2022-03-09,2.70,2.70,16.0,24.1
6,2022-03-10,1.10,1.10,18.8,24.5
6,2022-03-11,0.00,0.00,22.7,24.4
6,2022-03-12,0.00,0.00,24.5,24.1
6,2022-03-13,0.00,0.00,22.0,24.3
6,2022-03-14,0.00,0.00,21.6,24.3
6,2022-03-15,0.10,0.10,17.0,24.3
6,2022-03-16,0.50,0.50,17.4,24.8
6,2022-03-17,0.00,0.00,22.4,24.4
6,2022-03-18,0.00,0.00,24.2,24.3
6,2022-03-19,0.00,0.00,23.4,24.1
6,2022-03-20,0.60,0.60,15.5,24.1
6,2022-03-21,3.90,3.90,13.7,23.6
6,2022-03-22,4.20,4.20,23.5,22.6
6,2022-03-23,2.70,2.70,30.3,23.0
6,2022-03-24,2.70,2.70,31.6,23.4
6,2022-03-25,9.20,9.20,27.3,22.1
6,2022-03-26,1.90,1.90,22.0,22.9
6,2022-03-27,0.60,0.60,16.2,22.4
6,2022-03-28,0.20,0.20,16.9,23.5
6,2022-03-29,1.00,1.00,16.7,24.2
6,2022-03-30,0.70,0.70,21.0,24.3
6,2022-03-31,3.10,3.10,25.8,23.5
6,2022-04-01,4.90,4.90,27.1,23.0
6,2022-04-02,2.10,2.10,31.5,23.2
6,2022-04-03,0.80,0.80,31.9,23.7
6,2022-04-04,0.00,0.00,25.9,23.4
6,2022-04-05,0.30,0.30,22.7,23.4
6,2022-04-06,1.60,1.60,22.1,22.7
6,2022-04-07,0.30,0.30,29.9,23.8
6,2022-04-08,1.70,1.70,30.2,23.3
6,2022-04-09,0.80,0.80,24.6,23.7
6,2022-04-10,0.20,0.20,25.7,24.2
6,2022-04-11,0.10,0.10,23.8,24.4
6,2022-04-12,0.10,0.10,23.1,24.4
6,2022-04-13,0.00,0.00,23.4,24.1
6,2022-04-14,0.40,0.40,26.6,23.9
6,2022-04-15,1.70,1.70,25.7,23.2
6,2022-04-16,1.90,1.90,29.3,22.7
6,2022-04-17,3.70,3.70,27.8,22.8
6,2022-04-18,1.00,1.00,25.5,23.0
6,2022-04-19,10.10,10.10,27.1,22.0
6,2022-04-20,7.30,7.30,25.0,22.4
6,2022-04-21,3.40,3.40,27.0,22.8
6,2022-04-22,0.60,0.60,24.1,23.5
6,2022-04-23,3.20,3.20,27.4,23.4
6,2022-04-24,2.50,2.50,27.0,23.5
6,2022-04-25,0.50,0.50,25.5,23.7
6,2022-04-26,0.90,0.90,26.3,23.6
6,2022-04-27,0.70,0.70,21.0,23.6
6,2022-04-28,0.20,0.20,20.9,24.3
6,2022-04-29,0.00,0.00,23.8,24.0
6,2022-04-30,2.00,2.00,27.6,23.6
6,2022-05-01,8.20,8.20,31.2,23.2
6,2022-05-02,2.20,2.20,28.4,23.3
6,2022-05-03,2.20,2.20,28.1,23.3
6,2022-05-04,1.60,1.60,28.9,23.5
6,2022-05-05,0.60,0.60,27.3,23.9
6,2022-05-06,1.20,1.20,28.4,24.0
6,2022-05-07,0.00,0.00,31.0,24.1
6,2022-05-08,0.00,0.00,27.7,24.5
6,2022-05-09,0.70,0.70,29.5,24.3
6,2022-05-10,1.60,1.60,26.0,24.0
6,2022-05-11,1.10,1.10,27.8,24.0
6,2022-05-12,0.60,0.60,28.8,23.9
6,2022-05-13,0.00,0.00,24.3,24.4
6,2022-05-14,0.80,0.80,24.5,23.7
6,2022-05-15,0.20,0.20,18.9,24.1
6,2022-05-16,1.80,1.80,14.9,24.7
6,2022-05-17,5.90,5.90,13.0,24.5
6,2022-05-18,11.70,11.70,23.4,24.4
6,2022-05-19,3.90,3.90,18.8,25.6
6,2022-05-20,9.20,9.20,7.7,25.3
6,2022-05-21,0.00,0.00,18.5,25.6
6,2022-05-22,0.00,0.00,24.1,24.8
6,2022-05-23,0.00,0.00,23.1,24.5
6,2022-05-24,0.00,0.00,20.8,24.4
6,2022-05-25,0.00,0.00,21.5,23.8
6,2022-05-26,0.00,0.00,20.9,24.1
6,2022-05-27,0.10,0.10,22.9,24.2
6,2022-05-28,0.50,0.50,19.1,24.5
6,2022-05-29,0.00,0.00,15.4,25.1
6,2022-05-30,0.00,0.00,19.3,24.8
6,2022-05-31,0.00,0.00,22.1,24.9
6,2022-06-01,0.50,0.50,23.4,24.8
6,2022-06-02,0.60,0.60,19.8,24.7
6,2022-06-03,0.00,0.00,17.4,24.7
6,2022-06-04,0.00,0.00,18.9,24.6
6,2022-06-05,0.00,0.00,17.4,25.1
6,2022-06-06,0.00,0.00,18.1,25.5
6,2022-06-07,0.00,0.00,21.6,25.4
6,2022-06-08,0.00,0.00,20.2,25.2
6,2022-06-09,0.00,0.00,22.6,25.2
6,2022-06-10,0.00,0.00,21.1,25.2
6,2022-06-11,0.60,0.60,25.5,25.4
6,2022-06-12,3.10,3.10,27.7,24.7
6,2022-06-13,0.40,0.40,28.2,25.2
6,2022-06-14,0.40,0.40,28.3,25.1
6,2022-06-15,4.20,4.20,23.7,24.9
6,2022-06-16,2.60,2.60,22.9,24.6
6,2022-06-17,1.40,1.40,20.2,25.0
6,2022-06-18,0.30,0.30,25.4,25.5
6,2022-06-19,0.00,0.00,23.5,25.3
6,2022-06-20,1.00,1.00,23.8,25.0
6,2022-06-21,1.70,1.70,22.9,24.9
6,2022-06-22,1.10,1.10,23.0,24.7
6,2022-06-23,0.20,0.20,22.2,24.7
6,2022-06-24,1.20,1.20,17.9,24.2
6,2022-06-25,1.00,1.00,18.8,24.7
6,2022-06-26,0.00,0.00,18.1,25.4
6,2022-06-27,0.40,0.40,23.8,25.0
6,2022-06-28,0.30,0.30,25.7,25.4
6,2022-06-29,2.80,2.80,28.0,24.7
6,2022-06-30,2.20,2.20,30.6,25.4
6,2022-07-01,2.80,2.80,34.6,25.2
6,2022-07-02,0.10,0.10,33.3,25.3
6,2022-07-03,4.10,4.10,29.8,24.6
6,2022-07-04,3.30,3.30,32.7,24.6
6,2022-07-05,2.80,2.80,28.9,24.4
6,2022-07-06,1.30,1.30,25.5,24.8
6,2022-07-07,5.00,5.00,25.0,24.1
6,2022-07-08,2.90,2.90,27.2,24.2
6,2022-07-09,1.70,1.70,27.5,25.1
6,2022-07-10,0.60,0.60,29.4,25.4
6,2022-07-11,2.60,2.60,24.4,24.9
6,2022-07-12,3.30,3.30,24.9,24.6
6,2022-07-13,1.60,1.60,28.2,25.2
6,2022-07-14,2.80,2.80,26.4,24.9
6,2022-07-15,1.20,1.20,25.7,25.2
6,2022-07-16,2.30,2.30,28.0,25.3
6,2022-07-17,1.20,1.20,28.8,25.8
6,2022-07-18,1.10,1.10,28.4,25.2
6,2022-07-19,1.40,1.40,26.1,24.9
6,2022-07-20,1.10,1.10,24.2,25.0
6,2022-07-21,2.00,2.00,26.3,24.9
6,2022-07-22,1.00,1.00,23.3,25.3
6,2022-07-23,0.50,0.50,23.5,25.3
6,2022-07-24,0.00,0.00,22.8,25.6
6,2022-07-25,1.30,1.30,22.7,25.1
6,2022-07-26,1.10,1.10,27.0,25.2
6,2022-07-27,0.00,0.00,23.2,25.7
6,2022-07-28,0.80,0.80,16.6,25.9
6,2022-07-29,0.00,0.00,18.0,26.0
6,2022-07-30,0.00,0.00,26.0,26.5
6,2022-07-31,0.20,0.20,30.0,25.9
6,2022-08-01,3.20,3.20,28.0,24.8
6,2022-08-02,1.10,1.10,23.6,25.2
6,2022-08-03,1.20,1.20,20.4,25.1
6,2022-08-04,3.10,3.10,14.3,25.4
6,2022-08-05,2.30,2.30,9.1,25.6
6,2022-08-06,1.30,1.30,17.3,26.4
6,2022-08-07,0.00,0.00,21.3,27.0
6,2022-08-08,0.00,0.00,26.1,26.4
6,2022-08-09,0.10,0.10,28.9,26.2
6,2022-08-10,0.50,0.50,31.5,26.3
6,2022-08-11,0.90,0.90,29.0,25.9
6,2022-08-12,1.50,1.50,23.1,25.3
6,2022-08-13,0.30,0.30,22.7,25.7
6,2022-08-14,0.00,0.00,23.8,26.1
6,2022-08-15,0.00,0.00,18.7,25.8
6,2022-08-16,3.40,3.40,12.1,25.4
6,2022-08-17,2.00,2.00,16.2,26.4
6,2022-08-18,0.70,0.70,20.0,26.7
6,2022-08-19,0.10,0.10,22.4,26.6
6,2022-08-20,0.40,0.40,24.3,26.1
6,2022-08-21,0.00,0.00,22.2,26.2
6,2022-08-22,2.30,2.30,21.1,25.3
6,2022-08-23,10.90,10.90,12.2,25.3
6,2022-08-24,1.50,1.50,11.4,26.3
6,2022-08-25,1.80,1.80,13.6,27.0
6,2022-08-26,1.10,1.10,21.0,26.5
6,2022-08-27,0.10,0.10,31.3,26.4
6,2022-08-28,1.20,1.20,20.8,25.7
6,2022-08-29,1.60,1.60,18.8,26.0
6,2022-08-30,0.00,0.00,19.5,26.2
6,2022-08-31,0.00,0.00,19.5,25.6
6,2022-09-01,0.20,0.20,21.9,26.3
6,2022-09-02,1.50,1.50,21.5,25.8
6,2022-09-03,1.70,1.70,19.1,25.5
6,2022-09-04,0.50,0.50,23.8,26.5
6,2022-09-05,2.10,2.10,22.0,26.3
6,2022-09-06,1.10,1.10,26.0,26.3
6,2022-09-07,0.20,0.20,23.4,26.8
6,2022-09-08,1.10,1.10,19.6,26.0
6,2022-09-09,1.20,1.20,20.8,25.6
6,2022-09-10,1.00,1.00,17.3,26.4
6,2022-09-11,2.30,2.30,16.7,26.7
6,2022-09-12,0.50,0.50,19.5,26.4
6,2022-09-13,0.00,0.00,22.0,26.3
6,2022-09-14,0.00,0.00,20.4,26.7
6,2022-09-15,0.10,0.10,18.3,26.6
6,2022-09-16,3.50,3.50,13.8,26.4
6,2022-09-17,0.00,0.00,17.2,26.2
6,2022-09-18,1.50,1.50,20.9,26.2
6,2022-09-19,1.80,1.80,24.9,25.8
6,2022-09-20,0.60,0.60,22.9,26.7
6,2022-09-21,1.00,1.00,21.0,26.0
6,2022-09-22,1.90,1.90,16.3,26.1
6,2022-09-23,0.10,0.10,17.1,26.2
6,2022-09-24,0.10,0.10,21.3,27.2
6,2022-09-25,0.20,0.20,11.8,26.5
6,2022-09-26,0.00,0.00,21.0,26.5
6,2022-09-27,0.10,0.10,21.1,26.4
6,2022-09-28,0.00,0.00,20.7,26.5
6,2022-09-29,0.10,0.10,21.4,26.7
6,2022-09-30,0.30,0.30,19.8,26.5
6,2022-10-01,0.00,0.00,18.7,26.5
6,2022-10-02,2.20,2.20,19.8,25.4
6,2022-10-03,0.10,0.10,19.1,25.8
6,2022-10-04,2.00,2.00,18.7,25.0
6,2022-10-05,0.10,0.10,17.1,25.7
6,2022-10-06,0.30,0.30,17.0,25.5
6,2022-10-07,0.00,0.00,17.6,25.4
6,2022-10-08,0.30,0.30,14.4,24.9
6,2022-10-09,0.00,0.00,14.5,25.2
6,2022-10-10,4.30,4.30,12.9,25.8
6,2022-10-11,5.80,5.80,9.7,25.1
6,2022-10-12,11.50,11.50,10.9,24.7
6,2022-10-13,2.30,2.30,13.3,25.6
6,2022-10-14,2.50,2.50,15.9,25.7
6,2022-10-15,0.00,0.00,18.7,25.6
6,2022-10-16,0.00,0.00,18.4,25.6
6,2022-10-17,0.40,0.40,17.6,25.7
6,2022-10-18,0.40,0.40,14.3,24.8
6,2022-10-19,14.50,14.50,18.9,24.1
6,2022-10-20,2.40,2.40,16.9,24.0
6,2022-10-21,1.20,1.20,11.8,25.3
6,2022-10-22,0.20,0.20,26.4,26.5
6,2022-10-23,1.30,1.30,23.5,25.7
6,2022-10-24,1.80,1.80,26.3,25.9
6,2022-10-25,2.10,2.10,27.9,25.8
6,2022-10-26,6.00,6.00,26.2,25.1
6,2022-10-27,2.50,2.50,21.4,25.2
6,2022-10-28,4.10,4.10,20.2,24.3
6,2022-10-29,0.80,0.80,22.2,25.6
6,2022-10-30,0.80,0.80,22.4,25.6
6,2022-10-31,1.60,1.60,24.1,25.2
6,2022-11-01,0.10,0.10,24.4,25.5
6,2022-11-02,1.30,1.30,21.1,25.5
6,2022-11-03,1.80,1.80,25.6,25.3
6,2022-11-04,0.40,0.40,30.9,25.8
6,2022-11-05,0.70,0.70,25.4,25.8
6,2022-11-06,0.30,0.30,24.6,25.7
6,2022-11-07,0.60,0.60,25.3,25.6
6,2022-11-08,1.50,1.50,27.1,25.1
6,2022-11-09,1.30,1.30,24.3,24.9
6,2022-11-10,1.90,1.90,21.4,24.1
6,2022-11-11,2.00,2.00,26.3,23.8
6,2022-11-12,3.20,3.20,26.8,23.8
6,2022-11-13,1.90,1.90,23.5,24.2
6,2022-11-14,0.20,0.20,21.3,24.3
6,2022-11-15,0.10,0.10,21.9,24.0
6,2022-11-16,0.00,0.00,21.1,24.3
6,2022-11-17,2.10,2.10,16.6,24.2
6,2022-11-18,1.30,1.30,20.8,24.3
6,2022-11-19,1.50,1.50,26.3,24.6
6,2022-11-20,0.20,0.20,29.7,24.9
6,2022-11-21,0.00,0.00,33.9,24.9
6,2022-11-22,0.60,0.60,28.8,24.7
6,2022-11-23,0.30,0.30,18.9,24.0
6,2022-11-24,6.10,6.10,35.1,22.2
6,2022-11-25,1.10,1.10,29.3,22.4
6,2022-11-26,0.50,0.50,15.8,22.3
6,2022-11-27,0.00,0.00,11.7,22.7
6,2022-11-28,0.10,0.10,7.4,23.7
6,2022-11-29,1.10,1.10,11.7,23.9
6,2022-11-30,1.60,1.60,16.5,23.7
6,2022-12-01,1.00,1.00,16.8,23.4
6,2022-12-02,0.60,0.60,17.9,23.4
6,2022-12-03,0.00,0.00,21.0,24.3
6,2022-12-04,0.40,0.40,20.5,24.0
6,2022-12-05,3.20,3.20,12.8,23.3
6,2022-12-06,3.40,3.40,23.4,24.3
6,2022-12-07,1.20,1.20,33.8,24.6
6,2022-12-08,0.50,0.50,32.3,24.6
6,2022-12-09,0.00,0.00,39.3,24.4
6,2022-12-10,0.20,0.20,33.0,24.1
6,2022-12-11,1.70,1.70,27.9,23.6
6,2022-12-12,5.30,5.30,29.7,23.1
6,2022-12-13,2.00,2.00,23.8,23.6
6,2022-12-14,0.00,0.00,21.7,23.8
6,2022-12-15,5.30,5.30,16.2,23.2
6,2022-12-16,10.00,10.00,13.4,22.8
6,2022-12-17,2.50,2.50,10.9,22.6
6,2022-12-18,24.80,24.80,24.0,21.4
6,2022-12-19,29.30,29.30,28.8,19.9
6,2022-12-20,2.20,2.20,31.5,22.8
6,2022-12-21,1.30,1.30,16.7,23.1
6,2022-12-22,0.50,0.50,17.7,23.1
6,2022-12-23,0.00,0.00,16.3,23.3
6,2022-12-24,0.20,0.20,22.2,23.9
6,2022-12-25,0.00,0.00,14.5,23.8
6,2022-12-26,0.10,0.10,15.1,23.2
6,2022-12-27,0.00,0.00,21.8,24.3
6,2022-12-28,0.00,0.00,19.5,23.9
6,2022-12-29,0.10,0.10,15.1,22.6
6,2022-12-30,0.00,0.00,16.9,23.1
6,2022-12-31,0.20,0.20,13.0,23.4
6,2023-01-01,2.00,2.00,15.8,22.5
6,2023-01-02,0.30,0.30,18.0,23.4
6,2023-01-03,0.40,0.40,15.2,22.7
6,2023-01-04,3.90,3.90,16.3,22.1
6,2023-01-05,0.30,0.30,14.7,22.8
6,2023-01-06,0.00,0.00,16.3,23.3
6,2023-01-07,0.00,0.00,15.5,23.3
6,2023-01-08,0.20,0.20,16.2,22.3
6,2023-01-09,0.00,0.00,11.9,21.9
6,2023-01-10,1.10,1.10,16.6,23.0
6,2023-01-11,0.20,0.20,21.5,22.3
6,2023-01-12,0.00,0.00,15.6,21.7
6,2023-01-13,0.00,0.00,13.4,21.7
6,2023-01-14,0.80,0.80,13.8,22.1
6,2023-01-15,0.00,0.00,21.6,23.8
6,2023-01-16,1.00,1.00,12.5,22.9
6,2023-01-17,0.60,0.60,13.9,22.4
6,2023-01-18,0.00,0.00,13.7,23.6
6,2023-01-19,1.50,1.50,13.5,22.8
6,2023-01-20,0.00,0.00,20.6,23.7
6,2023-01-21,0.50,0.50,16.2,24.3
6,2023-01-22,0.00,0.00,17.4,23.5
6,2023-01-23,1.30,1.30,10.2,23.0
6,2023-01-24,1.20,1.20,12.1,22.9
6,2023-01-25,7.30,7.30,19.5,21.8
6,2023-01-26,0.60,0.60,23.8,21.4
6,2023-01-27,1.50,1.50,24.5,21.5
6,2023-01-28,6.00,6.00,24.2,21.4
6,2023-01-29,15.10,15.10,29.8,20.4
6,2023-01-30,9.50,9.50,24.2,21.6
6,2023-01-31,1.20,1.20,15.2,22.4
6,2023-02-01,2.00,2.00,13.0,22.7
6,2023-02-02,0.00,0.00,19.3,23.4
6,2023-02-03,4.20,4.20,20.6,22.5
6,2023-02-04,5.90,5.90,28.8,22.3
6,2023-02-05,2.50,2.50,28.8,23.2
6,2023-02-06,0.10,0.10,28.8,23.8
6,2023-02-07,0.40,0.40,28.1,24.1
6,2023-02-08,0.50,0.50,38.9,23.3
6,2023-02-09,2.60,2.60,42.1,23.1
6,2023-02-10,0.00,0.00,39.9,23.5
6,2023-02-11,0.10,0.10,33.4,23.3
6,2023-02-12,2.50,2.50,31.9,22.2
6,2023-02-13,2.90,2.90,27.7,22.5
6,2023-02-14,4.30,4.30,25.3,22.1
6,2023-02-15,5.40,5.40,17.7,21.4
6,2023-02-16,5.20,5.20,27.3,22.4
6,2023-02-17,31.10,31.10,14.8,21.2
6,2023-02-18,3.30,3.30,14.3,22.7
6,2023-02-19,1.40,1.40,26.8,23.1
6,2023-02-20,9.70,9.70,28.2,22.7
6,2023-02-21,4.40,4.40,40.8,23.0
6,2023-02-22,2.90,2.90,33.4,23.1
6,2023-02-23,5.20,5.20,33.6,22.8
6,2023-02-24,5.50,5.50,31.0,22.1
6,2023-02-25,1.90,1.90,31.7,22.2
6,2023-02-26,1.30,1.30,32.1,22.4
6,2023-02-27,3.30,3.30,35.7,22.1
6,2023-02-28,3.10,3.10,33.8,21.9
6,2023-03-01,8.30,8.30,38.4,21.8
6,2023-03-02,2.00,2.00,34.1,21.9
6,2023-03-03,4.10,4.10,24.5,21.4
6,2023-03-04,1.50,1.50,19.9,22.0
6,2023-03-05,2.30,2.30,14.1,22.3
6,2023-03-06,14.10,14.10,21.6,22.4
6,2023-03-07,3.00,3.00,26.5,22.8
6,2023-03-08,6.80,6.80,37.0,22.4
6,2023-03-09,0.00,0.00,23.6,21.9
6,2023-03-10,0.70,0.70,17.7,21.5
6,2023-03-11,2.70,2.70,12.6,21.2
6,2023-03-12,0.90,0.90,26.5,23.5
6,2023-03-13,0.00,0.00,18.0,24.1
6,2023-03-14,10.50,10.50,17.8,24.0
6,2023-03-15,0.00,0.00,20.1,25.1
6,2023-03-16,0.00,0.00,18.2,25.1
6,2023-03-17,0.00,0.00,15.8,24.7
6,2023-03-18,3.20,3.20,6.5,23.2
6,2023-03-19,2.80,2.80,11.3,23.3
6,2023-03-20,0.00,0.00,20.5,24.0
6,2023-03-21,1.40,1.40,30.0,23.9
6,2023-03-22,2.90,2.90,15.4,24.0
6,2023-03-23,3.40,3.40,19.2,22.6
6,2023-03-24,1.80,1.80,13.8,23.5
6,2023-03-25,0.00,0.00,25.5,24.3
6,2023-03-26,0.00,0.00,23.6,23.9
6,2023-03-27,1.60,1.60,12.2,23.1
6,2023-03-28,11.80,11.80,10.0,23.3
6,2023-03-29,2.50,2.50,21.1,23.8
6,2023-03-30,10.40,10.40,13.5,24.0
6,2023-03-31,2.50,2.50,14.4,23.8
6,2023-04-01,6.90,6.90,17.7,23.2
6,2023-04-02,9.20,9.20,29.0,22.5
6,2023-04-03,5.60,5.60,20.2,22.9
6,2023-04-04,2.90,2.90,24.9,22.5
6,2023-04-05,0.10,0.10,28.8,23.7
6,2023-04-06,0.90,0.90,29.2,23.7
6,2023-04-07,0.00,0.00,25.1,23.4
6,2023-04-08,0.50,0.50,24.3,23.3
6,2023-04-09,5.60,5.60,23.2,22.1
6,2023-04-10,3.10,3.10,26.5,22.8
6,2023-04-11,1.50,1.50,28.7,23.2
6,2023-04-12,2.10,2.10,27.3,23.4
6,2023-04-13,3.70,3.70,28.4,23.2
6,2023-04-14,1.60,1.60,20.8,22.7
6,2023-04-15,2.90,2.90,21.5,22.8
6,2023-04-16,2.10,2.10,14.9,23.8
6,2023-04-17,4.00,4.00,18.0,23.6
6,2023-04-18,2.30,2.30,25.3,23.4
6,2023-04-19,5.00,5.00,22.4,23.6
6,2023-04-20,3.00,3.00,10.5,23.7
6,2023-04-21,2.10,2.10,12.6,24.4
6,2023-04-22,0.10,0.10,21.2,24.3
6,2023-04-23,0.40,0.40,12.5,24.1
6,2023-04-24,7.30,7.30,14.6,23.5
6,2023-04-25,16.20,16.20,19.7,22.6
6,2023-04-26,3.10,3.10,18.8,22.7
6,2023-04-27,5.70,5.70,11.7,22.5
6,2023-04-28,3.60,3.60,15.9,23.3
6,2023-04-29,1.80,1.80,20.2,23.6
6,2023-04-30,0.50,0.50,22.5,24.0
6,2023-05-01,0.40,0.40,22.0,24.5
6,2023-05-02,7.30,7.30,14.8,23.3
6,2023-05-03,0.30,0.30,28.5,24.0
6,2023-05-04,1.10,1.10,31.5,24.0
6,2023-05-05,1.80,1.80,28.9,23.9
6,2023-05-06,1.20,1.20,30.4,23.7
6,2023-05-07,0.20,0.20,25.3,23.9
6,2023-05-08,0.80,0.80,29.3,23.9
6,2023-05-09,2.30,2.30,26.8,23.7
6,2023-05-10,1.40,1.40,18.1,23.3
6,2023-05-11,1.50,1.50,17.4,23.3
6,2023-05-12,3.50,3.50,14.8,23.0
6,2023-05-13,1.80,1.80,15.8,22.7
6,2023-05-14,2.50,2.50,20.9,22.6
6,2023-05-15,0.10,0.10,17.2,22.6
6,2023-05-16,0.10,0.10,16.0,22.9
6,2023-05-17,1.20,1.20,16.6,23.6
6,2023-05-18,7.80,7.80,15.6,23.0
6,2023-05-19,1.90,1.90,13.2,24.7
6,2023-05-20,1.00,1.00,20.0,25.5
6,2023-05-21,0.00,0.00,22.7,25.1
6,2023-05-22,0.50,0.50,25.8,24.6
6,2023-05-23,2.00,2.00,24.9,24.4
6,2023-05-24,0.80,0.80,26.9,24.4
6,2023-05-25,2.80,2.80,22.6,23.7
6,2023-05-26,1.80,1.80,22.9,24.0
6,2023-05-27,0.50,0.50,17.7,24.0
6,2023-05-28,3.30,3.30,14.8,23.5
6,2023-05-29,1.10,1.10,22.7,24.3
6,2023-05-30,3.20,3.20,22.4,24.6
6,2023-05-31,1.50,1.50,21.5,24.7
6,2023-06-01,1.90,1.90,21.0,24.5
6,2023-06-02,0.00,0.00,20.8,24.6
6,2023-06-03,0.40,0.40,17.1,23.7
6,2023-06-04,1.90,1.90,15.2,24.1
6,2023-06-05,0.00,0.00,17.8,24.4
6,2023-06-06,0.00,0.00,18.3,24.7
6,2023-06-07,0.10,0.10,19.3,24.9
6,2023-06-08,0.70,0.70,21.0,25.0
6,2023-06-09,0.60,0.60,23.7,25.0
6,2023-06-10,0.00,0.00,27.2,25.4
6,2023-06-11,0.10,0.10,23.9,25.8
6,2023-06-12,1.50,1.50,22.7,25.4
6,2023-06-13,4.60,4.60,24.5,24.5
6,2023-06-14,1.90,1.90,21.7,24.9
6,2023-06-15,3.00,3.00,20.2,24.3
6,2023-06-16,0.70,0.70,24.1,24.9
6,2023-06-17,0.00,0.00,22.7,25.2
6,2023-06-18,0.60,0.60,20.6,25.1
6,2023-06-19,0.70,0.70,16.9,25.0
6,2023-06-20,1.50,1.50,15.7,24.9
6,2023-06-21,1.00,1.00,23.7,25.3
6,2023-06-22,3.50,3.50,27.2,24.9
6,2023-06-23,2.70,2.70,26.8,25.0
6,2023-06-24,1.40,1.40,29.3,24.8
6,2023-06-25,1.80,1.80,29.8,24.6
6,2023-06-26,2.10,2.10,28.1,24.6
6,2023-06-27,0.00,0.00,26.5,26.0
6,2023-06-28,2.20,2.20,21.9,25.1
6,2023-06-29,2.30,2.30,20.5,25.0
6,2023-06-30,1.20,1.20,20.1,24.7
6,2023-07-01,0.90,0.90,19.6,24.9
6,2023-07-02,0.00,0.00,19.5,25.4
6,2023-07-03,0.30,0.30,25.6,26.2
6,2023-07-04,0.00,0.00,24.4,26.0
6,2023-07-05,0.90,0.90,23.3,25.5
6,2023-07-06,0.50,0.50,21.6,25.6
6,2023-07-07,0.40,0.40,25.5,25.6
6,2023-07-08,1.50,1.50,28.4,25.2
6,2023-07-09,0.40,0.40,29.1,25.2
6,2023-07-10,2.60,2.60,22.3,24.9
6,2023-07-11,2.30,2.30,26.3,25.2
6,2023-07-12,0.50,0.50,24.7,25.9
6,2023-07-13,0.40,0.40,22.8,25.9
6,2023-07-14,0.00,0.00,21.5,25.9
6,2023-07-15,1.30,1.30,21.2,25.0
6,2023-07-16,2.10,2.10,20.4,24.9
6,2023-07-17,0.00,0.00,24.6,26.3
6,2023-07-18,1.10,1.10,33.7,25.8
6,2023-07-19,10.80,10.80,33.5,25.6
6,2023-07-20,0.90,0.90,27.8,25.9
6,2023-07-21,0.40,0.40,25.7,25.9
6,2023-07-22,1.30,1.30,23.7,26.3
6,2023-07-23,2.10,2.10,25.3,25.9
6,2023-07-24,1.00,1.00,26.1,26.0
6,2023-07-25,0.30,0.30,26.7,26.1
6,2023-07-26,0.50,0.50,25.2,26.0
6,2023-07-27,0.80,0.80,22.1,26.1
6,2023-07-28,0.60,0.60,28.1,25.8
6,2023-07-29,0.40,0.40,22.3,25.7
6,2023-07-30,0.50,0.50,21.6,25.9
6,2023-07-31,0.20,0.20,25.9,26.2
6,2023-08-01,1.10,1.10,29.9,26.0
6,2023-08-02,0.90,0.90,28.7,25.9
6,2023-08-03,0.90,0.90,24.9,25.4
6,2023-08-04,1.30,1.30,20.0,24.9
6,2023-08-05,1.30,1.30,18.6,25.0
6,2023-08-06,0.10,0.10,22.0,26.1
6,2023-08-07,1.40,1.40,34.7,26.4
6,2023-08-08,0.10,0.10,38.5,26.9
6,2023-08-09,1.00,1.00,35.2,26.1
6,2023-08-10,0.20,0.20,24.9,26.3
6,2023-08-11,0.00,0.00,21.5,26.3
6,2023-08-12,0.00,0.00,19.9,26.2
6,2023-08-13,0.00,0.00,20.9,26.0
6,2023-08-14,0.80,0.80,21.2,25.6
6,2023-08-15,0.10,0.10,21.8,26.1
6,2023-08-16,0.80,0.80,22.3,25.9
6,2023-08-17,0.20,0.20,24.5,26.3
6,2023-08-18,0.70,0.70,19.0,26.0
6,2023-08-19,0.50,0.50,20.0,25.9
6,2023-08-20,0.20,0.20,21.7,25.8
6,2023-08-21,0.70,0.70,24.3,26.3
6,2023-08-22,0.80,0.80,27.4,26.6
6,2023-08-23,0.30,0.30,24.1,26.6
6,2023-08-24,0.00,0.00,24.6,26.4
6,2023-08-25,1.60,1.60,23.3,26.0
6,2023-08-26,0.10,0.10,21.9,26.3
6,2023-08-27,2.40,2.40,22.9,25.9
6,2023-08-28,1.80,1.80,23.5,25.8
6,2023-08-29,1.60,1.60,25.6,26.0
6,2023-08-30,1.50,1.50,29.2,26.4
6,2023-08-31,1.20,1.20,33.2,26.2
6,2023-09-01,2.20,2.20,26.9,26.0
6,2023-09-02,0.70,0.70,27.0,26.2
6,2023-09-03,3.20,3.20,21.9,25.6
6,2023-09-04,0.20,0.20,14.2,25.9
6,2023-09-05,0.20,0.20,16.3,26.2
6,2023-09-06,0.00,0.00,19.2,26.3
6,2023-09-07,0.10,0.10,19.4,26.4
6,2023-09-08,0.00,0.00,21.0,26.5
6,2023-09-09,2.40,2.40,24.4,25.8
6,2023-09-10,2.50,2.50,26.5,25.9
6,2023-09-11,0.60,0.60,25.4,26.1
6,2023-09-12,1.00,1.00,23.6,26.2
6,2023-09-13,2.30,2.30,19.9,26.0
6,2023-09-14,3.50,3.50,21.7,25.6
6,2023-09-15,0.80,0.80,21.0,26.2
6,2023-09-16,0.50,0.50,22.5,26.9
6,2023-09-17,1.20,1.20,23.4,25.9
6,2023-09-18,2.60,2.60,24.5,25.8
6,2023-09-19,0.90,0.90,24.9,26.0
6,2023-09-20,0.90,0.90,22.9,26.2
6,2023-09-21,1.70,1.70,29.0,25.6
6,2023-09-22,0.30,0.30,27.3,26.2
6,2023-09-23,0.80,0.80,24.9,25.9
6,2023-09-24,1.80,1.80,25.8,25.5
6,2023-09-25,0.00,0.00,22.5,26.1
6,2023-09-26,1.00,1.00,25.7,26.0
6,2023-09-27,2.40,2.40,29.0,25.4
6,2023-09-28,0.70,0.70,21.9,26.0
6,2023-09-29,2.40,2.40,23.8,26.2
6,2023-09-30,0.20,0.20,28.9,26.7
6,2023-10-01,0.20,0.20,26.4,26.2
6,2023-10-02,0.20,0.20,18.8,25.9
6,2023-10-03,1.40,1.40,18.1,25.3
6,2023-10-04,0.10,0.10,16.2,25.2
6,2023-10-05,1.90,1.90,14.4,26.3
6,2023-10-06,0.00,0.00,17.1,26.3
6,2023-10-07,0.70,0.70,20.0,26.0
6,2023-10-08,0.00,0.00,21.7,25.8
6,2023-10-09,0.50,0.50,26.0,25.8
6,2023-10-10,0.00,0.00,20.2,26.0
6,2023-10-11,0.00,0.00,18.5,25.9
6,2023-10-12,0.00,0.00,19.8,26.3
6,2023-10-13,1.70,1.70,17.2,25.6
6,2023-10-14,2.80,2.80,17.9,25.4
6,2023-10-15,0.10,0.10,18.9,26.3
6,2023-10-16,0.40,0.40,15.3,26.3
6,2023-10-17,0.50,0.50,14.2,25.8
6,2023-10-18,0.00,0.00,18.2,25.6
6,2023-10-19,2.10,2.10,18.3,25.3
6,2023-10-20,4.60,4.60,15.8,24.9
6,2023-10-21,2.60,2.60,13.0,25.6
6,2023-10-22,3.10,3.10,8.3,25.1
6,2023-10-23,2.10,2.10,24.6,25.8
6,2023-10-24,0.40,0.40,15.6,26.1
6,2023-10-25,0.00,0.00,17.1,25.4
6,2023-10-26,0.10,0.10,14.0,24.9
6,2023-10-27,1.90,1.90,14.8,25.2
6,2023-10-28,0.80,0.80,18.7,25.5
6,2023-10-29,0.00,0.00,17.6,25.5
6,2023-10-30,0.00,0.00,18.4,25.7
6,2023-10-31,0.20,0.20,15.4,24.7
6,2023-11-01,1.80,1.80,13.7,24.9
6,2023-11-02,0.00,0.00,14.9,24.9
6,2023-11-03,1.40,1.40,20.7,25.5
6,2023-11-04,0.50,0.50,25.5,25.9
6,2023-11-05,0.10,0.10,33.6,26.0
6,2023-11-06,3.30,3.30,33.1,25.8
6,2023-11-07,4.60,4.60,27.0,25.0
6,2023-11-08,0.20,0.20,24.3,26.2
6,2023-11-09,0.00,0.00,35.2,26.2
6,2023-11-10,3.10,3.10,29.4,25.5
6,2023-11-11,0.60,0.60,28.0,25.4
6,2023-11-12,1.90,1.90,34.6,25.1
6,2023-11-13,0.70,0.70,31.5,25.4
6,2023-11-14,1.70,1.70,36.1,24.5
6,2023-11-15,1.50,1.50,32.9,24.1
6,2023-11-16,1.10,1.10,26.4,23.8
6,2023-11-17,0.40,0.40,24.5,24.4
6,2023-11-18,0.00,0.00,13.0,24.4
6,2023-11-19,1.40,1.40,25.3,24.4
6,2023-11-20,12.10,12.10,23.3,22.2
6,2023-11-21,2.40,2.40,23.4,23.7
6,2023-11-22,1.60,1.60,16.8,24.4
6,2023-11-23,0.50,0.50,19.8,24.9
6,2023-11-24,0.50,0.50,14.4,24.9
6,2023-11-25,0.00,0.00,18.0,24.6
6,2023-11-26,0.30,0.30,21.0,24.2
6,2023-11-27,1.20,1.20,21.4,23.9
6,2023-11-28,0.90,0.90,14.8,23.6
6,2023-11-29,2.80,2.80,16.8,23.7
6,2023-11-30,0.70,0.70,13.9,24.0
6,2023-12-01,21.00,21.00,10.8,23.0
6,2023-12-02,0.00,0.00,15.5,24.1
6,2023-12-03,0.30,0.30,15.6,24.4
6,2023-12-04,0.10,0.10,19.8,24.2
6,2023-12-05,4.20,4.20,29.7,24.0
6,2023-12-06,0.10,0.10,28.9,24.6
6,2023-12-07,0.40,0.40,18.4,24.2
6,2023-12-08,0.30,0.30,12.0,23.4
6,2023-12-09,0.00,0.00,18.4,23.5
6,2023-12-10,0.00,0.00,22.5,25.1
6,2023-12-11,0.00,0.00,19.4,25.4
6,2023-12-12,0.90,0.90,24.8,24.2
6,2023-12-13,11.70,11.70,26.9,22.4
6,2023-12-14,3.20,3.20,33.1,21.6
6,2023-12-15,1.00,1.00,30.8,21.5
6,2023-12-16,1.30,1.30,25.2,21.8
6,2023-12-17,1.40,1.40,24.9,21.9
6,2023-12-18,3.70,3.70,27.4,21.6
6,2023-12-19,4.40,4.40,32.7,22.3
6,2023-12-20,9.80,9.80,26.1,21.7
6,2023-12-21,0.60,0.60,31.1,23.6
6,2023-12-22,2.80,2.80,24.7,23.2
6,2023-12-23,0.80,0.80,27.8,23.1
6,2023-12-24,0.00,0.00,19.9,23.3
6,2023-12-25,0.00,0.00,14.8,22.6
6,2023-12-26,0.00,0.00,17.1,23.1
6,2023-12-27,3.30,3.30,16.2,21.5
6,2023-12-28,5.50,5.50,23.7,21.8
6,2023-12-29,0.30,0.30,15.4,22.1
6,2023-12-30,0.00,0.00,19.3,22.5
6,2023-12-31,0.00,0.00,13.0,22.0
6,2024-01-01,1.50,1.50,26.1,22.8
6,2024-01-02,0.00,0.00,27.2,23.8
6,2024-01-03,0.00,0.00,27.9,23.7
6,2024-01-04,0.10,0.10,23.5,23.9
6,2024-01-05,0.00,0.00,15.8,23.6
6,2024-01-06,0.00,0.00,15.6,22.9
6,2024-01-07,1.30,1.30,10.0,23.0
6,2024-01-08,22.00,22.00,24.3,22.5
6,2024-01-09,6.10,6.10,25.9,22.8
6,2024-01-10,0.10,0.10,19.3,22.0
6,2024-01-11,15.10,15.10,34.8,20.3
6,2024-01-12,2.40,2.40,28.1,19.7
6,2024-01-13,0.00,0.00,23.8,20.8
6,2024-01-14,0.00,0.00,14.4,20.3
6,2024-01-15,0.00,0.00,13.6,21.7
6,2024-01-16,3.40,3.40,35.9,23.8
6,2024-01-17,0.20,0.20,20.5,23.1
6,2024-01-18,0.00,0.00,17.9,21.9
6,2024-01-19,0.00,0.00,13.9,23.4
6,2024-01-20,0.00,0.00,16.7,24.1
6,2024-01-21,10.00,10.00,8.2,22.7
6,2024-01-22,0.00,0.00,20.7,23.5
6,2024-01-23,0.10,0.10,18.4,24.0
6,2024-01-24,15.60,15.60,32.1,23.8
6,2024-01-25,0.90,0.90,15.5,22.9
6,2024-01-26,0.00,0.00,18.8,23.0
6,2024-01-27,0.40,0.40,27.2,23.7
6,2024-01-28,2.30,2.30,27.8,24.1
6,2024-01-29,6.10,6.10,29.2,23.8
6,2024-01-30,4.30,4.30,17.6,22.7
6,2024-01-31,0.00,0.00,15.1,22.5
6,2024-02-01,3.30,3.30,12.3,22.3
6,2024-02-02,1.90,1.90,28.5,21.2
6,2024-02-03,0.20,0.20,33.8,20.7
6,2024-02-04,0.10,0.10,37.3,22.0
6,2024-02-05,1.00,1.00,38.4,22.4
6,2024-02-06,0.10,0.10,37.9,23.2
6,2024-02-07,0.00,0.00,32.2,23.0
6,2024-02-08,0.10,0.10,26.3,23.4
6,2024-02-09,1.10,1.10,19.1,22.8
6,2024-02-10,1.00,1.00,11.1,22.6
6,2024-02-11,0.00,0.00,16.1,22.3
6,2024-02-12,0.40,0.40,18.7,22.0
6,2024-02-13,2.00,2.00,10.4,21.9
6,2024-02-14,1.40,1.40,23.6,23.0
6,2024-02-15,6.30,6.30,23.5,21.5
6,2024-02-16,0.90,0.90,22.5,20.4
6,2024-02-17,0.00,0.00,24.2,20.9
6,2024-02-18,0.10,0.10,31.7,21.3
6,2024-02-19,0.00,0.00,25.2,21.8
6,2024-02-20,0.00,0.00,18.1,22.1
6,2024-02-21,0.80,0.80,28.3,22.5
6,2024-02-22,0.00,0.00,23.1,23.0
6,2024-02-23,0.90,0.90,26.4,22.9
6,2024-02-24,2.10,2.10,29.0,22.3
6,2024-02-25,1.10,1.10,29.1,21.9
6,2024-02-26,2.10,2.10,31.7,22.0
6,2024-02-27,1.10,1.10,30.4,22.4
6,2024-02-28,3.20,3.20,26.8,21.6
6,2024-02-29,3.70,3.70,29.9,22.4
6,2024-03-01,1.20,1.20,26.5,22.5
6,2024-03-02,0.60,0.60,25.4,22.7
6,2024-03-03,0.20,0.20,22.6,22.9
6,2024-03-04,1.30,1.30,27.5,22.8
6,2024-03-05,1.80,1.80,34.2,22.2
6,2024-03-06,5.20,5.20,30.9,21.2
6,2024-03-07,1.70,1.70,30.5,22.0
6,2024-03-08,0.90,0.90,33.5,21.9
6,2024-03-09,0.60,0.60,34.4,22.3
6,2024-03-10,1.30,1.30,31.4,22.3
6,2024-03-11,0.70,0.70,28.4,22.6
6,2024-03-12,4.30,4.30,23.9,23.2
6,2024-03-13,5.90,5.90,14.8,22.3
6,2024-03-14,3.70,3.70,17.6,21.4
6,2024-03-15,3.00,3.00,17.1,20.7
6,2024-03-16,0.90,0.90,17.1,21.0
6,2024-03-17,0.10,0.10,20.9,21.7
6,2024-03-18,0.00,0.00,18.5,22.5
6,2024-03-19,0.60,0.60,21.3,21.9
6,2024-03-20,0.30,0.30,23.1,22.1
6,2024-03-21,0.00,0.00,25.9,22.4
6,2024-03-22,1.30,1.30,26.3,22.1
6,2024-03-23,1.20,1.20,31.0,22.5
6,2024-03-24,0.00,0.00,30.0,23.2
6,2024-03-25,0.00,0.00,24.6,24.0
6,2024-03-26,0.40,0.40,25.1,23.4
6,2024-03-27,1.80,1.80,29.0,23.1
6,2024-03-28,0.90,0.90,34.2,23.2
6,2024-03-29,0.10,0.10,30.8,23.4
6,2024-03-30,1.60,1.60,26.3,22.5
6,2024-03-31,0.10,0.10,23.1,23.3
6,2024-04-01,3.10,3.10,27.4,22.7
6,2024-04-02,2.00,2.00,33.1,23.0
6,2024-04-03,2.80,2.80,34.7,23.3
6,2024-04-04,3.00,3.00,36.7,22.9
6,2024-04-05,9.80,9.80,33.7,21.7
6,2024-04-06,8.80,8.80,36.0,21.9
6,2024-04-07,6.90,6.90,32.3,22.1
6,2024-04-08,0.80,0.80,24.9,23.0
6,2024-04-09,1.70,1.70,25.4,22.6
6,2024-04-10,1.90,1.90,19.1,23.7
6,2024-04-11,11.40,11.40,23.7,24.1
6,2024-04-12,2.50,2.50,13.7,24.8
6,2024-04-13,0.20,0.20,19.8,25.4
6,2024-04-14,37.00,37.00,24.4,22.8
6,2024-04-15,7.40,7.40,22.4,22.6
6,2024-04-16,2.00,2.00,15.2,22.2
6,2024-04-17,3.00,3.00,18.1,22.1
6,2024-04-18,2.10,2.10,20.8,22.2
6,2024-04-19,2.10,2.10,26.8,22.5
6,2024-04-20,1.70,1.70,22.8,22.7
6,2024-04-21,2.30,2.30,26.2,22.4
6,2024-04-22,2.20,2.20,25.3,22.9
6,2024-04-23,2.30,2.30,29.4,23.1
6,2024-04-24,8.60,8.60,29.3,22.3
6,2024-04-25,5.30,5.30,30.3,23.2
6,2024-04-26,2.30,2.30,27.0,23.3
6,2024-04-27,1.50,1.50,24.1,23.3
6,2024-04-28,0.10,0.10,19.7,24.4
6,2024-04-29,0.00,0.00,22.0,24.2
6,2024-04-30,2.40,2.40,16.3,24.1
6,2024-05-01,0.00,0.00,21.5,24.4
6,2024-05-02,1.00,1.00,26.7,23.8
6,2024-05-03,1.60,1.60,30.3,23.5
6,2024-05-04,3.30,3.30,32.4,23.2
6,2024-05-05,0.80,0.80,31.0,23.7
6,2024-05-06,1.70,1.70,27.6,23.0
6,2024-05-07,0.10,0.10,20.6,23.6
6,2024-05-08,0.20,0.20,17.1,23.7
6,2024-05-09,5.50,5.50,14.3,23.0
6,2024-05-10,4.90,4.90,15.6,22.5
6,2024-05-11,2.40,2.40,15.7,22.5
6,2024-05-12,3.40,3.40,14.9,22.9
6,2024-05-13,2.80,2.80,14.7,24.2
6,2024-05-14,8.90,8.90,9.6,23.8
6,2024-05-15,6.80,6.80,19.1,24.5
6,2024-05-16,38.40,38.40,21.3,23.0
6,2024-05-17,18.10,18.10,8.8,23.8
6,2024-05-18,19.20,19.20,26.6,24.1
6,2024-05-19,4.20,4.20,16.7,24.6
6,2024-05-20,0.00,0.00,20.5,24.8
6,2024-05-21,0.00,0.00,20.7,24.9
6,2024-05-22,0.50,0.50,23.6,24.8
6,2024-05-23,0.20,0.20,27.0,24.9
6,2024-05-24,0.00,0.00,26.6,24.5
6,2024-05-25,0.40,0.40,23.1,24.4
6,2024-05-26,0.20,0.20,23.4,24.2
6,2024-05-27,0.80,0.80,24.3,24.1
6,2024-05-28,0.80,0.80,28.2,24.6
6,2024-05-29,0.90,0.90,23.5,24.3
6,2024-05-30,0.10,0.10,27.1,24.3
6,2024-05-31,2.50,2.50,26.7,23.9
6,2024-06-01,1.00,1.00,28.2,23.8
6,2024-06-02,1.40,1.40,27.3,24.1
6,2024-06-03,4.20,4.20,28.7,24.4
6,2024-06-04,1.30,1.30,28.7,24.8
6,2024-06-05,0.00,0.00,21.1,25.2
6,2024-06-06,0.00,0.00,12.6,25.1
6,2024-06-07,0.10,0.10,16.6,25.2
6,2024-06-08,0.00,0.00,20.1,25.1
6,2024-06-09,0.10,0.10,24.0,24.8
6,2024-06-10,0.30,0.30,26.8,24.9
6,2024-06-11,1.60,1.60,24.9,24.7
6,2024-06-12,2.50,2.50,24.0,24.7
6,2024-06-13,0.30,0.30,27.1,24.9
6,2024-06-14,0.20,0.20,25.8,25.0
6,2024-06-15,0.90,0.90,27.4,25.0
6,2024-06-16,0.80,0.80,24.3,24.7
6,2024-06-17,2.10,2.10,28.0,24.4
6,2024-06-18,1.50,1.50,26.6,24.5
6,2024-06-19,0.50,0.50,30.2,24.8
6,2024-06-20,2.40,2.40,31.1,24.5
6,2024-06-21,1.70,1.70,29.8,25.1
6,2024-06-22,3.70,3.70,29.0,24.5
6,2024-06-23,0.10,0.10,28.4,25.1
6,2024-06-24,0.90,0.90,30.7,24.8
6,2024-06-25,2.40,2.40,27.2,24.7
6,2024-06-26,0.50,0.50,21.7,24.8
6,2024-06-27,0.60,0.60,21.0,24.8
6,2024-06-28,2.20,2.20,20.5,24.2
6,2024-06-29,0.90,0.90,17.0,25.1
6,2024-06-30,0.00,0.00,21.7,25.2
6,2024-07-01,0.70,0.70,23.4,25.3
6,2024-07-02,1.70,1.70,21.8,25.0
6,2024-07-03,0.90,0.90,22.8,25.1
6,2024-07-04,1.20,1.20,23.4,25.0
6,2024-07-05,2.50,2.50,25.3,25.2
6,2024-07-06,0.30,0.30,20.5,25.2
6,2024-07-07,1.00,1.00,22.1,24.7
6,2024-07-08,2.70,2.70,22.0,24.8
6,2024-07-09,2.20,2.20,28.5,25.3
6,2024-07-10,1.00,1.00,32.0,25.1
6,2024-07-11,3.70,3.70,30.6,25.1
6,2024-07-12,1.50,1.50,29.9,25.4
6,2024-07-13,0.30,0.30,30.4,25.6
6,2024-07-14,1.70,1.70,26.4,25.3
6,2024-07-15,1.30,1.30,27.3,25.0
6,2024-07-16,0.30,0.30,28.4,25.1
6,2024-07-17,0.80,0.80,22.2,25.1
6,2024-07-18,0.50,0.50,19.6,25.2
6,2024-07-19,0.80,0.80,21.4,25.1
6,2024-07-20,3.50,3.50,21.2,25.9
6,2024-07-21,4.60,4.60,22.7,26.0
6,2024-07-22,0.70,0.70,25.0,25.8
6,2024-07-23,3.60,3.60,26.4,25.6
6,2024-07-24,1.40,1.40,30.7,26.1
6,2024-07-25,0.50,0.50,32.2,25.8
6,2024-07-26,2.00,2.00,31.4,24.7
6,2024-07-27,4.80,4.80,28.4,24.3
6,2024-07-28,2.20,2.20,25.2,25.0
6,2024-07-29,0.40,0.40,23.2,25.6
6,2024-07-30,2.80,2.80,22.9,25.0
6,2024-07-31,0.20,0.20,20.9,25.5
6,2024-08-01,0.00,0.00,20.3,25.1
6,2024-08-02,2.40,2.40,15.2,25.2
6,2024-08-03,0.90,0.90,20.3,25.8
6,2024-08-04,0.00,0.00,24.4,26.0
6,2024-08-05,0.10,0.10,23.6,26.0
6,2024-08-06,0.10,0.10,23.8,26.1
6,2024-08-07,0.00,0.00,27.0,26.0
6,2024-08-08,0.70,0.70,21.8,25.8
6,2024-08-09,0.20,0.20,21.6,25.7
6,2024-08-10,1.40,1.40,23.2,25.8
6,2024-08-11,2.80,2.80,24.4,25.7
6,2024-08-12,2.60,2.60,24.3,25.6
6,2024-08-13,1.60,1.60,28.0,25.8
6,2024-08-14,1.30,1.30,20.3,25.8
6,2024-08-15,0.90,0.90,22.0,25.9
6,2024-08-16,0.20,0.20,29.2,26.5
6,2024-08-17,1.10,1.10,27.3,26.1
6,2024-08-18,1.20,1.20,24.6,26.1
6,2024-08-19,2.60,2.60,23.3,25.9
6,2024-08-20,1.00,1.00,23.8,26.2
6,2024-08-21,0.10,0.10,28.5,26.2
6,2024-08-22,0.50,0.50,28.6,26.0
6,2024-08-23,2.30,2.30,30.2,26.0
6,2024-08-24,1.10,1.10,35.9,26.2
6,2024-08-25,9.20,9.20,39.2,25.4
6,2024-08-26,0.80,0.80,29.6,25.7
6,2024-08-27,0.00,0.00,22.4,25.7
6,2024-08-28,2.80,2.80,20.3,25.2
6,2024-08-29,1.40,1.40,21.8,26.0
6,2024-08-30,5.70,5.70,20.8,26.1
6,2024-08-31,6.10,6.10,13.6,27.3
6,2024-09-01,0.00,0.00,25.2,27.1
6,2024-09-02,0.40,0.40,27.0,26.5
6,2024-09-03,0.70,0.70,24.5,26.1
6,2024-09-04,0.00,0.00,20.5,25.8
6,2024-09-05,0.00,0.00,19.1,26.4
6,2024-09-06,0.10,0.10,19.1,26.3
6,2024-09-07,2.30,2.30,20.7,25.4
6,2024-09-08,0.00,0.00,18.4,25.6
6,2024-09-09,1.10,1.10,12.0,25.3
6,2024-09-10,8.20,8.20,12.8,25.0
6,2024-09-11,0.00,0.00,14.2,25.8
6,2024-09-12,0.00,0.00,19.4,26.6
6,2024-09-13,0.20,0.20,24.1,26.4
6,2024-09-14,1.00,1.00,25.0,26.1
6,2024-09-15,2.50,2.50,24.9,25.7
6,2024-09-16,0.40,0.40,29.6,26.4
6,2024-09-17,0.90,0.90,21.1,26.4
6,2024-09-18,0.20,0.20,28.1,26.3
6,2024-09-19,0.00,0.00,25.7,26.2
6,2024-09-20,1.40,1.40,22.4,25.6
6,2024-09-21,4.60,4.60,24.0,25.0
6,2024-09-22,0.80,0.80,19.7,25.8
6,2024-09-23,0.00,0.00,20.1,26.2
6,2024-09-24,0.00,0.00,23.8,26.2
6,2024-09-25,0.50,0.50,24.1,25.9
6,2024-09-26,0.70,0.70,21.9,25.7
6,2024-09-27,1.70,1.70,20.5,25.6
6,2024-09-28,0.20,0.20,24.5,26.2
6,2024-09-29,0.20,0.20,19.3,25.6
6,2024-09-30,0.50,0.50,20.2,26.0
6,2024-10-01,0.40,0.40,22.9,26.1
6,2024-10-02,0.80,0.80,20.9,26.1
6,2024-10-03,1.40,1.40,20.7,25.8
6,2024-10-04,1.50,1.50,17.7,25.0
6,2024-10-05,1.40,1.40,18.9,25.6
6,2024-10-06,3.10,3.10,23.7,25.3
6,2024-10-07,0.90,0.90,22.4,25.5
6,2024-10-08,0.40,0.40,22.0,25.4
6,2024-10-09,0.30,0.30,25.5,26.0
6,2024-10-10,5.00,5.00,18.1,25.8
6,2024-10-11,0.00,0.00,19.5,26.2
6,2024-10-12,0.00,0.00,19.3,25.5
6,2024-10-13,1.20,1.20,22.0,25.6
6,2024-10-14,5.50,5.50,24.5,25.4
6,2024-10-15,0.00,0.00,28.2,26.3
6,2024-10-16,0.00,0.00,32.9,26.1
6,2024-10-17,0.00,0.00,22.2,26.3
6,2024-10-18,0.10,0.10,20.5,26.9
6,2024-10-19,0.90,0.90,19.7,26.0
6,2024-10-20,0.00,0.00,27.6,26.0
6,2024-10-21,0.00,0.00,18.8,26.0
6,2024-10-22,0.10,0.10,18.5,25.6
6,2024-10-23,0.60,0.60,17.3,26.2
6,2024-10-24,0.20,0.20,19.4,26.2
6,2024-10-25,0.90,0.90,17.1,26.3
6,2024-10-26,2.30,2.30,24.4,25.5
6,2024-10-27,3.60,3.60,22.7,24.7
6,2024-10-28,2.70,2.70,27.5,25.3
6,2024-10-29,1.40,1.40,30.5,25.5
6,2024-10-30,3.30,3.30,29.2,24.8
6,2024-10-31,1.50,1.50,28.7,25.8
6,2024-11-01,1.30,1.30,27.1,25.2
6,2024-11-02,0.00,0.00,23.2,25.4
6,2024-11-03,2.10,2.10,21.2,25.0
6,2024-11-04,0.80,0.80,23.6,25.7
6,2024-11-05,1.10,1.10,16.5,26.4
6,2024-11-06,7.10,7.10,24.9,24.6
6,2024-11-07,4.10,4.10,27.8,24.6
6,2024-11-08,8.40,8.40,28.9,23.8
6,2024-11-09,1.20,1.20,24.9,24.6
6,2024-11-10,0.00,0.00,28.0,25.2
6,2024-11-11,0.90,0.90,27.0,25.0
6,2024-11-12,1.00,1.00,25.6,24.9
6,2024-11-13,5.40,5.40,26.6,24.6
6,2024-11-14,3.40,3.40,30.0,24.6
6,2024-11-15,0.20,0.20,31.4,25.2
6,2024-11-16,1.30,1.30,29.9,24.9
6,2024-11-17,1.40,1.40,29.1,24.4
6,2024-11-18,2.40,2.40,25.0,24.3
6,2024-11-19,0.40,0.40,22.9,24.5
6,2024-11-20,0.20,0.20,20.8,24.0
6,2024-11-21,0.00,0.00,20.3,23.6
6,2024-11-22,0.00,0.00,12.2,22.8
6,2024-11-23,0.00,0.00,17.4,22.2
6,2024-11-24,0.80,0.80,14.5,22.7
6,2024-11-25,1.10,1.10,14.1,23.1
6,2024-11-26,1.80,1.80,13.4,23.3
6,2024-11-27,0.20,0.20,20.0,24.0
6,2024-11-28,0.00,0.00,19.2,24.1
6,2024-11-29,0.30,0.30,17.9,23.6
6,2024-11-30,0.00,0.00,16.4,23.7
6,2024-12-01,0.10,0.10,16.5,22.8
6,2024-12-02,0.00,0.00,15.8,23.1
6,2024-12-03,0.00,0.00,15.2,23.4
6,2024-12-04,0.50,0.50,9.5,23.8
6,2024-12-05,3.00,3.00,18.4,23.9
6,2024-12-06,6.00,6.00,13.4,22.8
6,2024-12-07,1.70,1.70,10.3,23.1
6,2024-12-08,0.10,0.10,15.2,23.3
6,2024-12-09,0.30,0.30,20.3,23.9
6,2024-12-10,0.80,0.80,26.2,24.1
6,2024-12-11,0.00,0.00,34.3,24.4
6,2024-12-12,0.00,0.00,29.6,24.5
6,2024-12-13,0.20,0.20,24.5,24.6
6,2024-12-14,0.00,0.00,21.2,24.2
6,2024-12-15,0.50,0.50,21.6,24.0
6,2024-12-16,0.00,0.00,13.7,23.0
6,2024-12-17,0.50,0.50,15.2,22.7
6,2024-12-18,1.20,1.20,9.7,23.9
6,2024-12-19,0.30,0.30,12.7,23.5
6,2024-12-20,1.70,1.70,10.8,23.7
6,2024-12-21,0.10,0.10,12.1,22.8
6,2024-12-22,0.00,0.00,14.6,23.0
6,2024-12-23,0.30,0.30,25.6,23.9
6,2024-12-24,0.00,0.00,21.1,24.6
6,2024-12-25,0.00,0.00,23.3,24.1
6,2024-12-26,0.00,0.00,13.2,22.9
6,2024-12-27,0.50,0.50,16.9,23.2
6,2024-12-28,3.60,3.60,19.1,22.6
6,2024-12-29,4.80,4.80,20.6,22.1
6,2024-12-30,0.40,0.40,22.5,23.4
6,2024-12-31,0.80,0.80,21.1,24.0
6,2025-01-01,0.90,0.90,20.7,23.5
6,2025-01-02,0.20,0.20,19.6,23.7
6,2025-01-03,0.00,0.00,13.7,23.4
6,2025-01-04,0.50,0.50,11.1,22.9
6,2025-01-05,0.00,0.00,19.2,23.4
6,2025-01-06,0.00,0.00,17.9,24.0
6,2025-01-07,0.10,0.10,23.4,24.5
6,2025-01-08,8.80,8.80,13.9,23.8
6,2025-01-09,4.60,4.60,16.8,23.0
6,2025-01-10,1.20,1.20,17.1,23.2
6,2025-01-11,1.00,1.00,22.2,23.1
6,2025-01-12,2.60,2.60,20.9,23.0
6,2025-01-13,0.70,0.70,21.5,23.1
6,2025-01-14,0.20,0.20,19.9,23.1
6,2025-01-15,0.20,0.20,15.6,22.9
6,2025-01-16,2.90,2.90,13.7,22.4
6,2025-01-17,0.70,0.70,14.1,22.0
6,2025-01-18,0.00,0.00,20.2,22.7
6,2025-01-19,0.00,0.00,21.7,22.8
6,2025-01-20,0.50,0.50,19.4,22.6
6,2025-01-21,0.10,0.10,13.1,22.4
6,2025-01-22,5.40,5.40,19.4,20.3
6,2025-01-23,0.00,0.00,14.1,20.4
6,2025-01-24,0.00,0.00,16.5,20.9
6,2025-01-25,0.50,0.50,17.9,22.3
6,2025-01-26,6.90,6.90,13.5,22.1
6,2025-01-27,3.00,3.00,23.3,21.0
6,2025-01-28,0.30,0.30,14.5,20.2
6,2025-01-29,0.60,0.60,17.5,21.9
6,2025-01-30,42.30,42.30,30.2,23.4
6,2025-01-31,0.40,0.40,26.5,23.5
6,2025-02-01,0.10,0.10,13.2,21.6
6,2025-02-02,0.00,0.00,15.9,21.4
6,2025-02-03,0.50,0.50,16.4,21.6
6,2025-02-04,2.10,2.10,16.5,20.8
6,2025-02-05,0.80,0.80,10.5,20.8
6,2025-02-06,0.70,0.70,11.1,21.0
6,2025-02-07,0.80,0.80,12.8,22.3
6,2025-02-08,0.00,0.00,16.6,22.2
6,2025-02-09,0.40,0.40,14.9,22.8
6,2025-02-10,0.10,0.10,8.6,22.5
6,2025-02-11,0.00,0.00,11.9,22.2
6,2025-02-12,0.30,0.30,12.9,21.9
6,2025-02-13,0.00,0.00,19.5,22.5
6,2025-02-14,5.20,5.20,10.9,23.0
6,2025-02-15,0.10,0.10,16.6,23.5
6,2025-02-16,4.50,4.50,8.5,24.1
6,2025-02-17,6.60,6.60,16.0,22.8
6,2025-02-18,0.00,0.00,16.2,23.2
6,2025-02-19,0.00,0.00,17.3,23.2
6,2025-02-20,0.00,0.00,19.9,23.2
6,2025-02-21,0.40,0.40,12.8,23.2
6,2025-02-22,0.90,0.90,10.5,22.6
6,2025-02-23,0.10,0.10,18.1,22.9
6,2025-02-24,0.40,0.40,13.4,22.8
6,2025-02-25,0.70,0.70,17.5,23.3
6,2025-02-26,0.60,0.60,16.2,23.3
6,2025-02-27,0.00,0.00,18.3,23.7
6,2025-02-28,0.00,0.00,15.1,23.8
6,2025-03-01,0.30,0.30,13.3,23.6
6,2025-03-02,0.00,0.00,18.5,23.4
6,2025-03-03,0.00,0.00,25.9,24.0
6,2025-03-04,3.30,3.30,30.9,23.6
6,2025-03-05,0.90,0.90,29.7,23.8
6,2025-03-06,1.50,1.50,25.0,23.5
6,2025-03-07,5.90,5.90,27.3,22.6
6,2025-03-08,4.50,4.50,27.5,22.5
6,2025-03-09,6.30,6.30,24.0,21.9
6,2025-03-10,5.10,5.10,26.9,22.1
6,2025-03-11,1.20,1.20,29.1,22.5
6,2025-03-12,0.40,0.40,29.0,22.9
6,2025-03-13,0.30,0.30,29.2,23.6
6,2025-03-14,1.40,1.40,25.8,23.0
6,2025-03-15,2.60,2.60,14.7,22.5
6,2025-03-16,3.20,3.20,13.1,22.8
6,2025-03-17,6.20,6.20,12.9,23.6
6,2025-03-18,1.80,1.80,16.9,23.7
6,2025-03-19,2.90,2.90,21.6,23.4
6,2025-03-20,0.00,0.00,22.9,24.1
6,2025-03-21,0.40,0.40,20.7,24.0
6,2025-03-22,0.00,0.00,18.7,24.2
6,2025-03-23,0.00,0.00,14.6,23.7
6,2025-03-24,0.00,0.00,16.6,23.4
6,2025-03-25,0.80,0.80,16.6,23.4
6,2025-03-26,2.80,2.80,11.1,23.4
6,2025-03-27,0.00,0.00,13.0,24.0
6,2025-03-28,2.70,2.70,13.1,23.8
6,2025-03-29,0.00,0.00,16.9,24.1
6,2025-03-30,5.00,5.00,12.9,23.0
6,2025-03-31,0.40,0.40,10.7,24.4
6,2025-04-01,0.20,0.20,15.7,25.5
6,2025-04-02,0.10,0.10,22.0,24.4
6,2025-04-03,3.20,3.20,13.7,23.9
6,2025-04-04,1.20,1.20,17.0,23.9
6,2025-04-05,0.60,0.60,22.7,24.3
6,2025-04-06,1.60,1.60,24.3,24.6
6,2025-04-07,0.60,0.60,23.2,24.7
6,2025-04-08,1.00,1.00,21.4,23.7
6,2025-04-09,7.80,7.80,21.8,22.4
6,2025-04-10,6.90,6.90,22.0,22.6
6,2025-04-11,4.70,4.70,27.0,23.4
6,2025-04-12,3.30,3.30,21.9,23.5
6,2025-04-13,1.30,1.30,23.2,23.6
6,2025-04-14,2.20,2.20,22.9,23.7
6,2025-04-15,4.00,4.00,20.3,23.5
6,2025-04-16,1.90,1.90,15.3,23.3
6,2025-04-17,1.70,1.70,15.7,22.3
6,2025-04-18,7.60,7.60,18.4,22.0
6,2025-04-19,2.10,2.10,20.0,23.4
6,2025-04-20,3.90,3.90,18.8,23.3
6,2025-04-21,4.50,4.50,16.1,23.8
6,2025-04-22,11.60,11.60,9.7,23.3
6,2025-04-23,2.90,2.90,15.1,24.6
6,2025-04-24,4.60,4.60,10.2,24.7
6,2025-04-25,4.60,4.60,11.1,24.2
6,2025-04-26,3.10,3.10,11.8,23.9
6,2025-04-27,6.10,6.10,10.6,23.6
6,2025-04-28,2.30,2.30,11.6,23.5
6,2025-04-29,4.90,4.90,11.4,23.4
6,2025-04-30,1.30,1.30,15.8,24.1
6,2025-05-01,0.10,0.10,22.0,24.9
6,2025-05-02,0.00,0.00,24.1,25.1
6,2025-05-03,2.50,2.50,23.0,24.8
6,2025-05-04,1.80,1.80,23.1,25.1
6,2025-05-05,2.10,2.10,24.9,24.3
6,2025-05-06,5.30,5.30,24.4,23.8
6,2025-05-07,2.40,2.40,23.6,23.9
6,2025-05-08,2.30,2.30,21.7,24.4
6,2025-05-09,0.50,0.50,24.5,25.2
6,2025-05-10,0.60,0.60,26.1,24.8
6,2025-05-11,2.70,2.70,25.5,24.3
6,2025-05-12,3.70,3.70,24.0,24.2
6,2025-05-13,0.20,0.20,24.5,25.1
6,2025-05-14,4.50,4.50,23.5,24.2
6,2025-05-15,4.20,4.20,22.7,23.8
6,2025-05-16,4.40,4.40,23.6,23.8
6,2025-05-17,2.30,2.30,18.9,24.5
6,2025-05-18,0.00,0.00,20.8,24.9
6,2025-05-19,3.40,3.40,20.0,24.4
6,2025-05-20,3.50,3.50,21.1,23.7
6,2025-05-21,4.10,4.10,22.8,24.0
6,2025-05-22,3.60,3.60,21.4,24.1
6,2025-05-23,3.40,3.40,21.4,24.2
6,2025-05-24,3.90,3.90,22.5,24.1
6,2025-05-25,0.80,0.80,20.0,24.1
6,2025-05-26,0.10,0.10,18.3,25.2
6,2025-05-27,0.00,0.00,19.1,24.9
6,2025-05-28,0.00,0.00,17.4,24.9
6,2025-05-29,0.10,0.10,20.1,24.4
6,2025-05-30,2.30,2.30,20.8,24.4
6,2025-05-31,1.00,1.00,22.5,24.7
6,2025-06-01,0.20,0.20,16.6,25.7
6,2025-06-02,0.00,0.00,22.0,25.7
6,2025-06-03,0.70,0.70,24.8,25.6
6,2025-06-04,0.90,0.90,24.9,25.6
6,2025-06-05,2.60,2.60,22.4,24.5
6,2025-06-06,0.00,0.00,19.5,25.4
6,2025-06-07,0.30,0.30,19.7,25.1
6,2025-06-08,0.30,0.30,19.1,25.2
6,2025-06-09,5.10,5.10,15.3,24.8
6,2025-06-10,0.20,0.20,22.1,25.7
6,2025-06-11,0.40,0.40,23.2,25.7
6,2025-06-12,0.50,0.50,23.4,25.5
6,2025-06-13,0.20,0.20,21.9,25.5
6,2025-06-14,2.50,2.50,23.8,24.8
6,2025-06-15,0.20,0.20,26.2,25.6
6,2025-06-16,4.00,4.00,24.9,24.8
6,2025-06-17,1.60,1.60,25.3,24.9
6,2025-06-18,0.60,0.60,24.0,25.2
6,2025-06-19,1.10,1.10,22.3,25.0
6,2025-06-20,0.30,0.30,19.5,25.4
6,2025-06-21,0.00,0.00,25.2,26.1
6,2025-06-22,0.00,0.00,30.3,25.8
6,2025-06-23,1.50,1.50,26.5,25.2
6,2025-06-24,2.60,2.60,21.9,25.3
6,2025-06-25,2.70,2.70,20.6,24.9
6,2025-06-26,0.10,0.10,20.5,25.8
6,2025-06-27,1.00,1.00,21.7,25.6
6,2025-06-28,0.50,0.50,22.1,26.1
6,2025-06-29,1.10,1.10,19.4,25.4
6,2025-06-30,2.70,2.70,17.7,25.9
6,2025-07-01,0.00,0.00,20.4,25.8
6,2025-07-02,0.40,0.40,19.5,25.6
6,2025-07-03,0.00,0.00,23.8,26.1
6,2025-07-04,1.30,1.30,24.3,25.1
6,2025-07-05,1.20,1.20,27.3,25.6
6,2025-07-06,0.80,0.80,27.2,25.9
6,2025-07-07,2.90,2.90,26.8,25.2
6,2025-07-08,0.30,0.30,29.6,25.4
6,2025-07-09,0.30,0.30,26.3,25.9
6,2025-07-10,4.90,4.90,25.2,25.0
6,2025-07-11,3.40,3.40,22.3,24.7
6,2025-07-12,4.20,4.20,22.1,24.8
6,2025-07-13,0.30,0.30,20.0,25.6
6,2025-07-14,0.30,0.30,22.0,26.0
6,2025-07-15,0.20,0.20,24.1,25.8
6,2025-07-16,1.00,1.00,26.2,25.8
6,2025-07-17,0.50,0.50,20.4,26.0
6,2025-07-18,2.60,2.60,19.8,25.7
6,2025-07-19,3.30,3.30,18.2,25.5
6,2025-07-20,0.40,0.40,20.8,26.6
6,2025-07-21,0.70,0.70,25.6,26.3
6,2025-07-22,1.10,1.10,23.8,26.6
6,2025-07-23,0.00,0.00,24.2,26.5
6,2025-07-24,0.00,0.00,21.8,26.3
6,2025-07-25,0.20,0.20,20.2,26.0
6,2025-07-26,0.00,0.00,19.1,25.8
6,2025-07-27,0.60,0.60,19.1,25.6
6,2025-07-28,2.40,2.40,16.1,26.4
6,2025-07-29,0.50,0.50,23.2,26.7
6,2025-07-30,0.20,0.20,26.8,26.8
6,2025-07-31,0.10,0.10,31.5,26.4
6,2025-08-01,0.40,0.40,28.4,26.0
6,2025-08-02,1.00,1.00,30.2,25.7
6,2025-08-03,1.50,1.50,26.9,25.9
6,2025-08-04,0.30,0.30,23.8,26.4
6,2025-08-05,0.10,0.10,20.4,26.3
6,2025-08-06,2.40,2.40,16.4,26.4
6,2025-08-07,0.40,0.40,22.3,26.9
6,2025-08-08,0.10,0.10,24.0,26.4
6,2025-08-09,0.00,0.00,21.3,26.3
6,2025-08-10,2.10,2.10,14.1,26.3
6,2025-08-11,1.50,1.50,16.4,26.8
6,2025-08-12,0.10,0.10,22.0,26.6
6,2025-08-13,0.50,0.50,22.4,26.3
6,2025-08-14,0.50,0.50,19.1,25.9
6,2025-08-15,0.00,0.00,19.9,26.2
6,2025-08-16,0.10,0.10,23.4,26.7
6,2025-08-17,1.00,1.00,25.4,26.5
6,2025-08-18,1.90,1.90,17.3,26.5
6,2025-08-19,0.50,0.50,23.6,26.8
6,2025-08-20,0.80,0.80,22.5,26.5
6,2025-08-21,0.80,0.80,23.8,26.5
6,2025-08-22,0.20,0.20,21.8,26.8
6,2025-08-23,0.40,0.40,21.8,26.6
6,2025-08-24,0.00,0.00,21.6,26.7
6,2025-08-25,0.00,0.00,20.9,26.5
6,2025-08-26,0.00,0.00,21.7,26.7
6,2025-08-27,0.10,0.10,20.9,26.9
6,2025-08-28,0.40,0.40,19.4,26.6
6,2025-08-29,0.00,0.00,19.9,26.7
6,2025-08-30,0.10,0.10,15.8,26.1
6,2025-08-31,1.00,1.00,13.9,26.3
6,2025-09-01,0.00,0.00,17.5,27.2
6,2025-09-02,0.00,0.00,20.0,26.1
6,2025-09-03,0.10,0.10,17.8,26.5
6,2025-09-04,0.00,0.00,21.7,26.6
6,2025-09-05,0.00,0.00,19.5,26.4
6,2025-09-06,0.40,0.40,17.3,26.2
6,2025-09-07,6.50,6.50,13.5,25.2
6,2025-09-08,0.10,0.10,16.8,26.2
6,2025-09-09,1.00,1.00,19.4,26.4
6,2025-09-10,0.60,0.60,13.5,26.9
6,2025-09-11,0.60,0.60,19.9,26.9
6,2025-09-12,1.30,1.30,22.9,26.3
6,2025-09-13,0.30,0.30,21.2,26.8
6,2025-09-14,0.20,0.20,20.5,26.5
6,2025-09-15,0.00,0.00,20.0,26.7
6,2025-09-16,1.50,1.50,25.6,26.0
6,2025-09-17,0.80,0.80,23.7,26.1
6,2025-09-18,1.90,1.90,25.6,26.0
6,2025-09-19,2.70,2.70,21.4,26.2
6,2025-09-20,3.90,3.90,24.4,25.5
6,2025-09-21,2.90,2.90,23.2,25.6
6,2025-09-22,1.70,1.70,20.5,25.8
6,2025-09-23,0.60,0.60,21.0,25.8
6,2025-09-24,0.60,0.60,17.7,25.6
6,2025-09-25,6.90,6.90,13.2,24.7
6,2025-09-26,5.30,5.30,10.0,25.7
6,2025-09-27,0.60,0.60,16.6,26.1
6,2025-09-28,0.10,0.10,21.7,26.2
6,2025-09-29,0.70,0.70,20.3,26.1
6,2025-09-30,0.10,0.10,21.0,26.3
6,2025-10-01,1.90,1.90,19.1,25.9
6,2025-10-02,0.00,0.00,18.8,26.2
6,2025-10-03,0.30,0.30,20.9,26.3
6,2025-10-04,0.30,0.30,21.0,26.1
6,2025-10-05,0.80,0.80,20.1,25.8
6,2025-10-06,3.50,3.50,14.1,24.1
6,2025-10-07,6.00,6.00,11.1,24.7
6,2025-10-08,4.70,4.70,6.9,25.1
6,2025-10-09,3.10,3.10,8.1,25.3
6,2025-10-10,0.40,0.40,10.1,25.7
6,2025-10-11,0.20,0.20,16.3,25.8
6,2025-10-12,0.00,0.00,18.6,25.9
6,2025-10-13,1.40,1.40,15.3,25.0
6,2025-10-14,0.40,0.40,19.1,26.0
6,2025-10-15,0.00,0.00,21.3,26.6
6,2025-10-16,3.30,3.30,20.2,25.7
6,2025-10-17,4.80,4.80,24.1,25.3
6,2025-10-18,2.50,2.50,26.4,25.9
6,2025-10-19,0.60,0.60,21.6,25.9
6,2025-10-20,1.20,1.20,19.2,25.5
6,2025-10-21,4.50,4.50,22.5,25.0
6,2025-10-22,0.60,0.60,25.0,25.7
6,2025-10-23,2.00,2.00,24.0,25.8
6,2025-10-24,2.00,2.00,30.2,25.4
6,2025-10-25,1.10,1.10,26.5,25.8
6,2025-10-26,0.20,0.20,24.7,25.9
6,2025-10-27,0.20,0.20,17.0,25.7
6,2025-10-28,0.10,0.10,18.5,25.6
6,2025-10-29,0.00,0.00,18.6,25.6
6,2025-10-30,0.50,0.50,21.7,25.6
6,2025-10-31,0.70,0.70,18.1,25.3
6,2025-11-01,0.20,0.20,17.2,25.3
6,2025-11-02,2.30,2.30,15.0,24.7
6,2025-11-03,0.90,0.90,18.3,25.8
6,2025-11-04,0.10,0.10,18.4,25.8
6,2025-11-05,0.30,0.30,21.3,25.6
6,2025-11-06,0.00,0.00,17.5,26.3
6,2025-11-07,0.50,0.50,15.6,24.9
6,2025-11-08,12.10,12.10,18.3,23.7
6,2025-11-09,4.10,4.10,24.4,23.9
6,2025-11-10,2.20,2.20,26.8,24.2
6,2025-11-11,2.20,2.20,27.3,24.2
6,2025-11-12,8.50,8.50,31.3,23.6
6,2025-11-13,1.80,1.80,28.7,25.0
6,2025-11-14,1.00,1.00,23.0,25.0
6,2025-11-15,0.20,0.20,18.6,24.0
6,2025-11-16,0.90,0.90,17.1,24.0
6,2025-11-17,0.50,0.50,16.6,24.3
6,2025-11-18,0.00,0.00,16.5,24.3
6,2025-11-19,2.30,2.30,26.3,24.8
6,2025-11-20,2.70,2.70,25.7,24.9
6,2025-11-21,3.20,3.20,21.5,24.7
6,2025-11-22,1.90,1.90,20.3,24.9
6,2025-11-23,1.10,1.10,19.8,24.6
6,2025-11-24,0.00,0.00,18.4,24.7
6,2025-11-25,0.00,0.00,17.4,24.3
6,2025-11-26,0.00,0.00,14.0,24.1
6,2025-11-27,0.00,0.00,18.7,24.1
6,2025-11-28,1.00,1.00,15.0,24.2
6,2025-11-29,0.00,0.00,13.4,23.8
6,2025-11-30,0.00,0.00,12.7,23.8
6,2025-12-01,0.00,0.00,16.3,23.5
6,2025-12-02,0.10,0.10,12.2,23.3
6,2025-12-03,0.00,0.00,13.9,22.9
6,2025-12-04,0.60,0.60,17.4,24.0
6,2025-12-05,2.90,2.90,22.7,24.4
6,2025-12-06,0.00,0.00,17.3,24.7
6,2025-12-07,1.10,1.10,18.3,24.0
6,2025-12-08,0.00,0.00,17.4,24.0
6,2025-12-09,2.60,2.60,10.5,23.4
6,2025-12-10,0.00,0.00,18.2,23.0
6,2025-12-11,3.70,3.70,14.5,22.3
6,2025-12-12,0.00,0.00,12.3,22.7
6,2025-12-13,0.30,0.30,24.9,24.3
6,2025-12-14,47.50,47.50,17.0,22.9
6,2025-12-15,6.50,6.50,13.6,23.9
6,2025-12-16,1.50,1.50,15.3,24.0
6,2025-12-17,4.20,4.20,21.0,24.2
6,2025-12-18,17.10,17.10,12.0,23.0
6,2025-12-19,7.70,7.70,10.3,23.2
6,2025-12-20,20.70,20.70,10.6,23.2
6,2025-12-21,0.50,0.50,17.3,24.4
6,2025-12-22,1.00,1.00,22.9,24.6
6,2025-12-23,1.70,1.70,26.1,23.7
6,2025-12-24,0.00,0.00,20.9,23.6
6,2025-12-25,0.00,0.00,21.6,23.3
6,2025-12-26,0.70,0.70,19.1,22.8
6,2025-12-27,1.90,1.90,11.9,22.5
6,2025-12-28,0.30,0.30,12.1,23.1
6,2025-12-29,0.00,0.00,16.6,23.7
6,2025-12-30,0.80,0.80,18.3,23.2
6,2025-12-31,0.50,0.50,18.4,23.2
6,2026-01-01,3.00,3.00,19.3,22.5
6,2026-01-02,3.10,3.10,23.0,22.3
6,2026-01-03,0.50,0.50,15.1,22.5
6,2026-01-04,12.10,12.10,12.1,21.5
6,2026-01-05,6.80,6.80,30.9,22.6
6,2026-01-06,1.40,1.40,29.3,23.7
6,2026-01-07,0.00,0.00,22.3,23.8
6,2026-01-08,0.00,0.00,12.4,23.2
6,2026-01-09,1.60,1.60,10.5,23.1
6,2026-01-10,0.70,0.70,13.5,23.1
6,2026-01-11,2.50,2.50,12.1,23.3
6,2026-01-12,3.00,3.00,20.9,22.7
6,2026-01-13,0.00,0.00,11.9,21.4
6,2026-01-14,2.90,2.90,26.0,23.0
6,2026-01-15,17.30,17.30,28.3,21.2
6,2026-01-16,0.00,0.00,21.2,20.8
6,2026-01-17,0.00,0.00,22.0,21.6
6,2026-01-18,0.00,0.00,18.5,22.8
6,2026-01-19,0.00,0.00,15.9,23.2
6,2026-01-20,0.00,0.00,12.9,22.3
6,2026-01-21,7.60,7.60,19.3,20.7
6,2026-01-22,0.00,0.00,11.7,22.1
6,2026-01-23,0.80,0.80,15.4,22.7
6,2026-01-24,5.20,5.20,12.3,22.6
6,2026-01-25,1.80,1.80,12.3,22.7
6,2026-01-26,6.40,6.40,13.9,22.7
6,2026-01-27,0.00,0.00,11.2,23.3
6,2026-01-28,0.00,0.00,10.9,23.4
6,2026-01-29,0.50,0.50,15.7,23.7
6,2026-01-30,2.90,2.90,14.7,22.5
6,2026-01-31,0.00,0.00,12.4,22.6
6,2026-02-01,0.00,0.00,20.0,23.0
6,2026-02-02,5.60,5.60,35.8,24.4
6,2026-02-03,0.40,0.40,15.6,22.5
6,2026-02-04,0.00,0.00,15.0,21.5
6,2026-02-05,0.90,0.90,16.3,22.0
6,2026-02-06,2.20,2.20,17.5,22.3
6,2026-02-07,26.00,26.00,20.9,19.4
6,2026-02-08,13.90,13.90,28.9,19.7
6,2026-02-09,8.10,8.10,34.4,21.8
6,2026-02-10,8.20,8.20,29.8,22.2
6,2026-02-11,0.20,0.20,29.1,23.3
6,2026-02-12,1.80,1.80,25.7,22.8
6,2026-02-13,0.50,0.50,27.4,23.1
6,2026-02-14,2.00,2.00,27.2,22.8
6,2026-02-15,5.60,5.60,27.9,22.5
6,2026-02-16,0.70,0.70,28.9,21.9
6,2026-02-17,1.10,1.10,29.0,22.1
6,2026-02-18,0.60,0.60,32.6,22.6
6,2026-02-19,1.90,1.90,32.3,22.4
6,2026-02-20,4.90,4.90,24.7,21.7
6,2026-02-21,20.10,20.10,17.9,20.2
6,2026-02-22,2.10,2.10,16.0,20.4
6,2026-02-23,1.50,1.50,21.1,20.5
6,2026-02-24,5.20,5.20,22.0,20.2
6,2026-02-25,0.10,0.10,19.3,20.4
6,2026-02-26,0.00,0.00,15.9,21.6
6,2026-02-27,0.00,0.00,14.1,21.6
6,2026-02-28,0.40,0.40,12.0,22.3
6,2026-03-01,0.50,0.50,14.2,23.5
6,2026-03-02,2.20,2.20,18.2,23.2
6,2026-03-03,2.10,2.10,20.7,23.1
6,2026-03-04,1.30,1.30,23.4,23.5
6,2026-03-05,1.60,1.60,18.7,23.3
6,2026-03-06,0.70,0.70,17.8,23.2
6,2026-03-07,1.00,1.00,26.0,23.5
6,2026-03-08,3.00,3.00,24.3,23.1
6,2026-03-09,0.70,0.70,19.0,23.5
6,2026-03-10,12.40,12.40,10.8,23.2
6,2026-03-11,48.30,48.30,19.9,23.1
6,2026-03-12,29.70,29.70,17.8,22.4
6,2026-03-13,87.70,87.70,27.9,22.0
6,2026-03-14,42.40,42.40,23.4,22.8
6,2026-03-15,7.20,7.20,24.0,23.4
6,2026-03-16,3.00,3.00,12.5,23.1
6,2026-03-17,19.60,19.60,5.1,21.9
6,2026-03-18,1.20,1.20,9.3,22.7
6,2026-03-19,11.50,11.50,17.1,22.9
6,2026-03-20,8.20,8.20,18.7,23.4
6,2026-03-21,8.60,8.60,16.0,23.8
6,2026-03-22,2.00,2.00,12.8,23.0
6,2026-03-23,4.80,4.80,19.7,22.0
6,2026-03-24,0.30,0.30,24.0,22.3
6,2026-03-25,0.50,0.50,23.0,22.1
6,2026-03-26,1.20,1.20,17.0,21.9
6,2026-03-27,6.20,6.20,19.0,20.8
6,2026-03-28,1.10,1.10,21.2,20.7
6,2026-03-29,0.40,0.40,21.9,20.9
6,2026-03-30,0.20,0.20,23.3,21.3
6,2026-03-31,1.90,1.90,23.3,21.2
6,2026-04-01,0.80,0.80,23.0,21.5
6,2026-04-02,2.10,2.10,19.7,21.5
6,2026-04-03,0.10,0.10,19.5,22.1
6,2026-04-04,0.10,0.10,17.2,22.2
6,2026-04-05,0.60,0.60,20.2,21.7
6,2026-04-06,3.60,3.60,14.0,22.2
6,2026-04-07,16.50,16.50,8.9,21.3
6,2026-04-08,3.90,3.90,20.4,22.4
6,2026-04-09,17.70,17.70,25.0,22.7
6,2026-04-10,56.50,56.50,16.4,21.9
6,2026-04-11,1.50,1.50,12.6,23.4
6,2026-04-12,20.50,20.50,7.5,22.4
6,2026-04-13,6.60,6.60,12.7,22.6
6,2026-04-14,8.30,8.30,11.1,23.7
6,2026-04-15,1.40,1.40,9.4,24.4
6,2026-04-16,0.20,0.20,12.3,24.6
6,2026-04-17,0.20,0.20,18.9,24.3
6,2026-04-18,0.30,0.30,21.5,24.3
6,2026-04-19,0.30,0.30,15.9,24.8
6,2026-04-20,3.10,3.10,9.5,24.7
6,2026-04-21,1.50,1.50,11.1,24.1
6,2026-04-22,0.70,0.70,14.5,24.4
6,2026-04-23,1.20,1.20,17.4,24.1
6,2026-04-24,1.30,1.30,18.6,23.7
6,2026-04-25,0.60,0.60,18.6,23.8
6,2026-04-26,0.20,0.20,18.8,24.1
6,2026-04-27,4.60,4.60,16.7,23.6
6,2026-04-28,1.40,1.40,17.1,24.2
6,2026-04-29,0.80,0.80,21.6,24.1
6,2026-04-30,2.00,2.00,25.1,23.7
6,2026-05-01,2.50,2.50,26.8,23.2
6,2026-05-02,0.20,0.20,20.7,23.9
6,2026-05-03,1.30,1.30,19.4,23.3
6,2026-05-04,0.10,0.10,17.6,24.4
6,2026-05-05,3.00,3.00,13.5,24.2
6,2026-05-06,0.90,0.90,16.9,23.5
6,2026-05-07,1.00,1.00,15.0,24.0
6,2026-05-08,0.10,0.10,16.1,24.0
6,2026-05-09,7.50,7.50,21.6,23.0
6,2026-05-10,0.50,0.50,20.7,24.7
6,2026-05-11,1.90,1.90,22.6,24.3
6,2026-05-12,1.40,1.40,23.7,24.6
6,2026-05-13,4.40,4.40,22.8,24.4
6,2026-05-14,3.70,3.70,18.1,24.0
6,2026-05-15,11.60,11.60,19.0,22.9
6,2026-05-16,4.30,4.30,19.2,24.5
6,2026-05-17,5.50,5.50,17.3,24.5
6,2026-05-18,0.80,0.80,21.5,24.9
6,2026-05-19,0.30,0.30,19.8,25.4
6,2026-05-20,2.90,2.90,26.8,24.7
6,2026-05-21,3.20,3.20,28.0,24.2
6,2026-05-22,1.60,1.60,27.2,24.0
6,2026-05-23,2.90,2.90,27.1,23.5
6,2026-05-24,3.50,3.50,25.6,23.6
6,2026-05-25,1.60,1.60,23.2,23.9
6,2026-05-26,3.50,3.50,24.0,23.6
6,2026-05-27,3.30,3.30,22.4,23.6
6,2026-05-28,3.20,3.20,20.0,23.8
6,2026-05-29,1.60,1.60,20.1,23.8
6,2026-05-30,3.20,3.20,15.5,23.9
6,2026-05-31,4.60,4.60,14.4,23.9
6,2026-06-01,1.60,1.60,17.2,24.7
6,2026-06-02,6.50,6.50,22.3,24.6
6,2026-06-03,1.20,1.20,21.7,25.2
6,2026-06-04,5.90,5.90,21.5,24.4
6,2026-06-05,1.30,1.30,21.8,24.9
6,2026-06-06,2.30,2.30,23.4,24.5
6,2026-06-07,4.90,4.90,24.0,24.1
6,2026-06-08,5.30,5.30,21.3,24.1
6,2026-06-09,1.00,1.00,20.4,25.0
6,2026-06-10,1.70,1.70,19.3,24.9
6,2026-06-11,0.90,0.90,15.3,25.1
6,2026-06-12,0.00,0.00,17.7,24.3
6,2026-06-13,0.00,0.00,16.6,24.2
6,2026-06-14,5.40,5.40,16.5,23.9
6,2026-06-15,2.30,2.30,18.0,24.4
6,2026-06-16,0.20,0.20,17.4,25.0
6,2026-06-17,2.10,2.10,16.5,25.5
6,2026-06-18,4.70,4.70,10.9,25.9
6,2026-06-19,0.90,0.90,18.8,26.5
6,2026-06-20,0.40,0.40,17.8,26.4
6,2026-06-21,0.10,0.10,18.6,26.2
6,2026-06-22,0.70,0.70,17.5,25.8
6,2026-06-23,8.00,8.00,18.9,25.0
6,2026-06-24,1.80,1.80,23.1,25.7
6,2026-06-25,2.30,2.30,23.4,25.5
6,2026-06-26,1.30,1.30,21.6,25.9
6,2026-06-27,2.60,2.60,24.0,25.5
6,2026-06-28,1.10,1.10,19.5,25.6
6,2026-06-29,3.60,3.60,21.8,25.6
6,2026-06-30,1.00,1.00,18.0,26.2
6,2026-07-01,4.00,4.00,22.6,26.0
6,2026-07-02,3.50,3.50,17.7,25.5
6,2026-07-03,2.60,2.60,19.3,25.4
6,2026-07-04,1.70,1.70,20.3,25.5
6,2026-07-05,2.40,2.40,24.1,25.5
6,2026-07-06,2.90,2.90,25.0,25.2
6,2026-07-07,3.80,3.80,26.3,24.9
6,2026-07-08,2.40,2.40,23.4,25.8
6,2026-07-09,2.40,2.40,23.3,25.8
6,2026-07-10,0.90,0.90,23.8,26.1
6,2026-07-11,4.00,4.00,24.1,26.0
6,2026-07-12,3.60,3.60,22.7,25.5
6,2026-07-13,0.70,0.70,19.8,25.8
6,2026-07-14,1.80,1.80,16.1,24.3
6,2026-07-15,6.60,6.60,13.8,25.2
6,2026-07-16,0.80,0.80,22.6,26.2
6,2026-07-17,0.90,0.90,21.8,26.7
6,2026-07-18,0.40,0.40,24.3,26.6
6,2026-07-19,1.70,1.70,20.5,26.2
6,2026-07-20,4.00,4.00,19.4,25.4
6,2026-07-21,3.80,3.80,18.3,26.0
6,2026-07-22,0.80,0.80,24.8,26.3
6,2026-07-23,4.60,4.60,25.5,25.6
6,2026-07-24,4.20,4.20,25.2,25.4
6,2026-07-25,6.70,6.70,22.0,24.9
6,2026-07-26,4.20,4.20,22.5,25.0
6,2026-07-27,11.60,11.60,19.6,24.9
6,2026-07-28,9.10,9.10,17.3,25.5
6,2026-07-29,5.10,5.10,13.7,25.7
6,2026-07-30,0.50,0.50,19.9,26.5
6,2026-07-31,2.30,2.30,26.7,26.4
6,2026-08-01,5.20,5.20,27.6,25.8
6,2026-08-02,5.20,5.20,24.5,25.2
6,2026-08-03,5.40,5.40,17.0,24.9
6,2026-08-04,2.90,2.90,15.7,25.8
6,2026-08-05,0.00,0.00,16.7,26.3
6,2026-08-06,0.80,0.80,16.2,26.3
6,2026-08-07,0.10,0.10,17.8,26.6
6,2026-08-08,0.90,0.90,23.1,26.6
6,2026-08-09,2.00,2.00,17.9,26.5
6,2026-08-10,1.20,1.20,18.7,26.7
6,2026-08-11,0.40,0.40,19.6,26.7
6,2026-08-12,1.30,1.30,20.9,26.5
6,2026-08-13,1.60,1.60,27.4,26.5
6,2026-08-14,2.70,2.70,26.1,26.3
6,2026-08-15,14.90,14.90,33.9,25.4
6,2026-08-16,62.00,62.00,42.0,25.2
6,2026-08-17,3.50,3.50,21.4,26.5
6,2026-08-18,0.00,0.00,16.7,26.2
6,2026-08-19,0.00,0.00,16.3,26.1
6,2026-08-20,3.50,3.50,14.2,25.6
6,2026-08-21,6.20,6.20,18.6,26.4
6,2026-08-22,0.40,0.40,26.3,27.2
6,2026-08-23,5.10,5.10,24.1,26.6
6,2026-08-24,3.10,3.10,24.4,26.9
6,2026-08-25,0.00,0.00,23.0,27.0
6,2026-08-26,0.10,0.10,22.5,26.4
6,2026-08-27,0.80,0.80,22.7,26.4
6,2026-08-28,0.80,0.80,21.8,26.3
6,2026-08-29,1.90,1.90,23.7,26.1
6,2026-08-30,2.50,2.50,22.6,26.1
6,2026-08-31,1.60,1.60,24.1,26.2
6,2026-09-01,3.90,3.90,23.8,26.0
6,2026-09-02,3.40,3.40,23.1,26.3
6,2026-09-03,6.30,6.30,24.4,25.5
6,2026-09-04,1.40,1.40,23.5,25.9
6,2026-09-05,5.00,5.00,19.0,25.2
6,2026-09-06,5.00,5.00,22.4,25.3
6,2026-09-07,14.60,14.60,32.5,25.4
6,2026-09-08,4.30,4.30,31.5,27.6
6,2026-09-09,5.70,5.70,13.4,26.2
6,2026-09-10,0.90,0.90,20.5,26.9
6,2026-09-11,0.00,0.00,17.3,26.5
6,2026-09-12,0.00,0.00,17.8,26.0
6,2026-09-13,0.00,0.00,15.6,25.9
6,2026-09-14,0.00,0.00,17.9,26.0
7,2018-01-01,0.00,0.00,21.6,22.4
7,2018-01-02,0.00,0.00,21.3,22.2
7,2018-01-03,0.00,0.00,22.8,22.2
7,2018-01-04,0.00,0.00,25.6,22.4
7,2018-01-05,0.00,0.00,29.5,22.1
7,2018-01-06,0.20,0.20,27.0,22.4
7,2018-01-07,0.60,0.60,28.3,22.5
7,2018-01-08,0.10,0.10,24.5,22.8
7,2018-01-09,0.10,0.10,18.0,22.8
7,2018-01-10,0.00,0.00,16.1,21.8
7,2018-01-11,0.60,0.60,20.3,22.6
7,2018-01-12,0.00,0.00,15.8,21.7
7,2018-01-13,0.00,0.00,13.3,22.1
7,2018-01-14,0.00,0.00,13.0,22.3
7,2018-01-15,0.00,0.00,19.8,22.2
7,2018-01-16,0.00,0.00,23.5,22.6
7,2018-01-17,0.00,0.00,34.8,22.6
7,2018-01-18,0.40,0.40,42.1,22.9
7,2018-01-19,1.20,1.20,39.2,23.0
7,2018-01-20,1.10,1.10,30.2,22.8
7,2018-01-21,0.80,0.80,23.5,22.7
7,2018-01-22,0.00,0.00,26.3,22.7
7,2018-01-23,1.40,1.40,29.8,22.8
7,2018-01-24,0.10,0.10,30.7,23.0
7,2018-01-25,0.00,0.00,24.2,23.3
7,2018-01-26,0.00,0.00,14.4,22.7
7,2018-01-27,3.20,3.20,9.5,22.2
7,2018-01-28,0.00,0.00,19.3,22.0
7,2018-01-29,0.00,0.00,15.5,21.7
7,2018-01-30,0.10,0.10,22.3,22.4
7,2018-01-31,4.60,4.60,21.0,23.0
7,2018-02-01,1.90,1.90,20.3,23.6
7,2018-02-02,6.00,6.00,18.9,23.6
7,2018-02-03,0.50,0.50,13.4,24.1
7,2018-02-04,6.10,6.10,18.5,23.3
7,2018-02-05,3.30,3.30,18.7,21.6
7,2018-02-06,2.40,2.40,9.6,20.8
7,2018-02-07,5.50,5.50,12.2,20.7
7,2018-02-08,0.90,0.90,26.7,20.3
7,2018-02-09,0.90,0.90,26.5,20.6
7,2018-02-10,0.10,0.10,19.7,20.3
7,2018-02-11,0.10,0.10,15.8,21.0
7,2018-02-12,0.60,0.60,14.8,20.7
7,2018-02-13,0.50,0.50,15.2,22.7
7,2018-02-14,25.90,25.90,14.3,21.2
7,2018-02-15,3.20,3.20,17.3,21.4
7,2018-02-16,5.10,5.10,13.4,21.0
7,2018-02-17,1.60,1.60,10.5,21.8
7,2018-02-18,11.20,11.20,19.0,20.8
7,2018-02-19,0.00,0.00,13.5,20.8
7,2018-02-20,0.90,0.90,10.3,20.9
7,2018-02-21,0.00,0.00,18.1,22.3
7,2018-02-22,1.00,1.00,23.2,22.7
7,2018-02-23,0.40,0.40,25.5,23.4
7,2018-02-24,0.10,0.10,30.6,23.9
7,2018-02-25,4.40,4.40,25.9,23.1
7,2018-02-26,2.20,2.20,30.1,22.9
7,2018-02-27,0.70,0.70,35.0,22.7
7,2018-02-28,0.90,0.90,39.2,22.5
7,2018-03-01,3.60,3.60,35.1,22.5
7,2018-03-02,0.50,0.50,26.4,22.6
7,2018-03-03,0.00,0.00,25.7,22.4
7,2018-03-04,0.00,0.00,25.6,22.5
7,2018-03-05,0.00,0.00,28.1,22.0
7,2018-03-06,1.70,1.70,27.7,21.2
7,2018-03-07,3.10,3.10,22.0,20.2
7,2018-03-08,2.30,2.30,27.0,19.9
7,2018-03-09,0.60,0.60,29.4,20.0
7,2018-03-10,1.80,1.80,26.1,20.3
7,2018-03-11,1.40,1.40,25.0,20.1
7,2018-03-12,0.60,0.60,29.4,20.5
7,2018-03-13,0.50,0.50,33.8,21.6
7,2018-03-14,0.60,0.60,29.9,22.7
7,2018-03-15,0.60,0.60,11.1,24.2
7,2018-03-16,0.20,0.20,11.2,23.7
7,2018-03-17,0.10,0.10,17.0,23.6
7,2018-03-18,2.60,2.60,26.8,22.2
7,2018-03-19,0.10,0.10,25.9,21.4
7,2018-03-20,0.20,0.20,24.5,21.7
7,2018-03-21,0.00,0.00,30.6,22.3
7,2018-03-22,13.50,13.50,26.8,22.0
7,2018-03-23,5.20,5.20,21.7,22.1
7,2018-03-24,13.90,13.90,14.0,21.9
7,2018-03-25,3.00,3.00,9.0,22.0
7,2018-03-26,2.80,2.80,18.4,21.6
7,2018-03-27,0.00,0.00,17.6,21.7
7,2018-03-28,0.00,0.00,12.1,21.6
7,2018-03-29,0.00,0.00,13.0,22.5
7,2018-03-30,3.30,3.30,9.7,23.5
7,2018-03-31,4.00,4.00,13.4,23.1
7,2018-04-01,4.00,4.00,8.5,23.7
7,2018-04-02,28.10,28.10,19.7,23.0
7,2018-04-03,0.30,0.30,18.1,24.2
7,2018-04-04,3.00,3.00,25.5,25.1
7,2018-04-05,3.50,3.50,19.6,24.7
7,2018-04-06,1.30,1.30,22.7,23.3
7,2018-04-07,4.30,4.30,20.5,23.4
7,2018-04-08,8.60,8.60,19.3,22.8
7,2018-04-09,1.40,1.40,26.9,22.1
7,2018-04-10,0.20,0.20,28.4,22.9
7,2018-04-11,0.50,0.50,29.7,23.1
7,2018-04-12,0.60,0.60,22.1,23.5
7,2018-04-13,0.80,0.80,23.2,23.6
7,2018-04-14,3.30,3.30,34.0,22.6
7,2018-04-15,0.10,0.10,32.2,23.6
7,2018-04-16,0.10,0.10,30.9,23.8
7,2018-04-17,0.10,0.10,31.7,23.2
7,2018-04-18,2.60,2.60,27.6,23.2
7,2018-04-19,0.80,0.80,29.5,23.1
7,2018-04-20,0.70,0.70,26.5,23.3
7,2018-04-21,0.50,0.50,26.0,23.3
7,2018-04-22,0.00,0.00,26.9,23.7
7,2018-04-23,0.00,0.00,31.1,23.3
7,2018-04-24,3.00,3.00,30.6,22.9
7,2018-04-25,0.00,0.00,27.6,23.2
7,2018-04-26,1.20,1.20,21.3,22.8
7,2018-04-27,3.20,3.20,16.8,22.4
7,2018-04-28,4.10,4.10,20.5,20.5
7,2018-04-29,0.00,0.00,13.7,20.7
7,2018-04-30,0.00,0.00,17.7,21.4
7,2018-05-01,0.30,0.30,16.7,21.9
7,2018-05-02,8.30,8.30,13.3,22.4
7,2018-05-03,1.80,1.80,17.0,23.0
7,2018-05-04,3.80,3.80,18.7,23.3
7,2018-05-05,0.40,0.40,15.3,23.1
7,2018-05-06,1.60,1.60,22.1,22.6
7,2018-05-07,0.50,0.50,26.3,22.4
7,2018-05-08,1.80,1.80,26.7,22.5
7,2018-05-09,0.40,0.40,24.4,22.8
7,2018-05-10,0.80,0.80,15.6,24.1
7,2018-05-11,2.90,2.90,14.2,24.2
7,2018-05-12,0.90,0.90,23.9,23.9
7,2018-05-13,1.10,1.10,29.4,23.6
7,2018-05-14,3.30,3.30,26.5,22.5
7,2018-05-15,1.00,1.00,19.5,23.0
7,2018-05-16,0.30,0.30,17.7,23.7
7,2018-05-17,0.40,0.40,23.2,24.7
7,2018-05-18,0.20,0.20,28.7,24.9
7,2018-05-19,0.10,0.10,33.2,24.5
7,2018-05-20,0.00,0.00,30.4,24.5
7,2018-05-21,0.30,0.30,30.7,24.3
7,2018-05-22,0.10,0.10,27.7,24.1
7,2018-05-23,1.50,1.50,27.2,23.7
7,2018-05-24,1.40,1.40,30.3,24.2
7,2018-05-25,0.30,0.30,28.1,24.2
7,2018-05-26,0.00,0.00,27.5,24.1
7,2018-05-27,0.00,0.00,22.5,23.9
7,2018-05-28,0.70,0.70,23.1,24.4
7,2018-05-29,0.70,0.70,32.7,24.7
7,2018-05-30,0.50,0.50,32.6,24.8
7,2018-05-31,0.10,0.10,27.4,24.4
7,2018-06-01,0.70,0.70,25.8,24.2
7,2018-06-02,0.20,0.20,27.4,24.3
7,2018-06-03,0.20,0.20,28.5,25.0
7,2018-06-04,1.30,1.30,32.6,24.6
7,2018-06-05,1.60,1.60,28.1,24.1
7,2018-06-06,1.30,1.30,24.0,23.8
7,2018-06-07,4.80,4.80,22.6,24.0
7,2018-06-08,0.90,0.90,23.4,25.1
7,2018-06-09,1.00,1.00,25.7,25.2
7,2018-06-10,0.20,0.20,26.0,25.0
7,2018-06-11,0.40,0.40,23.7,24.9
7,2018-06-12,0.40,0.40,27.1,24.6
7,2018-06-13,1.30,1.30,22.3,24.8
7,2018-06-14,0.60,0.60,22.3,25.2
7,2018-06-15,0.00,0.00,20.8,25.2
7,2018-06-16,0.10,0.10,19.5,25.3
7,2018-06-17,0.10,0.10,21.4,25.1
7,2018-06-18,0.00,0.00,16.4,25.2
7,2018-06-19,0.00,0.00,15.8,26.0
7,2018-06-20,0.00,0.00,19.3,26.1
7,2018-06-21,0.00,0.00,23.1,26.0
7,2018-06-22,3.60,3.60,25.6,25.1
7,2018-06-23,1.70,1.70,28.9,25.0
7,2018-06-24,7.30,7.30,26.5,24.5
7,2018-06-25,2.60,2.60,23.2,24.8
7,2018-06-26,2.40,2.40,31.2,25.1
7,2018-06-27,1.90,1.90,29.7,25.3
7,2018-06-28,4.30,4.30,28.0,24.8
7,2018-06-29,0.00,0.00,25.8,25.2
7,2018-06-30,0.40,0.40,21.5,25.2
7,2018-07-01,0.70,0.70,21.7,25.0
7,2018-07-02,1.20,1.20,24.1,25.5
7,2018-07-03,1.60,1.60,24.7,25.0
7,2018-07-04,0.10,0.10,23.0,25.3
7,2018-07-05,1.00,1.00,23.1,25.7
7,2018-07-06,2.20,2.20,31.9,25.3
7,2018-07-07,4.40,4.40,26.8,24.7
7,2018-07-08,5.00,5.00,23.7,24.1
7,2018-07-09,1.80,1.80,18.4,24.5
7,2018-07-10,0.00,0.00,24.5,25.6
7,2018-07-11,0.10,0.10,29.4,25.4
7,2018-07-12,1.20,1.20,25.1,25.1
7,2018-07-13,1.30,1.30,26.7,25.3
7,2018-07-14,4.10,4.10,22.6,25.1
7,2018-07-15,1.50,1.50,26.0,25.9
7,2018-07-16,0.30,0.30,30.6,26.3
7,2018-07-17,1.60,1.60,33.0,25.8
7,2018-07-18,1.40,1.40,29.2,25.8
7,2018-07-19,0.40,0.40,28.4,25.8
7,2018-07-20,0.40,0.40,22.7,25.4
7,2018-07-21,0.30,0.30,26.1,25.4
7,2018-07-22,2.20,2.20,22.6,25.3
7,2018-07-23,1.00,1.00,23.8,26.6
7,2018-07-24,0.70,0.70,25.6,25.8
7,2018-07-25,0.50,0.50,26.6,25.6
7,2018-07-26,2.80,2.80,24.2,25.9
7,2018-07-27,0.20,0.20,27.0,26.4
7,2018-07-28,3.00,3.00,27.1,25.6
7,2018-07-29,1.10,1.10,25.0,25.7
7,2018-07-30,3.60,3.60,21.6,25.7
7,2018-07-31,0.40,0.40,29.5,26.5
7,2018-08-01,0.70,0.70,33.8,26.2
7,2018-08-02,1.00,1.00,33.2,25.9
7,2018-08-03,6.50,6.50,32.4,24.7
7,2018-08-04,2.90,2.90,33.9,25.5
7,2018-08-05,1.50,1.50,28.5,25.5
7,2018-08-06,0.00,0.00,27.0,25.8
7,2018-08-07,2.00,2.00,26.9,25.1
7,2018-08-08,0.40,0.40,30.1,25.5
7,2018-08-09,15.90,15.90,23.9,25.4
7,2018-08-10,17.30,17.30,25.6,25.9
7,2018-08-11,0.70,0.70,23.0,26.0
7,2018-08-12,1.20,1.20,22.7,26.0
7,2018-08-13,0.50,0.50,24.8,25.9
7,2018-08-14,0.00,0.00,20.7,25.7
7,2018-08-15,0.90,0.90,19.1,25.8
7,2018-08-16,0.90,0.90,20.4,26.0
7,2018-08-17,0.20,0.20,19.1,26.7
7,2018-08-18,4.10,4.10,23.1,26.5
7,2018-08-19,0.10,0.10,22.0,27.2
7,2018-08-20,0.10,0.10,25.3,26.8
7,2018-08-21,0.40,0.40,29.7,26.1
7,2018-08-22,0.70,0.70,28.3,26.1
7,2018-08-23,16.30,16.30,29.6,25.1
7,2018-08-24,21.90,21.90,33.8,25.1
7,2018-08-25,1.90,1.90,31.7,25.7
7,2018-08-26,5.70,5.70,28.2,25.6
7,2018-08-27,9.80,9.80,24.9,25.5
7,2018-08-28,3.30,3.30,25.2,25.6
7,2018-08-29,0.10,0.10,31.1,26.2
7,2018-08-30,0.30,0.30,26.9,25.3
7,2018-08-31,2.10,2.10,21.7,25.0
7,2018-09-01,1.10,1.10,22.5,25.0
7,2018-09-02,5.30,5.30,13.3,25.0
7,2018-09-03,1.50,1.50,20.2,26.0
7,2018-09-04,0.60,0.60,26.0,26.6
7,2018-09-05,0.80,0.80,24.6,26.0
7,2018-09-06,0.50,0.50,27.3,25.9
7,2018-09-07,1.80,1.80,19.4,25.8
7,2018-09-08,1.30,1.30,14.1,26.0
7,2018-09-09,0.30,0.30,17.7,25.6
7,2018-09-10,0.70,0.70,19.1,25.6
7,2018-09-11,3.00,3.00,20.9,25.9
7,2018-09-12,17.00,17.00,40.7,25.2
7,2018-09-13,15.90,15.90,27.7,25.2
7,2018-09-14,1.40,1.40,31.7,25.9
7,2018-09-15,4.50,4.50,28.5,24.9
7,2018-09-16,1.00,1.00,27.9,25.0
7,2018-09-17,0.60,0.60,23.2,24.8
7,2018-09-18,0.10,0.10,21.8,25.2
7,2018-09-19,0.30,0.30,11.8,25.3
7,2018-09-20,0.50,0.50,15.9,26.2
7,2018-09-21,0.00,0.00,22.1,26.7
7,2018-09-22,0.00,0.00,24.2,26.1
7,2018-09-23,0.60,0.60,15.1,26.1
7,2018-09-24,2.00,2.00,14.4,26.4
7,2018-09-25,0.00,0.00,10.2,27.9
7,2018-09-26,3.20,3.20,8.1,27.2
7,2018-09-27,13.70,13.70,12.2,26.2
7,2018-09-28,3.40,3.40,18.9,26.0
7,2018-09-29,0.10,0.10,19.9,26.7
7,2018-09-30,0.30,0.30,21.7,26.4
7,2018-10-01,0.50,0.50,15.8,26.5
7,2018-10-02,0.00,0.00,14.8,26.5
7,2018-10-03,0.00,0.00,20.2,26.1
7,2018-10-04,1.00,1.00,12.1,26.3
7,2018-10-05,0.00,0.00,17.3,26.2
7,2018-10-06,3.80,3.80,18.0,25.6
7,2018-10-07,1.60,1.60,22.4,26.0
7,2018-10-08,0.30,0.30,21.3,26.5
7,2018-10-09,1.00,1.00,22.0,25.5
7,2018-10-10,1.70,1.70,17.9,24.7
7,2018-10-11,0.90,0.90,13.8,24.9
7,2018-10-12,9.50,9.50,11.0,24.8
7,2018-10-13,1.20,1.20,15.0,24.6
7,2018-10-14,1.10,1.10,15.3,24.6
7,2018-10-15,2.20,2.20,19.8,24.4
7,2018-10-16,0.80,0.80,21.1,24.8
7,2018-10-17,0.60,0.60,21.6,24.9
7,2018-10-18,0.30,0.30,19.6,25.1
7,2018-10-19,1.30,1.30,14.6,25.2
7,2018-10-20,1.00,1.00,19.5,24.9
7,2018-10-21,0.60,0.60,20.8,25.4
7,2018-10-22,0.70,0.70,23.2,25.3
7,2018-10-23,2.80,2.80,21.9,25.2
7,2018-10-24,1.80,1.80,25.1,25.3
7,2018-10-25,4.30,4.30,20.8,24.9
7,2018-10-26,1.80,1.80,21.5,25.1
7,2018-10-27,1.10,1.10,25.2,25.7
7,2018-10-28,0.60,0.60,24.4,25.8
7,2018-10-29,2.80,2.80,15.3,25.7
7,2018-10-30,13.80,13.80,22.4,24.8
7,2018-10-31,2.70,2.70,12.8,25.0
7,2018-11-01,1.30,1.30,17.2,25.3
7,2018-11-02,1.80,1.80,19.1,25.1
7,2018-11-03,0.80,0.80,25.6,24.7
7,2018-11-04,2.70,2.70,23.4,24.5
7,2018-11-05,1.10,1.10,22.5,25.0
7,2018-11-06,1.40,1.40,19.8,24.6
7,2018-11-07,0.70,0.70,14.0,24.6
7,2018-11-08,1.40,1.40,13.2,24.9
7,2018-11-09,4.80,4.80,14.5,24.2
7,2018-11-10,10.70,10.70,25.6,23.1
7,2018-11-11,1.40,1.40,24.9,23.4
7,2018-11-12,0.70,0.70,22.9,23.6
7,2018-11-13,0.50,0.50,23.1,24.1
7,2018-11-14,1.30,1.30,14.5,23.8
7,2018-11-15,1.50,1.50,14.5,24.1
7,2018-11-16,5.10,5.10,25.0,24.0
7,2018-11-17,6.90,6.90,28.6,23.5
7,2018-11-18,0.40,0.40,28.6,24.0
7,2018-11-19,0.60,0.60,29.0,23.7
7,2018-11-20,4.00,4.00,30.2,23.2
7,2018-11-21,1.90,1.90,27.7,23.8
7,2018-11-22,1.60,1.60,23.0,23.7
7,2018-11-23,0.00,0.00,20.6,24.2
7,2018-11-24,0.00,0.00,18.1,24.2
7,2018-11-25,0.00,0.00,10.6,24.1
7,2018-11-26,0.70,0.70,19.3,23.7
7,2018-11-27,1.80,1.80,22.4,23.7
7,2018-11-28,0.30,0.30,27.5,24.1
7,2018-11-29,0.80,0.80,10.9,23.4
7,2018-11-30,13.80,13.80,17.1,23.6
7,2018-12-01,5.20,5.20,13.9,23.3
7,2018-12-02,0.00,0.00,18.4,23.2
7,2018-12-03,0.40,0.40,28.6,23.4
7,2018-12-04,0.50,0.50,28.1,23.9
7,2018-12-05,0.00,0.00,27.7,23.8
7,2018-12-06,0.50,0.50,24.3,23.6
7,2018-12-07,5.50,5.50,24.3,22.5
7,2018-12-08,7.00,7.00,31.8,22.3
7,2018-12-09,1.50,1.50,30.8,22.8
7,2018-12-10,3.20,3.20,33.7,22.8
7,2018-12-11,2.90,2.90,32.7,23.2
7,2018-12-12,2.10,2.10,27.5,23.2
7,2018-12-13,0.20,0.20,34.3,23.3
7,2018-12-14,0.00,0.00,28.9,23.2
7,2018-12-15,0.00,0.00,29.5,23.1
7,2018-12-16,0.00,0.00,26.0,22.9
7,2018-12-17,0.00,0.00,21.3,22.6
7,2018-12-18,6.50,6.50,24.5,21.6
7,2018-12-19,1.90,1.90,28.8,21.6
7,2018-12-20,0.00,0.00,21.6,22.1
7,2018-12-21,0.60,0.60,21.0,22.4
7,2018-12-22,0.40,0.40,21.0,23.4
7,2018-12-23,0.40,0.40,29.1,23.5
7,2018-12-24,2.80,2.80,25.3,23.1
7,2018-12-25,3.00,3.00,24.5,23.2
7,2018-12-26,1.20,1.20,13.0,23.3
7,2018-12-27,0.00,0.00,10.7,23.0
7,2018-12-28,14.30,14.30,13.4,22.2
7,2018-12-29,1.10,1.10,25.7,23.7
7,2018-12-30,0.50,0.50,27.5,23.9
7,2018-12-31,2.10,2.10,29.5,23.4
7,2019-01-01,0.70,0.70,29.2,23.3
7,2019-01-02,0.00,0.00,28.1,23.4
7,2019-01-03,0.50,0.50,27.5,22.9
7,2019-01-04,0.00,0.00,30.0,23.1
7,2019-01-05,0.00,0.00,25.3,22.8
7,2019-01-06,0.30,0.30,11.7,21.4
7,2019-01-07,0.10,0.10,16.5,21.4
7,2019-01-08,0.00,0.00,15.2,22.0
7,2019-01-09,1.30,1.30,12.0,21.8
7,2019-01-10,2.80,2.80,18.8,21.8
7,2019-01-11,0.00,0.00,12.2,21.9
7,2019-01-12,0.10,0.10,15.2,22.6
7,2019-01-13,0.50,0.50,14.8,22.3
7,2019-01-14,0.00,0.00,13.2,21.9
7,2019-01-15,0.70,0.70,13.0,21.1
7,2019-01-16,0.10,0.10,17.7,21.6
7,2019-01-17,7.20,7.20,24.7,22.8
7,2019-01-18,4.30,4.30,18.9,21.5
7,2019-01-19,0.30,0.30,26.6,22.4
7,2019-01-20,0.20,0.20,13.3,23.0
7,2019-01-21,0.10,0.10,12.4,22.4
7,2019-01-22,0.80,0.80,13.8,22.9
7,2019-01-23,0.40,0.40,14.3,23.1
7,2019-01-24,1.20,1.20,13.1,22.4
7,2019-01-25,8.40,8.40,25.6,21.3
7,2019-01-26,0.20,0.20,27.7,20.6
7,2019-01-27,0.30,0.30,27.2,20.5
7,2019-01-28,0.10,0.10,32.3,20.7
7,2019-01-29,3.60,3.60,29.7,21.2
7,2019-01-30,12.60,12.60,28.0,21.4
7,2019-01-31,12.90,12.90,32.2,21.3
7,2019-02-01,10.80,10.80,26.4,21.8
7,2019-02-02,5.50,5.50,26.0,21.8
7,2019-02-03,2.50,2.50,18.4,21.6
7,2019-02-04,0.90,0.90,23.0,21.3
7,2019-02-05,0.40,0.40,22.0,21.2
7,2019-02-06,2.70,2.70,14.9,21.7
7,2019-02-07,9.60,9.60,15.8,21.6
7,2019-02-08,3.40,3.40,25.5,21.3
7,2019-02-09,6.30,6.30,34.0,18.5
7,2019-02-10,11.10,11.10,46.6,17.7
7,2019-02-11,2.10,2.10,28.7,20.0
7,2019-02-12,3.80,3.80,19.1,19.7
7,2019-02-13,14.60,14.60,23.9,18.0
7,2019-02-14,11.50,11.50,28.5,17.8
7,2019-02-15,7.40,7.40,28.2,19.7
7,2019-02-16,4.90,4.90,20.9,20.3
7,2019-02-17,8.70,8.70,22.6,20.1
7,2019-02-18,3.50,3.50,11.9,20.5
7,2019-02-19,11.40,11.40,20.2,20.8
7,2019-02-20,1.10,1.10,13.0,21.4
7,2019-02-21,0.30,0.30,13.7,20.8
7,2019-02-22,0.00,0.00,15.5,21.1
7,2019-02-23,0.60,0.60,17.9,21.6
7,2019-02-24,0.00,0.00,20.2,21.4
7,2019-02-25,4.40,4.40,18.8,20.3
7,2019-02-26,2.90,2.90,18.4,20.2
7,2019-02-27,4.10,4.10,25.3,19.5
7,2019-02-28,1.00,1.00,23.0,19.1
7,2019-03-01,0.70,0.70,20.3,19.5
7,2019-03-02,1.30,1.30,18.9,20.1
7,2019-03-03,1.10,1.10,22.4,20.3
7,2019-03-04,0.30,0.30,25.6,20.3
7,2019-03-05,1.10,1.10,29.3,20.4
7,2019-03-06,1.60,1.60,29.5,21.0
7,2019-03-07,1.40,1.40,30.6,21.4
7,2019-03-08,1.50,1.50,32.8,21.2
7,2019-03-09,1.80,1.80,30.5,21.6
7,2019-03-10,1.80,1.80,33.8,22.1
7,2019-03-11,0.90,0.90,31.7,22.0
7,2019-03-12,1.90,1.90,22.3,21.5
7,2019-03-13,1.20,1.20,20.4,21.9
7,2019-03-14,0.00,0.00,19.5,22.5
7,2019-03-15,0.00,0.00,18.3,22.3
7,2019-03-16,0.00,0.00,16.5,21.5
7,2019-03-17,2.30,2.30,23.4,21.0
7,2019-03-18,0.00,0.00,21.9,21.1
7,2019-03-19,1.50,1.50,21.0,21.6
7,2019-03-20,0.40,0.40,14.9,22.0
7,2019-03-21,0.00,0.00,18.7,22.2
7,2019-03-22,0.00,0.00,19.8,22.4
7,2019-03-23,1.00,1.00,21.3,22.3
7,2019-03-24,0.10,0.10,22.3,23.0
7,2019-03-25,1.60,1.60,21.3,22.3
7,2019-03-26,0.00,0.00,20.2,22.6
7,2019-03-27,5.00,5.00,14.5,22.3
7,2019-03-28,1.50,1.50,14.1,21.8
7,2019-03-29,2.30,2.30,15.2,21.2
7,2019-03-30,0.10,0.10,15.5,21.4
7,2019-03-31,0.90,0.90,17.9,22.2
7,2019-04-01,0.20,0.20,17.0,21.8
7,2019-04-02,2.80,2.80,25.0,22.1
7,2019-04-03,0.00,0.00,20.8,22.5
7,2019-04-04,0.00,0.00,24.1,23.0
7,2019-04-05,0.00,0.00,15.6,22.4
7,2019-04-06,0.90,0.90,19.7,22.6
7,2019-04-07,0.20,0.20,17.6,22.8
7,2019-04-08,0.70,0.70,18.2,23.5
7,2019-04-09,2.70,2.70,24.1,23.6
7,2019-04-10,5.10,5.10,29.4,23.3
7,2019-04-11,4.90,4.90,32.2,23.0
7,2019-04-12,1.90,1.90,31.5,23.1
7,2019-04-13,8.10,8.10,33.2,22.6
7,2019-04-14,1.00,1.00,30.0,22.8
7,2019-04-15,0.30,0.30,26.9,22.9
7,2019-04-16,0.60,0.60,20.2,23.2
7,2019-04-17,1.50,1.50,21.1,23.3
7,2019-04-18,0.00,0.00,22.7,23.7
7,2019-04-19,0.10,0.10,24.6,23.8
7,2019-04-20,1.60,1.60,27.2,23.5
7,2019-04-21,0.20,0.20,26.5,24.1
7,2019-04-22,0.10,0.10,24.9,24.0
7,2019-04-23,0.20,0.20,23.2,24.0
7,2019-04-24,0.00,0.00,22.0,23.7
7,2019-04-25,0.50,0.50,20.2,23.8
7,2019-04-26,1.80,1.80,18.9,23.9
7,2019-04-27,3.80,3.80,8.7,23.8
7,2019-04-28,12.90,12.90,9.4,23.3
7,2019-04-29,4.00,4.00,17.5,23.0
7,2019-04-30,0.20,0.20,21.1,23.6
7,2019-05-01,2.90,2.90,20.2,23.1
7,2019-05-02,7.80,7.80,18.9,23.2
7,2019-05-03,6.20,6.20,13.3,23.9
7,2019-05-04,25.20,25.20,23.5,21.4
7,2019-05-05,1.30,1.30,22.9,21.1
7,2019-05-06,0.30,0.30,16.6,21.8
7,2019-05-07,0.00,0.00,13.6,22.6
7,2019-05-08,2.90,2.90,10.7,23.0
7,2019-05-09,0.00,0.00,17.6,23.3
7,2019-05-10,0.40,0.40,18.6,23.9
7,2019-05-11,0.80,0.80,16.8,24.2
7,2019-05-12,0.10,0.10,17.3,24.4
7,2019-05-13,0.80,0.80,17.6,25.1
7,2019-05-14,2.60,2.60,17.9,24.7
7,2019-05-15,4.30,4.30,21.8,24.1
7,2019-05-16,0.60,0.60,20.6,24.8
7,2019-05-17,2.10,2.10,21.9,24.8
7,2019-05-18,2.10,2.10,23.9,24.9
7,2019-05-19,1.80,1.80,23.8,24.9
7,2019-05-20,2.00,2.00,22.8,25.4
7,2019-05-21,0.00,0.00,15.8,25.0
7,2019-05-22,0.00,0.00,21.3,25.8
7,2019-05-23,1.60,1.60,21.4,25.6
7,2019-05-24,0.60,0.60,25.9,25.6
7,2019-05-25,0.70,0.70,23.4,25.5
7,2019-05-26,0.00,0.00,21.6,25.5
7,2019-05-27,1.50,1.50,15.5,25.5
7,2019-05-28,4.10,4.10,15.6,25.2
7,2019-05-29,0.00,0.00,18.5,25.9
7,2019-05-30,0.00,0.00,22.8,25.6
7,2019-05-31,1.60,1.60,23.9,25.5
7,2019-06-01,3.20,3.20,25.6,25.0
7,2019-06-02,1.10,1.10,24.8,25.2
7,2019-06-03,0.30,0.30,25.1,25.1
7,2019-06-04,1.80,1.80,22.5,24.6
7,2019-06-05,1.00,1.00,24.5,25.8
7,2019-06-06,0.70,0.70,23.3,26.1
7,2019-06-07,0.00,0.00,20.7,26.1
7,2019-06-08,0.00,0.00,20.4,25.6
7,2019-06-09,0.20,0.20,17.9,25.8
7,2019-06-10,0.00,0.00,19.2,26.0
7,2019-06-11,0.00,0.00,20.2,26.0
7,2019-06-12,0.20,0.20,20.1,25.9
7,2019-06-13,0.00,0.00,20.5,26.2
7,2019-06-14,0.10,0.10,23.1,25.9
7,2019-06-15,0.00,0.00,24.3,26.1
7,2019-06-16,0.30,0.30,22.3,25.6
7,2019-06-17,4.30,4.30,19.7,26.0
7,2019-06-18,0.30,0.30,26.0,26.8
7,2019-06-19,0.90,0.90,24.9,26.2
7,2019-06-20,0.00,0.00,22.7,25.9
7,2019-06-21,7.20,7.20,13.9,25.3
7,2019-06-22,11.80,11.80,14.9,26.6
7,2019-06-23,1.80,1.80,13.6,26.9
7,2019-06-24,2.90,2.90,11.1,26.9
7,2019-06-25,68.80,68.80,15.6,25.4
7,2019-06-26,81.90,81.90,18.8,25.8
7,2019-06-27,1.70,1.70,17.0,26.9
7,2019-06-28,0.60,0.60,20.9,26.2
7,2019-06-29,0.00,0.00,23.3,26.3
7,2019-06-30,1.80,1.80,21.1,25.8
7,2019-07-01,0.00,0.00,19.9,26.2
7,2019-07-02,0.40,0.40,19.8,26.1
7,2019-07-03,0.00,0.00,18.7,26.4
7,2019-07-04,2.50,2.50,11.0,26.0
7,2019-07-05,0.00,0.00,13.2,26.8
7,2019-07-06,0.10,0.10,21.3,26.8
7,2019-07-07,0.00,0.00,24.5,26.5
7,2019-07-08,5.80,5.80,26.6,26.0
7,2019-07-09,1.60,1.60,22.3,26.7
7,2019-07-10,0.00,0.00,20.4,26.6
7,2019-07-11,0.70,0.70,22.3,26.4
7,2019-07-12,0.00,0.00,23.6,26.3
7,2019-07-13,1.70,1.70,21.5,26.2
7,2019-07-14,0.60,0.60,25.6,26.5
7,2019-07-15,1.20,1.20,20.9,26.1
7,2019-07-16,1.40,1.40,23.1,26.8
7,2019-07-17,0.90,0.90,30.2,26.6
7,2019-07-18,0.40,0.40,31.8,26.7
7,2019-07-19,1.30,1.30,28.3,26.8
7,2019-07-20,0.80,0.80,25.9,26.3
7,2019-07-21,0.10,0.10,28.0,26.6
7,2019-07-22,0.10,0.10,28.9,26.5
7,2019-07-23,0.00,0.00,28.4,27.0
7,2019-07-24,0.00,0.00,25.7,27.1
7,2019-07-25,1.00,1.00,23.5,26.3
7,2019-07-26,1.30,1.30,25.9,26.2
7,2019-07-27,0.70,0.70,24.1,26.5
7,2019-07-28,0.20,0.20,26.1,26.2
7,2019-07-29,1.60,1.60,23.7,26.5
7,2019-07-30,0.90,0.90,25.9,26.7
7,2019-07-31,3.80,3.80,26.9,26.0
7,2019-08-01,1.30,1.30,32.0,26.4
7,2019-08-02,2.50,2.50,32.1,26.9
7,2019-08-03,0.00,0.00,27.1,27.6
7,2019-08-04,3.00,3.00,18.4,27.7
7,2019-08-05,0.60,0.60,18.7,27.1
7,2019-08-06,5.10,5.10,10.7,26.9
7,2019-08-07,5.30,5.30,11.6,27.0
7,2019-08-08,0.00,0.00,16.5,27.2
7,2019-08-09,0.30,0.30,17.4,27.5
7,2019-08-10,0.40,0.40,15.4,27.7
7,2019-08-11,0.20,0.20,17.7,28.0
7,2019-08-12,0.00,0.00,22.0,27.5
7,2019-08-13,0.60,0.60,21.0,27.1
7,2019-08-14,0.80,0.80,19.3,26.9
7,2019-08-15,0.40,0.40,22.7,27.0
7,2019-08-16,1.70,1.70,25.3,26.9
7,2019-08-17,0.00,0.00,24.2,27.3
7,2019-08-18,0.00,0.00,20.4,26.9
7,2019-08-19,0.40,0.40,17.8,26.4
7,2019-08-20,0.10,0.10,23.2,26.8
7,2019-08-21,1.50,1.50,24.2,26.9
7,2019-08-22,0.70,0.70,22.9,27.0
7,2019-08-23,1.40,1.40,23.3,27.2
7,2019-08-24,0.00,0.00,27.8,27.2
7,2019-08-25,1.60,1.60,30.0,26.9
7,2019-08-26,0.30,0.30,24.7,27.3
7,2019-08-27,0.10,0.10,18.9,27.2
7,2019-08-28,0.20,0.20,16.3,27.1
7,2019-08-29,0.00,0.00,16.9,27.4
7,2019-08-30,0.00,0.00,19.9,27.3
7,2019-08-31,1.00,1.00,18.9,27.5
7,2019-09-01,1.70,1.70,19.1,26.7
7,2019-09-02,0.00,0.00,22.5,27.3
7,2019-09-03,0.00,0.00,20.1,27.1
7,2019-09-04,0.60,0.60,24.4,27.1
7,2019-09-05,0.00,0.00,26.9,27.4
7,2019-09-06,0.70,0.70,27.9,27.1
7,2019-09-07,0.60,0.60,29.2,27.2
7,2019-09-08,4.40,4.40,28.2,26.8
7,2019-09-09,0.00,0.00,28.6,27.3
7,2019-09-10,0.30,0.30,24.8,27.0
7,2019-09-11,0.00,0.00,20.0,27.0
7,2019-09-12,1.50,1.50,20.2,26.7
7,2019-09-13,0.90,0.90,17.6,26.4
7,2019-09-14,2.20,2.20,15.2,27.1
7,2019-09-15,2.20,2.20,19.7,27.2
7,2019-09-16,0.80,0.80,22.3,27.8
7,2019-09-17,0.10,0.10,22.9,27.6
7,2019-09-18,0.00,0.00,24.1,27.5
7,2019-09-19,0.40,0.40,21.0,27.4
7,2019-09-20,4.00,4.00,23.4,26.1
7,2019-09-21,2.70,2.70,25.3,26.2
7,2019-09-22,0.30,0.30,18.1,27.1
7,2019-09-23,3.20,3.20,22.5,27.3
7,2019-09-24,0.00,0.00,23.2,27.5
7,2019-09-25,4.80,4.80,12.8,26.5
7,2019-09-26,10.60,10.60,9.6,26.8
7,2019-09-27,0.60,0.60,20.0,27.3
7,2019-09-28,2.60,2.60,20.9,27.1
7,2019-09-29,1.20,1.20,22.9,26.5
7,2019-09-30,3.80,3.80,20.9,26.1
7,2019-10-01,3.30,3.30,25.9,26.0
7,2019-10-02,4.30,4.30,29.9,25.9
7,2019-10-03,5.20,5.20,28.2,25.8
7,2019-10-04,3.00,3.00,27.0,26.3
7,2019-10-05,2.00,2.00,15.0,25.2
7,2019-10-06,0.00,0.00,15.2,25.2
7,2019-10-07,2.60,2.60,13.0,24.9
7,2019-10-08,1.50,1.50,15.9,25.6
7,2019-10-09,0.00,0.00,17.7,26.8
7,2019-10-10,3.00,3.00,20.6,27.6
7,2019-10-11,4.70,4.70,24.4,27.1
7,2019-10-12,0.00,0.00,29.7,26.9
7,2019-10-13,0.50,0.50,23.3,26.7
7,2019-10-14,0.50,0.50,24.0,26.7
7,2019-10-15,0.80,0.80,23.6,26.0
7,2019-10-16,7.10,7.10,19.8,25.5
7,2019-10-17,1.90,1.90,23.1,26.0
7,2019-10-18,1.10,1.10,24.5,25.9
7,2019-10-19,0.80,0.80,25.6,26.2
7,2019-10-20,1.00,1.00,20.6,26.9
7,2019-10-21,0.10,0.10,22.0,26.8
7,2019-10-22,0.00,0.00,28.4,26.6
7,2019-10-23,0.20,0.20,20.4,26.3
7,2019-10-24,0.20,0.20,18.5,26.3
7,2019-10-25,0.10,0.10,18.9,26.3
7,2019-10-26,0.00,0.00,22.0,26.7
7,2019-10-27,0.20,0.20,20.5,25.9
7,2019-10-28,0.00,0.00,19.5,25.7
7,2019-10-29,2.00,2.00,12.1,25.2
7,2019-10-30,4.70,4.70,11.6,24.4
7,2019-10-31,2.60,2.60,11.2,24.8
7,2019-11-01,3.60,3.60,13.4,25.1
7,2019-11-02,0.10,0.10,17.9,25.6
7,2019-11-03,2.50,2.50,12.1,24.9
7,2019-11-04,4.70,4.70,9.4,24.6
7,2019-11-05,0.00,0.00,12.7,25.0
7,2019-11-06,2.10,2.10,19.5,25.2
7,2019-11-07,2.30,2.30,19.5,24.4
7,2019-11-08,0.40,0.40,13.2,23.9
7,2019-11-09,0.40,0.40,16.6,23.4
7,2019-11-10,0.00,0.00,16.0,25.0
7,2019-11-11,0.10,0.10,14.5,25.2
7,2019-11-12,0.00,0.00,15.2,25.4
7,2019-11-13,0.00,0.00,16.5,25.0
7,2019-11-14,0.00,0.00,9.9,25.5
7,2019-11-15,0.10,0.10,17.9,25.7
7,2019-11-16,2.70,2.70,13.0,25.3
7,2019-11-17,4.70,4.70,21.8,23.8
7,2019-11-18,1.20,1.20,19.7,24.8
7,2019-11-19,19.60,19.60,22.0,24.4
7,2019-11-20,2.00,2.00,22.5,25.1
7,2019-11-21,4.20,4.20,27.9,24.7
7,2019-11-22,2.90,2.90,31.7,25.2
7,2019-11-23,3.50,3.50,34.5,24.9
7,2019-11-24,0.10,0.10,29.2,25.4
7,2019-11-25,1.40,1.40,26.6,25.5
7,2019-11-26,0.00,0.00,21.5,25.9
7,2019-11-27,5.60,5.60,13.0,25.3
7,2019-11-28,0.00,0.00,22.3,25.4
7,2019-11-29,0.40,0.40,25.4,25.0
7,2019-11-30,1.60,1.60,33.0,24.6
7,2019-12-01,4.80,4.80,31.8,23.7
7,2019-12-02,1.50,1.50,26.0,23.7
7,2019-12-03,1.10,1.10,23.5,24.0
7,2019-12-04,1.10,1.10,21.0,23.8
7,2019-12-05,0.30,0.30,24.1,24.1
7,2019-12-06,8.90,8.90,19.6,23.3
7,2019-12-07,0.00,0.00,14.5,23.7
7,2019-12-08,0.00,0.00,12.2,23.2
7,2019-12-09,0.00,0.00,12.2,23.9
7,2019-12-10,0.00,0.00,12.3,23.6
7,2019-12-11,0.00,0.00,14.0,24.5
7,2019-12-12,2.60,2.60,17.2,24.2
7,2019-12-13,5.90,5.90,28.5,24.1
7,2019-12-14,4.00,4.00,27.7,24.0
7,2019-12-15,1.60,1.60,22.6,24.1
7,2019-12-16,3.80,3.80,29.0,24.0
7,2019-12-17,2.40,2.40,34.4,24.3
7,2019-12-18,0.40,0.40,28.6,24.5
7,2019-12-19,2.90,2.90,22.4,23.8
7,2019-12-20,7.10,7.10,36.7,23.1
7,2019-12-21,9.80,9.80,39.2,22.9
7,2019-12-22,0.60,0.60,32.0,23.6
7,2019-12-23,0.30,0.30,23.6,24.4
7,2019-12-24,2.70,2.70,25.7,24.3
7,2019-12-25,83.00,83.00,33.9,23.8
7,2019-12-26,1.00,1.00,16.6,24.1
7,2019-12-27,6.10,6.10,25.0,23.3
7,2019-12-28,1.30,1.30,25.6,24.3
7,2019-12-29,0.10,0.10,25.8,24.6
7,2019-12-30,0.00,0.00,25.6,24.2
7,2019-12-31,0.90,0.90,28.1,23.9
7,2020-01-01,1.50,1.50,15.5,22.8
7,2020-01-02,8.60,8.60,22.6,22.0
7,2020-01-03,5.90,5.90,28.4,22.5
7,2020-01-04,7.60,7.60,28.9,22.9
7,2020-01-05,2.90,2.90,33.4,23.5
7,2020-01-06,4.60,4.60,31.4,23.5
7,2020-01-07,2.30,2.30,38.7,23.1
7,2020-01-08,1.00,1.00,34.2,23.1
7,2020-01-09,10.00,10.00,40.3,22.5
7,2020-01-10,6.20,6.20,34.8,22.1
7,2020-01-11,6.10,6.10,31.7,22.7
7,2020-01-12,9.40,9.40,36.4,23.0
7,2020-01-13,2.00,2.00,36.8,23.9
7,2020-01-14,1.40,1.40,36.0,23.7
7,2020-01-15,2.30,2.30,31.3,23.0
7,2020-01-16,1.20,1.20,19.1,22.7
7,2020-01-17,4.20,4.20,28.3,21.9
7,2020-01-18,0.70,0.70,26.9,21.9
7,2020-01-19,0.10,0.10,27.9,22.3
7,2020-01-20,1.40,1.40,25.3,22.6
7,2020-01-21,0.00,0.00,13.8,22.6
7,2020-01-22,0.00,0.00,12.2,21.8
7,2020-01-23,0.00,0.00,13.0,21.8
7,2020-01-24,0.00,0.00,11.6,21.7
7,2020-01-25,0.40,0.40,18.0,22.9
7,2020-01-26,0.00,0.00,19.2,23.4
7,2020-01-27,0.00,0.00,19.6,23.4
7,2020-01-28,0.00,0.00,15.1,22.5
7,2020-01-29,0.00,0.00,12.4,22.9
7,2020-01-30,0.00,0.00,12.0,23.0
7,2020-01-31,0.00,0.00,15.5,23.0
7,2020-02-01,3.60,3.60,24.3,22.1
7,2020-02-02,1.00,1.00,22.3,22.6
7,2020-02-03,0.00,0.00,21.7,23.5
7,2020-02-04,1.60,1.60,16.9,22.9
7,2020-02-05,8.70,8.70,12.0,22.2
7,2020-02-06,23.30,23.30,29.3,20.2
7,2020-02-07,6.50,6.50,21.5,19.9
7,2020-02-08,4.30,4.30,21.4,19.9
7,2020-02-09,6.40,6.40,33.2,20.8
7,2020-02-10,28.10,28.10,37.2,19.0
7,2020-02-11,6.70,6.70,25.8,20.7
7,2020-02-12,2.60,2.60,20.7,21.8
7,2020-02-13,1.40,1.40,25.2,24.2
7,2020-02-14,0.40,0.40,30.9,23.9
7,2020-02-15,0.10,0.10,27.2,23.4
7,2020-02-16,0.50,0.50,30.8,22.7
7,2020-02-17,3.50,3.50,30.2,22.0
7,2020-02-18,1.70,1.70,31.6,22.3
7,2020-02-19,3.80,3.80,35.4,22.3
7,2020-02-20,1.80,1.80,34.3,22.1
7,2020-02-21,0.10,0.10,27.7,22.8
7,2020-02-22,0.20,0.20,20.3,22.9
7,2020-02-23,0.00,0.00,16.9,22.3
7,2020-02-24,0.80,0.80,17.3,22.0
7,2020-02-25,2.00,2.00,27.1,22.7
7,2020-02-26,0.50,0.50,31.9,22.7
7,2020-02-27,0.30,0.30,28.7,22.1
7,2020-02-28,0.40,0.40,32.0,22.0
7,2020-02-29,8.00,8.00,35.3,21.7
7,2020-03-01,11.30,11.30,37.2,21.0
7,2020-03-02,7.00,7.00,32.9,21.5
7,2020-03-03,0.90,0.90,18.4,22.7
7,2020-03-04,1.60,1.60,15.7,22.8
7,2020-03-05,3.50,3.50,21.7,21.8
7,2020-03-06,13.30,13.30,35.7,22.0
7,2020-03-07,1.80,1.80,34.1,22.0
7,2020-03-08,0.40,0.40,31.4,21.7
7,2020-03-09,2.80,2.80,24.3,21.0
7,2020-03-10,0.50,0.50,14.4,22.2
7,2020-03-11,0.80,0.80,14.8,21.5
7,2020-03-12,8.90,8.90,8.9,21.4
7,2020-03-13,4.40,4.40,16.4,21.6
7,2020-03-14,2.00,2.00,15.8,22.0
7,2020-03-15,3.50,3.50,14.9,23.3
7,2020-03-16,12.90,12.90,15.8,22.7
7,2020-03-17,20.80,20.80,17.1,22.4
7,2020-03-18,18.30,18.30,18.9,22.7
7,2020-03-19,1.90,1.90,18.9,22.8
7,2020-03-20,2.00,2.00,13.0,23.2
7,2020-03-21,0.70,0.70,18.9,23.3
7,2020-03-22,0.60,0.60,26.8,23.0
7,2020-03-23,0.80,0.80,36.3,22.6
7,2020-03-24,0.90,0.90,33.9,22.3
7,2020-03-25,3.50,3.50,33.6,22.2
7,2020-03-26,2.70,2.70,35.6,21.7
7,2020-03-27,7.40,7.40,24.9,21.1
7,2020-03-28,2.50,2.50,23.0,22.4
7,2020-03-29,0.50,0.50,21.0,22.3
7,2020-03-30,0.90,0.90,22.0,22.8
7,2020-03-31,0.00,0.00,18.0,22.7
7,2020-04-01,2.40,2.40,16.3,22.3
7,2020-04-02,2.30,2.30,11.1,23.1
7,2020-04-03,2.80,2.80,11.2,22.9
7,2020-04-04,6.50,6.50,7.6,22.8
7,2020-04-05,2.50,2.50,9.5,23.1
7,2020-04-06,3.30,3.30,17.6,23.1
7,2020-04-07,0.40,0.40,17.3,23.2
7,2020-04-08,0.70,0.70,16.7,22.7
7,2020-04-09,0.00,0.00,16.4,22.5
7,2020-04-10,0.20,0.20,21.5,22.9
7,2020-04-11,2.00,2.00,17.1,23.1
7,2020-04-12,0.00,0.00,17.9,22.9
7,2020-04-13,4.30,4.30,18.0,23.2
7,2020-04-14,23.50,23.50,10.1,23.3
7,2020-04-15,0.10,0.10,26.3,24.3
7,2020-04-16,0.40,0.40,30.6,23.8
7,2020-04-17,0.00,0.00,20.8,23.8
7,2020-04-18,0.00,0.00,18.0,23.7
7,2020-04-19,0.30,0.30,12.3,23.2
7,2020-04-20,1.90,1.90,15.4,23.1
7,2020-04-21,0.30,0.30,13.9,23.0
7,2020-04-22,0.20,0.20,17.7,23.9
7,2020-04-23,0.30,0.30,24.5,24.3
7,2020-04-24,2.00,2.00,25.3,23.8
7,2020-04-25,0.00,0.00,25.5,23.9
7,2020-04-26,0.10,0.10,26.0,24.0
7,2020-04-27,0.80,0.80,24.0,23.8
7,2020-04-28,1.00,1.00,29.0,23.8
7,2020-04-29,1.90,1.90,28.2,23.5
7,2020-04-30,0.00,0.00,33.0,24.1
7,2020-05-01,0.00,0.00,29.7,24.0
7,2020-05-02,0.30,0.30,27.3,24.0
7,2020-05-03,0.70,0.70,27.7,23.8
7,2020-05-04,0.00,0.00,27.4,24.2
7,2020-05-05,0.10,0.10,25.0,24.3
7,2020-05-06,0.90,0.90,18.7,24.1
7,2020-05-07,6.30,6.30,25.1,22.8
7,2020-05-08,0.30,0.30,22.9,23.4
7,2020-05-09,0.70,0.70,21.4,23.3
7,2020-05-10,0.10,0.10,20.7,23.7
7,2020-05-11,1.90,1.90,28.1,23.6
7,2020-05-12,0.50,0.50,19.9,23.9
7,2020-05-13,0.70,0.70,17.0,24.5
7,2020-05-14,0.80,0.80,13.0,23.9
7,2020-05-15,0.00,0.00,19.0,24.6
7,2020-05-16,0.00,0.00,22.3,25.0
7,2020-05-17,0.20,0.20,22.7,25.0
7,2020-05-18,5.30,5.30,24.5,23.6
7,2020-05-19,1.70,1.70,27.3,24.4
7,2020-05-20,2.90,2.90,26.3,24.0
7,2020-05-21,5.10,5.10,23.5,23.9
7,2020-05-22,0.90,0.90,24.6,24.2
7,2020-05-23,2.80,2.80,22.0,24.4
7,2020-05-24,0.00,0.00,22.0,24.8
7,2020-05-25,2.60,2.60,16.5,24.6
7,2020-05-26,0.60,0.60,16.7,24.7
7,2020-05-27,1.70,1.70,18.7,24.3
7,2020-05-28,0.00,0.00,26.1,24.9
7,2020-05-29,0.40,0.40,21.3,24.8
7,2020-05-30,0.60,0.60,22.3,24.6
7,2020-05-31,1.10,1.10,27.2,24.7
7,2020-06-01,0.50,0.50,18.3,25.3
7,2020-06-02,0.60,0.60,21.5,26.0
7,2020-06-03,1.10,1.10,22.6,25.8
7,2020-06-04,2.00,2.00,27.4,25.2
7,2020-06-05,1.10,1.10,28.6,25.1
7,2020-06-06,2.30,2.30,28.8,24.8
7,2020-06-07,2.50,2.50,23.5,25.0
7,2020-06-08,0.00,0.00,23.4,25.1
7,2020-06-09,1.80,1.80,25.9,25.1
7,2020-06-10,0.80,0.80,30.7,25.2
7,2020-06-11,0.50,0.50,34.1,25.1
7,2020-06-12,0.60,0.60,32.6,25.3
7,2020-06-13,0.00,0.00,31.4,25.5
7,2020-06-14,1.10,1.10,27.1,24.8
7,2020-06-15,0.30,0.30,28.6,25.3
7,2020-06-16,2.80,2.80,25.5,24.5
7,2020-06-17,0.70,0.70,24.0,25.0
7,2020-06-18,0.80,0.80,31.3,25.3
7,2020-06-19,1.50,1.50,30.7,24.7
7,2020-06-20,1.20,1.20,25.6,24.6
7,2020-06-21,0.10,0.10,23.4,24.9
7,2020-06-22,0.00,0.00,22.7,25.1
7,2020-06-23,0.20,0.20,24.0,25.2
7,2020-06-24,4.40,4.40,20.9,25.1
7,2020-06-25,0.00,0.00,26.7,26.0
7,2020-06-26,0.10,0.10,23.9,25.9
7,2020-06-27,2.30,2.30,22.3,25.1
7,2020-06-28,0.00,0.00,20.4,25.7
7,2020-06-29,0.00,0.00,19.9,26.0
7,2020-06-30,0.00,0.00,22.9,26.2
7,2020-07-01,1.30,1.30,25.6,25.7
7,2020-07-02,1.30,1.30,20.9,25.2
7,2020-07-03,0.70,0.70,19.1,25.2
7,2020-07-04,2.80,2.80,16.8,25.7
7,2020-07-05,0.30,0.30,17.7,26.3
7,2020-07-06,1.20,1.20,22.8,26.0
7,2020-07-07,2.40,2.40,24.1,25.1
7,2020-07-08,2.20,2.20,27.1,24.9
7,2020-07-09,3.20,3.20,23.4,25.3
7,2020-07-10,0.30,0.30,30.4,25.9
7,2020-07-11,1.60,1.60,29.4,25.3
7,2020-07-12,2.10,2.10,24.6,25.0
7,2020-07-13,3.50,3.50,24.0,24.8
7,2020-07-14,1.00,1.00,20.9,25.5
7,2020-07-15,0.30,0.30,24.1,25.8
7,2020-07-16,0.20,0.20,22.4,26.4
7,2020-07-17,0.00,0.00,20.9,27.0
7,2020-07-18,0.00,0.00,25.8,26.8
7,2020-07-19,1.00,1.00,30.5,26.2
7,2020-07-20,0.80,0.80,27.1,25.8
7,2020-07-21,3.80,3.80,17.3,24.7
7,2020-07-22,2.00,2.00,16.7,25.6
7,2020-07-23,0.50,0.50,22.0,26.0
7,2020-07-24,3.00,3.00,26.3,25.8
7,2020-07-25,2.40,2.40,29.5,25.8
7,2020-07-26,23.90,23.90,35.7,25.5
7,2020-07-27,1.50,1.50,33.5,26.3
7,2020-07-28,1.10,1.10,31.5,25.5
7,2020-07-29,1.40,1.40,25.1,25.3
7,2020-07-30,1.50,1.50,28.6,25.1
7,2020-07-31,0.30,0.30,24.4,25.5
7,2020-08-01,0.10,0.10,23.6,25.8
7,2020-08-02,0.90,0.90,24.6,25.3
7,2020-08-03,1.20,1.20,24.1,25.5
7,2020-08-04,0.30,0.30,24.6,25.7
7,2020-08-05,0.70,0.70,26.9,26.2
7,2020-08-06,3.30,3.30,23.7,25.8
7,2020-08-07,1.10,1.10,25.7,26.4
7,2020-08-08,1.40,1.40,31.3,26.0
7,2020-08-09,1.10,1.10,31.9,25.8
7,2020-08-10,1.20,1.20,26.5,25.5
7,2020-08-11,0.10,0.10,22.1,26.0
7,2020-08-12,0.00,0.00,21.3,26.0
7,2020-08-13,1.00,1.00,21.5,25.9
7,2020-08-14,0.00,0.00,21.5,26.3
7,2020-08-15,0.10,0.10,25.9,26.6
7,2020-08-16,0.10,0.10,22.1,26.3
7,2020-08-17,1.50,1.50,20.9,25.6
7,2020-08-18,0.40,0.40,24.2,25.7
7,2020-08-19,0.00,0.00,25.6,26.1
7,2020-08-20,0.00,0.00,30.0,26.6
7,2020-08-21,0.00,0.00,22.1,26.5
7,2020-08-22,0.40,0.40,23.2,26.5
7,2020-08-23,0.10,0.10,23.1,26.6
7,2020-08-24,0.30,0.30,24.1,26.7
7,2020-08-25,0.20,0.20,23.9,26.7
7,2020-08-26,0.00,0.00,22.1,26.3
7,2020-08-27,0.30,0.30,22.4,26.1
7,2020-08-28,0.20,0.20,22.8,26.2
7,2020-08-29,0.30,0.30,27.6,26.2
7,2020-08-30,0.20,0.20,28.2,26.2
7,2020-08-31,1.50,1.50,28.8,25.9
7,2020-09-01,0.10,0.10,25.5,26.1
7,2020-09-02,0.10,0.10,21.3,26.0
7,2020-09-03,0.00,0.00,20.9,26.1
7,2020-09-04,0.00,0.00,20.5,26.6
7,2020-09-05,0.30,0.30,25.3,26.4
7,2020-09-06,1.20,1.20,24.1,25.7
7,2020-09-07,0.60,0.60,22.8,26.6
7,2020-09-08,1.10,1.10,26.0,26.2
7,2020-09-09,1.90,1.90,24.1,26.0
7,2020-09-10,0.00,0.00,25.8,26.3
7,2020-09-11,0.20,0.20,23.2,26.1
7,2020-09-12,0.00,0.00,21.1,26.0
7,2020-09-13,0.00,0.00,21.3,26.1
7,2020-09-14,0.00,0.00,20.6,26.1
7,2020-09-15,0.00,0.00,19.6,26.5
7,2020-09-16,0.00,0.00,20.5,26.5
7,2020-09-17,0.00,0.00,24.0,26.4
7,2020-09-18,0.00,0.00,24.5,26.9
7,2020-09-19,1.30,1.30,22.9,26.3
7,2020-09-20,2.20,2.20,23.5,26.0
7,2020-09-21,0.60,0.60,21.7,25.9
7,2020-09-22,0.10,0.10,20.6,25.8
7,2020-09-23,1.40,1.40,24.5,26.1
7,2020-09-24,0.30,0.30,26.5,26.5
7,2020-09-25,0.70,0.70,23.4,26.3
7,2020-09-26,0.00,0.00,23.0,26.1
7,2020-09-27,0.10,0.10,19.5,26.1
7,2020-09-28,0.70,0.70,19.5,26.3
7,2020-09-29,0.00,0.00,18.9,25.9
7,2020-09-30,0.00,0.00,16.3,25.7
7,2020-10-01,0.00,0.00,17.7,26.5
7,2020-10-02,20.40,20.40,8.0,26.0
7,2020-10-03,0.20,0.20,16.9,26.7
7,2020-10-04,0.00,0.00,22.1,26.3
7,2020-10-05,0.00,0.00,19.0,26.6
7,2020-10-06,0.00,0.00,18.1,26.8
7,2020-10-07,0.20,0.20,19.5,26.7
7,2020-10-08,0.10,0.10,17.9,26.6
7,2020-10-09,3.00,3.00,16.6,26.4
7,2020-10-10,0.10,0.10,25.7,26.6
7,2020-10-11,2.70,2.70,22.6,25.9
7,2020-10-12,0.70,0.70,20.9,26.6
7,2020-10-13,0.20,0.20,24.2,26.4
7,2020-10-14,1.80,1.80,11.3,25.5
7,2020-10-15,4.10,4.10,10.5,25.7
7,2020-10-16,4.80,4.80,14.0,25.6
7,2020-10-17,2.10,2.10,12.1,25.7
7,2020-10-18,5.00,5.00,10.8,25.7
7,2020-10-19,4.00,4.00,8.2,25.9
7,2020-10-20,12.20,12.20,13.7,24.7
7,2020-10-21,6.60,6.60,11.8,25.3
7,2020-10-22,10.30,10.30,8.9,25.3
7,2020-10-23,2.90,2.90,11.2,25.6
7,2020-10-24,6.00,6.00,10.8,25.3
7,2020-10-25,1.60,1.60,11.2,26.0
7,2020-10-26,3.10,3.10,10.5,25.7
7,2020-10-27,2.80,2.80,9.4,25.1
7,2020-10-28,10.50,10.50,19.5,23.8
7,2020-10-29,0.80,0.80,15.9,24.5
7,2020-10-30,0.80,0.80,19.9,25.2
7,2020-10-31,0.80,0.80,13.5,24.9
7,2020-11-01,1.00,1.00,14.0,25.0
7,2020-11-02,0.00,0.00,18.2,25.5
7,2020-11-03,0.70,0.70,18.8,25.9
7,2020-11-04,4.80,4.80,19.7,25.8
7,2020-11-05,0.90,0.90,17.5,26.1
7,2020-11-06,0.70,0.70,23.0,25.9
7,2020-11-07,4.40,4.40,23.4,25.3
7,2020-11-08,0.80,0.80,26.4,25.7
7,2020-11-09,3.60,3.60,28.8,25.1
7,2020-11-10,1.30,1.30,29.3,25.1
7,2020-11-11,4.00,4.00,30.8,24.9
7,2020-11-12,0.20,0.20,30.1,25.1
7,2020-11-13,0.70,0.70,27.8,24.9
7,2020-11-14,0.10,0.10,21.7,25.0
7,2020-11-15,1.00,1.00,17.6,24.6
7,2020-11-16,0.90,0.90,19.2,24.5
7,2020-11-17,0.80,0.80,23.3,25.2
7,2020-11-18,12.00,12.00,24.1,24.2
7,2020-11-19,0.20,0.20,27.0,24.7
7,2020-11-20,1.70,1.70,27.0,24.9
7,2020-11-21,1.60,1.60,34.2,25.2
7,2020-11-22,2.20,2.20,39.8,24.9
7,2020-11-23,2.80,2.80,27.6,24.6
7,2020-11-24,2.10,2.10,31.4,24.5
7,2020-11-25,2.50,2.50,23.0,24.3
7,2020-11-26,2.10,2.10,21.9,24.2
7,2020-11-27,1.00,1.00,29.8,23.8
7,2020-11-28,1.30,1.30,21.8,23.4
7,2020-11-29,3.80,3.80,21.1,22.6
7,2020-11-30,1.00,1.00,18.0,23.4
7,2020-12-01,0.00,0.00,15.3,22.6
7,2020-12-02,0.00,0.00,14.2,23.3
7,2020-12-03,0.50,0.50,14.8,23.3
7,2020-12-04,2.90,2.90,28.9,24.2
7,2020-12-05,0.00,0.00,20.6,24.7
7,2020-12-06,0.10,0.10,13.0,23.7
7,2020-12-07,0.40,0.40,21.0,24.5
7,2020-12-08,0.10,0.10,27.1,24.6
7,2020-12-09,3.30,3.30,13.0,23.5
7,2020-12-10,0.40,0.40,9.9,24.1
7,2020-12-11,0.00,0.00,16.6,24.1
7,2020-12-12,0.40,0.40,26.3,24.4
7,2020-12-13,0.60,0.60,12.9,24.5
7,2020-12-14,0.50,0.50,18.8,24.5
7,2020-12-15,0.60,0.60,25.2,24.4
7,2020-12-16,3.00,3.00,25.2,23.9
7,2020-12-17,1.20,1.20,20.2,23.6
7,2020-12-18,0.40,0.40,36.0,24.0
7,2020-12-19,4.50,4.50,29.4,24.0
7,2020-12-20,3.50,3.50,23.0,23.5
7,2020-12-21,1.00,1.00,23.6,23.8
7,2020-12-22,0.00,0.00,17.1,23.5
7,2020-12-23,0.00,0.00,13.8,22.6
7,2020-12-24,1.40,1.40,16.5,22.9
7,2020-12-25,9.10,9.10,26.3,22.5
7,2020-12-26,5.70,5.70,32.4,22.3
7,2020-12-27,3.00,3.00,25.3,23.7
7,2020-12-28,1.10,1.10,17.1,23.6
7,2020-12-29,0.20,0.20,24.7,24.1
7,2020-12-30,0.30,0.30,25.9,23.7
7,2020-12-31,0.60,0.60,30.1,23.6
7,2021-01-01,2.60,2.60,36.0,23.4
7,2021-01-02,0.80,0.80,28.1,23.4
7,2021-01-03,1.20,1.20,27.3,23.4
7,2021-01-04,0.60,0.60,21.6,23.8
7,2021-01-05,0.50,0.50,20.1,23.2
7,2021-01-06,0.10,0.10,22.5,23.5
7,2021-01-07,0.10,0.10,22.0,24.1
7,2021-01-08,0.20,0.20,14.4,22.6
7,2021-01-09,0.10,0.10,13.0,23.0
7,2021-01-10,0.00,0.00,23.5,23.0
7,2021-01-11,0.00,0.00,20.1,23.7
7,2021-01-12,0.60,0.60,17.1,23.5
7,2021-01-13,1.70,1.70,18.7,23.8
7,2021-01-14,2.30,2.30,18.5,23.8
7,2021-01-15,0.00,0.00,13.0,23.2
7,2021-01-16,2.90,2.90,18.9,23.7
7,2021-01-17,8.40,8.40,29.3,23.0
7,2021-01-18,9.80,9.80,32.4,21.1
7,2021-01-19,9.70,9.70,28.7,21.5
7,2021-01-20,0.70,0.70,22.5,23.1
7,2021-01-21,3.90,3.90,26.3,23.0
7,2021-01-22,0.60,0.60,30.7,23.4
7,2021-01-23,3.00,3.00,34.6,22.8
7,2021-01-24,1.70,1.70,33.6,23.4
7,2021-01-25,2.90,2.90,32.9,23.3
7,2021-01-26,0.80,0.80,33.7,23.8
7,2021-01-27,4.20,4.20,30.3,23.3
7,2021-01-28,0.70,0.70,33.3,23.1
7,2021-01-29,2.90,2.90,29.0,22.4
7,2021-01-30,1.00,1.00,27.7,22.7
7,2021-01-31,0.80,0.80,22.2,22.7
7,2021-02-01,2.40,2.40,20.5,21.7
7,2021-02-02,2.40,2.40,12.6,22.7
7,2021-02-03,22.70,22.70,23.9,20.9
7,2021-02-04,2.20,2.20,18.7,19.9
7,2021-02-05,1.80,1.80,14.3,19.2
7,2021-02-06,0.00,0.00,15.2,20.5
7,2021-02-07,0.10,0.10,11.6,21.2
7,2021-02-08,2.80,2.80,24.4,21.1
7,2021-02-09,0.00,0.00,24.5,20.9
7,2021-02-10,0.00,0.00,20.0,21.5
7,2021-02-11,0.00,0.00,17.5,22.0
7,2021-02-12,0.50,0.50,19.8,23.2
7,2021-02-13,0.30,0.30,22.8,23.4
7,2021-02-14,3.90,3.90,14.8,23.7
7,2021-02-15,2.40,2.40,7.2,23.1
7,2021-02-16,0.10,0.10,13.6,23.2
7,2021-02-17,0.00,0.00,22.6,23.5
7,2021-02-18,1.70,1.70,24.0,22.6
7,2021-02-19,6.80,6.80,20.7,22.3
7,2021-02-20,1.90,1.90,24.8,23.2
7,2021-02-21,2.00,2.00,28.2,23.3
7,2021-02-22,0.70,0.70,28.4,23.3
7,2021-02-23,2.00,2.00,28.8,23.2
7,2021-02-24,0.80,0.80,32.3,23.1
7,2021-02-25,2.70,2.70,33.9,22.9
7,2021-02-26,1.20,1.20,33.8,23.1
7,2021-02-27,2.90,2.90,27.9,22.3
7,2021-02-28,11.70,11.70,31.9,21.8
7,2021-03-01,1.00,1.00,34.2,22.3
7,2021-03-02,4.10,4.10,35.7,21.8
7,2021-03-03,4.20,4.20,27.1,21.3
7,2021-03-04,1.60,1.60,18.9,20.7
7,2021-03-05,7.20,7.20,22.4,19.9
7,2021-03-06,6.00,6.00,24.7,20.5
7,2021-03-07,2.50,2.50,24.1,22.3
7,2021-03-08,13.10,13.10,29.9,21.4
7,2021-03-09,86.90,86.90,28.7,21.9
7,2021-03-10,4.60,4.60,10.6,22.3
7,2021-03-11,7.40,7.40,9.8,22.8
7,2021-03-12,13.80,13.80,20.1,22.3
7,2021-03-13,6.80,6.80,26.5,21.2
7,2021-03-14,4.40,4.40,21.3,21.7
7,2021-03-15,15.90,15.90,15.0,21.9
7,2021-03-16,8.10,8.10,25.7,21.8
7,2021-03-17,2.40,2.40,27.8,21.6
7,2021-03-18,6.90,6.90,29.7,20.4
7,2021-03-19,5.70,5.70,28.2,21.3
7,2021-03-20,10.70,10.70,30.9,21.3
7,2021-03-21,3.20,3.20,34.2,22.0
7,2021-03-22,0.70,0.70,24.1,22.5
7,2021-03-23,2.50,2.50,10.3,22.4
7,2021-03-24,4.00,4.00,17.4,23.2
7,2021-03-25,3.50,3.50,10.8,23.1
7,2021-03-26,0.40,0.40,17.3,23.4
7,2021-03-27,0.00,0.00,25.6,23.6
7,2021-03-28,0.70,0.70,29.6,22.7
7,2021-03-29,1.40,1.40,21.6,23.3
7,2021-03-30,1.00,1.00,22.0,23.4
7,2021-03-31,0.40,0.40,20.9,23.1
7,2021-04-01,1.20,1.20,22.0,22.8
7,2021-04-02,2.10,2.10,19.6,22.3
7,2021-04-03,2.20,2.20,22.5,21.7
7,2021-04-04,5.80,5.80,28.7,21.5
7,2021-04-05,3.30,3.30,30.9,22.0
7,2021-04-06,0.50,0.50,28.2,21.5
7,2021-04-07,3.10,3.10,25.9,20.9
7,2021-04-08,0.40,0.40,24.9,21.9
7,2021-04-09,0.30,0.30,23.4,21.6
7,2021-04-10,0.10,0.10,15.3,21.5
7,2021-04-11,7.90,7.90,15.8,20.5
7,2021-04-12,4.20,4.20,20.5,21.0
7,2021-04-13,0.50,0.50,19.7,21.8
7,2021-04-14,0.40,0.40,21.0,22.2
7,2021-04-15,0.30,0.30,17.7,22.2
7,2021-04-16,0.90,0.90,13.7,21.8
7,2021-04-17,2.40,2.40,19.4,21.5
7,2021-04-18,0.00,0.00,18.8,23.0
7,2021-04-19,3.50,3.50,12.4,23.3
7,2021-04-20,1.80,1.80,11.7,23.0
7,2021-04-21,0.00,0.00,16.7,24.2
7,2021-04-22,0.00,0.00,22.3,24.3
7,2021-04-23,0.40,0.40,26.8,23.5
7,2021-04-24,0.50,0.50,25.6,23.4
7,2021-04-25,0.80,0.80,25.0,23.4
7,2021-04-26,0.00,0.00,16.7,23.5
7,2021-04-27,2.40,2.40,18.1,23.2
7,2021-04-28,3.50,3.50,13.7,23.2
7,2021-04-29,1.80,1.80,19.8,23.1
7,2021-04-30,3.90,3.90,22.6,23.1
7,2021-05-01,1.50,1.50,26.3,24.1
7,2021-05-02,0.00,0.00,25.1,24.1
7,2021-05-03,0.00,0.00,19.6,24.3
7,2021-05-04,2.20,2.20,18.1,23.7
7,2021-05-05,2.60,2.60,24.1,23.6
7,2021-05-06,0.90,0.90,23.6,23.8
7,2021-05-07,0.70,0.70,25.3,24.0
7,2021-05-08,0.00,0.00,25.1,24.3
7,2021-05-09,2.00,2.00,24.5,24.0
7,2021-05-10,1.60,1.60,26.1,24.0
7,2021-05-11,0.30,0.30,25.8,24.3
7,2021-05-12,0.90,0.90,23.1,23.7
7,2021-05-13,0.60,0.60,23.9,23.9
7,2021-05-14,7.40,7.40,25.8,23.2
7,2021-05-15,6.40,6.40,26.0,22.9
7,2021-05-16,1.40,1.40,30.9,22.9
7,2021-05-17,0.20,0.20,25.7,23.7
7,2021-05-18,0.00,0.00,28.3,23.8
7,2021-05-19,0.00,0.00,26.7,23.9
7,2021-05-20,0.30,0.30,25.9,24.0
7,2021-05-21,0.00,0.00,23.6,23.9
7,2021-05-22,0.00,0.00,24.0,24.5
7,2021-05-23,2.80,2.80,14.2,24.6
7,2021-05-24,0.20,0.20,16.0,25.0
7,2021-05-25,0.30,0.30,16.3,25.4
7,2021-05-26,0.00,0.00,19.8,25.2
7,2021-05-27,1.10,1.10,18.7,24.7
7,2021-05-28,0.10,0.10,21.3,24.9
7,2021-05-29,1.00,1.00,15.1,24.7
7,2021-05-30,0.30,0.30,10.1,24.8
7,2021-05-31,0.30,0.30,13.7,25.1
7,2021-06-01,0.00,0.00,20.3,25.7
7,2021-06-02,0.50,0.50,22.0,25.3
7,2021-06-03,3.60,3.60,20.4,24.5
7,2021-06-04,1.00,1.00,22.8,25.4
7,2021-06-05,0.00,0.00,26.3,25.3
7,2021-06-06,1.10,1.10,26.8,24.7
7,2021-06-07,0.40,0.40,25.9,24.8
7,2021-06-08,0.50,0.50,27.1,24.9
7,2021-06-09,0.10,0.10,29.1,24.9
7,2021-06-10,0.80,0.80,30.5,24.9
7,2021-06-11,6.80,6.80,22.3,23.8
7,2021-06-12,1.00,1.00,23.8,24.4
7,2021-06-13,1.30,1.30,23.2,24.2
7,2021-06-14,0.00,0.00,21.0,24.8
7,2021-06-15,1.30,1.30,20.7,24.7
7,2021-06-16,0.60,0.60,23.8,25.1
7,2021-06-17,0.50,0.50,24.9,25.2
7,2021-06-18,0.00,0.00,21.5,25.4
7,2021-06-19,2.80,2.80,17.8,24.5
7,2021-06-20,1.30,1.30,18.2,24.5
7,2021-06-21,0.40,0.40,18.5,24.9
7,2021-06-22,0.10,0.10,18.3,25.1
7,2021-06-23,0.40,0.40,19.1,24.7
7,2021-06-24,0.00,0.00,19.2,25.3
7,2021-06-25,0.00,0.00,15.5,25.3
7,2021-06-26,0.90,0.90,16.3,25.2
7,2021-06-27,0.00,0.00,19.5,25.6
7,2021-06-28,0.00,0.00,20.6,25.6
7,2021-06-29,0.30,0.30,18.9,26.0
7,2021-06-30,0.20,0.20,22.7,25.5
7,2021-07-01,0.10,0.10,26.2,25.6
7,2021-07-02,0.30,0.30,30.3,25.4
7,2021-07-03,3.30,3.30,32.0,24.7
7,2021-07-04,7.30,7.30,28.0,24.0
7,2021-07-05,0.50,0.50,24.5,25.3
7,2021-07-06,0.60,0.60,22.9,25.2
7,2021-07-07,0.60,0.60,19.9,24.9
7,2021-07-08,0.30,0.30,19.0,25.0
7,2021-07-09,0.00,0.00,22.3,25.8
7,2021-07-10,1.30,1.30,23.1,25.4
7,2021-07-11,0.30,0.30,25.3,25.3
7,2021-07-12,2.00,2.00,23.4,25.5
7,2021-07-13,1.00,1.00,21.4,25.2
7,2021-07-14,2.40,2.40,22.4,25.4
7,2021-07-15,0.30,0.30,27.7,25.8
7,2021-07-16,0.10,0.10,29.6,25.8
7,2021-07-17,1.50,1.50,24.8,25.4
7,2021-07-18,4.20,4.20,29.0,25.1
7,2021-07-19,1.80,1.80,29.9,25.2
7,2021-07-20,0.60,0.60,30.2,25.2
7,2021-07-21,2.50,2.50,27.9,25.0
7,2021-07-22,0.50,0.50,32.0,25.5
7,2021-07-23,2.40,2.40,31.4,25.0
7,2021-07-24,0.60,0.60,27.6,25.7
7,2021-07-25,1.20,1.20,27.4,26.2
7,2021-07-26,0.60,0.60,28.2,25.8
7,2021-07-27,0.00,0.00,25.1,25.7
7,2021-07-28,0.90,0.90,23.1,25.8
7,2021-07-29,1.30,1.30,24.9,25.7
7,2021-07-30,0.10,0.10,28.5,25.9
7,2021-07-31,0.20,0.20,31.8,25.8
7,2021-08-01,0.00,0.00,35.8,25.8
7,2021-08-02,0.70,0.70,30.9,25.5
7,2021-08-03,0.50,0.50,29.3,25.2
7,2021-08-04,0.70,0.70,28.4,25.2
7,2021-08-05,2.80,2.80,28.1,25.1
7,2021-08-06,0.60,0.60,29.4,25.9
7,2021-08-07,0.10,0.10,26.5,25.5
7,2021-08-08,0.90,0.90,22.8,25.4
7,2021-08-09,0.00,0.00,21.3,25.6
7,2021-08-10,0.80,0.80,20.0,26.1
7,2021-08-11,0.00,0.00,17.6,26.3
7,2021-08-12,0.10,0.10,20.4,25.8
7,2021-08-13,2.90,2.90,23.9,25.5
7,2021-08-14,4.00,4.00,24.7,25.0
7,2021-08-15,2.10,2.10,20.8,25.4
7,2021-08-16,2.80,2.80,16.7,25.0
7,2021-08-17,3.80,3.80,11.3,25.1
7,2021-08-18,0.00,0.00,17.7,25.9
7,2021-08-19,0.90,0.90,22.8,25.5
7,2021-08-20,1.10,1.10,24.3,25.7
7,2021-08-21,0.80,0.80,26.0,25.6
7,2021-08-22,2.00,2.00,22.2,25.7
7,2021-08-23,11.40,11.40,37.6,25.1
7,2021-08-24,0.80,0.80,30.9,25.7
7,2021-08-25,0.10,0.10,25.7,25.3
7,2021-08-26,2.70,2.70,26.0,25.0
7,2021-08-27,0.00,0.00,22.8,25.4
7,2021-08-28,0.00,0.00,21.1,25.4
7,2021-08-29,0.50,0.50,18.2,25.3
7,2021-08-30,0.30,0.30,17.4,25.2
7,2021-08-31,4.10,4.10,14.3,25.1
7,2021-09-01,0.40,0.40,17.5,25.6
7,2021-09-02,0.10,0.10,26.7,26.4
7,2021-09-03,0.90,0.90,34.8,25.8
7,2021-09-04,3.90,3.90,27.5,24.8
7,2021-09-05,0.60,0.60,21.3,24.9
7,2021-09-06,0.60,0.60,18.6,25.2
7,2021-09-07,0.10,0.10,20.7,25.6
7,2021-09-08,0.20,0.20,22.5,25.5
7,2021-09-09,0.40,0.40,22.2,25.4
7,2021-09-10,1.90,1.90,18.7,24.7
7,2021-09-11,2.00,2.00,21.6,25.1
7,2021-09-12,1.70,1.70,23.6,24.9
7,2021-09-13,2.00,2.00,23.7,24.9
7,2021-09-14,7.50,7.50,21.7,24.3
7,2021-09-15,1.80,1.80,15.0,24.7
7,2021-09-16,0.20,0.20,26.7,26.1
7,2021-09-17,0.30,0.30,30.5,25.5
7,2021-09-18,0.90,0.90,29.8,25.3
7,2021-09-19,1.60,1.60,24.5,25.3
7,2021-09-20,1.70,1.70,25.8,25.3
7,2021-09-21,0.20,0.20,27.5,25.5
7,2021-09-22,0.20,0.20,25.5,25.3
7,2021-09-23,0.80,0.80,26.5,25.3
7,2021-09-24,5.10,5.10,22.4,24.3
7,2021-09-25,3.10,3.10,22.8,24.8
7,2021-09-26,1.20,1.20,29.6,25.6
7,2021-09-27,2.30,2.30,20.9,24.9
7,2021-09-28,0.80,0.80,24.4,25.0
7,2021-09-29,0.30,0.30,19.6,25.4
7,2021-09-30,4.30,4.30,22.9,24.7
7,2021-10-01,0.10,0.10,25.3,25.3
7,2021-10-02,3.90,3.90,21.3,24.7
7,2021-10-03,2.90,2.90,22.5,24.6
7,2021-10-04,1.40,1.40,22.8,24.8
7,2021-10-05,0.00,0.00,23.2,25.6
7,2021-10-06,0.00,0.00,29.6,25.3
7,2021-10-07,1.90,1.90,31.0,24.7
7,2021-10-08,0.50,0.50,31.2,25.2
7,2021-10-09,1.60,1.60,36.5,24.7
7,2021-10-10,1.60,1.60,32.7,24.7
7,2021-10-11,2.40,2.40,29.2,24.9
7,2021-10-12,3.40,3.40,35.4,25.4
7,2021-10-13,1.00,1.00,33.1,25.1
7,2021-10-14,4.00,4.00,27.3,24.2
7,2021-10-15,3.10,3.10,25.8,23.8
7,2021-10-16,1.70,1.70,22.4,24.1
7,2021-10-17,0.30,0.30,28.8,24.6
7,2021-10-18,0.00,0.00,23.2,24.6
7,2021-10-19,0.60,0.60,21.5,24.2
7,2021-10-20,0.10,0.10,17.5,24.4
7,2021-10-21,3.40,3.40,17.9,24.0
7,2021-10-22,0.20,0.20,23.8,24.8
7,2021-10-23,0.20,0.20,27.2,24.9
7,2021-10-24,2.10,2.10,26.0,24.6
7,2021-10-25,1.30,1.30,24.5,24.5
7,2021-10-26,0.00,0.00,18.9,25.0
7,2021-10-27,1.80,1.80,19.5,24.2
7,2021-10-28,1.20,1.20,14.4,24.2
7,2021-10-29,0.40,0.40,15.6,24.5
7,2021-10-30,0.10,0.10,13.2,23.9
7,2021-10-31,2.20,2.20,13.0,23.9
7,2021-11-01,0.00,0.00,15.2,24.8
7,2021-11-02,1.60,1.60,15.8,24.4
7,2021-11-03,1.10,1.10,16.8,24.7
7,2021-11-04,1.90,1.90,24.0,25.0
7,2021-11-05,2.20,2.20,29.7,24.8
7,2021-11-06,0.70,0.70,24.7,24.7
7,2021-11-07,0.80,0.80,23.4,24.3
7,2021-11-08,0.20,0.20,21.3,24.7
7,2021-11-09,0.00,0.00,10.4,24.4
7,2021-11-10,0.80,0.80,17.6,23.9
7,2021-11-11,0.00,0.00,18.0,24.8
7,2021-11-12,0.90,0.90,14.3,24.2
7,2021-11-13,0.10,0.10,12.7,24.3
7,2021-11-14,1.20,1.20,10.3,24.3
7,2021-11-15,1.10,1.10,13.7,23.4
7,2021-11-16,6.30,6.30,10.0,24.4
7,2021-11-17,0.10,0.10,13.3,25.1
7,2021-11-18,0.50,0.50,15.3,25.0
7,2021-11-19,0.00,0.00,18.4,25.3
7,2021-11-20,0.00,0.00,16.7,25.3
7,2021-11-21,0.00,0.00,21.6,24.9
7,2021-11-22,0.60,0.60,21.6,24.4
7,2021-11-23,0.00,0.00,19.8,24.8
7,2021-11-24,0.00,0.00,18.6,24.0
7,2021-11-25,0.00,0.00,23.1,24.4
7,2021-11-26,0.00,0.00,18.3,23.8
7,2021-11-27,1.90,1.90,17.6,22.9
7,2021-11-28,1.70,1.70,24.9,23.1
7,2021-11-29,2.80,2.80,29.8,23.7
7,2021-11-30,2.30,2.30,26.4,23.7
7,2021-12-01,3.30,3.30,22.5,23.8
7,2021-12-02,1.00,1.00,14.6,24.3
7,2021-12-03,23.70,23.70,28.7,21.8
7,2021-12-04,3.50,3.50,18.2,20.3
7,2021-12-05,12.50,12.50,16.6,21.9
7,2021-12-06,45.60,45.60,21.3,22.3
7,2021-12-07,23.70,23.70,23.8,22.6
7,2021-12-08,1.30,1.30,26.1,24.1
7,2021-12-09,0.80,0.80,32.5,24.2
7,2021-12-10,3.00,3.00,25.6,23.6
7,2021-12-11,1.40,1.40,28.9,23.7
7,2021-12-12,2.20,2.20,28.2,23.3
7,2021-12-13,1.10,1.10,25.9,23.6
7,2021-12-14,5.10,5.10,28.3,22.6
7,2021-12-15,1.30,1.30,22.1,23.3
7,2021-12-16,1.20,1.20,20.2,23.0
7,2021-12-17,2.20,2.20,16.2,22.9
7,2021-12-18,0.20,0.20,23.1,23.5
7,2021-12-19,5.90,5.90,26.4,22.6
7,2021-12-20,1.70,1.70,28.0,22.9
7,2021-12-21,5.80,5.80,25.8,21.3
7,2021-12-22,3.60,3.60,28.6,22.2
7,2021-12-23,0.10,0.10,30.0,22.8
7,2021-12-24,2.70,2.70,25.8,21.7
7,2021-12-25,0.80,0.80,22.9,22.3
7,2021-12-26,2.20,2.20,24.2,22.0
7,2021-12-27,1.20,1.20,28.1,22.6
7,2021-12-28,0.60,0.60,30.6,22.9
7,2021-12-29,2.60,2.60,28.1,22.7
7,2021-12-30,4.60,4.60,27.4,22.2
7,2021-12-31,8.60,8.60,18.0,22.9
7,2022-01-01,6.60,6.60,18.6,22.4
7,2022-01-02,5.10,5.10,16.6,21.7
7,2022-01-03,5.60,5.60,7.6,21.8
7,2022-01-04,1.30,1.30,16.4,22.3
7,2022-01-05,0.60,0.60,12.0,22.8
7,2022-01-06,0.40,0.40,13.3,22.3
7,2022-01-07,0.00,0.00,11.2,21.8
7,2022-01-08,1.50,1.50,13.7,22.0
7,2022-01-09,0.90,0.90,10.6,21.2
7,2022-01-10,0.30,0.30,20.2,22.6
7,2022-01-11,0.80,0.80,19.2,22.3
7,2022-01-12,0.20,0.20,13.7,22.6
7,2022-01-13,1.10,1.10,12.7,22.5
7,2022-01-14,1.40,1.40,11.5,22.7
7,2022-01-15,0.00,0.00,12.1,22.1
7,2022-01-16,2.20,2.20,12.0,22.4
7,2022-01-17,3.50,3.50,10.9,21.6
7,2022-01-18,0.70,0.70,12.4,21.8
7,2022-01-19,0.30,0.30,12.6,22.7
7,2022-01-20,0.90,0.90,9.4,22.5
7,2022-01-21,0.00,0.00,15.8,22.6
7,2022-01-22,1.10,1.10,18.4,23.2
7,2022-01-23,0.00,0.00,17.2,23.3
7,2022-01-24,0.00,0.00,20.6,22.7
7,2022-01-25,0.50,0.50,24.2,22.7
7,2022-01-26,0.50,0.50,20.9,22.5
7,2022-01-27,0.00,0.00,16.7,22.3
7,2022-01-28,0.00,0.00,13.8,22.3
7,2022-01-29,0.00,0.00,21.2,23.2
7,2022-01-30,0.00,0.00,20.8,22.7
7,2022-01-31,0.00,0.00,14.3,22.2
7,2022-02-01,0.00,0.00,18.3,22.7
7,2022-02-02,0.00,0.00,17.7,22.8
7,2022-02-03,0.00,0.00,19.5,22.3
7,2022-02-04,0.10,0.10,13.5,21.4
7,2022-02-05,0.70,0.70,15.5,22.2
7,2022-02-06,0.00,0.00,23.7,23.3
7,2022-02-07,0.10,0.10,26.6,23.1
7,2022-02-08,0.00,0.00,18.7,23.2
7,2022-02-09,0.00,0.00,17.7,23.1
7,2022-02-10,0.70,0.70,11.8,21.9
7,2022-02-11,0.00,0.00,15.8,22.5
7,2022-02-12,0.00,0.00,16.9,22.8
7,2022-02-13,0.80,0.80,20.4,22.0
7,2022-02-14,1.30,1.30,16.1,21.5
7,2022-02-15,3.20,3.20,17.6,21.7
7,2022-02-16,1.50,1.50,19.6,22.2
7,2022-02-17,2.60,2.60,18.1,22.4
7,2022-02-18,0.10,0.10,15.6,22.9
7,2022-02-19,1.50,1.50,12.4,22.2
7,2022-02-20,1.40,1.40,17.8,22.0
7,2022-02-21,1.60,1.60,18.4,22.5
7,2022-02-22,0.50,0.50,23.4,23.5
7,2022-02-23,0.00,0.00,28.8,23.8
7,2022-02-24,0.00,0.00,20.6,23.9
7,2022-02-25,0.00,0.00,23.7,23.6
7,2022-02-26,0.30,0.30,22.3,23.5
7,2022-02-27,0.00,0.00,13.0,23.6
7,2022-02-28,0.20,0.20,14.0,23.4
7,2022-03-01,1.60,1.60,15.3,22.6
7,2022-03-02,0.60,0.60,12.3,22.7
7,2022-03-03,1.50,1.50,15.8,22.6
7,2022-03-04,1.30,1.30,16.2,22.1
7,2022-03-05,0.00,0.00,15.0,22.1
7,2022-03-06,0.00,0.00,12.6,22.3
7,2022-03-07,0.00,0.00,14.6,22.3
7,2022-03-08,1.00,1.00,16.3,23.1
7,2022-03-09,2.70,2.70,16.0,24.1
7,2022-03-10,1.10,1.10,18.8,24.5
7,2022-03-11,0.00,0.00,22.7,24.4
7,2022-03-12,0.00,0.00,24.5,24.1
7,2022-03-13,0.00,0.00,22.0,24.3
7,2022-03-14,0.00,0.00,21.6,24.3
7,2022-03-15,0.10,0.10,17.0,24.3
7,2022-03-16,0.50,0.50,17.4,24.8
7,2022-03-17,0.00,0.00,22.4,24.4
7,2022-03-18,0.00,0.00,24.2,24.3
7,2022-03-19,0.00,0.00,23.4,24.1
7,2022-03-20,0.60,0.60,15.5,24.1
7,2022-03-21,3.90,3.90,13.7,23.6
7,2022-03-22,4.20,4.20,23.5,22.6
7,2022-03-23,2.70,2.70,30.3,23.0
7,2022-03-24,2.70,2.70,31.6,23.4
7,2022-03-25,9.20,9.20,27.3,22.1
7,2022-03-26,1.90,1.90,22.0,22.9
7,2022-03-27,0.60,0.60,16.2,22.4
7,2022-03-28,0.20,0.20,16.9,23.5
7,2022-03-29,1.00,1.00,16.7,24.2
7,2022-03-30,0.70,0.70,21.0,24.3
7,2022-03-31,3.10,3.10,25.8,23.5
7,2022-04-01,4.90,4.90,27.1,23.0
7,2022-04-02,2.10,2.10,31.5,23.2
7,2022-04-03,0.80,0.80,31.9,23.7
7,2022-04-04,0.00,0.00,25.9,23.4
7,2022-04-05,0.30,0.30,22.7,23.4
7,2022-04-06,1.60,1.60,22.1,22.7
7,2022-04-07,0.30,0.30,29.9,23.8
7,2022-04-08,1.70,1.70,30.2,23.3
7,2022-04-09,0.80,0.80,24.6,23.7
7,2022-04-10,0.20,0.20,25.7,24.2
7,2022-04-11,0.10,0.10,23.8,24.4
7,2022-04-12,0.10,0.10,23.1,24.4
7,2022-04-13,0.00,0.00,23.4,24.1
7,2022-04-14,0.40,0.40,26.6,23.9
7,2022-04-15,1.70,1.70,25.7,23.2
7,2022-04-16,1.90,1.90,29.3,22.7
7,2022-04-17,3.70,3.70,27.8,22.8
7,2022-04-18,1.00,1.00,25.5,23.0
7,2022-04-19,10.10,10.10,27.1,22.0
7,2022-04-20,7.30,7.30,25.0,22.4
7,2022-04-21,3.40,3.40,27.0,22.8
7,2022-04-22,0.60,0.60,24.1,23.5
7,2022-04-23,3.20,3.20,27.4,23.4
7,2022-04-24,2.50,2.50,27.0,23.5
7,2022-04-25,0.50,0.50,25.5,23.7
7,2022-04-26,0.90,0.90,26.3,23.6
7,2022-04-27,0.70,0.70,21.0,23.6
7,2022-04-28,0.20,0.20,20.9,24.3
7,2022-04-29,0.00,0.00,23.8,24.0
7,2022-04-30,2.00,2.00,27.6,23.6
7,2022-05-01,8.20,8.20,31.2,23.2
7,2022-05-02,2.20,2.20,28.4,23.3
7,2022-05-03,2.20,2.20,28.1,23.3
7,2022-05-04,1.60,1.60,28.9,23.5
7,2022-05-05,0.60,0.60,27.3,23.9
7,2022-05-06,1.20,1.20,28.4,24.0
7,2022-05-07,0.00,0.00,31.0,24.1
7,2022-05-08,0.00,0.00,27.7,24.5
7,2022-05-09,0.70,0.70,29.5,24.3
7,2022-05-10,1.60,1.60,26.0,24.0
7,2022-05-11,1.10,1.10,27.8,24.0
7,2022-05-12,0.60,0.60,28.8,23.9
7,2022-05-13,0.00,0.00,24.3,24.4
7,2022-05-14,0.80,0.80,24.5,23.7
7,2022-05-15,0.20,0.20,18.9,24.1
7,2022-05-16,1.80,1.80,14.9,24.7
7,2022-05-17,5.90,5.90,13.0,24.5
7,2022-05-18,11.70,11.70,23.4,24.4
7,2022-05-19,3.90,3.90,18.8,25.6
7,2022-05-20,9.20,9.20,7.7,25.3
7,2022-05-21,0.00,0.00,18.5,25.6
7,2022-05-22,0.00,0.00,24.1,24.8
7,2022-05-23,0.00,0.00,23.1,24.5
7,2022-05-24,0.00,0.00,20.8,24.4
7,2022-05-25,0.00,0.00,21.5,23.8
7,2022-05-26,0.00,0.00,20.9,24.1
7,2022-05-27,0.10,0.10,22.9,24.2
7,2022-05-28,0.50,0.50,19.1,24.5
7,2022-05-29,0.00,0.00,15.4,25.1
7,2022-05-30,0.00,0.00,19.3,24.8
7,2022-05-31,0.00,0.00,22.1,24.9
7,2022-06-01,0.50,0.50,23.4,24.8
7,2022-06-02,0.60,0.60,19.8,24.7
7,2022-06-03,0.00,0.00,17.4,24.7
7,2022-06-04,0.00,0.00,18.9,24.6
7,2022-06-05,0.00,0.00,17.4,25.1
7,2022-06-06,0.00,0.00,18.1,25.5
7,2022-06-07,0.00,0.00,21.6,25.4
7,2022-06-08,0.00,0.00,20.2,25.2
7,2022-06-09,0.00,0.00,22.6,25.2
7,2022-06-10,0.00,0.00,21.1,25.2
7,2022-06-11,0.60,0.60,25.5,25.4
7,2022-06-12,3.10,3.10,27.7,24.7
7,2022-06-13,0.40,0.40,28.2,25.2
7,2022-06-14,0.40,0.40,28.3,25.1
7,2022-06-15,4.20,4.20,23.7,24.9
7,2022-06-16,2.60,2.60,22.9,24.6
7,2022-06-17,1.40,1.40,20.2,25.0
7,2022-06-18,0.30,0.30,25.4,25.5
7,2022-06-19,0.00,0.00,23.5,25.3
7,2022-06-20,1.00,1.00,23.8,25.0
7,2022-06-21,1.70,1.70,22.9,24.9
7,2022-06-22,1.10,1.10,23.0,24.7
7,2022-06-23,0.20,0.20,22.2,24.7
7,2022-06-24,1.20,1.20,17.9,24.2
7,2022-06-25,1.00,1.00,18.8,24.7
7,2022-06-26,0.00,0.00,18.1,25.4
7,2022-06-27,0.40,0.40,23.8,25.0
7,2022-06-28,0.30,0.30,25.7,25.4
7,2022-06-29,2.80,2.80,28.0,24.7
7,2022-06-30,2.20,2.20,30.6,25.4
7,2022-07-01,2.80,2.80,34.6,25.2
7,2022-07-02,0.10,0.10,33.3,25.3
7,2022-07-03,4.10,4.10,29.8,24.6
7,2022-07-04,3.30,3.30,32.7,24.6
7,2022-07-05,2.80,2.80,28.9,24.4
7,2022-07-06,1.30,1.30,25.5,24.8
7,2022-07-07,5.00,5.00,25.0,24.1
7,2022-07-08,2.90,2.90,27.2,24.2
7,2022-07-09,1.70,1.70,27.5,25.1
7,2022-07-10,0.60,0.60,29.4,25.4
7,2022-07-11,2.60,2.60,24.4,24.9
7,2022-07-12,3.30,3.30,24.9,24.6
7,2022-07-13,1.60,1.60,28.2,25.2
7,2022-07-14,2.80,2.80,26.4,24.9
7,2022-07-15,1.20,1.20,25.7,25.2
7,2022-07-16,2.30,2.30,28.0,25.3
7,2022-07-17,1.20,1.20,28.8,25.8
7,2022-07-18,1.10,1.10,28.4,25.2
7,2022-07-19,1.40,1.40,26.1,24.9
7,2022-07-20,1.10,1.10,24.2,25.0
7,2022-07-21,2.00,2.00,26.3,24.9
7,2022-07-22,1.00,1.00,23.3,25.3
7,2022-07-23,0.50,0.50,23.5,25.3
7,2022-07-24,0.00,0.00,22.8,25.6
7,2022-07-25,1.30,1.30,22.7,25.1
7,2022-07-26,1.10,1.10,27.0,25.2
7,2022-07-27,0.00,0.00,23.2,25.7
7,2022-07-28,0.80,0.80,16.6,25.9
7,2022-07-29,0.00,0.00,18.0,26.0
7,2022-07-30,0.00,0.00,26.0,26.5
7,2022-07-31,0.20,0.20,30.0,25.9
7,2022-08-01,3.20,3.20,28.0,24.8
7,2022-08-02,1.10,1.10,23.6,25.2
7,2022-08-03,1.20,1.20,20.4,25.1
7,2022-08-04,3.10,3.10,14.3,25.4
7,2022-08-05,2.30,2.30,9.1,25.6
7,2022-08-06,1.30,1.30,17.3,26.4
7,2022-08-07,0.00,0.00,21.3,27.0
7,2022-08-08,0.00,0.00,26.1,26.4
7,2022-08-09,0.10,0.10,28.9,26.2
7,2022-08-10,0.50,0.50,31.5,26.3
7,2022-08-11,0.90,0.90,29.0,25.9
7,2022-08-12,1.50,1.50,23.1,25.3
7,2022-08-13,0.30,0.30,22.7,25.7
7,2022-08-14,0.00,0.00,23.8,26.1
7,2022-08-15,0.00,0.00,18.7,25.8
7,2022-08-16,3.40,3.40,12.1,25.4
7,2022-08-17,2.00,2.00,16.2,26.4
7,2022-08-18,0.70,0.70,20.0,26.7
7,2022-08-19,0.10,0.10,22.4,26.6
7,2022-08-20,0.40,0.40,24.3,26.1
7,2022-08-21,0.00,0.00,22.2,26.2
7,2022-08-22,2.30,2.30,21.1,25.3
7,2022-08-23,10.90,10.90,12.2,25.3
7,2022-08-24,1.50,1.50,11.4,26.3
7,2022-08-25,1.80,1.80,13.6,27.0
7,2022-08-26,1.10,1.10,21.0,26.5
7,2022-08-27,0.10,0.10,31.3,26.4
7,2022-08-28,1.20,1.20,20.8,25.7
7,2022-08-29,1.60,1.60,18.8,26.0
7,2022-08-30,0.00,0.00,19.5,26.2
7,2022-08-31,0.00,0.00,19.5,25.6
7,2022-09-01,0.20,0.20,21.9,26.3
7,2022-09-02,1.50,1.50,21.5,25.8
7,2022-09-03,1.70,1.70,19.1,25.5
7,2022-09-04,0.50,0.50,23.8,26.5
7,2022-09-05,2.10,2.10,22.0,26.3
7,2022-09-06,1.10,1.10,26.0,26.3
7,2022-09-07,0.20,0.20,23.4,26.8
7,2022-09-08,1.10,1.10,19.6,26.0
7,2022-09-09,1.20,1.20,20.8,25.6
7,2022-09-10,1.00,1.00,17.3,26.4
7,2022-09-11,2.30,2.30,16.7,26.7
7,2022-09-12,0.50,0.50,19.5,26.4
7,2022-09-13,0.00,0.00,22.0,26.3
7,2022-09-14,0.00,0.00,20.4,26.7
7,2022-09-15,0.10,0.10,18.3,26.6
7,2022-09-16,3.50,3.50,13.8,26.4
7,2022-09-17,0.00,0.00,17.2,26.2
7,2022-09-18,1.50,1.50,20.9,26.2
7,2022-09-19,1.80,1.80,24.9,25.8
7,2022-09-20,0.60,0.60,22.9,26.7
7,2022-09-21,1.00,1.00,21.0,26.0
7,2022-09-22,1.90,1.90,16.3,26.1
7,2022-09-23,0.10,0.10,17.1,26.2
7,2022-09-24,0.10,0.10,21.3,27.2
7,2022-09-25,0.20,0.20,11.8,26.5
7,2022-09-26,0.00,0.00,21.0,26.5
7,2022-09-27,0.10,0.10,21.1,26.4
7,2022-09-28,0.00,0.00,20.7,26.5
7,2022-09-29,0.10,0.10,21.4,26.7
7,2022-09-30,0.30,0.30,19.8,26.5
7,2022-10-01,0.00,0.00,18.7,26.5
7,2022-10-02,2.20,2.20,19.8,25.4
7,2022-10-03,0.10,0.10,19.1,25.8
7,2022-10-04,2.00,2.00,18.7,25.0
7,2022-10-05,0.10,0.10,17.1,25.7
7,2022-10-06,0.30,0.30,17.0,25.5
7,2022-10-07,0.00,0.00,17.6,25.4
7,2022-10-08,0.30,0.30,14.4,24.9
7,2022-10-09,0.00,0.00,14.5,25.2
7,2022-10-10,4.30,4.30,12.9,25.8
7,2022-10-11,5.80,5.80,9.7,25.1
7,2022-10-12,11.50,11.50,10.9,24.7
7,2022-10-13,2.30,2.30,13.3,25.6
7,2022-10-14,2.50,2.50,15.9,25.7
7,2022-10-15,0.00,0.00,18.7,25.6
7,2022-10-16,0.00,0.00,18.4,25.6
7,2022-10-17,0.40,0.40,17.6,25.7
7,2022-10-18,0.40,0.40,14.3,24.8
7,2022-10-19,14.50,14.50,18.9,24.1
7,2022-10-20,2.40,2.40,16.9,24.0
7,2022-10-21,1.20,1.20,11.8,25.3
7,2022-10-22,0.20,0.20,26.4,26.5
7,2022-10-23,1.30,1.30,23.5,25.7
7,2022-10-24,1.80,1.80,26.3,25.9
7,2022-10-25,2.10,2.10,27.9,25.8
7,2022-10-26,6.00,6.00,26.2,25.1
7,2022-10-27,2.50,2.50,21.4,25.2
7,2022-10-28,4.10,4.10,20.2,24.3
7,2022-10-29,0.80,0.80,22.2,25.6
7,2022-10-30,0.80,0.80,22.4,25.6
7,2022-10-31,1.60,1.60,24.1,25.2
7,2022-11-01,0.10,0.10,24.4,25.5
7,2022-11-02,1.30,1.30,21.1,25.5
7,2022-11-03,1.80,1.80,25.6,25.3
7,2022-11-04,0.40,0.40,30.9,25.8
7,2022-11-05,0.70,0.70,25.4,25.8
7,2022-11-06,0.30,0.30,24.6,25.7
7,2022-11-07,0.60,0.60,25.3,25.6
7,2022-11-08,1.50,1.50,27.1,25.1
7,2022-11-09,1.30,1.30,24.3,24.9
7,2022-11-10,1.90,1.90,21.4,24.1
7,2022-11-11,2.00,2.00,26.3,23.8
7,2022-11-12,3.20,3.20,26.8,23.8
7,2022-11-13,1.90,1.90,23.5,24.2
7,2022-11-14,0.20,0.20,21.3,24.3
7,2022-11-15,0.10,0.10,21.9,24.0
7,2022-11-16,0.00,0.00,21.1,24.3
7,2022-11-17,2.10,2.10,16.6,24.2
7,2022-11-18,1.30,1.30,20.8,24.3
7,2022-11-19,1.50,1.50,26.3,24.6
7,2022-11-20,0.20,0.20,29.7,24.9
7,2022-11-21,0.00,0.00,33.9,24.9
7,2022-11-22,0.60,0.60,28.8,24.7
7,2022-11-23,0.30,0.30,18.9,24.0
7,2022-11-24,6.10,6.10,35.1,22.2
7,2022-11-25,1.10,1.10,29.3,22.4
7,2022-11-26,0.50,0.50,15.8,22.3
7,2022-11-27,0.00,0.00,11.7,22.7
7,2022-11-28,0.10,0.10,7.4,23.7
7,2022-11-29,1.10,1.10,11.7,23.9
7,2022-11-30,1.60,1.60,16.5,23.7
7,2022-12-01,1.00,1.00,16.8,23.4
7,2022-12-02,0.60,0.60,17.9,23.4
7,2022-12-03,0.00,0.00,21.0,24.3
7,2022-12-04,0.40,0.40,20.5,24.0
7,2022-12-05,3.20,3.20,12.8,23.3
7,2022-12-06,3.40,3.40,23.4,24.3
7,2022-12-07,1.20,1.20,33.8,24.6
7,2022-12-08,0.50,0.50,32.3,24.6
7,2022-12-09,0.00,0.00,39.3,24.4
7,2022-12-10,0.20,0.20,33.0,24.1
7,2022-12-11,1.70,1.70,27.9,23.6
7,2022-12-12,5.30,5.30,29.7,23.1
7,2022-12-13,2.00,2.00,23.8,23.6
7,2022-12-14,0.00,0.00,21.7,23.8
7,2022-12-15,5.30,5.30,16.2,23.2
7,2022-12-16,10.00,10.00,13.4,22.8
7,2022-12-17,2.50,2.50,10.9,22.6
7,2022-12-18,24.80,24.80,24.0,21.4
7,2022-12-19,29.30,29.30,28.8,19.9
7,2022-12-20,2.20,2.20,31.5,22.8
7,2022-12-21,1.30,1.30,16.7,23.1
7,2022-12-22,0.50,0.50,17.7,23.1
7,2022-12-23,0.00,0.00,16.3,23.3
7,2022-12-24,0.20,0.20,22.2,23.9
7,2022-12-25,0.00,0.00,14.5,23.8
7,2022-12-26,0.10,0.10,15.1,23.2
7,2022-12-27,0.00,0.00,21.8,24.3
7,2022-12-28,0.00,0.00,19.5,23.9
7,2022-12-29,0.10,0.10,15.1,22.6
7,2022-12-30,0.00,0.00,16.9,23.1
7,2022-12-31,0.20,0.20,13.0,23.4
7,2023-01-01,2.00,2.00,15.8,22.5
7,2023-01-02,0.30,0.30,18.0,23.4
7,2023-01-03,0.40,0.40,15.2,22.7
7,2023-01-04,3.90,3.90,16.3,22.1
7,2023-01-05,0.30,0.30,14.7,22.8
7,2023-01-06,0.00,0.00,16.3,23.3
7,2023-01-07,0.00,0.00,15.5,23.3
7,2023-01-08,0.20,0.20,16.2,22.3
7,2023-01-09,0.00,0.00,11.9,21.9
7,2023-01-10,1.10,1.10,16.6,23.0
7,2023-01-11,0.20,0.20,21.5,22.3
7,2023-01-12,0.00,0.00,15.6,21.7
7,2023-01-13,0.00,0.00,13.4,21.7
7,2023-01-14,0.80,0.80,13.8,22.1
7,2023-01-15,0.00,0.00,21.6,23.8
7,2023-01-16,1.00,1.00,12.5,22.9
7,2023-01-17,0.60,0.60,13.9,22.4
7,2023-01-18,0.00,0.00,13.7,23.6
7,2023-01-19,1.50,1.50,13.5,22.8
7,2023-01-20,0.00,0.00,20.6,23.7
7,2023-01-21,0.50,0.50,16.2,24.3
7,2023-01-22,0.00,0.00,17.4,23.5
7,2023-01-23,1.30,1.30,10.2,23.0
7,2023-01-24,1.20,1.20,12.1,22.9
7,2023-01-25,7.30,7.30,19.5,21.8
7,2023-01-26,0.60,0.60,23.8,21.4
7,2023-01-27,1.50,1.50,24.5,21.5
7,2023-01-28,6.00,6.00,24.2,21.4
7,2023-01-29,15.10,15.10,29.8,20.4
7,2023-01-30,9.50,9.50,24.2,21.6
7,2023-01-31,1.20,1.20,15.2,22.4
7,2023-02-01,2.00,2.00,13.0,22.7
7,2023-02-02,0.00,0.00,19.3,23.4
7,2023-02-03,4.20,4.20,20.6,22.5
7,2023-02-04,5.90,5.90,28.8,22.3
7,2023-02-05,2.50,2.50,28.8,23.2
7,2023-02-06,0.10,0.10,28.8,23.8
7,2023-02-07,0.40,0.40,28.1,24.1
7,2023-02-08,0.50,0.50,38.9,23.3
7,2023-02-09,2.60,2.60,42.1,23.1
7,2023-02-10,0.00,0.00,39.9,23.5
7,2023-02-11,0.10,0.10,33.4,23.3
7,2023-02-12,2.50,2.50,31.9,22.2
7,2023-02-13,2.90,2.90,27.7,22.5
7,2023-02-14,4.30,4.30,25.3,22.1
7,2023-02-15,5.40,5.40,17.7,21.4
7,2023-02-16,5.20,5.20,27.3,22.4
7,2023-02-17,31.10,31.10,14.8,21.2
7,2023-02-18,3.30,3.30,14.3,22.7
7,2023-02-19,1.40,1.40,26.8,23.1
7,2023-02-20,9.70,9.70,28.2,22.7
7,2023-02-21,4.40,4.40,40.8,23.0
7,2023-02-22,2.90,2.90,33.4,23.1
7,2023-02-23,5.20,5.20,33.6,22.8
7,2023-02-24,5.50,5.50,31.0,22.1
7,2023-02-25,1.90,1.90,31.7,22.2
7,2023-02-26,1.30,1.30,32.1,22.4
7,2023-02-27,3.30,3.30,35.7,22.1
7,2023-02-28,3.10,3.10,33.8,21.9
7,2023-03-01,8.30,8.30,38.4,21.8
7,2023-03-02,2.00,2.00,34.1,21.9
7,2023-03-03,4.10,4.10,24.5,21.4
7,2023-03-04,1.50,1.50,19.9,22.0
7,2023-03-05,2.30,2.30,14.1,22.3
7,2023-03-06,14.10,14.10,21.6,22.4
7,2023-03-07,3.00,3.00,26.5,22.8
7,2023-03-08,6.80,6.80,37.0,22.4
7,2023-03-09,0.00,0.00,23.6,21.9
7,2023-03-10,0.70,0.70,17.7,21.5
7,2023-03-11,2.70,2.70,12.6,21.2
7,2023-03-12,0.90,0.90,26.5,23.5
7,2023-03-13,0.00,0.00,18.0,24.1
7,2023-03-14,10.50,10.50,17.8,24.0
7,2023-03-15,0.00,0.00,20.1,25.1
7,2023-03-16,0.00,0.00,18.2,25.1
7,2023-03-17,0.00,0.00,15.8,24.7
7,2023-03-18,3.20,3.20,6.5,23.2
7,2023-03-19,2.80,2.80,11.3,23.3
7,2023-03-20,0.00,0.00,20.5,24.0
7,2023-03-21,1.40,1.40,30.0,23.9
7,2023-03-22,2.90,2.90,15.4,24.0
7,2023-03-23,3.40,3.40,19.2,22.6
7,2023-03-24,1.80,1.80,13.8,23.5
7,2023-03-25,0.00,0.00,25.5,24.3
7,2023-03-26,0.00,0.00,23.6,23.9
7,2023-03-27,1.60,1.60,12.2,23.1
7,2023-03-28,11.80,11.80,10.0,23.3
7,2023-03-29,2.50,2.50,21.1,23.8
7,2023-03-30,10.40,10.40,13.5,24.0
7,2023-03-31,2.50,2.50,14.4,23.8
7,2023-04-01,6.90,6.90,17.7,23.2
7,2023-04-02,9.20,9.20,29.0,22.5
7,2023-04-03,5.60,5.60,20.2,22.9
7,2023-04-04,2.90,2.90,24.9,22.5
7,2023-04-05,0.10,0.10,28.8,23.7
7,2023-04-06,0.90,0.90,29.2,23.7
7,2023-04-07,0.00,0.00,25.1,23.4
7,2023-04-08,0.50,0.50,24.3,23.3
7,2023-04-09,5.60,5.60,23.2,22.1
7,2023-04-10,3.10,3.10,26.5,22.8
7,2023-04-11,1.50,1.50,28.7,23.2
7,2023-04-12,2.10,2.10,27.3,23.4
7,2023-04-13,3.70,3.70,28.4,23.2
7,2023-04-14,1.60,1.60,20.8,22.7
7,2023-04-15,2.90,2.90,21.5,22.8
7,2023-04-16,2.10,2.10,14.9,23.8
7,2023-04-17,4.00,4.00,18.0,23.6
7,2023-04-18,2.30,2.30,25.3,23.4
7,2023-04-19,5.00,5.00,22.4,23.6
7,2023-04-20,3.00,3.00,10.5,23.7
7,2023-04-21,2.10,2.10,12.6,24.4
7,2023-04-22,0.10,0.10,21.2,24.3
7,2023-04-23,0.40,0.40,12.5,24.1
7,2023-04-24,7.30,7.30,14.6,23.5
7,2023-04-25,16.20,16.20,19.7,22.6
7,2023-04-26,3.10,3.10,18.8,22.7
7,2023-04-27,5.70,5.70,11.7,22.5
7,2023-04-28,3.60,3.60,15.9,23.3
7,2023-04-29,1.80,1.80,20.2,23.6
7,2023-04-30,0.50,0.50,22.5,24.0
7,2023-05-01,0.40,0.40,22.0,24.5
7,2023-05-02,7.30,7.30,14.8,23.3
7,2023-05-03,0.30,0.30,28.5,24.0
7,2023-05-04,1.10,1.10,31.5,24.0
7,2023-05-05,1.80,1.80,28.9,23.9
7,2023-05-06,1.20,1.20,30.4,23.7
7,2023-05-07,0.20,0.20,25.3,23.9
7,2023-05-08,0.80,0.80,29.3,23.9
7,2023-05-09,2.30,2.30,26.8,23.7
7,2023-05-10,1.40,1.40,18.1,23.3
7,2023-05-11,1.50,1.50,17.4,23.3
7,2023-05-12,3.50,3.50,14.8,23.0
7,2023-05-13,1.80,1.80,15.8,22.7
7,2023-05-14,2.50,2.50,20.9,22.6
7,2023-05-15,0.10,0.10,17.2,22.6
7,2023-05-16,0.10,0.10,16.0,22.9
7,2023-05-17,1.20,1.20,16.6,23.6
7,2023-05-18,7.80,7.80,15.6,23.0
7,2023-05-19,1.90,1.90,13.2,24.7
7,2023-05-20,1.00,1.00,20.0,25.5
7,2023-05-21,0.00,0.00,22.7,25.1
7,2023-05-22,0.50,0.50,25.8,24.6
7,2023-05-23,2.00,2.00,24.9,24.4
7,2023-05-24,0.80,0.80,26.9,24.4
7,2023-05-25,2.80,2.80,22.6,23.7
7,2023-05-26,1.80,1.80,22.9,24.0
7,2023-05-27,0.50,0.50,17.7,24.0
7,2023-05-28,3.30,3.30,14.8,23.5
7,2023-05-29,1.10,1.10,22.7,24.3
7,2023-05-30,3.20,3.20,22.4,24.6
7,2023-05-31,1.50,1.50,21.5,24.7
7,2023-06-01,1.90,1.90,21.0,24.5
7,2023-06-02,0.00,0.00,20.8,24.6
7,2023-06-03,0.40,0.40,17.1,23.7
7,2023-06-04,1.90,1.90,15.2,24.1
7,2023-06-05,0.00,0.00,17.8,24.4
7,2023-06-06,0.00,0.00,18.3,24.7
7,2023-06-07,0.10,0.10,19.3,24.9
7,2023-06-08,0.70,0.70,21.0,25.0
7,2023-06-09,0.60,0.60,23.7,25.0
7,2023-06-10,0.00,0.00,27.2,25.4
7,2023-06-11,0.10,0.10,23.9,25.8
7,2023-06-12,1.50,1.50,22.7,25.4
7,2023-06-13,4.60,4.60,24.5,24.5
7,2023-06-14,1.90,1.90,21.7,24.9
7,2023-06-15,3.00,3.00,20.2,24.3
7,2023-06-16,0.70,0.70,24.1,24.9
7,2023-06-17,0.00,0.00,22.7,25.2
7,2023-06-18,0.60,0.60,20.6,25.1
7,2023-06-19,0.70,0.70,16.9,25.0
7,2023-06-20,1.50,1.50,15.7,24.9
7,2023-06-21,1.00,1.00,23.7,25.3
7,2023-06-22,3.50,3.50,27.2,24.9
7,2023-06-23,2.70,2.70,26.8,25.0
7,2023-06-24,1.40,1.40,29.3,24.8
7,2023-06-25,1.80,1.80,29.8,24.6
7,2023-06-26,2.10,2.10,28.1,24.6
7,2023-06-27,0.00,0.00,26.5,26.0
7,2023-06-28,2.20,2.20,21.9,25.1
7,2023-06-29,2.30,2.30,20.5,25.0
7,2023-06-30,1.20,1.20,20.1,24.7
7,2023-07-01,0.90,0.90,19.6,24.9
7,2023-07-02,0.00,0.00,19.5,25.4
7,2023-07-03,0.30,0.30,25.6,26.2
7,2023-07-04,0.00,0.00,24.4,26.0
7,2023-07-05,0.90,0.90,23.3,25.5
7,2023-07-06,0.50,0.50,21.6,25.6
7,2023-07-07,0.40,0.40,25.5,25.6
7,2023-07-08,1.50,1.50,28.4,25.2
7,2023-07-09,0.40,0.40,29.1,25.2
7,2023-07-10,2.60,2.60,22.3,24.9
7,2023-07-11,2.30,2.30,26.3,25.2
7,2023-07-12,0.50,0.50,24.7,25.9
7,2023-07-13,0.40,0.40,22.8,25.9
7,2023-07-14,0.00,0.00,21.5,25.9
7,2023-07-15,1.30,1.30,21.2,25.0
7,2023-07-16,2.10,2.10,20.4,24.9
7,2023-07-17,0.00,0.00,24.6,26.3
7,2023-07-18,1.10,1.10,33.7,25.8
7,2023-07-19,10.80,10.80,33.5,25.6
7,2023-07-20,0.90,0.90,27.8,25.9
7,2023-07-21,0.40,0.40,25.7,25.9
7,2023-07-22,1.30,1.30,23.7,26.3
7,2023-07-23,2.10,2.10,25.3,25.9
7,2023-07-24,1.00,1.00,26.1,26.0
7,2023-07-25,0.30,0.30,26.7,26.1
7,2023-07-26,0.50,0.50,25.2,26.0
7,2023-07-27,0.80,0.80,22.1,26.1
7,2023-07-28,0.60,0.60,28.1,25.8
7,2023-07-29,0.40,0.40,22.3,25.7
7,2023-07-30,0.50,0.50,21.6,25.9
7,2023-07-31,0.20,0.20,25.9,26.2
7,2023-08-01,1.10,1.10,29.9,26.0
7,2023-08-02,0.90,0.90,28.7,25.9
7,2023-08-03,0.90,0.90,24.9,25.4
7,2023-08-04,1.30,1.30,20.0,24.9
7,2023-08-05,1.30,1.30,18.6,25.0
7,2023-08-06,0.10,0.10,22.0,26.1
7,2023-08-07,1.40,1.40,34.7,26.4
7,2023-08-08,0.10,0.10,38.5,26.9
7,2023-08-09,1.00,1.00,35.2,26.1
7,2023-08-10,0.20,0.20,24.9,26.3
7,2023-08-11,0.00,0.00,21.5,26.3
7,2023-08-12,0.00,0.00,19.9,26.2
7,2023-08-13,0.00,0.00,20.9,26.0
7,2023-08-14,0.80,0.80,21.2,25.6
7,2023-08-15,0.10,0.10,21.8,26.1
7,2023-08-16,0.80,0.80,22.3,25.9
7,2023-08-17,0.20,0.20,24.5,26.3
7,2023-08-18,0.70,0.70,19.0,26.0
7,2023-08-19,0.50,0.50,20.0,25.9
7,2023-08-20,0.20,0.20,21.7,25.8
7,2023-08-21,0.70,0.70,24.3,26.3
7,2023-08-22,0.80,0.80,27.4,26.6
7,2023-08-23,0.30,0.30,24.1,26.6
7,2023-08-24,0.00,0.00,24.6,26.4
7,2023-08-25,1.60,1.60,23.3,26.0
7,2023-08-26,0.10,0.10,21.9,26.3
7,2023-08-27,2.40,2.40,22.9,25.9
7,2023-08-28,1.80,1.80,23.5,25.8
7,2023-08-29,1.60,1.60,25.6,26.0
7,2023-08-30,1.50,1.50,29.2,26.4
7,2023-08-31,1.20,1.20,33.2,26.2
7,2023-09-01,2.20,2.20,26.9,26.0
7,2023-09-02,0.70,0.70,27.0,26.2
7,2023-09-03,3.20,3.20,21.9,25.6
7,2023-09-04,0.20,0.20,14.2,25.9
7,2023-09-05,0.20,0.20,16.3,26.2
7,2023-09-06,0.00,0.00,19.2,26.3
7,2023-09-07,0.10,0.10,19.4,26.4
7,2023-09-08,0.00,0.00,21.0,26.5
7,2023-09-09,2.40,2.40,24.4,25.8
7,2023-09-10,2.50,2.50,26.5,25.9
7,2023-09-11,0.60,0.60,25.4,26.1
7,2023-09-12,1.00,1.00,23.6,26.2
7,2023-09-13,2.30,2.30,19.9,26.0
7,2023-09-14,3.50,3.50,21.7,25.6
7,2023-09-15,0.80,0.80,21.0,26.2
7,2023-09-16,0.50,0.50,22.5,26.9
7,2023-09-17,1.20,1.20,23.4,25.9
7,2023-09-18,2.60,2.60,24.5,25.8
7,2023-09-19,0.90,0.90,24.9,26.0
7,2023-09-20,0.90,0.90,22.9,26.2
7,2023-09-21,1.70,1.70,29.0,25.6
7,2023-09-22,0.30,0.30,27.3,26.2
7,2023-09-23,0.80,0.80,24.9,25.9
7,2023-09-24,1.80,1.80,25.8,25.5
7,2023-09-25,0.00,0.00,22.5,26.1
7,2023-09-26,1.00,1.00,25.7,26.0
7,2023-09-27,2.40,2.40,29.0,25.4
7,2023-09-28,0.70,0.70,21.9,26.0
7,2023-09-29,2.40,2.40,23.8,26.2
7,2023-09-30,0.20,0.20,28.9,26.7
7,2023-10-01,0.20,0.20,26.4,26.2
7,2023-10-02,0.20,0.20,18.8,25.9
7,2023-10-03,1.40,1.40,18.1,25.3
7,2023-10-04,0.10,0.10,16.2,25.2
7,2023-10-05,1.90,1.90,14.4,26.3
7,2023-10-06,0.00,0.00,17.1,26.3
7,2023-10-07,0.70,0.70,20.0,26.0
7,2023-10-08,0.00,0.00,21.7,25.8
7,2023-10-09,0.50,0.50,26.0,25.8
7,2023-10-10,0.00,0.00,20.2,26.0
7,2023-10-11,0.00,0.00,18.5,25.9
7,2023-10-12,0.00,0.00,19.8,26.3
7,2023-10-13,1.70,1.70,17.2,25.6
7,2023-10-14,2.80,2.80,17.9,25.4
7,2023-10-15,0.10,0.10,18.9,26.3
7,2023-10-16,0.40,0.40,15.3,26.3
7,2023-10-17,0.50,0.50,14.2,25.8
7,2023-10-18,0.00,0.00,18.2,25.6
7,2023-10-19,2.10,2.10,18.3,25.3
7,2023-10-20,4.60,4.60,15.8,24.9
7,2023-10-21,2.60,2.60,13.0,25.6
7,2023-10-22,3.10,3.10,8.3,25.1
7,2023-10-23,2.10,2.10,24.6,25.8
7,2023-10-24,0.40,0.40,15.6,26.1
7,2023-10-25,0.00,0.00,17.1,25.4
7,2023-10-26,0.10,0.10,14.0,24.9
7,2023-10-27,1.90,1.90,14.8,25.2
7,2023-10-28,0.80,0.80,18.7,25.5
7,2023-10-29,0.00,0.00,17.6,25.5
7,2023-10-30,0.00,0.00,18.4,25.7
7,2023-10-31,0.20,0.20,15.4,24.7
7,2023-11-01,1.80,1.80,13.7,24.9
7,2023-11-02,0.00,0.00,14.9,24.9
7,2023-11-03,1.40,1.40,20.7,25.5
7,2023-11-04,0.50,0.50,25.5,25.9
7,2023-11-05,0.10,0.10,33.6,26.0
7,2023-11-06,3.30,3.30,33.1,25.8
7,2023-11-07,4.60,4.60,27.0,25.0
7,2023-11-08,0.20,0.20,24.3,26.2
7,2023-11-09,0.00,0.00,35.2,26.2
7,2023-11-10,3.10,3.10,29.4,25.5
7,2023-11-11,0.60,0.60,28.0,25.4
7,2023-11-12,1.90,1.90,34.6,25.1
7,2023-11-13,0.70,0.70,31.5,25.4
7,2023-11-14,1.70,1.70,36.1,24.5
7,2023-11-15,1.50,1.50,32.9,24.1
7,2023-11-16,1.10,1.10,26.4,23.8
7,2023-11-17,0.40,0.40,24.5,24.4
7,2023-11-18,0.00,0.00,13.0,24.4
7,2023-11-19,1.40,1.40,25.3,24.4
7,2023-11-20,12.10,12.10,23.3,22.2
7,2023-11-21,2.40,2.40,23.4,23.7
7,2023-11-22,1.60,1.60,16.8,24.4
7,2023-11-23,0.50,0.50,19.8,24.9
7,2023-11-24,0.50,0.50,14.4,24.9
7,2023-11-25,0.00,0.00,18.0,24.6
7,2023-11-26,0.30,0.30,21.0,24.2
7,2023-11-27,1.20,1.20,21.4,23.9
7,2023-11-28,0.90,0.90,14.8,23.6
7,2023-11-29,2.80,2.80,16.8,23.7
7,2023-11-30,0.70,0.70,13.9,24.0
7,2023-12-01,21.00,21.00,10.8,23.0
7,2023-12-02,0.00,0.00,15.5,24.1
7,2023-12-03,0.30,0.30,15.6,24.4
7,2023-12-04,0.10,0.10,19.8,24.2
7,2023-12-05,4.20,4.20,29.7,24.0
7,2023-12-06,0.10,0.10,28.9,24.6
7,2023-12-07,0.40,0.40,18.4,24.2
7,2023-12-08,0.30,0.30,12.0,23.4
7,2023-12-09,0.00,0.00,18.4,23.5
7,2023-12-10,0.00,0.00,22.5,25.1
7,2023-12-11,0.00,0.00,19.4,25.4
7,2023-12-12,0.90,0.90,24.8,24.2
7,2023-12-13,11.70,11.70,26.9,22.4
7,2023-12-14,3.20,3.20,33.1,21.6
7,2023-12-15,1.00,1.00,30.8,21.5
7,2023-12-16,1.30,1.30,25.2,21.8
7,2023-12-17,1.40,1.40,24.9,21.9
7,2023-12-18,3.70,3.70,27.4,21.6
7,2023-12-19,4.40,4.40,32.7,22.3
7,2023-12-20,9.80,9.80,26.1,21.7
7,2023-12-21,0.60,0.60,31.1,23.6
7,2023-12-22,2.80,2.80,24.7,23.2
7,2023-12-23,0.80,0.80,27.8,23.1
7,2023-12-24,0.00,0.00,19.9,23.3
7,2023-12-25,0.00,0.00,14.8,22.6
7,2023-12-26,0.00,0.00,17.1,23.1
7,2023-12-27,3.30,3.30,16.2,21.5
7,2023-12-28,5.50,5.50,23.7,21.8
7,2023-12-29,0.30,0.30,15.4,22.1
7,2023-12-30,0.00,0.00,19.3,22.5
7,2023-12-31,0.00,0.00,13.0,22.0
7,2024-01-01,1.50,1.50,26.1,22.8
7,2024-01-02,0.00,0.00,27.2,23.8
7,2024-01-03,0.00,0.00,27.9,23.7
7,2024-01-04,0.10,0.10,23.5,23.9
7,2024-01-05,0.00,0.00,15.8,23.6
7,2024-01-06,0.00,0.00,15.6,22.9
7,2024-01-07,1.30,1.30,10.0,23.0
7,2024-01-08,22.00,22.00,24.3,22.5
7,2024-01-09,6.10,6.10,25.9,22.8
7,2024-01-10,0.10,0.10,19.3,22.0
7,2024-01-11,15.10,15.10,34.8,20.3
7,2024-01-12,2.40,2.40,28.1,19.7
7,2024-01-13,0.00,0.00,23.8,20.8
7,2024-01-14,0.00,0.00,14.4,20.3
7,2024-01-15,0.00,0.00,13.6,21.7
7,2024-01-16,3.40,3.40,35.9,23.8
7,2024-01-17,0.20,0.20,20.5,23.1
7,2024-01-18,0.00,0.00,17.9,21.9
7,2024-01-19,0.00,0.00,13.9,23.4
7,2024-01-20,0.00,0.00,16.7,24.1
7,2024-01-21,10.00,10.00,8.2,22.7
7,2024-01-22,0.00,0.00,20.7,23.5
7,2024-01-23,0.10,0.10,18.4,24.0
7,2024-01-24,15.60,15.60,32.1,23.8
7,2024-01-25,0.90,0.90,15.5,22.9
7,2024-01-26,0.00,0.00,18.8,23.0
7,2024-01-27,0.40,0.40,27.2,23.7
7,2024-01-28,2.30,2.30,27.8,24.1
7,2024-01-29,6.10,6.10,29.2,23.8
7,2024-01-30,4.30,4.30,17.6,22.7
7,2024-01-31,0.00,0.00,15.1,22.5
7,2024-02-01,3.30,3.30,12.3,22.3
7,2024-02-02,1.90,1.90,28.5,21.2
7,2024-02-03,0.20,0.20,33.8,20.7
7,2024-02-04,0.10,0.10,37.3,22.0
7,2024-02-05,1.00,1.00,38.4,22.4
7,2024-02-06,0.10,0.10,37.9,23.2
7,2024-02-07,0.00,0.00,32.2,23.0
7,2024-02-08,0.10,0.10,26.3,23.4
7,2024-02-09,1.10,1.10,19.1,22.8
7,2024-02-10,1.00,1.00,11.1,22.6
7,2024-02-11,0.00,0.00,16.1,22.3
7,2024-02-12,0.40,0.40,18.7,22.0
7,2024-02-13,2.00,2.00,10.4,21.9
7,2024-02-14,1.40,1.40,23.6,23.0
7,2024-02-15,6.30,6.30,23.5,21.5
7,2024-02-16,0.90,0.90,22.5,20.4
7,2024-02-17,0.00,0.00,24.2,20.9
7,2024-02-18,0.10,0.10,31.7,21.3
7,2024-02-19,0.00,0.00,25.2,21.8
7,2024-02-20,0.00,0.00,18.1,22.1
7,2024-02-21,0.80,0.80,28.3,22.5
7,2024-02-22,0.00,0.00,23.1,23.0
7,2024-02-23,0.90,0.90,26.4,22.9
7,2024-02-24,2.10,2.10,29.0,22.3
7,2024-02-25,1.10,1.10,29.1,21.9
7,2024-02-26,2.10,2.10,31.7,22.0
7,2024-02-27,1.10,1.10,30.4,22.4
7,2024-02-28,3.20,3.20,26.8,21.6
7,2024-02-29,3.70,3.70,29.9,22.4
7,2024-03-01,1.20,1.20,26.5,22.5
7,2024-03-02,0.60,0.60,25.4,22.7
7,2024-03-03,0.20,0.20,22.6,22.9
7,2024-03-04,1.30,1.30,27.5,22.8
7,2024-03-05,1.80,1.80,34.2,22.2
7,2024-03-06,5.20,5.20,30.9,21.2
7,2024-03-07,1.70,1.70,30.5,22.0
7,2024-03-08,0.90,0.90,33.5,21.9
7,2024-03-09,0.60,0.60,34.4,22.3
7,2024-03-10,1.30,1.30,31.4,22.3
7,2024-03-11,0.70,0.70,28.4,22.6
7,2024-03-12,4.30,4.30,23.9,23.2
7,2024-03-13,5.90,5.90,14.8,22.3
7,2024-03-14,3.70,3.70,17.6,21.4
7,2024-03-15,3.00,3.00,17.1,20.7
7,2024-03-16,0.90,0.90,17.1,21.0
7,2024-03-17,0.10,0.10,20.9,21.7
7,2024-03-18,0.00,0.00,18.5,22.5
7,2024-03-19,0.60,0.60,21.3,21.9
7,2024-03-20,0.30,0.30,23.1,22.1
7,2024-03-21,0.00,0.00,25.9,22.4
7,2024-03-22,1.30,1.30,26.3,22.1
7,2024-03-23,1.20,1.20,31.0,22.5
7,2024-03-24,0.00,0.00,30.0,23.2
7,2024-03-25,0.00,0.00,24.6,24.0
7,2024-03-26,0.40,0.40,25.1,23.4
7,2024-03-27,1.80,1.80,29.0,23.1
7,2024-03-28,0.90,0.90,34.2,23.2
7,2024-03-29,0.10,0.10,30.8,23.4
7,2024-03-30,1.60,1.60,26.3,22.5
7,2024-03-31,0.10,0.10,23.1,23.3
7,2024-04-01,3.10,3.10,27.4,22.7
7,2024-04-02,2.00,2.00,33.1,23.0
7,2024-04-03,2.80,2.80,34.7,23.3
7,2024-04-04,3.00,3.00,36.7,22.9
7,2024-04-05,9.80,9.80,33.7,21.7
7,2024-04-06,8.80,8.80,36.0,21.9
7,2024-04-07,6.90,6.90,32.3,22.1
7,2024-04-08,0.80,0.80,24.9,23.0
7,2024-04-09,1.70,1.70,25.4,22.6
7,2024-04-10,1.90,1.90,19.1,23.7
7,2024-04-11,11.40,11.40,23.7,24.1
7,2024-04-12,2.50,2.50,13.7,24.8
7,2024-04-13,0.20,0.20,19.8,25.4
7,2024-04-14,37.00,37.00,24.4,22.8
7,2024-04-15,7.40,7.40,22.4,22.6
7,2024-04-16,2.00,2.00,15.2,22.2
7,2024-04-17,3.00,3.00,18.1,22.1
7,2024-04-18,2.10,2.10,20.8,22.2
7,2024-04-19,2.10,2.10,26.8,22.5
7,2024-04-20,1.70,1.70,22.8,22.7
7,2024-04-21,2.30,2.30,26.2,22.4
7,2024-04-22,2.20,2.20,25.3,22.9
7,2024-04-23,2.30,2.30,29.4,23.1
7,2024-04-24,8.60,8.60,29.3,22.3
7,2024-04-25,5.30,5.30,30.3,23.2
7,2024-04-26,2.30,2.30,27.0,23.3
7,2024-04-27,1.50,1.50,24.1,23.3
7,2024-04-28,0.10,0.10,19.7,24.4
7,2024-04-29,0.00,0.00,22.0,24.2
7,2024-04-30,2.40,2.40,16.3,24.1
7,2024-05-01,0.00,0.00,21.5,24.4
7,2024-05-02,1.00,1.00,26.7,23.8
7,2024-05-03,1.60,1.60,30.3,23.5
7,2024-05-04,3.30,3.30,32.4,23.2
7,2024-05-05,0.80,0.80,31.0,23.7
7,2024-05-06,1.70,1.70,27.6,23.0
7,2024-05-07,0.10,0.10,20.6,23.6
7,2024-05-08,0.20,0.20,17.1,23.7
7,2024-05-09,5.50,5.50,14.3,23.0
7,2024-05-10,4.90,4.90,15.6,22.5
7,2024-05-11,2.40,2.40,15.7,22.5
7,2024-05-12,3.40,3.40,14.9,22.9
7,2024-05-13,2.80,2.80,14.7,24.2
7,2024-05-14,8.90,8.90,9.6,23.8
7,2024-05-15,6.80,6.80,19.1,24.5
7,2024-05-16,38.40,38.40,21.3,23.0
7,2024-05-17,18.10,18.10,8.8,23.8
7,2024-05-18,19.20,19.20,26.6,24.1
7,2024-05-19,4.20,4.20,16.7,24.6
7,2024-05-20,0.00,0.00,20.5,24.8
7,2024-05-21,0.00,0.00,20.7,24.9
7,2024-05-22,0.50,0.50,23.6,24.8
7,2024-05-23,0.20,0.20,27.0,24.9
7,2024-05-24,0.00,0.00,26.6,24.5
7,2024-05-25,0.40,0.40,23.1,24.4
7,2024-05-26,0.20,0.20,23.4,24.2
7,2024-05-27,0.80,0.80,24.3,24.1
7,2024-05-28,0.80,0.80,28.2,24.6
7,2024-05-29,0.90,0.90,23.5,24.3
7,2024-05-30,0.10,0.10,27.1,24.3
7,2024-05-31,2.50,2.50,26.7,23.9
7,2024-06-01,1.00,1.00,28.2,23.8
7,2024-06-02,1.40,1.40,27.3,24.1
7,2024-06-03,4.20,4.20,28.7,24.4
7,2024-06-04,1.30,1.30,28.7,24.8
7,2024-06-05,0.00,0.00,21.1,25.2
7,2024-06-06,0.00,0.00,12.6,25.1
7,2024-06-07,0.10,0.10,16.6,25.2
7,2024-06-08,0.00,0.00,20.1,25.1
7,2024-06-09,0.10,0.10,24.0,24.8
7,2024-06-10,0.30,0.30,26.8,24.9
7,2024-06-11,1.60,1.60,24.9,24.7
7,2024-06-12,2.50,2.50,24.0,24.7
7,2024-06-13,0.30,0.30,27.1,24.9
7,2024-06-14,0.20,0.20,25.8,25.0
7,2024-06-15,0.90,0.90,27.4,25.0
7,2024-06-16,0.80,0.80,24.3,24.7
7,2024-06-17,2.10,2.10,28.0,24.4
7,2024-06-18,1.50,1.50,26.6,24.5
7,2024-06-19,0.50,0.50,30.2,24.8
7,2024-06-20,2.40,2.40,31.1,24.5
7,2024-06-21,1.70,1.70,29.8,25.1
7,2024-06-22,3.70,3.70,29.0,24.5
7,2024-06-23,0.10,0.10,28.4,25.1
7,2024-06-24,0.90,0.90,30.7,24.8
7,2024-06-25,2.40,2.40,27.2,24.7
7,2024-06-26,0.50,0.50,21.7,24.8
7,2024-06-27,0.60,0.60,21.0,24.8
7,2024-06-28,2.20,2.20,20.5,24.2
7,2024-06-29,0.90,0.90,17.0,25.1
7,2024-06-30,0.00,0.00,21.7,25.2
7,2024-07-01,0.70,0.70,23.4,25.3
7,2024-07-02,1.70,1.70,21.8,25.0
7,2024-07-03,0.90,0.90,22.8,25.1
7,2024-07-04,1.20,1.20,23.4,25.0
7,2024-07-05,2.50,2.50,25.3,25.2
7,2024-07-06,0.30,0.30,20.5,25.2
7,2024-07-07,1.00,1.00,22.1,24.7
7,2024-07-08,2.70,2.70,22.0,24.8
7,2024-07-09,2.20,2.20,28.5,25.3
7,2024-07-10,1.00,1.00,32.0,25.1
7,2024-07-11,3.70,3.70,30.6,25.1
7,2024-07-12,1.50,1.50,29.9,25.4
7,2024-07-13,0.30,0.30,30.4,25.6
7,2024-07-14,1.70,1.70,26.4,25.3
7,2024-07-15,1.30,1.30,27.3,25.0
7,2024-07-16,0.30,0.30,28.4,25.1
7,2024-07-17,0.80,0.80,22.2,25.1
7,2024-07-18,0.50,0.50,19.6,25.2
7,2024-07-19,0.80,0.80,21.4,25.1
7,2024-07-20,3.50,3.50,21.2,25.9
7,2024-07-21,4.60,4.60,22.7,26.0
7,2024-07-22,0.70,0.70,25.0,25.8
7,2024-07-23,3.60,3.60,26.4,25.6
7,2024-07-24,1.40,1.40,30.7,26.1
7,2024-07-25,0.50,0.50,32.2,25.8
7,2024-07-26,2.00,2.00,31.4,24.7
7,2024-07-27,4.80,4.80,28.4,24.3
7,2024-07-28,2.20,2.20,25.2,25.0
7,2024-07-29,0.40,0.40,23.2,25.6
7,2024-07-30,2.80,2.80,22.9,25.0
7,2024-07-31,0.20,0.20,20.9,25.5
7,2024-08-01,0.00,0.00,20.3,25.1
7,2024-08-02,2.40,2.40,15.2,25.2
7,2024-08-03,0.90,0.90,20.3,25.8
7,2024-08-04,0.00,0.00,24.4,26.0
7,2024-08-05,0.10,0.10,23.6,26.0
7,2024-08-06,0.10,0.10,23.8,26.1
7,2024-08-07,0.00,0.00,27.0,26.0
7,2024-08-08,0.70,0.70,21.8,25.8
7,2024-08-09,0.20,0.20,21.6,25.7
7,2024-08-10,1.40,1.40,23.2,25.8
7,2024-08-11,2.80,2.80,24.4,25.7
7,2024-08-12,2.60,2.60,24.3,25.6
7,2024-08-13,1.60,1.60,28.0,25.8
7,2024-08-14,1.30,1.30,20.3,25.8
7,2024-08-15,0.90,0.90,22.0,25.9
7,2024-08-16,0.20,0.20,29.2,26.5
7,2024-08-17,1.10,1.10,27.3,26.1
7,2024-08-18,1.20,1.20,24.6,26.1
7,2024-08-19,2.60,2.60,23.3,25.9
7,2024-08-20,1.00,1.00,23.8,26.2
7,2024-08-21,0.10,0.10,28.5,26.2
7,2024-08-22,0.50,0.50,28.6,26.0
7,2024-08-23,2.30,2.30,30.2,26.0
7,2024-08-24,1.10,1.10,35.9,26.2
7,2024-08-25,9.20,9.20,39.2,25.4
7,2024-08-26,0.80,0.80,29.6,25.7
7,2024-08-27,0.00,0.00,22.4,25.7
7,2024-08-28,2.80,2.80,20.3,25.2
7,2024-08-29,1.40,1.40,21.8,26.0
7,2024-08-30,5.70,5.70,20.8,26.1
7,2024-08-31,6.10,6.10,13.6,27.3
7,2024-09-01,0.00,0.00,25.2,27.1
7,2024-09-02,0.40,0.40,27.0,26.5
7,2024-09-03,0.70,0.70,24.5,26.1
7,2024-09-04,0.00,0.00,20.5,25.8
7,2024-09-05,0.00,0.00,19.1,26.4
7,2024-09-06,0.10,0.10,19.1,26.3
7,2024-09-07,2.30,2.30,20.7,25.4
7,2024-09-08,0.00,0.00,18.4,25.6
7,2024-09-09,1.10,1.10,12.0,25.3
7,2024-09-10,8.20,8.20,12.8,25.0
7,2024-09-11,0.00,0.00,14.2,25.8
7,2024-09-12,0.00,0.00,19.4,26.6
7,2024-09-13,0.20,0.20,24.1,26.4
7,2024-09-14,1.00,1.00,25.0,26.1
7,2024-09-15,2.50,2.50,24.9,25.7
7,2024-09-16,0.40,0.40,29.6,26.4
7,2024-09-17,0.90,0.90,21.1,26.4
7,2024-09-18,0.20,0.20,28.1,26.3
7,2024-09-19,0.00,0.00,25.7,26.2
7,2024-09-20,1.40,1.40,22.4,25.6
7,2024-09-21,4.60,4.60,24.0,25.0
7,2024-09-22,0.80,0.80,19.7,25.8
7,2024-09-23,0.00,0.00,20.1,26.2
7,2024-09-24,0.00,0.00,23.8,26.2
7,2024-09-25,0.50,0.50,24.1,25.9
7,2024-09-26,0.70,0.70,21.9,25.7
7,2024-09-27,1.70,1.70,20.5,25.6
7,2024-09-28,0.20,0.20,24.5,26.2
7,2024-09-29,0.20,0.20,19.3,25.6
7,2024-09-30,0.50,0.50,20.2,26.0
7,2024-10-01,0.40,0.40,22.9,26.1
7,2024-10-02,0.80,0.80,20.9,26.1
7,2024-10-03,1.40,1.40,20.7,25.8
7,2024-10-04,1.50,1.50,17.7,25.0
7,2024-10-05,1.40,1.40,18.9,25.6
7,2024-10-06,3.10,3.10,23.7,25.3
7,2024-10-07,0.90,0.90,22.4,25.5
7,2024-10-08,0.40,0.40,22.0,25.4
7,2024-10-09,0.30,0.30,25.5,26.0
7,2024-10-10,5.00,5.00,18.1,25.8
7,2024-10-11,0.00,0.00,19.5,26.2
7,2024-10-12,0.00,0.00,19.3,25.5
7,2024-10-13,1.20,1.20,22.0,25.6
7,2024-10-14,5.50,5.50,24.5,25.4
7,2024-10-15,0.00,0.00,28.2,26.3
7,2024-10-16,0.00,0.00,32.9,26.1
7,2024-10-17,0.00,0.00,22.2,26.3
7,2024-10-18,0.10,0.10,20.5,26.9
7,2024-10-19,0.90,0.90,19.7,26.0
7,2024-10-20,0.00,0.00,27.6,26.0
7,2024-10-21,0.00,0.00,18.8,26.0
7,2024-10-22,0.10,0.10,18.5,25.6
7,2024-10-23,0.60,0.60,17.3,26.2
7,2024-10-24,0.20,0.20,19.4,26.2
7,2024-10-25,0.90,0.90,17.1,26.3
7,2024-10-26,2.30,2.30,24.4,25.5
7,2024-10-27,3.60,3.60,22.7,24.7
7,2024-10-28,2.70,2.70,27.5,25.3
7,2024-10-29,1.40,1.40,30.5,25.5
7,2024-10-30,3.30,3.30,29.2,24.8
7,2024-10-31,1.50,1.50,28.7,25.8
7,2024-11-01,1.30,1.30,27.1,25.2
7,2024-11-02,0.00,0.00,23.2,25.4
7,2024-11-03,2.10,2.10,21.2,25.0
7,2024-11-04,0.80,0.80,23.6,25.7
7,2024-11-05,1.10,1.10,16.5,26.4
7,2024-11-06,7.10,7.10,24.9,24.6
7,2024-11-07,4.10,4.10,27.8,24.6
7,2024-11-08,8.40,8.40,28.9,23.8
7,2024-11-09,1.20,1.20,24.9,24.6
7,2024-11-10,0.00,0.00,28.0,25.2
7,2024-11-11,0.90,0.90,27.0,25.0
7,2024-11-12,1.00,1.00,25.6,24.9
7,2024-11-13,5.40,5.40,26.6,24.6
7,2024-11-14,3.40,3.40,30.0,24.6
7,2024-11-15,0.20,0.20,31.4,25.2
7,2024-11-16,1.30,1.30,29.9,24.9
7,2024-11-17,1.40,1.40,29.1,24.4
7,2024-11-18,2.40,2.40,25.0,24.3
7,2024-11-19,0.40,0.40,22.9,24.5
7,2024-11-20,0.20,0.20,20.8,24.0
7,2024-11-21,0.00,0.00,20.3,23.6
7,2024-11-22,0.00,0.00,12.2,22.8
7,2024-11-23,0.00,0.00,17.4,22.2
7,2024-11-24,0.80,0.80,14.5,22.7
7,2024-11-25,1.10,1.10,14.1,23.1
7,2024-11-26,1.80,1.80,13.4,23.3
7,2024-11-27,0.20,0.20,20.0,24.0
7,2024-11-28,0.00,0.00,19.2,24.1
7,2024-11-29,0.30,0.30,17.9,23.6
7,2024-11-30,0.00,0.00,16.4,23.7
7,2024-12-01,0.10,0.10,16.5,22.8
7,2024-12-02,0.00,0.00,15.8,23.1
7,2024-12-03,0.00,0.00,15.2,23.4
7,2024-12-04,0.50,0.50,9.5,23.8
7,2024-12-05,3.00,3.00,18.4,23.9
7,2024-12-06,6.00,6.00,13.4,22.8
7,2024-12-07,1.70,1.70,10.3,23.1
7,2024-12-08,0.10,0.10,15.2,23.3
7,2024-12-09,0.30,0.30,20.3,23.9
7,2024-12-10,0.80,0.80,26.2,24.1
7,2024-12-11,0.00,0.00,34.3,24.4
7,2024-12-12,0.00,0.00,29.6,24.5
7,2024-12-13,0.20,0.20,24.5,24.6
7,2024-12-14,0.00,0.00,21.2,24.2
7,2024-12-15,0.50,0.50,21.6,24.0
7,2024-12-16,0.00,0.00,13.7,23.0
7,2024-12-17,0.50,0.50,15.2,22.7
7,2024-12-18,1.20,1.20,9.7,23.9
7,2024-12-19,0.30,0.30,12.7,23.5
7,2024-12-20,1.70,1.70,10.8,23.7
7,2024-12-21,0.10,0.10,12.1,22.8
7,2024-12-22,0.00,0.00,14.6,23.0
7,2024-12-23,0.30,0.30,25.6,23.9
7,2024-12-24,0.00,0.00,21.1,24.6
7,2024-12-25,0.00,0.00,23.3,24.1
7,2024-12-26,0.00,0.00,13.2,22.9
7,2024-12-27,0.50,0.50,16.9,23.2
7,2024-12-28,3.60,3.60,19.1,22.6
7,2024-12-29,4.80,4.80,20.6,22.1
7,2024-12-30,0.40,0.40,22.5,23.4
7,2024-12-31,0.80,0.80,21.1,24.0
7,2025-01-01,0.90,0.90,20.7,23.5
7,2025-01-02,0.20,0.20,19.6,23.7
7,2025-01-03,0.00,0.00,13.7,23.4
7,2025-01-04,0.50,0.50,11.1,22.9
7,2025-01-05,0.00,0.00,19.2,23.4
7,2025-01-06,0.00,0.00,17.9,24.0
7,2025-01-07,0.10,0.10,23.4,24.5
7,2025-01-08,8.80,8.80,13.9,23.8
7,2025-01-09,4.60,4.60,16.8,23.0
7,2025-01-10,1.20,1.20,17.1,23.2
7,2025-01-11,1.00,1.00,22.2,23.1
7,2025-01-12,2.60,2.60,20.9,23.0
7,2025-01-13,0.70,0.70,21.5,23.1
7,2025-01-14,0.20,0.20,19.9,23.1
7,2025-01-15,0.20,0.20,15.6,22.9
7,2025-01-16,2.90,2.90,13.7,22.4
7,2025-01-17,0.70,0.70,14.1,22.0
7,2025-01-18,0.00,0.00,20.2,22.7
7,2025-01-19,0.00,0.00,21.7,22.8
7,2025-01-20,0.50,0.50,19.4,22.6
7,2025-01-21,0.10,0.10,13.1,22.4
7,2025-01-22,5.40,5.40,19.4,20.3
7,2025-01-23,0.00,0.00,14.1,20.4
7,2025-01-24,0.00,0.00,16.5,20.9
7,2025-01-25,0.50,0.50,17.9,22.3
7,2025-01-26,6.90,6.90,13.5,22.1
7,2025-01-27,3.00,3.00,23.3,21.0
7,2025-01-28,0.30,0.30,14.5,20.2
7,2025-01-29,0.60,0.60,17.5,21.9
7,2025-01-30,42.30,42.30,30.2,23.4
7,2025-01-31,0.40,0.40,26.5,23.5
7,2025-02-01,0.10,0.10,13.2,21.6
7,2025-02-02,0.00,0.00,15.9,21.4
7,2025-02-03,0.50,0.50,16.4,21.6
7,2025-02-04,2.10,2.10,16.5,20.8
7,2025-02-05,0.80,0.80,10.5,20.8
7,2025-02-06,0.70,0.70,11.1,21.0
7,2025-02-07,0.80,0.80,12.8,22.3
7,2025-02-08,0.00,0.00,16.6,22.2
7,2025-02-09,0.40,0.40,14.9,22.8
7,2025-02-10,0.10,0.10,8.6,22.5
7,2025-02-11,0.00,0.00,11.9,22.2
7,2025-02-12,0.30,0.30,12.9,21.9
7,2025-02-13,0.00,0.00,19.5,22.5
7,2025-02-14,5.20,5.20,10.9,23.0
7,2025-02-15,0.10,0.10,16.6,23.5
7,2025-02-16,4.50,4.50,8.5,24.1
7,2025-02-17,6.60,6.60,16.0,22.8
7,2025-02-18,0.00,0.00,16.2,23.2
7,2025-02-19,0.00,0.00,17.3,23.2
7,2025-02-20,0.00,0.00,19.9,23.2
7,2025-02-21,0.40,0.40,12.8,23.2
7,2025-02-22,0.90,0.90,10.5,22.6
7,2025-02-23,0.10,0.10,18.1,22.9
7,2025-02-24,0.40,0.40,13.4,22.8
7,2025-02-25,0.70,0.70,17.5,23.3
7,2025-02-26,0.60,0.60,16.2,23.3
7,2025-02-27,0.00,0.00,18.3,23.7
7,2025-02-28,0.00,0.00,15.1,23.8
7,2025-03-01,0.30,0.30,13.3,23.6
7,2025-03-02,0.00,0.00,18.5,23.4
7,2025-03-03,0.00,0.00,25.9,24.0
7,2025-03-04,3.30,3.30,30.9,23.6
7,2025-03-05,0.90,0.90,29.7,23.8
7,2025-03-06,1.50,1.50,25.0,23.5
7,2025-03-07,5.90,5.90,27.3,22.6
7,2025-03-08,4.50,4.50,27.5,22.5
7,2025-03-09,6.30,6.30,24.0,21.9
7,2025-03-10,5.10,5.10,26.9,22.1
7,2025-03-11,1.20,1.20,29.1,22.5
7,2025-03-12,0.40,0.40,29.0,22.9
7,2025-03-13,0.30,0.30,29.2,23.6
7,2025-03-14,1.40,1.40,25.8,23.0
7,2025-03-15,2.60,2.60,14.7,22.5
7,2025-03-16,3.20,3.20,13.1,22.8
7,2025-03-17,6.20,6.20,12.9,23.6
7,2025-03-18,1.80,1.80,16.9,23.7
7,2025-03-19,2.90,2.90,21.6,23.4
7,2025-03-20,0.00,0.00,22.9,24.1
7,2025-03-21,0.40,0.40,20.7,24.0
7,2025-03-22,0.00,0.00,18.7,24.2
7,2025-03-23,0.00,0.00,14.6,23.7
7,2025-03-24,0.00,0.00,16.6,23.4
7,2025-03-25,0.80,0.80,16.6,23.4
7,2025-03-26,2.80,2.80,11.1,23.4
7,2025-03-27,0.00,0.00,13.0,24.0
7,2025-03-28,2.70,2.70,13.1,23.8
7,2025-03-29,0.00,0.00,16.9,24.1
7,2025-03-30,5.00,5.00,12.9,23.0
7,2025-03-31,0.40,0.40,10.7,24.4
7,2025-04-01,0.20,0.20,15.7,25.5
7,2025-04-02,0.10,0.10,22.0,24.4
7,2025-04-03,3.20,3.20,13.7,23.9
7,2025-04-04,1.20,1.20,17.0,23.9
7,2025-04-05,0.60,0.60,22.7,24.3
7,2025-04-06,1.60,1.60,24.3,24.6
7,2025-04-07,0.60,0.60,23.2,24.7
7,2025-04-08,1.00,1.00,21.4,23.7
7,2025-04-09,7.80,7.80,21.8,22.4
7,2025-04-10,6.90,6.90,22.0,22.6
7,2025-04-11,4.70,4.70,27.0,23.4
7,2025-04-12,3.30,3.30,21.9,23.5
7,2025-04-13,1.30,1.30,23.2,23.6
7,2025-04-14,2.20,2.20,22.9,23.7
7,2025-04-15,4.00,4.00,20.3,23.5
7,2025-04-16,1.90,1.90,15.3,23.3
7,2025-04-17,1.70,1.70,15.7,22.3
7,2025-04-18,7.60,7.60,18.4,22.0
7,2025-04-19,2.10,2.10,20.0,23.4
7,2025-04-20,3.90,3.90,18.8,23.3
7,2025-04-21,4.50,4.50,16.1,23.8
7,2025-04-22,11.60,11.60,9.7,23.3
7,2025-04-23,2.90,2.90,15.1,24.6
7,2025-04-24,4.60,4.60,10.2,24.7
7,2025-04-25,4.60,4.60,11.1,24.2
7,2025-04-26,3.10,3.10,11.8,23.9
7,2025-04-27,6.10,6.10,10.6,23.6
7,2025-04-28,2.30,2.30,11.6,23.5
7,2025-04-29,4.90,4.90,11.4,23.4
7,2025-04-30,1.30,1.30,15.8,24.1
7,2025-05-01,0.10,0.10,22.0,24.9
7,2025-05-02,0.00,0.00,24.1,25.1
7,2025-05-03,2.50,2.50,23.0,24.8
7,2025-05-04,1.80,1.80,23.1,25.1
7,2025-05-05,2.10,2.10,24.9,24.3
7,2025-05-06,5.30,5.30,24.4,23.8
7,2025-05-07,2.40,2.40,23.6,23.9
7,2025-05-08,2.30,2.30,21.7,24.4
7,2025-05-09,0.50,0.50,24.5,25.2
7,2025-05-10,0.60,0.60,26.1,24.8
7,2025-05-11,2.70,2.70,25.5,24.3
7,2025-05-12,3.70,3.70,24.0,24.2
7,2025-05-13,0.20,0.20,24.5,25.1
7,2025-05-14,4.50,4.50,23.5,24.2
7,2025-05-15,4.20,4.20,22.7,23.8
7,2025-05-16,4.40,4.40,23.6,23.8
7,2025-05-17,2.30,2.30,18.9,24.5
7,2025-05-18,0.00,0.00,20.8,24.9
7,2025-05-19,3.40,3.40,20.0,24.4
7,2025-05-20,3.50,3.50,21.1,23.7
7,2025-05-21,4.10,4.10,22.8,24.0
7,2025-05-22,3.60,3.60,21.4,24.1
7,2025-05-23,3.40,3.40,21.4,24.2
7,2025-05-24,3.90,3.90,22.5,24.1
7,2025-05-25,0.80,0.80,20.0,24.1
7,2025-05-26,0.10,0.10,18.3,25.2
7,2025-05-27,0.00,0.00,19.1,24.9
7,2025-05-28,0.00,0.00,17.4,24.9
7,2025-05-29,0.10,0.10,20.1,24.4
7,2025-05-30,2.30,2.30,20.8,24.4
7,2025-05-31,1.00,1.00,22.5,24.7
7,2025-06-01,0.20,0.20,16.6,25.7
7,2025-06-02,0.00,0.00,22.0,25.7
7,2025-06-03,0.70,0.70,24.8,25.6
7,2025-06-04,0.90,0.90,24.9,25.6
7,2025-06-05,2.60,2.60,22.4,24.5
7,2025-06-06,0.00,0.00,19.5,25.4
7,2025-06-07,0.30,0.30,19.7,25.1
7,2025-06-08,0.30,0.30,19.1,25.2
7,2025-06-09,5.10,5.10,15.3,24.8
7,2025-06-10,0.20,0.20,22.1,25.7
7,2025-06-11,0.40,0.40,23.2,25.7
7,2025-06-12,0.50,0.50,23.4,25.5
7,2025-06-13,0.20,0.20,21.9,25.5
7,2025-06-14,2.50,2.50,23.8,24.8
7,2025-06-15,0.20,0.20,26.2,25.6
7,2025-06-16,4.00,4.00,24.9,24.8
7,2025-06-17,1.60,1.60,25.3,24.9
7,2025-06-18,0.60,0.60,24.0,25.2
7,2025-06-19,1.10,1.10,22.3,25.0
7,2025-06-20,0.30,0.30,19.5,25.4
7,2025-06-21,0.00,0.00,25.2,26.1
7,2025-06-22,0.00,0.00,30.3,25.8
7,2025-06-23,1.50,1.50,26.5,25.2
7,2025-06-24,2.60,2.60,21.9,25.3
7,2025-06-25,2.70,2.70,20.6,24.9
7,2025-06-26,0.10,0.10,20.5,25.8
7,2025-06-27,1.00,1.00,21.7,25.6
7,2025-06-28,0.50,0.50,22.1,26.1
7,2025-06-29,1.10,1.10,19.4,25.4
7,2025-06-30,2.70,2.70,17.7,25.9
7,2025-07-01,0.00,0.00,20.4,25.8
7,2025-07-02,0.40,0.40,19.5,25.6
7,2025-07-03,0.00,0.00,23.8,26.1
7,2025-07-04,1.30,1.30,24.3,25.1
7,2025-07-05,1.20,1.20,27.3,25.6
7,2025-07-06,0.80,0.80,27.2,25.9
7,2025-07-07,2.90,2.90,26.8,25.2
7,2025-07-08,0.30,0.30,29.6,25.4
7,2025-07-09,0.30,0.30,26.3,25.9
7,2025-07-10,4.90,4.90,25.2,25.0
7,2025-07-11,3.40,3.40,22.3,24.7
7,2025-07-12,4.20,4.20,22.1,24.8
7,2025-07-13,0.30,0.30,20.0,25.6
7,2025-07-14,0.30,0.30,22.0,26.0
7,2025-07-15,0.20,0.20,24.1,25.8
7,2025-07-16,1.00,1.00,26.2,25.8
7,2025-07-17,0.50,0.50,20.4,26.0
7,2025-07-18,2.60,2.60,19.8,25.7
7,2025-07-19,3.30,3.30,18.2,25.5
7,2025-07-20,0.40,0.40,20.8,26.6
7,2025-07-21,0.70,0.70,25.6,26.3
7,2025-07-22,1.10,1.10,23.8,26.6
7,2025-07-23,0.00,0.00,24.2,26.5
7,2025-07-24,0.00,0.00,21.8,26.3
7,2025-07-25,0.20,0.20,20.2,26.0
7,2025-07-26,0.00,0.00,19.1,25.8
7,2025-07-27,0.60,0.60,19.1,25.6
7,2025-07-28,2.40,2.40,16.1,26.4
7,2025-07-29,0.50,0.50,23.2,26.7
7,2025-07-30,0.20,0.20,26.8,26.8
7,2025-07-31,0.10,0.10,31.5,26.4
7,2025-08-01,0.40,0.40,28.4,26.0
7,2025-08-02,1.00,1.00,30.2,25.7
7,2025-08-03,1.50,1.50,26.9,25.9
7,2025-08-04,0.30,0.30,23.8,26.4
7,2025-08-05,0.10,0.10,20.4,26.3
7,2025-08-06,2.40,2.40,16.4,26.4
7,2025-08-07,0.40,0.40,22.3,26.9
7,2025-08-08,0.10,0.10,24.0,26.4
7,2025-08-09,0.00,0.00,21.3,26.3
7,2025-08-10,2.10,2.10,14.1,26.3
7,2025-08-11,1.50,1.50,16.4,26.8
7,2025-08-12,0.10,0.10,22.0,26.6
7,2025-08-13,0.50,0.50,22.4,26.3
7,2025-08-14,0.50,0.50,19.1,25.9
7,2025-08-15,0.00,0.00,19.9,26.2
7,2025-08-16,0.10,0.10,23.4,26.7
7,2025-08-17,1.00,1.00,25.4,26.5
7,2025-08-18,1.90,1.90,17.3,26.5
7,2025-08-19,0.50,0.50,23.6,26.8
7,2025-08-20,0.80,0.80,22.5,26.5
7,2025-08-21,0.80,0.80,23.8,26.5
7,2025-08-22,0.20,0.20,21.8,26.8
7,2025-08-23,0.40,0.40,21.8,26.6
7,2025-08-24,0.00,0.00,21.6,26.7
7,2025-08-25,0.00,0.00,20.9,26.5
7,2025-08-26,0.00,0.00,21.7,26.7
7,2025-08-27,0.10,0.10,20.9,26.9
7,2025-08-28,0.40,0.40,19.4,26.6
7,2025-08-29,0.00,0.00,19.9,26.7
7,2025-08-30,0.10,0.10,15.8,26.1
7,2025-08-31,1.00,1.00,13.9,26.3
7,2025-09-01,0.00,0.00,17.5,27.2
7,2025-09-02,0.00,0.00,20.0,26.1
7,2025-09-03,0.10,0.10,17.8,26.5
7,2025-09-04,0.00,0.00,21.7,26.6
7,2025-09-05,0.00,0.00,19.5,26.4
7,2025-09-06,0.40,0.40,17.3,26.2
7,2025-09-07,6.50,6.50,13.5,25.2
7,2025-09-08,0.10,0.10,16.8,26.2
7,2025-09-09,1.00,1.00,19.4,26.4
7,2025-09-10,0.60,0.60,13.5,26.9
7,2025-09-11,0.60,0.60,19.9,26.9
7,2025-09-12,1.30,1.30,22.9,26.3
7,2025-09-13,0.30,0.30,21.2,26.8
7,2025-09-14,0.20,0.20,20.5,26.5
7,2025-09-15,0.00,0.00,20.0,26.7
7,2025-09-16,1.50,1.50,25.6,26.0
7,2025-09-17,0.80,0.80,23.7,26.1
7,2025-09-18,1.90,1.90,25.6,26.0
7,2025-09-19,2.70,2.70,21.4,26.2
7,2025-09-20,3.90,3.90,24.4,25.5
7,2025-09-21,2.90,2.90,23.2,25.6
7,2025-09-22,1.70,1.70,20.5,25.8
7,2025-09-23,0.60,0.60,21.0,25.8
7,2025-09-24,0.60,0.60,17.7,25.6
7,2025-09-25,6.90,6.90,13.2,24.7
7,2025-09-26,5.30,5.30,10.0,25.7
7,2025-09-27,0.60,0.60,16.6,26.1
7,2025-09-28,0.10,0.10,21.7,26.2
7,2025-09-29,0.70,0.70,20.3,26.1
7,2025-09-30,0.10,0.10,21.0,26.3
7,2025-10-01,1.90,1.90,19.1,25.9
7,2025-10-02,0.00,0.00,18.8,26.2
7,2025-10-03,0.30,0.30,20.9,26.3
7,2025-10-04,0.30,0.30,21.0,26.1
7,2025-10-05,0.80,0.80,20.1,25.8
7,2025-10-06,3.50,3.50,14.1,24.1
7,2025-10-07,6.00,6.00,11.1,24.7
7,2025-10-08,4.70,4.70,6.9,25.1
7,2025-10-09,3.10,3.10,8.1,25.3
7,2025-10-10,0.40,0.40,10.1,25.7
7,2025-10-11,0.20,0.20,16.3,25.8
7,2025-10-12,0.00,0.00,18.6,25.9
7,2025-10-13,1.40,1.40,15.3,25.0
7,2025-10-14,0.40,0.40,19.1,26.0
7,2025-10-15,0.00,0.00,21.3,26.6
7,2025-10-16,3.30,3.30,20.2,25.7
7,2025-10-17,4.80,4.80,24.1,25.3
7,2025-10-18,2.50,2.50,26.4,25.9
7,2025-10-19,0.60,0.60,21.6,25.9
7,2025-10-20,1.20,1.20,19.2,25.5
7,2025-10-21,4.50,4.50,22.5,25.0
7,2025-10-22,0.60,0.60,25.0,25.7
7,2025-10-23,2.00,2.00,24.0,25.8
7,2025-10-24,2.00,2.00,30.2,25.4
7,2025-10-25,1.10,1.10,26.5,25.8
7,2025-10-26,0.20,0.20,24.7,25.9
7,2025-10-27,0.20,0.20,17.0,25.7
7,2025-10-28,0.10,0.10,18.5,25.6
7,2025-10-29,0.00,0.00,18.6,25.6
7,2025-10-30,0.50,0.50,21.7,25.6
7,2025-10-31,0.70,0.70,18.1,25.3
7,2025-11-01,0.20,0.20,17.2,25.3
7,2025-11-02,2.30,2.30,15.0,24.7
7,2025-11-03,0.90,0.90,18.3,25.8
7,2025-11-04,0.10,0.10,18.4,25.8
7,2025-11-05,0.30,0.30,21.3,25.6
7,2025-11-06,0.00,0.00,17.5,26.3
7,2025-11-07,0.50,0.50,15.6,24.9
7,2025-11-08,12.10,12.10,18.3,23.7
7,2025-11-09,4.10,4.10,24.4,23.9
7,2025-11-10,2.20,2.20,26.8,24.2
7,2025-11-11,2.20,2.20,27.3,24.2
7,2025-11-12,8.50,8.50,31.3,23.6
7,2025-11-13,1.80,1.80,28.7,25.0
7,2025-11-14,1.00,1.00,23.0,25.0
7,2025-11-15,0.20,0.20,18.6,24.0
7,2025-11-16,0.90,0.90,17.1,24.0
7,2025-11-17,0.50,0.50,16.6,24.3
7,2025-11-18,0.00,0.00,16.5,24.3
7,2025-11-19,2.30,2.30,26.3,24.8
7,2025-11-20,2.70,2.70,25.7,24.9
7,2025-11-21,3.20,3.20,21.5,24.7
7,2025-11-22,1.90,1.90,20.3,24.9
7,2025-11-23,1.10,1.10,19.8,24.6
7,2025-11-24,0.00,0.00,18.4,24.7
7,2025-11-25,0.00,0.00,17.4,24.3
7,2025-11-26,0.00,0.00,14.0,24.1
7,2025-11-27,0.00,0.00,18.7,24.1
7,2025-11-28,1.00,1.00,15.0,24.2
7,2025-11-29,0.00,0.00,13.4,23.8
7,2025-11-30,0.00,0.00,12.7,23.8
7,2025-12-01,0.00,0.00,16.3,23.5
7,2025-12-02,0.10,0.10,12.2,23.3
7,2025-12-03,0.00,0.00,13.9,22.9
7,2025-12-04,0.60,0.60,17.4,24.0
7,2025-12-05,2.90,2.90,22.7,24.4
7,2025-12-06,0.00,0.00,17.3,24.7
7,2025-12-07,1.10,1.10,18.3,24.0
7,2025-12-08,0.00,0.00,17.4,24.0
7,2025-12-09,2.60,2.60,10.5,23.4
7,2025-12-10,0.00,0.00,18.2,23.0
7,2025-12-11,3.70,3.70,14.5,22.3
7,2025-12-12,0.00,0.00,12.3,22.7
7,2025-12-13,0.30,0.30,24.9,24.3
7,2025-12-14,47.50,47.50,17.0,22.9
7,2025-12-15,6.50,6.50,13.6,23.9
7,2025-12-16,1.50,1.50,15.3,24.0
7,2025-12-17,4.20,4.20,21.0,24.2
7,2025-12-18,17.10,17.10,12.0,23.0
7,2025-12-19,7.70,7.70,10.3,23.2
7,2025-12-20,20.70,20.70,10.6,23.2
7,2025-12-21,0.50,0.50,17.3,24.4
7,2025-12-22,1.00,1.00,22.9,24.6
7,2025-12-23,1.70,1.70,26.1,23.7
7,2025-12-24,0.00,0.00,20.9,23.6
7,2025-12-25,0.00,0.00,21.6,23.3
7,2025-12-26,0.70,0.70,19.1,22.8
7,2025-12-27,1.90,1.90,11.9,22.5
7,2025-12-28,0.30,0.30,12.1,23.1
7,2025-12-29,0.00,0.00,16.6,23.7
7,2025-12-30,0.80,0.80,18.3,23.2
7,2025-12-31,0.50,0.50,18.4,23.2
7,2026-01-01,3.00,3.00,19.3,22.5
7,2026-01-02,3.10,3.10,23.0,22.3
7,2026-01-03,0.50,0.50,15.1,22.5
7,2026-01-04,12.10,12.10,12.1,21.5
7,2026-01-05,6.80,6.80,30.9,22.6
7,2026-01-06,1.40,1.40,29.3,23.7
7,2026-01-07,0.00,0.00,22.3,23.8
7,2026-01-08,0.00,0.00,12.4,23.2
7,2026-01-09,1.60,1.60,10.5,23.1
7,2026-01-10,0.70,0.70,13.5,23.1
7,2026-01-11,2.50,2.50,12.1,23.3
7,2026-01-12,3.00,3.00,20.9,22.7
7,2026-01-13,0.00,0.00,11.9,21.4
7,2026-01-14,2.90,2.90,26.0,23.0
7,2026-01-15,17.30,17.30,28.3,21.2
7,2026-01-16,0.00,0.00,21.2,20.8
7,2026-01-17,0.00,0.00,22.0,21.6
7,2026-01-18,0.00,0.00,18.5,22.8
7,2026-01-19,0.00,0.00,15.9,23.2
7,2026-01-20,0.00,0.00,12.9,22.3
7,2026-01-21,7.60,7.60,19.3,20.7
7,2026-01-22,0.00,0.00,11.7,22.1
7,2026-01-23,0.80,0.80,15.4,22.7
7,2026-01-24,5.20,5.20,12.3,22.6
7,2026-01-25,1.80,1.80,12.3,22.7
7,2026-01-26,6.40,6.40,13.9,22.7
7,2026-01-27,0.00,0.00,11.2,23.3
7,2026-01-28,0.00,0.00,10.9,23.4
7,2026-01-29,0.50,0.50,15.7,23.7
7,2026-01-30,2.90,2.90,14.7,22.5
7,2026-01-31,0.00,0.00,12.4,22.6
7,2026-02-01,0.00,0.00,20.0,23.0
7,2026-02-02,5.60,5.60,35.8,24.4
7,2026-02-03,0.40,0.40,15.6,22.5
7,2026-02-04,0.00,0.00,15.0,21.5
7,2026-02-05,0.90,0.90,16.3,22.0
7,2026-02-06,2.20,2.20,17.5,22.3
7,2026-02-07,26.00,26.00,20.9,19.4
7,2026-02-08,13.90,13.90,28.9,19.7
7,2026-02-09,8.10,8.10,34.4,21.8
7,2026-02-10,8.20,8.20,29.8,22.2
7,2026-02-11,0.20,0.20,29.1,23.3
7,2026-02-12,1.80,1.80,25.7,22.8
7,2026-02-13,0.50,0.50,27.4,23.1
7,2026-02-14,2.00,2.00,27.2,22.8
7,2026-02-15,5.60,5.60,27.9,22.5
7,2026-02-16,0.70,0.70,28.9,21.9
7,2026-02-17,1.10,1.10,29.0,22.1
7,2026-02-18,0.60,0.60,32.6,22.6
7,2026-02-19,1.90,1.90,32.3,22.4
7,2026-02-20,4.90,4.90,24.7,21.7
7,2026-02-21,20.10,20.10,17.9,20.2
7,2026-02-22,2.10,2.10,16.0,20.4
7,2026-02-23,1.50,1.50,21.1,20.5
7,2026-02-24,5.20,5.20,22.0,20.2
7,2026-02-25,0.10,0.10,19.3,20.4
7,2026-02-26,0.00,0.00,15.9,21.6
7,2026-02-27,0.00,0.00,14.1,21.6
7,2026-02-28,0.40,0.40,12.0,22.3
7,2026-03-01,0.50,0.50,14.2,23.5
7,2026-03-02,2.20,2.20,18.2,23.2
7,2026-03-03,2.10,2.10,20.7,23.1
7,2026-03-04,1.30,1.30,23.4,23.5
7,2026-03-05,1.60,1.60,18.7,23.3
7,2026-03-06,0.70,0.70,17.8,23.2
7,2026-03-07,1.00,1.00,26.0,23.5
7,2026-03-08,3.00,3.00,24.3,23.1
7,2026-03-09,0.70,0.70,19.0,23.5
7,2026-03-10,12.40,12.40,10.8,23.2
7,2026-03-11,48.30,48.30,19.9,23.1
7,2026-03-12,29.70,29.70,17.8,22.4
7,2026-03-13,87.70,87.70,27.9,22.0
7,2026-03-14,42.40,42.40,23.4,22.8
7,2026-03-15,7.20,7.20,24.0,23.4
7,2026-03-16,3.00,3.00,12.5,23.1
7,2026-03-17,19.60,19.60,5.1,21.9
7,2026-03-18,1.20,1.20,9.3,22.7
7,2026-03-19,11.50,11.50,17.1,22.9
7,2026-03-20,8.20,8.20,18.7,23.4
7,2026-03-21,8.60,8.60,16.0,23.8
7,2026-03-22,2.00,2.00,12.8,23.0
7,2026-03-23,4.80,4.80,19.7,22.0
7,2026-03-24,0.30,0.30,24.0,22.3
7,2026-03-25,0.50,0.50,23.0,22.1
7,2026-03-26,1.20,1.20,17.0,21.9
7,2026-03-27,6.20,6.20,19.0,20.8
7,2026-03-28,1.10,1.10,21.2,20.7
7,2026-03-29,0.40,0.40,21.9,20.9
7,2026-03-30,0.20,0.20,23.3,21.3
7,2026-03-31,1.90,1.90,23.3,21.2
7,2026-04-01,0.80,0.80,23.0,21.5
7,2026-04-02,2.10,2.10,19.7,21.5
7,2026-04-03,0.10,0.10,19.5,22.1
7,2026-04-04,0.10,0.10,17.2,22.2
7,2026-04-05,0.60,0.60,20.2,21.7
7,2026-04-06,3.60,3.60,14.0,22.2
7,2026-04-07,16.50,16.50,8.9,21.3
7,2026-04-08,3.90,3.90,20.4,22.4
7,2026-04-09,17.70,17.70,25.0,22.7
7,2026-04-10,56.50,56.50,16.4,21.9
7,2026-04-11,1.50,1.50,12.6,23.4
7,2026-04-12,20.50,20.50,7.5,22.4
7,2026-04-13,6.60,6.60,12.7,22.6
7,2026-04-14,8.30,8.30,11.1,23.7
7,2026-04-15,1.40,1.40,9.4,24.4
7,2026-04-16,0.20,0.20,12.3,24.6
7,2026-04-17,0.20,0.20,18.9,24.3
7,2026-04-18,0.30,0.30,21.5,24.3
7,2026-04-19,0.30,0.30,15.9,24.8
7,2026-04-20,3.10,3.10,9.5,24.7
7,2026-04-21,1.50,1.50,11.1,24.1
7,2026-04-22,0.70,0.70,14.5,24.4
7,2026-04-23,1.20,1.20,17.4,24.1
7,2026-04-24,1.30,1.30,18.6,23.7
7,2026-04-25,0.60,0.60,18.6,23.8
7,2026-04-26,0.20,0.20,18.8,24.1
7,2026-04-27,4.60,4.60,16.7,23.6
7,2026-04-28,1.40,1.40,17.1,24.2
7,2026-04-29,0.80,0.80,21.6,24.1
7,2026-04-30,2.00,2.00,25.1,23.7
7,2026-05-01,2.50,2.50,26.8,23.2
7,2026-05-02,0.20,0.20,20.7,23.9
7,2026-05-03,1.30,1.30,19.4,23.3
7,2026-05-04,0.10,0.10,17.6,24.4
7,2026-05-05,3.00,3.00,13.5,24.2
7,2026-05-06,0.90,0.90,16.9,23.5
7,2026-05-07,1.00,1.00,15.0,24.0
7,2026-05-08,0.10,0.10,16.1,24.0
7,2026-05-09,7.50,7.50,21.6,23.0
7,2026-05-10,0.50,0.50,20.7,24.7
7,2026-05-11,1.90,1.90,22.6,24.3
7,2026-05-12,1.40,1.40,23.7,24.6
7,2026-05-13,4.40,4.40,22.8,24.4
7,2026-05-14,3.70,3.70,18.1,24.0
7,2026-05-15,11.60,11.60,19.0,22.9
7,2026-05-16,4.30,4.30,19.2,24.5
7,2026-05-17,5.50,5.50,17.3,24.5
7,2026-05-18,0.80,0.80,21.5,24.9
7,2026-05-19,0.30,0.30,19.8,25.4
7,2026-05-20,2.90,2.90,26.8,24.7
7,2026-05-21,3.20,3.20,28.0,24.2
7,2026-05-22,1.60,1.60,27.2,24.0
7,2026-05-23,2.90,2.90,27.1,23.5
7,2026-05-24,3.50,3.50,25.6,23.6
7,2026-05-25,1.60,1.60,23.2,23.9
7,2026-05-26,3.50,3.50,24.0,23.6
7,2026-05-27,3.30,3.30,22.4,23.6
7,2026-05-28,3.20,3.20,20.0,23.8
7,2026-05-29,1.60,1.60,20.1,23.8
7,2026-05-30,3.20,3.20,15.5,23.9
7,2026-05-31,4.60,4.60,14.4,23.9
7,2026-06-01,1.60,1.60,17.2,24.7
7,2026-06-02,6.50,6.50,22.3,24.6
7,2026-06-03,1.20,1.20,21.7,25.2
7,2026-06-04,5.90,5.90,21.5,24.4
7,2026-06-05,1.30,1.30,21.8,24.9
7,2026-06-06,2.30,2.30,23.4,24.5
7,2026-06-07,4.90,4.90,24.0,24.1
7,2026-06-08,5.30,5.30,21.3,24.1
7,2026-06-09,1.00,1.00,20.4,25.0
7,2026-06-10,1.70,1.70,19.3,24.9
7,2026-06-11,0.90,0.90,15.3,25.1
7,2026-06-12,0.00,0.00,17.7,24.3
7,2026-06-13,0.00,0.00,16.6,24.2
7,2026-06-14,5.40,5.40,16.5,23.9
7,2026-06-15,2.30,2.30,18.0,24.4
7,2026-06-16,0.20,0.20,17.4,25.0
7,2026-06-17,2.10,2.10,16.5,25.5
7,2026-06-18,4.70,4.70,10.9,25.9
7,2026-06-19,0.90,0.90,18.8,26.5
7,2026-06-20,0.40,0.40,17.8,26.4
7,2026-06-21,0.10,0.10,18.6,26.2
7,2026-06-22,0.70,0.70,17.5,25.8
7,2026-06-23,8.00,8.00,18.9,25.0
7,2026-06-24,1.80,1.80,23.1,25.7
7,2026-06-25,2.30,2.30,23.4,25.5
7,2026-06-26,1.30,1.30,21.6,25.9
7,2026-06-27,2.60,2.60,24.0,25.5
7,2026-06-28,1.10,1.10,19.5,25.6
7,2026-06-29,3.60,3.60,21.8,25.6
7,2026-06-30,1.00,1.00,18.0,26.2
7,2026-07-01,4.00,4.00,22.6,26.0
7,2026-07-02,3.50,3.50,17.7,25.5
7,2026-07-03,2.60,2.60,19.3,25.4
7,2026-07-04,1.70,1.70,20.3,25.5
7,2026-07-05,2.40,2.40,24.1,25.5
7,2026-07-06,2.90,2.90,25.0,25.2
7,2026-07-07,3.80,3.80,26.3,24.9
7,2026-07-08,2.40,2.40,23.4,25.8
7,2026-07-09,2.40,2.40,23.3,25.8
7,2026-07-10,0.90,0.90,23.8,26.1
7,2026-07-11,4.00,4.00,24.1,26.0
7,2026-07-12,3.60,3.60,22.7,25.5
7,2026-07-13,0.70,0.70,19.8,25.8
7,2026-07-14,1.80,1.80,16.1,24.3
7,2026-07-15,6.60,6.60,13.8,25.2
7,2026-07-16,0.80,0.80,22.6,26.2
7,2026-07-17,0.90,0.90,21.8,26.7
7,2026-07-18,0.40,0.40,24.3,26.6
7,2026-07-19,1.70,1.70,20.5,26.2
7,2026-07-20,4.00,4.00,19.4,25.4
7,2026-07-21,3.80,3.80,18.3,26.0
7,2026-07-22,0.80,0.80,24.8,26.3
7,2026-07-23,4.60,4.60,25.5,25.6
7,2026-07-24,4.20,4.20,25.2,25.4
7,2026-07-25,6.70,6.70,22.0,24.9
7,2026-07-26,4.20,4.20,22.5,25.0
7,2026-07-27,11.60,11.60,19.6,24.9
7,2026-07-28,9.10,9.10,17.3,25.5
7,2026-07-29,5.10,5.10,13.7,25.7
7,2026-07-30,0.50,0.50,19.9,26.5
7,2026-07-31,2.30,2.30,26.7,26.4
7,2026-08-01,5.20,5.20,27.6,25.8
7,2026-08-02,5.20,5.20,24.5,25.2
7,2026-08-03,5.40,5.40,17.0,24.9
7,2026-08-04,2.90,2.90,15.7,25.8
7,2026-08-05,0.00,0.00,16.7,26.3
7,2026-08-06,0.80,0.80,16.2,26.3
7,2026-08-07,0.10,0.10,17.8,26.6
7,2026-08-08,0.90,0.90,23.1,26.6
7,2026-08-09,2.00,2.00,17.9,26.5
7,2026-08-10,1.20,1.20,18.7,26.7
7,2026-08-11,0.40,0.40,19.6,26.7
7,2026-08-12,1.30,1.30,20.9,26.5
7,2026-08-13,1.60,1.60,27.4,26.5
7,2026-08-14,2.70,2.70,26.1,26.3
7,2026-08-15,14.90,14.90,33.9,25.4
7,2026-08-16,62.00,62.00,42.0,25.2
7,2026-08-17,3.50,3.50,21.4,26.5
7,2026-08-18,0.00,0.00,16.7,26.2
7,2026-08-19,0.00,0.00,16.3,26.1
7,2026-08-20,3.50,3.50,14.2,25.6
7,2026-08-21,6.20,6.20,18.6,26.4
7,2026-08-22,0.40,0.40,26.3,27.2
7,2026-08-23,5.10,5.10,24.1,26.6
7,2026-08-24,3.10,3.10,24.4,26.9
7,2026-08-25,0.00,0.00,23.0,27.0
7,2026-08-26,0.10,0.10,22.5,26.4
7,2026-08-27,0.80,0.80,22.7,26.4
7,2026-08-28,0.80,0.80,21.8,26.3
7,2026-08-29,1.90,1.90,23.7,26.1
7,2026-08-30,2.50,2.50,22.6,26.1
7,2026-08-31,1.60,1.60,24.1,26.2
7,2026-09-01,3.90,3.90,23.8,26.0
7,2026-09-02,3.40,3.40,23.1,26.3
7,2026-09-03,6.30,6.30,24.4,25.5
7,2026-09-04,1.40,1.40,23.5,25.9
7,2026-09-05,5.00,5.00,19.0,25.2
7,2026-09-06,5.00,5.00,22.4,25.3
7,2026-09-07,14.60,14.60,32.5,25.4
7,2026-09-08,4.30,4.30,31.5,27.6
7,2026-09-09,5.70,5.70,13.4,26.2
7,2026-09-10,0.90,0.90,20.5,26.9
7,2026-09-11,0.00,0.00,17.3,26.5
7,2026-09-12,0.00,0.00,17.8,26.0
7,2026-09-13,0.00,0.00,15.6,25.9
7,2026-09-14,0.00,0.00,17.9,26.0
8,2018-01-01,0.00,0.00,15.8,21.8
8,2018-01-02,0.00,0.00,16.2,21.5
8,2018-01-03,0.00,0.00,17.0,21.3
8,2018-01-04,0.00,0.00,21.1,21.6
8,2018-01-05,0.00,0.00,20.9,21.4
8,2018-01-06,0.00,0.00,22.1,22.2
8,2018-01-07,0.00,0.00,21.7,22.6
8,2018-01-08,0.00,0.00,21.3,22.7
8,2018-01-09,0.90,0.90,11.5,22.6
8,2018-01-10,1.00,1.00,11.2,22.2
8,2018-01-11,0.30,0.30,15.7,21.9
8,2018-01-12,0.00,0.00,12.3,21.5
8,2018-01-13,0.00,0.00,14.0,22.9
8,2018-01-14,0.00,0.00,10.1,22.3
8,2018-01-15,0.00,0.00,13.2,22.2
8,2018-01-16,0.00,0.00,15.2,22.3
8,2018-01-17,0.00,0.00,26.1,22.2
8,2018-01-18,0.00,0.00,33.0,23.5
8,2018-01-19,0.00,0.00,32.5,23.7
8,2018-01-20,1.40,1.40,22.0,23.2
8,2018-01-21,0.60,0.60,16.2,23.2
8,2018-01-22,0.00,0.00,18.4,22.6
8,2018-01-23,0.00,0.00,26.2,23.5
8,2018-01-24,0.00,0.00,25.2,23.6
8,2018-01-25,0.10,0.10,13.8,23.2
8,2018-01-26,0.00,0.00,10.4,22.7
8,2018-01-27,2.90,2.90,6.8,22.6
8,2018-01-28,0.00,0.00,11.4,22.3
8,2018-01-29,0.00,0.00,16.1,21.9
8,2018-01-30,2.00,2.00,20.8,22.6
8,2018-01-31,10.40,10.40,17.9,22.7
8,2018-02-01,17.20,17.20,22.0,23.6
8,2018-02-02,30.80,30.80,18.1,23.4
8,2018-02-03,1.60,1.60,21.4,23.6
8,2018-02-04,10.70,10.70,19.5,23.2
8,2018-02-05,8.40,8.40,12.7,21.4
8,2018-02-06,3.20,3.20,11.3,21.0
8,2018-02-07,1.10,1.10,13.2,21.4
8,2018-02-08,0.00,0.00,26.0,20.6
8,2018-02-09,0.00,0.00,23.3,20.3
8,2018-02-10,0.00,0.00,15.3,20.1
8,2018-02-11,2.80,2.80,16.5,20.9
8,2018-02-12,0.00,0.00,12.6,20.7
8,2018-02-13,3.90,3.90,20.0,22.3
8,2018-02-14,35.60,35.60,22.8,21.2
8,2018-02-15,8.10,8.10,14.9,21.5
8,2018-02-16,0.90,0.90,13.0,21.2
8,2018-02-17,0.00,0.00,12.0,21.6
8,2018-02-18,20.70,20.70,12.9,20.9
8,2018-02-19,0.70,0.70,12.4,21.1
8,2018-02-20,0.00,0.00,11.9,21.4
8,2018-02-21,1.30,1.30,8.8,22.1
8,2018-02-22,0.30,0.30,18.4,23.0
8,2018-02-23,0.90,0.90,15.7,23.6
8,2018-02-24,0.00,0.00,13.2,23.7
8,2018-02-25,4.50,4.50,17.8,23.6
8,2018-02-26,2.50,2.50,26.3,23.4
8,2018-02-27,1.00,1.00,29.2,23.2
8,2018-02-28,0.10,0.10,29.1,23.1
8,2018-03-01,3.50,3.50,23.5,22.9
8,2018-03-02,0.80,0.80,19.1,23.0
8,2018-03-03,0.10,0.10,20.5,23.0
8,2018-03-04,0.40,0.40,19.6,23.1
8,2018-03-05,0.00,0.00,20.7,22.1
8,2018-03-06,0.00,0.00,23.3,20.8
8,2018-03-07,0.40,0.40,16.7,20.2
8,2018-03-08,0.00,0.00,20.0,20.1
8,2018-03-09,0.00,0.00,22.4,19.5
8,2018-03-10,0.00,0.00,18.8,19.8
8,2018-03-11,0.00,0.00,18.4,20.4
8,2018-03-12,0.00,0.00,22.4,21.0
8,2018-03-13,0.20,0.20,28.1,22.0
8,2018-03-14,0.30,0.30,22.1,23.3
8,2018-03-15,0.00,0.00,16.0,23.9
8,2018-03-16,0.00,0.00,14.0,23.6
8,2018-03-17,1.30,1.30,9.5,24.0
8,2018-03-18,1.10,1.10,18.2,23.3
8,2018-03-19,0.20,0.20,21.2,22.1
8,2018-03-20,0.20,0.20,19.5,22.1
8,2018-03-21,0.50,0.50,23.5,22.6
8,2018-03-22,9.40,9.40,22.0,22.4
8,2018-03-23,3.90,3.90,10.1,22.3
8,2018-03-24,26.10,26.10,12.9,21.9
8,2018-03-25,1.20,1.20,11.4,22.2
8,2018-03-26,4.50,4.50,15.5,21.6
8,2018-03-27,0.20,0.20,11.0,22.1
8,2018-03-28,0.00,0.00,10.0,22.4
8,2018-03-29,0.00,0.00,10.5,22.2
8,2018-03-30,0.00,0.00,14.7,23.3
8,2018-03-31,8.30,8.30,13.7,23.0
8,2018-04-01,0.30,0.30,7.7,23.7
8,2018-04-02,56.70,56.70,22.8,23.1
8,2018-04-03,5.70,5.70,14.7,23.9
8,2018-04-04,11.60,11.60,21.9,24.7
8,2018-04-05,7.70,7.70,17.2,24.6
8,2018-04-06,0.00,0.00,18.0,24.1
8,2018-04-07,3.90,3.90,12.7,23.6
8,2018-04-08,0.60,0.60,14.7,23.6
8,2018-04-09,0.00,0.00,19.2,22.9
8,2018-04-10,0.00,0.00,20.9,23.6
8,2018-04-11,0.00,0.00,25.7,24.0
8,2018-04-12,1.30,1.30,19.1,23.8
8,2018-04-13,0.00,0.00,16.7,24.0
8,2018-04-14,0.10,0.10,25.8,23.5
8,2018-04-15,0.00,0.00,25.9,24.4
8,2018-04-16,0.00,0.00,23.6,24.6
8,2018-04-17,0.00,0.00,25.7,23.8
8,2018-04-18,0.30,0.30,23.3,23.9
8,2018-04-19,0.10,0.10,23.2,23.7
8,2018-04-20,0.00,0.00,21.0,24.1
8,2018-04-21,0.20,0.20,19.8,23.9
8,2018-04-22,0.00,0.00,18.7,24.3
8,2018-04-23,0.00,0.00,23.8,23.7
8,2018-04-24,0.10,0.10,24.6,23.6
8,2018-04-25,0.00,0.00,21.6,23.7
8,2018-04-26,1.90,1.90,19.6,23.4
8,2018-04-27,1.80,1.80,16.4,22.6
8,2018-04-28,0.00,0.00,23.1,21.4
8,2018-04-29,0.00,0.00,14.8,21.1
8,2018-04-30,0.00,0.00,16.5,21.8
8,2018-05-01,0.00,0.00,15.9,22.2
8,2018-05-02,11.60,11.60,13.0,22.7
8,2018-05-03,0.30,0.30,21.4,23.6
8,2018-05-04,0.80,0.80,13.9,23.8
8,2018-05-05,0.00,0.00,17.3,24.2
8,2018-05-06,0.90,0.90,15.4,23.1
8,2018-05-07,0.00,0.00,20.6,23.1
8,2018-05-08,0.10,0.10,20.3,23.2
8,2018-05-09,0.60,0.60,17.1,23.2
8,2018-05-10,0.00,0.00,14.7,23.9
8,2018-05-11,0.20,0.20,12.3,24.7
8,2018-05-12,0.00,0.00,17.9,24.9
8,2018-05-13,0.00,0.00,22.0,24.6
8,2018-05-14,0.40,0.40,20.3,23.7
8,2018-05-15,1.80,1.80,10.2,23.8
8,2018-05-16,3.60,3.60,13.8,24.1
8,2018-05-17,2.00,2.00,16.2,25.2
8,2018-05-18,0.00,0.00,22.3,25.7
8,2018-05-19,0.00,0.00,23.4,24.9
8,2018-05-20,0.00,0.00,23.1,25.2
8,2018-05-21,0.00,0.00,21.5,24.9
8,2018-05-22,0.00,0.00,21.4,24.6
8,2018-05-23,0.10,0.10,20.8,24.5
8,2018-05-24,0.00,0.00,24.5,25.0
8,2018-05-25,0.00,0.00,22.1,25.1
8,2018-05-26,0.00,0.00,19.2,25.1
8,2018-05-27,0.60,0.60,16.4,25.0
8,2018-05-28,1.30,1.30,18.5,25.0
8,2018-05-29,0.10,0.10,27.0,25.5
8,2018-05-30,0.00,0.00,25.3,25.6
8,2018-05-31,0.00,0.00,22.5,25.1
8,2018-06-01,0.10,0.10,18.8,25.1
8,2018-06-02,0.40,0.40,21.6,25.1
8,2018-06-03,0.10,0.10,24.5,25.9
8,2018-06-04,0.10,0.10,24.3,25.7
8,2018-06-05,0.70,0.70,20.8,25.0
8,2018-06-06,0.00,0.00,20.1,24.7
8,2018-06-07,4.00,4.00,18.8,24.9
8,2018-06-08,1.50,1.50,15.2,25.9
8,2018-06-09,0.40,0.40,19.8,26.3
8,2018-06-10,0.00,0.00,20.5,26.1
8,2018-06-11,0.00,0.00,20.7,25.9
8,2018-06-12,0.30,0.30,18.9,25.7
8,2018-06-13,0.40,0.40,13.9,25.8
8,2018-06-14,1.20,1.20,9.8,25.7
8,2018-06-15,4.50,4.50,14.1,25.2
8,2018-06-16,0.60,0.60,9.2,25.3
8,2018-06-17,7.70,7.70,15.8,25.0
8,2018-06-18,0.00,0.00,16.6,25.6
8,2018-06-19,0.00,0.00,16.0,25.7
8,2018-06-20,0.00,0.00,13.4,26.6
8,2018-06-21,0.00,0.00,16.6,26.7
8,2018-06-22,0.80,0.80,18.4,26.3
8,2018-06-23,0.00,0.00,22.8,26.1
8,2018-06-24,0.20,0.20,20.5,25.6
8,2018-06-25,0.00,0.00,19.0,25.9
8,2018-06-26,0.00,0.00,24.9,26.3
8,2018-06-27,0.40,0.40,23.6,26.3
8,2018-06-28,0.50,0.50,23.2,26.0
8,2018-06-29,0.00,0.00,18.8,25.9
8,2018-06-30,0.10,0.10,13.1,26.3
8,2018-07-01,0.00,0.00,16.6,26.2
8,2018-07-02,0.20,0.20,14.8,26.6
8,2018-07-03,1.10,1.10,20.3,26.1
8,2018-07-04,0.00,0.00,18.8,26.2
8,2018-07-05,0.00,0.00,15.9,26.8
8,2018-07-06,0.00,0.00,24.6,26.5
8,2018-07-07,1.10,1.10,26.2,26.0
8,2018-07-08,2.00,2.00,18.3,25.6
8,2018-07-09,1.90,1.90,11.4,25.9
8,2018-07-10,0.00,0.00,18.2,26.4
8,2018-07-11,0.00,0.00,22.4,26.1
8,2018-07-12,0.10,0.10,17.0,25.9
8,2018-07-13,0.10,0.10,21.2,26.2
8,2018-07-14,0.70,0.70,18.5,26.4
8,2018-07-15,1.60,1.60,19.1,26.9
8,2018-07-16,0.00,0.00,23.1,27.4
8,2018-07-17,0.10,0.10,26.4,27.0
8,2018-07-18,1.20,1.20,23.1,27.0
8,2018-07-19,0.00,0.00,22.3,27.1
8,2018-07-20,0.00,0.00,18.4,26.7
8,2018-07-21,0.00,0.00,20.4,26.4
8,2018-07-22,0.00,0.00,17.8,26.6
8,2018-07-23,1.70,1.70,17.8,27.5
8,2018-07-24,0.00,0.00,18.6,27.3
8,2018-07-25,0.00,0.00,20.3,26.8
8,2018-07-26,1.00,1.00,18.4,27.3
8,2018-07-27,0.00,0.00,23.8,27.7
8,2018-07-28,0.20,0.20,22.0,27.3
8,2018-07-29,0.20,0.20,19.5,26.9
8,2018-07-30,2.70,2.70,19.5,26.9
8,2018-07-31,0.00,0.00,23.4,27.6
8,2018-08-01,0.00,0.00,29.2,27.2
8,2018-08-02,0.00,0.00,26.1,27.0
8,2018-08-03,0.50,0.50,25.9,26.0
8,2018-08-04,0.00,0.00,26.6,26.8
8,2018-08-05,0.50,0.50,22.3,26.8
8,2018-08-06,0.00,0.00,18.5,26.7
8,2018-08-07,0.00,0.00,19.3,26.2
8,2018-08-08,0.00,0.00,23.2,26.6
8,2018-08-09,2.60,2.60,22.3,27.3
8,2018-08-10,43.30,43.30,19.8,26.9
8,2018-08-11,0.00,0.00,11.0,26.9
8,2018-08-12,0.70,0.70,17.8,26.9
8,2018-08-13,1.40,1.40,17.5,26.6
8,2018-08-14,1.20,1.20,12.8,25.9
8,2018-08-15,6.00,6.00,15.7,26.1
8,2018-08-16,1.00,1.00,10.8,27.0
8,2018-08-17,0.50,0.50,10.5,27.3
8,2018-08-18,3.60,3.60,17.3,27.7
8,2018-08-19,1.50,1.50,14.0,27.7
8,2018-08-20,0.00,0.00,19.1,27.5
8,2018-08-21,0.10,0.10,23.7,26.9
8,2018-08-22,0.00,0.00,22.6,26.9
8,2018-08-23,11.70,11.70,21.1,25.9
8,2018-08-24,5.00,5.00,32.1,26.3
8,2018-08-25,1.40,1.40,29.2,26.2
8,2018-08-26,1.30,1.30,21.5,26.4
8,2018-08-27,4.10,4.10,17.7,26.3
8,2018-08-28,0.90,0.90,20.5,26.6
8,2018-08-29,0.00,0.00,22.5,27.1
8,2018-08-30,0.00,0.00,20.2,26.1
8,2018-08-31,0.40,0.40,14.9,25.7
8,2018-09-01,0.00,0.00,15.6,25.9
8,2018-09-02,7.30,7.30,12.0,25.1
8,2018-09-03,1.50,1.50,11.8,26.2
8,2018-09-04,0.00,0.00,18.4,27.9
8,2018-09-05,0.00,0.00,17.1,27.0
8,2018-09-06,0.00,0.00,17.3,26.7
8,2018-09-07,0.90,0.90,10.7,26.9
8,2018-09-08,0.50,0.50,15.6,26.5
8,2018-09-09,0.20,0.20,9.7,26.5
8,2018-09-10,2.50,2.50,16.6,26.4
8,2018-09-11,0.90,0.90,15.9,27.1
8,2018-09-12,9.80,9.80,37.9,26.0
8,2018-09-13,17.00,17.00,22.7,26.0
8,2018-09-14,0.00,0.00,23.8,26.6
8,2018-09-15,0.70,0.70,23.4,25.9
8,2018-09-16,0.00,0.00,21.7,25.5
8,2018-09-17,0.00,0.00,20.8,25.4
8,2018-09-18,0.00,0.00,14.8,25.8
8,2018-09-19,0.00,0.00,12.7,25.5
8,2018-09-20,1.30,1.30,8.2,27.3
8,2018-09-21,0.50,0.50,18.0,27.6
8,2018-09-22,0.00,0.00,18.1,27.0
8,2018-09-23,2.30,2.30,19.6,26.0
8,2018-09-24,0.90,0.90,21.6,26.6
8,2018-09-25,0.60,0.60,17.9,27.4
8,2018-09-26,3.60,3.60,14.5,26.6
8,2018-09-27,8.40,8.40,10.5,26.4
8,2018-09-28,1.90,1.90,9.8,27.2
8,2018-09-29,1.10,1.10,16.8,27.2
8,2018-09-30,0.00,0.00,11.0,27.1
8,2018-10-01,1.10,1.10,13.4,26.6
8,2018-10-02,0.00,0.00,20.4,26.6
8,2018-10-03,0.00,0.00,17.4,26.4
8,2018-10-04,0.30,0.30,17.1,26.3
8,2018-10-05,1.10,1.10,14.8,26.2
8,2018-10-06,4.40,4.40,11.5,25.9
8,2018-10-07,1.90,1.90,15.4,26.4
8,2018-10-08,1.00,1.00,15.5,27.2
8,2018-10-09,0.10,0.10,17.9,26.4
8,2018-10-10,2.70,2.70,9.8,25.6
8,2018-10-11,1.70,1.70,7.2,25.2
8,2018-10-12,1.10,1.10,11.1,25.3
8,2018-10-13,2.10,2.10,15.6,25.5
8,2018-10-14,0.00,0.00,18.7,25.1
8,2018-10-15,1.40,1.40,14.2,25.1
8,2018-10-16,0.40,0.40,16.9,25.0
8,2018-10-17,1.30,1.30,15.0,25.0
8,2018-10-18,1.90,1.90,10.8,25.0
8,2018-10-19,2.10,2.10,10.0,25.2
8,2018-10-20,1.20,1.20,12.6,25.2
8,2018-10-21,1.80,1.80,11.6,25.7
8,2018-10-22,0.10,0.10,16.3,25.8
8,2018-10-23,0.70,0.70,15.6,26.0
8,2018-10-24,0.70,0.70,16.2,26.3
8,2018-10-25,0.10,0.10,13.6,25.9
8,2018-10-26,0.80,0.80,15.7,26.0
8,2018-10-27,0.00,0.00,20.2,26.6
8,2018-10-28,0.00,0.00,19.6,26.5
8,2018-10-29,3.80,3.80,13.4,25.6
8,2018-10-30,47.10,47.10,24.1,24.6
8,2018-10-31,3.70,3.70,9.2,25.4
8,2018-11-01,1.20,1.20,10.4,25.7
8,2018-11-02,1.70,1.70,13.7,25.7
8,2018-11-03,0.20,0.20,19.4,25.2
8,2018-11-04,0.40,0.40,17.9,25.2
8,2018-11-05,0.50,0.50,15.9,25.4
8,2018-11-06,0.20,0.20,12.8,25.0
8,2018-11-07,1.00,1.00,8.9,24.7
8,2018-11-08,0.60,0.60,10.2,24.6
8,2018-11-09,1.10,1.10,9.0,24.9
8,2018-11-10,0.70,0.70,28.5,23.7
8,2018-11-11,0.00,0.00,17.8,22.8
8,2018-11-12,0.10,0.10,18.0,23.3
8,2018-11-13,0.00,0.00,17.0,23.9
8,2018-11-14,0.00,0.00,13.2,23.6
8,2018-11-15,1.60,1.60,10.4,24.2
8,2018-11-16,0.60,0.60,17.3,24.6
8,2018-11-17,0.40,0.40,22.7,24.3
8,2018-11-18,0.00,0.00,19.9,24.4
8,2018-11-19,0.10,0.10,20.9,23.5
8,2018-11-20,0.20,0.20,21.7,23.3
8,2018-11-21,0.00,0.00,24.1,24.5
8,2018-11-22,1.80,1.80,16.2,24.0
8,2018-11-23,0.60,0.60,14.6,24.1
8,2018-11-24,0.50,0.50,15.9,24.5
8,2018-11-25,0.00,0.00,12.1,23.8
8,2018-11-26,3.00,3.00,14.0,24.0
8,2018-11-27,0.10,0.10,16.9,24.6
8,2018-11-28,0.00,0.00,22.3,24.4
8,2018-11-29,0.80,0.80,16.2,23.4
8,2018-11-30,11.90,11.90,16.9,24.0
8,2018-12-01,3.20,3.20,15.6,23.9
8,2018-12-02,0.00,0.00,14.2,23.2
8,2018-12-03,0.00,0.00,19.3,23.3
8,2018-12-04,0.00,0.00,21.3,24.2
8,2018-12-05,0.00,0.00,19.4,24.0
8,2018-12-06,0.00,0.00,18.4,23.3
8,2018-12-07,0.00,0.00,16.1,23.3
8,2018-12-08,1.20,1.20,27.9,22.9
8,2018-12-09,0.00,0.00,23.1,23.2
8,2018-12-10,0.60,0.60,25.7,23.4
8,2018-12-11,0.40,0.40,26.7,23.9
8,2018-12-12,0.00,0.00,20.8,23.9
8,2018-12-13,0.00,0.00,28.0,23.5
8,2018-12-14,0.00,0.00,20.2,23.1
8,2018-12-15,0.00,0.00,20.0,22.6
8,2018-12-16,0.00,0.00,19.5,22.1
8,2018-12-17,0.00,0.00,14.8,22.4
8,2018-12-18,0.80,0.80,21.6,21.2
8,2018-12-19,0.10,0.10,25.8,21.9
8,2018-12-20,0.00,0.00,16.4,21.9
8,2018-12-21,0.50,0.50,14.5,22.4
8,2018-12-22,0.20,0.20,16.7,22.9
8,2018-12-23,0.00,0.00,22.3,24.0
8,2018-12-24,0.00,0.00,20.3,23.7
8,2018-12-25,0.90,0.90,17.3,24.0
8,2018-12-26,0.00,0.00,13.1,22.9
8,2018-12-27,0.00,0.00,12.6,23.5
8,2018-12-28,19.60,19.60,14.1,22.3
8,2018-12-29,1.00,1.00,17.6,24.1
8,2018-12-30,0.00,0.00,19.4,24.4
8,2018-12-31,0.00,0.00,22.9,24.0
8,2019-01-01,0.00,0.00,24.1,23.8
8,2019-01-02,0.00,0.00,19.5,23.3
8,2019-01-03,0.00,0.00,22.4,22.7
8,2019-01-04,0.00,0.00,25.0,23.1
8,2019-01-05,0.00,0.00,18.8,22.7
8,2019-01-06,0.00,0.00,14.2,21.9
8,2019-01-07,0.00,0.00,12.8,21.8
8,2019-01-08,0.20,0.20,13.3,21.7
8,2019-01-09,0.10,0.10,12.8,21.7
8,2019-01-10,0.60,0.60,14.8,21.9
8,2019-01-11,0.00,0.00,16.9,22.3
8,2019-01-12,0.00,0.00,15.5,22.0
8,2019-01-13,0.40,0.40,9.4,22.4
8,2019-01-14,0.00,0.00,13.2,22.1
8,2019-01-15,0.00,0.00,14.3,21.8
8,2019-01-16,0.90,0.90,17.9,21.8
8,2019-01-17,6.20,6.20,23.4,23.2
8,2019-01-18,1.00,1.00,15.3,22.1
8,2019-01-19,0.00,0.00,20.9,23.0
8,2019-01-20,0.00,0.00,14.0,23.0
8,2019-01-21,0.40,0.40,10.1,22.9
8,2019-01-22,0.40,0.40,15.2,22.2
8,2019-01-23,0.00,0.00,12.9,22.8
8,2019-01-24,0.50,0.50,15.2,22.5
8,2019-01-25,1.50,1.50,21.7,21.9
8,2019-01-26,0.00,0.00,24.2,20.9
8,2019-01-27,0.00,0.00,20.6,20.1
8,2019-01-28,0.00,0.00,24.9,20.5
8,2019-01-29,0.30,0.30,23.3,21.3
8,2019-01-30,2.30,2.30,21.5,22.0
8,2019-01-31,1.60,1.60,27.8,22.1
8,2019-02-01,1.10,1.10,20.6,22.8
8,2019-02-02,1.00,1.00,20.5,22.9
8,2019-02-03,0.70,0.70,12.3,22.4
8,2019-02-04,0.30,0.30,17.3,21.9
8,2019-02-05,0.00,0.00,12.7,21.7
8,2019-02-06,7.20,7.20,17.2,21.6
8,2019-02-07,8.00,8.00,15.3,22.1
8,2019-02-08,0.10,0.10,22.2,21.9
8,2019-02-09,1.40,1.40,34.7,19.2
8,2019-02-10,6.70,6.70,46.9,18.3
8,2019-02-11,1.00,1.00,24.6,20.3
8,2019-02-12,0.20,0.20,17.3,20.4
8,2019-02-13,1.30,1.30,20.6,18.8
8,2019-02-14,2.90,2.90,21.0,18.5
8,2019-02-15,1.80,1.80,22.9,20.1
8,2019-02-16,0.50,0.50,17.9,20.6
8,2019-02-17,1.80,1.80,19.1,20.8
8,2019-02-18,0.20,0.20,13.1,20.8
8,2019-02-19,12.60,12.60,17.1,21.0
8,2019-02-20,1.00,1.00,14.5,22.0
8,2019-02-21,0.00,0.00,15.6,21.8
8,2019-02-22,0.00,0.00,15.3,21.9
8,2019-02-23,0.60,0.60,16.8,21.9
8,2019-02-24,0.00,0.00,14.0,21.6
8,2019-02-25,1.40,1.40,11.1,21.2
8,2019-02-26,0.40,0.40,17.3,21.2
8,2019-02-27,0.00,0.00,22.7,20.2
8,2019-02-28,0.00,0.00,20.4,19.4
8,2019-03-01,0.10,0.10,16.3,19.8
8,2019-03-02,1.00,1.00,10.0,20.3
8,2019-03-03,0.20,0.20,17.8,20.4
8,2019-03-04,0.00,0.00,17.6,20.2
8,2019-03-05,0.00,0.00,22.5,20.5
8,2019-03-06,0.20,0.20,23.4,21.3
8,2019-03-07,0.00,0.00,22.1,21.9
8,2019-03-08,0.10,0.10,25.4,21.9
8,2019-03-09,0.00,0.00,25.6,22.5
8,2019-03-10,0.00,0.00,27.4,23.0
8,2019-03-11,0.10,0.10,24.3,22.8
8,2019-03-12,0.70,0.70,15.0,22.1
8,2019-03-13,0.30,0.30,16.6,23.0
8,2019-03-14,0.80,0.80,17.1,23.0
8,2019-03-15,0.10,0.10,18.0,22.7
8,2019-03-16,0.00,0.00,18.8,22.0
8,2019-03-17,0.30,0.30,19.4,21.9
8,2019-03-18,0.00,0.00,17.2,21.4
8,2019-03-19,1.50,1.50,18.0,21.9
8,2019-03-20,0.00,0.00,15.3,22.5
8,2019-03-21,0.00,0.00,12.7,22.8
8,2019-03-22,0.00,0.00,14.8,23.3
8,2019-03-23,0.40,0.40,16.2,23.1
8,2019-03-24,0.00,0.00,17.7,23.7
8,2019-03-25,3.10,3.10,18.8,22.8
8,2019-03-26,2.10,2.10,14.5,22.6
8,2019-03-27,0.10,0.10,14.3,22.5
8,2019-03-28,0.00,0.00,17.1,22.6
8,2019-03-29,1.80,1.80,15.3,22.3
8,2019-03-30,0.00,0.00,15.9,22.2
8,2019-03-31,1.40,1.40,14.3,22.2
8,2019-04-01,0.00,0.00,17.2,23.0
8,2019-04-02,0.20,0.20,16.6,23.2
8,2019-04-03,0.00,0.00,13.2,23.3
8,2019-04-04,0.00,0.00,17.3,23.3
8,2019-04-05,0.00,0.00,18.0,23.3
8,2019-04-06,0.50,0.50,15.0,22.9
8,2019-04-07,1.40,1.40,13.7,23.4
8,2019-04-08,3.10,3.10,18.4,23.6
8,2019-04-09,0.60,0.60,17.6,24.6
8,2019-04-10,0.10,0.10,22.8,24.4
8,2019-04-11,0.30,0.30,26.8,24.3
8,2019-04-12,0.10,0.10,25.1,24.3
8,2019-04-13,1.20,1.20,25.5,23.7
8,2019-04-14,0.00,0.00,25.4,23.7
8,2019-04-15,0.00,0.00,18.2,23.6
8,2019-04-16,0.50,0.50,14.0,23.2
8,2019-04-17,1.00,1.00,15.8,24.4
8,2019-04-18,0.20,0.20,20.2,24.5
8,2019-04-19,0.00,0.00,20.6,24.9
8,2019-04-20,1.60,1.60,23.4,24.6
8,2019-04-21,0.00,0.00,22.0,25.2
8,2019-04-22,0.10,0.10,18.6,24.9
8,2019-04-23,0.00,0.00,18.4,25.0
8,2019-04-24,0.00,0.00,14.9,24.6
8,2019-04-25,3.60,3.60,15.0,23.7
8,2019-04-26,1.80,1.80,15.5,24.4
8,2019-04-27,1.30,1.30,9.7,23.8
8,2019-04-28,3.50,3.50,10.1,23.6
8,2019-04-29,4.20,4.20,8.6,23.6
8,2019-04-30,1.40,1.40,12.5,24.3
8,2019-05-01,0.80,0.80,14.4,24.1
8,2019-05-02,0.80,0.80,16.4,24.0
8,2019-05-03,2.30,2.30,13.2,24.1
8,2019-05-04,13.40,13.40,21.0,22.3
8,2019-05-05,1.10,1.10,22.9,21.7
8,2019-05-06,1.00,1.00,12.2,22.0
8,2019-05-07,0.10,0.10,13.3,22.8
8,2019-05-08,1.10,1.10,14.0,23.3
8,2019-05-09,0.90,0.90,19.5,23.8
8,2019-05-10,0.80,0.80,18.7,24.3
8,2019-05-11,3.70,3.70,15.3,24.7
8,2019-05-12,2.80,2.80,16.4,24.3
8,2019-05-13,2.20,2.20,14.6,25.3
8,2019-05-14,3.90,3.90,9.2,25.3
8,2019-05-15,1.90,1.90,15.4,25.1
8,2019-05-16,0.00,0.00,14.0,25.8
8,2019-05-17,3.90,3.90,12.4,25.7
8,2019-05-18,0.20,0.20,16.8,26.1
8,2019-05-19,0.70,0.70,14.3,25.8
8,2019-05-20,1.40,1.40,12.2,25.3
8,2019-05-21,0.00,0.00,16.8,26.2
8,2019-05-22,5.00,5.00,16.8,25.4
8,2019-05-23,3.50,3.50,9.4,25.4
8,2019-05-24,0.60,0.60,17.2,26.2
8,2019-05-25,0.30,0.30,20.5,26.1
8,2019-05-26,0.60,0.60,16.3,25.7
8,2019-05-27,2.40,2.40,14.4,25.2
8,2019-05-28,2.70,2.70,10.0,25.5
8,2019-05-29,1.10,1.10,16.3,25.8
8,2019-05-30,0.00,0.00,18.6,26.1
8,2019-05-31,0.40,0.40,17.6,26.0
8,2019-06-01,0.50,0.50,20.2,25.8
8,2019-06-02,0.60,0.60,18.4,26.1
8,2019-06-03,0.70,0.70,19.7,25.8
8,2019-06-04,1.80,1.80,21.0,25.6
8,2019-06-05,0.10,0.10,19.4,26.9
8,2019-06-06,3.00,3.00,18.3,26.3
8,2019-06-07,1.20,1.20,17.2,26.5
8,2019-06-08,1.50,1.50,20.8,26.1
8,2019-06-09,0.60,0.60,14.5,26.1
8,2019-06-10,3.90,3.90,14.8,25.7
8,2019-06-11,1.40,1.40,18.2,25.9
8,2019-06-12,0.50,0.50,16.6,26.0
8,2019-06-13,0.30,0.30,17.2,26.1
8,2019-06-14,0.00,0.00,17.3,26.6
8,2019-06-15,0.00,0.00,21.4,26.5
8,2019-06-16,0.20,0.20,15.8,26.6
8,2019-06-17,0.10,0.10,15.6,26.8
8,2019-06-18,0.00,0.00,19.1,27.8
8,2019-06-19,0.00,0.00,19.4,27.3
8,2019-06-20,0.10,0.10,14.5,26.6
8,2019-06-21,1.00,1.00,16.1,26.0
8,2019-06-22,0.10,0.10,18.5,26.8
8,2019-06-23,0.50,0.50,14.9,27.3
8,2019-06-24,1.80,1.80,10.9,26.7
8,2019-06-25,104.20,104.20,12.5,25.2
8,2019-06-26,98.50,98.50,18.4,24.9
8,2019-06-27,2.50,2.50,21.7,26.5
8,2019-06-28,2.20,2.20,13.3,26.2
8,2019-06-29,2.10,2.10,16.4,26.1
8,2019-06-30,0.00,0.00,15.1,26.0
8,2019-07-01,4.70,4.70,15.1,26.2
8,2019-07-02,5.70,5.70,17.4,25.7
8,2019-07-03,0.60,0.60,13.1,25.6
8,2019-07-04,1.90,1.90,10.2,26.0
8,2019-07-05,1.40,1.40,12.2,26.7
8,2019-07-06,2.00,2.00,11.6,26.5
8,2019-07-07,0.00,0.00,17.6,27.2
8,2019-07-08,0.40,0.40,20.6,27.3
8,2019-07-09,2.50,2.50,20.3,27.7
8,2019-07-10,0.00,0.00,12.2,27.5
8,2019-07-11,1.00,1.00,16.0,27.3
8,2019-07-12,0.00,0.00,19.8,27.2
8,2019-07-13,0.00,0.00,17.6,27.3
8,2019-07-14,0.00,0.00,19.6,27.4
8,2019-07-15,2.40,2.40,14.9,26.8
8,2019-07-16,1.60,1.60,15.9,27.5
8,2019-07-17,0.00,0.00,26.3,27.7
8,2019-07-18,0.10,0.10,22.7,27.5
8,2019-07-19,0.00,0.00,23.8,27.9
8,2019-07-20,0.00,0.00,22.7,27.6
8,2019-07-21,0.00,0.00,19.2,27.5
8,2019-07-22,0.00,0.00,23.9,27.0
8,2019-07-23,0.00,0.00,22.6,27.9
8,2019-07-24,0.00,0.00,21.8,28.0
8,2019-07-25,0.00,0.00,18.1,27.4
8,2019-07-26,0.00,0.00,20.7,27.5
8,2019-07-27,0.20,0.20,17.1,27.4
8,2019-07-28,0.60,0.60,19.5,27.2
8,2019-07-29,2.90,2.90,20.9,27.0
8,2019-07-30,0.00,0.00,18.4,27.7
8,2019-07-31,0.10,0.10,20.8,27.5
8,2019-08-01,0.00,0.00,22.5,27.6
8,2019-08-02,0.60,0.60,26.3,27.8
8,2019-08-03,0.10,0.10,17.2,28.2
8,2019-08-04,3.30,3.30,10.7,28.1
8,2019-08-05,3.90,3.90,10.1,27.9
8,2019-08-06,3.30,3.30,10.7,27.4
8,2019-08-07,6.00,6.00,9.0,27.2
8,2019-08-08,2.70,2.70,14.7,27.8
8,2019-08-09,2.40,2.40,12.8,27.2
8,2019-08-10,1.70,1.70,14.1,27.9
8,2019-08-11,3.10,3.10,18.1,27.7
8,2019-08-12,0.00,0.00,17.4,28.1
8,2019-08-13,0.10,0.10,23.0,27.3
8,2019-08-14,3.60,3.60,16.6,27.0
8,2019-08-15,1.80,1.80,18.5,27.7
8,2019-08-16,0.50,0.50,19.1,27.7
8,2019-08-17,0.00,0.00,15.1,28.1
8,2019-08-18,1.80,1.80,20.7,27.1
8,2019-08-19,0.10,0.10,11.3,27.1
8,2019-08-20,0.70,0.70,15.9,27.5
8,2019-08-21,0.00,0.00,13.6,28.3
8,2019-08-22,0.20,0.20,14.7,28.2
8,2019-08-23,1.20,1.20,14.6,27.7
8,2019-08-24,0.00,0.00,22.0,28.3
8,2019-08-25,0.00,0.00,20.7,28.0
8,2019-08-26,0.00,0.00,17.0,28.3
8,2019-08-27,0.90,0.90,16.1,27.6
8,2019-08-28,1.60,1.60,11.3,27.7
8,2019-08-29,1.70,1.70,11.8,27.6
8,2019-08-30,0.00,0.00,14.0,27.8
8,2019-08-31,2.20,2.20,10.3,27.7
8,2019-09-01,1.40,1.40,14.0,28.0
8,2019-09-02,3.70,3.70,13.4,27.6
8,2019-09-03,1.30,1.30,19.1,27.1
8,2019-09-04,1.60,1.60,17.6,27.6
8,2019-09-05,0.00,0.00,19.2,28.1
8,2019-09-06,0.50,0.50,20.9,27.9
8,2019-09-07,0.00,0.00,25.1,28.1
8,2019-09-08,0.00,0.00,24.6,27.9
8,2019-09-09,0.00,0.00,21.3,28.1
8,2019-09-10,0.00,0.00,18.4,27.9
8,2019-09-11,2.20,2.20,12.7,27.4
8,2019-09-12,0.00,0.00,10.7,27.5
8,2019-09-13,2.70,2.70,8.7,27.2
8,2019-09-14,0.70,0.70,13.4,27.4
8,2019-09-15,2.80,2.80,11.2,27.3
8,2019-09-16,1.00,1.00,15.2,27.9
8,2019-09-17,3.50,3.50,18.1,27.8
8,2019-09-18,0.10,0.10,19.4,28.0
8,2019-09-19,0.20,0.20,14.2,28.0
8,2019-09-20,2.90,2.90,15.9,26.9
8,2019-09-21,0.20,0.20,16.8,27.4
8,2019-09-22,0.20,0.20,12.4,27.8
8,2019-09-23,3.90,3.90,15.1,27.3
8,2019-09-24,4.70,4.70,18.3,27.5
8,2019-09-25,2.10,2.10,12.6,26.4
8,2019-09-26,4.10,4.10,10.0,27.1
8,2019-09-27,7.00,7.00,9.4,27.6
8,2019-09-28,3.90,3.90,15.7,27.5
8,2019-09-29,0.00,0.00,15.0,27.3
8,2019-09-30,1.10,1.10,16.2,26.8
8,2019-10-01,0.40,0.40,19.6,26.9
8,2019-10-02,0.00,0.00,23.6,27.1
8,2019-10-03,0.70,0.70,22.7,27.0
8,2019-10-04,0.30,0.30,21.4,27.2
8,2019-10-05,0.20,0.20,9.4,26.2
8,2019-10-06,1.70,1.70,17.8,25.9
8,2019-10-07,3.50,3.50,9.3,25.2
8,2019-10-08,2.60,2.60,9.4,25.3
8,2019-10-09,0.10,0.10,15.5,26.6
8,2019-10-10,3.10,3.10,13.5,27.6
8,2019-10-11,7.10,7.10,21.0,27.1
8,2019-10-12,0.00,0.00,22.0,27.3
8,2019-10-13,0.00,0.00,18.5,27.1
8,2019-10-14,0.00,0.00,17.6,27.0
8,2019-10-15,0.00,0.00,18.5,26.7
8,2019-10-16,2.70,2.70,14.1,26.1
8,2019-10-17,1.00,1.00,19.1,26.9
8,2019-10-18,0.00,0.00,20.2,26.5
8,2019-10-19,0.00,0.00,19.5,27.0
8,2019-10-20,0.70,0.70,12.8,27.0
8,2019-10-21,0.70,0.70,17.9,27.4
8,2019-10-22,0.00,0.00,19.9,27.1
8,2019-10-23,0.00,0.00,19.0,27.1
8,2019-10-24,0.90,0.90,16.4,26.6
8,2019-10-25,0.00,0.00,15.1,26.0
8,2019-10-26,1.20,1.20,14.6,26.8
8,2019-10-27,0.00,0.00,15.5,26.5
8,2019-10-28,0.70,0.70,13.2,26.0
8,2019-10-29,1.80,1.80,11.2,25.5
8,2019-10-30,1.80,1.80,12.5,25.3
8,2019-10-31,1.10,1.10,12.3,25.2
8,2019-11-01,0.40,0.40,14.4,25.4
8,2019-11-02,0.20,0.20,12.5,25.6
8,2019-11-03,2.30,2.30,9.3,25.2
8,2019-11-04,0.50,0.50,11.7,25.2
8,2019-11-05,0.50,0.50,15.9,25.6
8,2019-11-06,0.00,0.00,15.5,26.4
8,2019-11-07,0.80,0.80,15.8,25.2
8,2019-11-08,0.00,0.00,16.8,24.7
8,2019-11-09,1.00,1.00,20.6,24.4
8,2019-11-10,0.40,0.40,17.3,25.6
8,2019-11-11,0.60,0.60,10.1,25.2
8,2019-11-12,4.50,4.50,13.5,25.2
8,2019-11-13,0.00,0.00,17.6,25.1
8,2019-11-14,0.10,0.10,14.2,24.6
8,2019-11-15,0.10,0.10,13.8,25.7
8,2019-11-16,0.90,0.90,11.7,25.9
8,2019-11-17,0.60,0.60,16.5,25.0
8,2019-11-18,1.00,1.00,11.0,25.1
8,2019-11-19,11.20,11.20,17.4,24.6
8,2019-11-20,0.10,0.10,19.3,25.4
8,2019-11-21,1.90,1.90,22.3,24.9
8,2019-11-22,0.00,0.00,26.1,25.7
8,2019-11-23,0.00,0.00,31.4,25.6
8,2019-11-24,0.00,0.00,21.3,25.9
8,2019-11-25,0.10,0.10,12.4,25.8
8,2019-11-26,0.00,0.00,13.1,26.1
8,2019-11-27,0.90,0.90,18.4,25.9
8,2019-11-28,3.00,3.00,18.4,25.4
8,2019-11-29,0.10,0.10,22.8,25.3
8,2019-11-30,0.10,0.10,26.7,25.3
8,2019-12-01,0.80,0.80,27.6,24.3
8,2019-12-02,0.00,0.00,18.8,24.2
8,2019-12-03,0.10,0.10,21.0,24.4
8,2019-12-04,0.60,0.60,15.5,24.2
8,2019-12-05,1.40,1.40,20.2,24.6
8,2019-12-06,8.90,8.90,12.9,24.0
8,2019-12-07,0.10,0.10,13.4,23.3
8,2019-12-08,0.00,0.00,14.9,23.7
8,2019-12-09,0.00,0.00,13.1,23.8
8,2019-12-10,0.00,0.00,17.1,24.0
8,2019-12-11,0.00,0.00,15.5,24.4
8,2019-12-12,1.50,1.50,12.9,24.6
8,2019-12-13,0.20,0.20,24.7,25.1
8,2019-12-14,0.30,0.30,24.3,24.8
8,2019-12-15,0.80,0.80,14.1,24.7
8,2019-12-16,0.80,0.80,22.2,24.4
8,2019-12-17,0.00,0.00,29.5,25.1
8,2019-12-18,0.00,0.00,22.5,25.3
8,2019-12-19,0.40,0.40,18.4,24.3
8,2019-12-20,0.80,0.80,27.5,24.1
8,2019-12-21,1.00,1.00,32.4,23.5
8,2019-12-22,0.40,0.40,25.9,23.9
8,2019-12-23,0.00,0.00,20.1,24.7
8,2019-12-24,2.00,2.00,28.0,24.8
8,2019-12-25,87.40,87.40,35.7,24.1
8,2019-12-26,1.70,1.70,15.5,24.2
8,2019-12-27,0.00,0.00,19.0,24.0
8,2019-12-28,0.00,0.00,18.0,24.5
8,2019-12-29,0.10,0.10,18.0,24.4
8,2019-12-30,0.00,0.00,18.4,24.4
8,2019-12-31,0.00,0.00,22.5,24.1
8,2020-01-01,0.90,0.90,14.4,22.9
8,2020-01-02,0.30,0.30,11.2,22.8
8,2020-01-03,0.20,0.20,25.1,23.3
8,2020-01-04,0.70,0.70,27.7,23.9
8,2020-01-05,0.00,0.00,19.9,24.2
8,2020-01-06,0.10,0.10,24.6,23.7
8,2020-01-07,0.30,0.30,26.7,23.8
8,2020-01-08,0.00,0.00,26.8,23.6
8,2020-01-09,1.50,1.50,32.4,23.3
8,2020-01-10,0.40,0.40,31.1,23.1
8,2020-01-11,1.20,1.20,27.4,23.8
8,2020-01-12,10.30,10.30,31.4,23.5
8,2020-01-13,0.10,0.10,33.5,24.5
8,2020-01-14,0.00,0.00,28.3,24.4
8,2020-01-15,1.00,1.00,25.9,23.7
8,2020-01-16,1.50,1.50,13.0,22.9
8,2020-01-17,0.00,0.00,25.1,22.3
8,2020-01-18,0.00,0.00,19.2,21.7
8,2020-01-19,0.00,0.00,21.1,22.0
8,2020-01-20,0.10,0.10,20.7,23.2
8,2020-01-21,0.00,0.00,16.4,22.5
8,2020-01-22,0.00,0.00,13.6,21.7
8,2020-01-23,0.00,0.00,14.8,22.1
8,2020-01-24,0.00,0.00,17.1,22.6
8,2020-01-25,0.40,0.40,13.1,22.7
8,2020-01-26,0.00,0.00,13.4,23.6
8,2020-01-27,0.00,0.00,14.7,23.5
8,2020-01-28,0.00,0.00,14.1,22.8
8,2020-01-29,0.00,0.00,13.3,23.4
8,2020-01-30,0.00,0.00,13.0,23.2
8,2020-01-31,0.00,0.00,14.0,23.1
8,2020-02-01,0.80,0.80,17.3,22.9
8,2020-02-02,0.90,0.90,14.0,22.7
8,2020-02-03,0.50,0.50,16.1,23.9
8,2020-02-04,2.00,2.00,11.2,23.2
8,2020-02-05,5.80,5.80,14.1,22.5
8,2020-02-06,9.40,9.40,31.6,20.8
8,2020-02-07,0.70,0.70,22.7,20.4
8,2020-02-08,0.60,0.60,22.8,20.4
8,2020-02-09,3.80,3.80,34.4,21.3
8,2020-02-10,8.00,8.00,37.2,19.4
8,2020-02-11,4.20,4.20,22.9,21.0
8,2020-02-12,1.00,1.00,19.4,22.1
8,2020-02-13,0.00,0.00,20.9,23.9
8,2020-02-14,0.30,0.30,24.9,24.7
8,2020-02-15,0.00,0.00,23.3,24.0
8,2020-02-16,0.00,0.00,26.2,23.4
8,2020-02-17,0.00,0.00,23.8,22.7
8,2020-02-18,0.00,0.00,26.3,22.8
8,2020-02-19,1.00,1.00,31.0,23.0
8,2020-02-20,0.00,0.00,27.8,22.9
8,2020-02-21,0.00,0.00,22.1,23.2
8,2020-02-22,0.20,0.20,16.0,23.0
8,2020-02-23,0.00,0.00,15.2,22.4
8,2020-02-24,0.00,0.00,11.3,23.1
8,2020-02-25,0.00,0.00,20.7,23.6
8,2020-02-26,0.00,0.00,27.1,23.3
8,2020-02-27,0.00,0.00,23.5,22.8
8,2020-02-28,0.00,0.00,25.9,22.6
8,2020-02-29,0.80,0.80,29.5,22.2
8,2020-03-01,1.00,1.00,27.8,22.0
8,2020-03-02,2.00,2.00,23.6,22.3
8,2020-03-03,1.80,1.80,12.2,23.3
8,2020-03-04,0.50,0.50,14.8,23.5
8,2020-03-05,2.70,2.70,14.0,22.4
8,2020-03-06,2.00,2.00,28.4,22.9
8,2020-03-07,0.40,0.40,27.4,22.7
8,2020-03-08,0.00,0.00,25.5,22.5
8,2020-03-09,0.30,0.30,20.1,21.7
8,2020-03-10,0.00,0.00,11.8,22.4
8,2020-03-11,0.80,0.80,14.8,22.3
8,2020-03-12,5.60,5.60,10.9,21.4
8,2020-03-13,1.70,1.70,15.2,22.9
8,2020-03-14,0.20,0.20,9.2,23.1
8,2020-03-15,2.20,2.20,13.8,23.1
8,2020-03-16,18.30,18.30,25.0,22.4
8,2020-03-17,20.00,20.00,18.9,22.3
8,2020-03-18,2.40,2.40,16.6,22.9
8,2020-03-19,0.80,0.80,16.6,22.9
8,2020-03-20,0.00,0.00,13.6,23.4
8,2020-03-21,5.80,5.80,11.2,23.2
8,2020-03-22,0.00,0.00,22.8,23.4
8,2020-03-23,0.10,0.10,27.7,22.8
8,2020-03-24,0.00,0.00,30.4,22.8
8,2020-03-25,0.10,0.10,29.1,22.9
8,2020-03-26,0.00,0.00,28.6,22.3
8,2020-03-27,1.10,1.10,23.8,22.2
8,2020-03-28,0.50,0.50,17.0,23.2
8,2020-03-29,0.60,0.60,17.2,23.0
8,2020-03-30,1.10,1.10,17.0,23.3
8,2020-03-31,2.00,2.00,10.5,22.8
8,2020-04-01,1.30,1.30,11.2,22.9
8,2020-04-02,3.00,3.00,11.3,23.1
8,2020-04-03,0.00,0.00,13.0,23.2
8,2020-04-04,1.70,1.70,12.2,23.4
8,2020-04-05,0.00,0.00,10.9,23.8
8,2020-04-06,4.20,4.20,15.9,23.3
8,2020-04-07,1.70,1.70,15.6,23.4
8,2020-04-08,1.10,1.10,11.7,23.0
8,2020-04-09,0.20,0.20,13.8,22.7
8,2020-04-10,1.20,1.20,15.4,23.2
8,2020-04-11,1.80,1.80,16.9,23.8
8,2020-04-12,0.00,0.00,16.1,23.7
8,2020-04-13,1.70,1.70,15.7,23.8
8,2020-04-14,12.10,12.10,10.4,23.9
8,2020-04-15,0.00,0.00,20.9,24.8
8,2020-04-16,0.00,0.00,23.4,24.6
8,2020-04-17,0.00,0.00,18.3,24.1
8,2020-04-18,0.00,0.00,16.6,23.7
8,2020-04-19,0.00,0.00,13.5,23.5
8,2020-04-20,0.30,0.30,14.1,23.8
8,2020-04-21,0.30,0.30,12.1,23.7
8,2020-04-22,0.30,0.30,14.5,24.3
8,2020-04-23,0.00,0.00,20.6,25.3
8,2020-04-24,0.00,0.00,21.1,25.0
8,2020-04-25,0.00,0.00,18.4,24.6
8,2020-04-26,0.00,0.00,21.3,24.8
8,2020-04-27,0.00,0.00,17.9,25.1
8,2020-04-28,0.00,0.00,22.2,24.7
8,2020-04-29,0.00,0.00,22.4,24.6
8,2020-04-30,0.00,0.00,24.2,24.9
8,2020-05-01,0.00,0.00,21.0,24.9
8,2020-05-02,0.00,0.00,19.6,24.8
8,2020-05-03,0.00,0.00,21.3,25.0
8,2020-05-04,0.00,0.00,22.1,25.1
8,2020-05-05,0.00,0.00,20.4,25.2
8,2020-05-06,1.80,1.80,13.2,24.7
8,2020-05-07,1.80,1.80,15.9,24.3
8,2020-05-08,0.20,0.20,15.4,24.4
8,2020-05-09,0.00,0.00,11.6,24.1
8,2020-05-10,0.00,0.00,11.2,25.1
8,2020-05-11,1.80,1.80,22.4,24.3
8,2020-05-12,1.00,1.00,18.4,24.5
8,2020-05-13,3.50,3.50,11.3,24.2
8,2020-05-14,1.30,1.30,14.0,24.5
8,2020-05-15,3.60,3.60,13.3,24.4
8,2020-05-16,0.20,0.20,14.5,25.1
8,2020-05-17,0.00,0.00,15.5,25.4
8,2020-05-18,3.10,3.10,18.4,24.7
8,2020-05-19,0.00,0.00,20.8,25.5
8,2020-05-20,0.00,0.00,20.4,25.0
8,2020-05-21,2.30,2.30,17.7,24.9
8,2020-05-22,0.00,0.00,18.3,25.3
8,2020-05-23,2.10,2.10,19.9,24.8
8,2020-05-24,2.80,2.80,17.4,25.3
8,2020-05-25,0.60,0.60,16.1,24.6
8,2020-05-26,10.10,10.10,8.4,24.2
8,2020-05-27,3.10,3.10,15.6,24.4
8,2020-05-28,0.00,0.00,19.8,25.1
8,2020-05-29,0.50,0.50,12.5,25.3
8,2020-05-30,0.00,0.00,14.5,25.4
8,2020-05-31,0.00,0.00,20.8,25.9
8,2020-06-01,1.30,1.30,16.6,26.0
8,2020-06-02,1.30,1.30,17.6,26.1
8,2020-06-03,0.50,0.50,11.0,26.6
8,2020-06-04,0.00,0.00,22.0,26.5
8,2020-06-05,0.00,0.00,24.2,26.3
8,2020-06-06,0.00,0.00,22.0,26.1
8,2020-06-07,3.50,3.50,17.6,25.7
8,2020-06-08,1.40,1.40,16.2,25.7
8,2020-06-09,0.30,0.30,23.2,26.1
8,2020-06-10,0.00,0.00,23.9,26.2
8,2020-06-11,0.00,0.00,28.7,26.2
8,2020-06-12,0.00,0.00,26.7,26.0
8,2020-06-13,0.00,0.00,22.9,26.2
8,2020-06-14,0.20,0.20,24.5,25.9
8,2020-06-15,0.20,0.20,24.5,26.2
8,2020-06-16,0.60,0.60,20.9,25.6
8,2020-06-17,0.10,0.10,16.9,26.2
8,2020-06-18,0.00,0.00,21.2,26.5
8,2020-06-19,0.00,0.00,23.3,25.9
8,2020-06-20,0.20,0.20,22.3,25.9
8,2020-06-21,0.10,0.10,16.3,25.6
8,2020-06-22,5.60,5.60,18.4,25.2
8,2020-06-23,0.00,0.00,20.0,25.8
8,2020-06-24,0.30,0.30,15.6,26.2
8,2020-06-25,0.10,0.10,18.8,26.7
8,2020-06-26,0.00,0.00,17.9,26.7
8,2020-06-27,0.40,0.40,12.9,26.4
8,2020-06-28,1.70,1.70,17.4,25.6
8,2020-06-29,5.00,5.00,15.8,25.6
8,2020-06-30,0.00,0.00,15.5,26.7
8,2020-07-01,0.30,0.30,17.4,26.6
8,2020-07-02,0.00,0.00,14.1,26.5
8,2020-07-03,5.40,5.40,11.2,25.7
8,2020-07-04,2.80,2.80,15.8,26.1
8,2020-07-05,3.90,3.90,11.2,26.0
8,2020-07-06,0.60,0.60,18.8,26.4
8,2020-07-07,1.40,1.40,20.5,25.9
8,2020-07-08,0.00,0.00,19.9,26.1
8,2020-07-09,0.90,0.90,18.7,26.5
8,2020-07-10,0.00,0.00,21.7,27.0
8,2020-07-11,0.00,0.00,22.3,26.6
8,2020-07-12,0.00,0.00,18.0,26.1
8,2020-07-13,2.20,2.20,18.8,26.0
8,2020-07-14,0.60,0.60,15.0,26.6
8,2020-07-15,0.30,0.30,14.5,26.7
8,2020-07-16,3.70,3.70,14.2,26.2
8,2020-07-17,0.70,0.70,16.6,26.7
8,2020-07-18,0.00,0.00,15.8,27.6
8,2020-07-19,0.00,0.00,25.8,27.7
8,2020-07-20,0.00,0.00,20.2,26.9
8,2020-07-21,0.60,0.60,8.9,25.9
8,2020-07-22,3.40,3.40,9.7,25.8
8,2020-07-23,0.00,0.00,16.2,26.5
8,2020-07-24,0.00,0.00,18.1,27.0
8,2020-07-25,0.00,0.00,23.5,27.2
8,2020-07-26,4.30,4.30,25.6,26.4
8,2020-07-27,2.40,2.40,23.5,27.2
8,2020-07-28,0.10,0.10,22.9,26.2
8,2020-07-29,0.00,0.00,21.1,26.3
8,2020-07-30,0.00,0.00,23.7,26.3
8,2020-07-31,0.00,0.00,23.2,26.4
8,2020-08-01,0.00,0.00,20.2,26.4
8,2020-08-02,0.10,0.10,19.9,26.2
8,2020-08-03,0.00,0.00,19.8,26.7
8,2020-08-04,0.00,0.00,19.1,26.8
8,2020-08-05,0.10,0.10,22.8,27.3
8,2020-08-06,1.10,1.10,16.3,27.4
8,2020-08-07,0.00,0.00,18.8,27.6
8,2020-08-08,0.00,0.00,27.2,27.4
8,2020-08-09,0.00,0.00,25.6,27.1
8,2020-08-10,2.70,2.70,20.5,26.6
8,2020-08-11,0.00,0.00,17.7,26.9
8,2020-08-12,0.00,0.00,14.1,26.9
8,2020-08-13,2.20,2.20,13.1,26.8
8,2020-08-14,0.30,0.30,15.0,26.9
8,2020-08-15,0.00,0.00,17.6,27.6
8,2020-08-16,0.80,0.80,19.6,27.0
8,2020-08-17,0.00,0.00,11.8,26.5
8,2020-08-18,0.00,0.00,17.7,26.7
8,2020-08-19,0.00,0.00,20.8,26.8
8,2020-08-20,0.00,0.00,18.4,27.4
8,2020-08-21,0.30,0.30,18.0,27.2
8,2020-08-22,0.10,0.10,15.6,27.3
8,2020-08-23,0.00,0.00,15.6,27.7
8,2020-08-24,0.10,0.10,19.4,27.3
8,2020-08-25,0.20,0.20,15.5,27.2
8,2020-08-26,0.60,0.60,13.7,27.0
8,2020-08-27,0.00,0.00,16.7,27.2
8,2020-08-28,0.10,0.10,14.0,27.1
8,2020-08-29,0.00,0.00,19.1,27.1
8,2020-08-30,0.00,0.00,23.7,27.1
8,2020-08-31,0.20,0.20,23.0,27.0
8,2020-09-01,0.00,0.00,20.0,27.1
8,2020-09-02,0.40,0.40,13.4,26.8
8,2020-09-03,3.10,3.10,16.2,26.3
8,2020-09-04,1.00,1.00,16.2,26.9
8,2020-09-05,0.10,0.10,21.3,27.1
8,2020-09-06,0.00,0.00,21.2,26.6
8,2020-09-07,0.10,0.10,18.0,27.5
8,2020-09-08,0.00,0.00,19.2,27.5
8,2020-09-09,0.00,0.00,17.0,27.1
8,2020-09-10,0.00,0.00,17.8,27.1
8,2020-09-11,0.00,0.00,16.9,26.8
8,2020-09-12,3.70,3.70,12.6,25.9
8,2020-09-13,0.20,0.20,14.7,26.0
8,2020-09-14,0.40,0.40,18.4,25.7
8,2020-09-15,0.80,0.80,16.1,26.0
8,2020-09-16,0.30,0.30,17.5,26.3
8,2020-09-17,0.00,0.00,19.5,26.7
8,2020-09-18,0.00,0.00,19.8,27.1
8,2020-09-19,0.00,0.00,16.7,27.2
8,2020-09-20,0.20,0.20,18.4,26.9
8,2020-09-21,0.10,0.10,15.6,26.8
8,2020-09-22,0.00,0.00,15.6,26.8
8,2020-09-23,0.50,0.50,18.4,26.9
8,2020-09-24,0.00,0.00,17.4,27.4
8,2020-09-25,0.00,0.00,17.5,27.2
8,2020-09-26,0.70,0.70,12.7,26.5
8,2020-09-27,0.30,0.30,13.3,26.1
8,2020-09-28,2.70,2.70,15.3,26.2
8,2020-09-29,6.00,6.00,14.8,25.8
8,2020-09-30,0.20,0.20,13.8,26.3
8,2020-10-01,0.40,0.40,18.7,26.9
8,2020-10-02,2.70,2.70,10.9,26.5
8,2020-10-03,3.50,3.50,14.3,26.5
8,2020-10-04,0.00,0.00,14.8,26.3
8,2020-10-05,2.50,2.50,12.3,26.3
8,2020-10-06,0.20,0.20,14.3,26.4
8,2020-10-07,5.90,5.90,13.9,26.2
8,2020-10-08,0.00,0.00,10.5,26.2
8,2020-10-09,0.80,0.80,17.8,26.2
8,2020-10-10,0.10,0.10,19.2,27.0
8,2020-10-11,0.20,0.20,15.2,26.8
8,2020-10-12,4.00,4.00,11.7,26.6
8,2020-10-13,3.80,3.80,20.9,26.6
8,2020-10-14,0.40,0.40,13.7,25.4
8,2020-10-15,3.00,3.00,13.8,26.0
8,2020-10-16,0.40,0.40,12.5,26.1
8,2020-10-17,2.50,2.50,11.6,26.1
8,2020-10-18,3.00,3.00,14.4,25.9
8,2020-10-19,3.90,3.90,16.0,25.6
8,2020-10-20,5.60,5.60,13.0,25.6
8,2020-10-21,3.90,3.90,9.2,25.5
8,2020-10-22,2.70,2.70,10.3,25.3
8,2020-10-23,5.30,5.30,12.6,25.4
8,2020-10-24,1.60,1.60,12.5,25.7
8,2020-10-25,0.20,0.20,10.0,25.9
8,2020-10-26,2.20,2.20,12.3,26.0
8,2020-10-27,4.10,4.10,8.3,25.6
8,2020-10-28,7.00,7.00,16.9,24.5
8,2020-10-29,0.90,0.90,16.0,25.1
8,2020-10-30,0.80,0.80,19.5,25.5
8,2020-10-31,0.00,0.00,18.6,25.5
8,2020-11-01,3.10,3.10,12.5,24.6
8,2020-11-02,0.00,0.00,12.6,25.3
8,2020-11-03,0.50,0.50,11.7,26.3
8,2020-11-04,1.90,1.90,18.6,26.2
8,2020-11-05,1.80,1.80,17.1,25.9
8,2020-11-06,2.60,2.60,16.7,26.0
8,2020-11-07,1.00,1.00,19.4,26.3
8,2020-11-08,0.00,0.00,20.9,26.3
8,2020-11-09,1.50,1.50,24.0,25.8
8,2020-11-10,0.10,0.10,25.2,25.7
8,2020-11-11,0.30,0.30,25.7,25.5
8,2020-11-12,0.00,0.00,21.6,25.5
8,2020-11-13,0.20,0.20,21.0,25.5
8,2020-11-14,0.00,0.00,19.1,25.4
8,2020-11-15,1.30,1.30,11.3,24.7
8,2020-11-16,0.60,0.60,12.7,25.0
8,2020-11-17,0.10,0.10,18.0,25.3
8,2020-11-18,6.90,6.90,17.7,24.9
8,2020-11-19,0.00,0.00,20.8,25.2
8,2020-11-20,0.10,0.10,22.1,25.1
8,2020-11-21,0.00,0.00,26.5,26.0
8,2020-11-22,0.00,0.00,30.7,25.6
8,2020-11-23,0.10,0.10,25.1,25.3
8,2020-11-24,0.20,0.20,22.7,25.3
8,2020-11-25,1.50,1.50,17.5,25.2
8,2020-11-26,0.60,0.60,14.7,24.9
8,2020-11-27,0.00,0.00,21.7,24.3
8,2020-11-28,0.00,0.00,16.3,23.9
8,2020-11-29,1.40,1.40,15.2,23.3
8,2020-11-30,0.80,0.80,13.0,23.2
8,2020-12-01,0.00,0.00,15.5,22.7
8,2020-12-02,0.00,0.00,14.8,22.9
8,2020-12-03,0.00,0.00,15.9,23.6
8,2020-12-04,0.00,0.00,21.9,25.0
8,2020-12-05,0.00,0.00,13.7,25.1
8,2020-12-06,0.00,0.00,16.1,24.7
8,2020-12-07,0.00,0.00,13.9,25.0
8,2020-12-08,0.60,0.60,22.4,24.8
8,2020-12-09,3.30,3.30,14.6,24.4
8,2020-12-10,0.00,0.00,18.0,23.8
8,2020-12-11,0.00,0.00,9.8,24.1
8,2020-12-12,0.00,0.00,22.1,24.7
8,2020-12-13,0.50,0.50,16.3,24.8
8,2020-12-14,0.30,0.30,14.8,24.7
8,2020-12-15,0.30,0.30,20.2,24.8
8,2020-12-16,0.60,0.60,20.2,24.5
8,2020-12-17,0.70,0.70,10.9,24.3
8,2020-12-18,0.00,0.00,28.2,24.5
8,2020-12-19,0.40,0.40,22.6,24.7
8,2020-12-20,0.30,0.30,21.3,24.7
8,2020-12-21,0.00,0.00,13.9,24.5
8,2020-12-22,0.00,0.00,17.0,23.3
8,2020-12-23,0.00,0.00,14.8,23.1
8,2020-12-24,0.00,0.00,8.4,23.5
8,2020-12-25,1.80,1.80,17.3,23.4
8,2020-12-26,1.60,1.60,27.4,22.7
8,2020-12-27,0.30,0.30,25.0,24.2
8,2020-12-28,0.00,0.00,11.2,23.5
8,2020-12-29,0.40,0.40,17.7,24.0
8,2020-12-30,0.00,0.00,18.3,24.2
8,2020-12-31,0.00,0.00,22.1,23.8
8,2021-01-01,0.00,0.00,27.4,24.0
8,2021-01-02,0.00,0.00,21.5,23.8
8,2021-01-03,0.00,0.00,20.3,23.8
8,2021-01-04,0.00,0.00,18.5,23.8
8,2021-01-05,0.00,0.00,15.4,23.6
8,2021-01-06,0.00,0.00,18.8,23.8
8,2021-01-07,0.20,0.20,19.1,24.1
8,2021-01-08,0.00,0.00,15.2,23.2
8,2021-01-09,0.60,0.60,16.4,23.3
8,2021-01-10,0.30,0.30,18.9,23.4
8,2021-01-11,0.70,0.70,19.9,23.5
8,2021-01-12,0.70,0.70,17.0,23.7
8,2021-01-13,0.60,0.60,17.1,24.2
8,2021-01-14,0.00,0.00,19.0,23.6
8,2021-01-15,0.20,0.20,16.8,24.2
8,2021-01-16,0.10,0.10,17.6,24.0
8,2021-01-17,7.50,7.50,24.3,23.2
8,2021-01-18,0.70,0.70,27.6,21.7
8,2021-01-19,2.20,2.20,13.8,22.6
8,2021-01-20,0.00,0.00,17.8,23.6
8,2021-01-21,0.00,0.00,20.8,23.5
8,2021-01-22,0.00,0.00,25.9,23.8
8,2021-01-23,0.20,0.20,28.1,23.7
8,2021-01-24,1.80,1.80,29.4,23.9
8,2021-01-25,11.00,11.00,29.7,23.2
8,2021-01-26,0.20,0.20,27.0,23.9
8,2021-01-27,0.00,0.00,27.0,24.1
8,2021-01-28,0.00,0.00,25.3,23.6
8,2021-01-29,0.00,0.00,26.3,23.1
8,2021-01-30,0.00,0.00,23.4,23.4
8,2021-01-31,0.00,0.00,18.4,23.4
8,2021-02-01,2.10,2.10,15.8,22.0
8,2021-02-02,2.30,2.30,16.6,22.4
8,2021-02-03,40.00,40.00,25.4,21.0
8,2021-02-04,0.00,0.00,19.0,20.4
8,2021-02-05,0.30,0.30,15.5,19.6
8,2021-02-06,0.30,0.30,16.4,20.8
8,2021-02-07,0.00,0.00,11.0,20.8
8,2021-02-08,0.80,0.80,19.3,21.6
8,2021-02-09,0.00,0.00,18.8,20.7
8,2021-02-10,0.00,0.00,13.7,21.2
8,2021-02-11,0.00,0.00,15.3,21.2
8,2021-02-12,0.00,0.00,16.6,22.3
8,2021-02-13,0.00,0.00,20.3,23.4
8,2021-02-14,2.20,2.20,9.3,23.3
8,2021-02-15,0.80,0.80,16.4,23.3
8,2021-02-16,0.40,0.40,11.9,23.8
8,2021-02-17,0.00,0.00,16.6,23.6
8,2021-02-18,7.00,7.00,18.7,22.5
8,2021-02-19,1.70,1.70,15.5,22.9
8,2021-02-20,0.10,0.10,21.0,23.6
8,2021-02-21,0.60,0.60,24.4,23.7
8,2021-02-22,0.00,0.00,22.7,23.9
8,2021-02-23,0.40,0.40,25.8,23.7
8,2021-02-24,0.00,0.00,28.2,23.8
8,2021-02-25,0.10,0.10,30.5,23.7
8,2021-02-26,0.00,0.00,26.3,23.7
8,2021-02-27,0.60,0.60,26.2,22.8
8,2021-02-28,0.60,0.60,25.8,22.7
8,2021-03-01,0.20,0.20,27.1,22.9
8,2021-03-02,0.30,0.30,28.8,22.7
8,2021-03-03,0.40,0.40,18.5,22.3
8,2021-03-04,2.00,2.00,11.2,21.6
8,2021-03-05,1.50,1.50,19.3,20.8
8,2021-03-06,0.90,0.90,21.5,21.5
8,2021-03-07,0.20,0.20,20.1,23.0
8,2021-03-08,9.30,9.30,25.7,22.2
8,2021-03-09,24.80,24.80,17.0,22.2
8,2021-03-10,5.00,5.00,18.4,22.5
8,2021-03-11,5.70,5.70,10.2,22.7
8,2021-03-12,33.30,33.30,19.7,22.2
8,2021-03-13,2.80,2.80,17.9,22.1
8,2021-03-14,2.00,2.00,17.1,22.1
8,2021-03-15,12.80,12.80,10.1,21.8
8,2021-03-16,1.80,1.80,18.4,22.6
8,2021-03-17,0.10,0.10,23.7,22.3
8,2021-03-18,1.30,1.30,25.6,20.9
8,2021-03-19,1.40,1.40,18.9,22.1
8,2021-03-20,0.70,0.70,26.6,22.2
8,2021-03-21,0.50,0.50,30.3,22.6
8,2021-03-22,0.60,0.60,19.1,22.7
8,2021-03-23,2.10,2.10,13.8,22.3
8,2021-03-24,9.30,9.30,18.3,23.1
8,2021-03-25,6.50,6.50,12.3,22.9
8,2021-03-26,1.50,1.50,11.2,23.5
8,2021-03-27,0.00,0.00,20.0,24.0
8,2021-03-28,0.00,0.00,27.3,23.2
8,2021-03-29,0.50,0.50,18.4,23.8
8,2021-03-30,1.00,1.00,14.5,23.5
8,2021-03-31,0.30,0.30,11.2,23.7
8,2021-04-01,0.40,0.40,15.0,23.7
8,2021-04-02,4.80,4.80,11.6,22.6
8,2021-04-03,1.40,1.40,16.0,22.5
8,2021-04-04,1.10,1.10,24.9,22.5
8,2021-04-05,0.00,0.00,25.1,23.1
8,2021-04-06,0.00,0.00,21.8,22.2
8,2021-04-07,0.00,0.00,20.0,21.5
8,2021-04-08,0.00,0.00,18.5,22.3
8,2021-04-09,0.00,0.00,15.8,22.2
8,2021-04-10,0.00,0.00,18.6,22.2
8,2021-04-11,14.70,14.70,13.0,21.1
8,2021-04-12,3.30,3.30,10.3,21.7
8,2021-04-13,0.00,0.00,15.5,22.5
8,2021-04-14,0.10,0.10,15.5,22.6
8,2021-04-15,0.50,0.50,10.3,22.6
8,2021-04-16,2.70,2.70,12.9,21.7
8,2021-04-17,1.80,1.80,11.5,22.1
8,2021-04-18,0.10,0.10,13.8,23.2
8,2021-04-19,0.00,0.00,13.8,24.0
8,2021-04-20,0.70,0.70,15.1,24.1
8,2021-04-21,1.40,1.40,13.5,24.7
8,2021-04-22,0.20,0.20,14.8,24.6
8,2021-04-23,0.10,0.10,22.3,24.2
8,2021-04-24,0.00,0.00,20.9,24.3
8,2021-04-25,0.90,0.90,21.3,24.3
8,2021-04-26,0.30,0.30,15.7,24.0
8,2021-04-27,1.40,1.40,16.7,23.7
8,2021-04-28,1.50,1.50,15.0,24.2
8,2021-04-29,0.90,0.90,10.9,24.3
8,2021-04-30,3.50,3.50,17.7,23.9
8,2021-05-01,0.40,0.40,21.7,24.8
8,2021-05-02,0.00,0.00,21.0,24.9
8,2021-05-03,1.70,1.70,13.3,24.4
8,2021-05-04,1.90,1.90,11.5,24.1
8,2021-05-05,0.10,0.10,18.2,24.9
8,2021-05-06,1.10,1.10,16.6,24.4
8,2021-05-07,0.30,0.30,19.2,25.0
8,2021-05-08,0.20,0.20,20.6,25.3
8,2021-05-09,0.80,0.80,18.4,24.9
8,2021-05-10,0.10,0.10,22.0,25.1
8,2021-05-11,0.00,0.00,18.1,25.1
8,2021-05-12,0.00,0.00,18.4,24.5
8,2021-05-13,0.00,0.00,20.2,25.0
8,2021-05-14,0.00,0.00,20.0,24.6
8,2021-05-15,0.00,0.00,19.8,24.2
8,2021-05-16,0.00,0.00,23.1,23.8
8,2021-05-17,0.00,0.00,21.2,24.6
8,2021-05-18,0.00,0.00,20.2,24.6
8,2021-05-19,0.00,0.00,20.5,24.7
8,2021-05-20,0.00,0.00,19.5,25.1
8,2021-05-21,0.30,0.30,17.4,24.6
8,2021-05-22,1.70,1.70,18.1,25.0
8,2021-05-23,1.80,1.80,12.7,25.2
8,2021-05-24,0.00,0.00,13.0,25.5
8,2021-05-25,3.90,3.90,16.3,24.5
8,2021-05-26,2.50,2.50,13.8,25.2
8,2021-05-27,5.50,5.50,14.0,24.7
8,2021-05-28,1.60,1.60,16.1,24.7
8,2021-05-29,0.00,0.00,14.8,24.3
8,2021-05-30,0.00,0.00,14.0,24.7
8,2021-05-31,0.00,0.00,14.5,25.9
8,2021-06-01,1.10,1.10,18.7,26.0
8,2021-06-02,0.00,0.00,20.3,25.7
8,2021-06-03,2.50,2.50,14.1,25.9
8,2021-06-04,0.00,0.00,20.0,26.4
8,2021-06-05,0.00,0.00,20.5,26.0
8,2021-06-06,0.00,0.00,21.5,25.5
8,2021-06-07,0.00,0.00,19.5,25.7
8,2021-06-08,0.00,0.00,23.9,25.9
8,2021-06-09,0.00,0.00,24.5,25.8
8,2021-06-10,0.00,0.00,23.2,26.0
8,2021-06-11,0.10,0.10,19.0,25.4
8,2021-06-12,0.00,0.00,18.6,25.6
8,2021-06-13,0.80,0.80,16.0,25.1
8,2021-06-14,0.00,0.00,13.7,25.7
8,2021-06-15,0.90,0.90,15.3,25.7
8,2021-06-16,0.10,0.10,22.1,26.3
8,2021-06-17,1.20,1.20,17.4,26.2
8,2021-06-18,1.90,1.90,15.6,25.8
8,2021-06-19,6.20,6.20,8.1,24.6
8,2021-06-20,0.80,0.80,10.1,25.2
8,2021-06-21,1.70,1.70,14.0,24.9
8,2021-06-22,1.80,1.80,15.2,25.0
8,2021-06-23,3.90,3.90,12.4,24.6
8,2021-06-24,5.90,5.90,13.4,24.5
8,2021-06-25,3.80,3.80,15.5,24.3
8,2021-06-26,0.30,0.30,16.0,25.0
8,2021-06-27,1.30,1.30,14.0,25.2
8,2021-06-28,2.40,2.40,13.4,25.2
8,2021-06-29,1.00,1.00,16.2,25.3
8,2021-06-30,0.40,0.40,15.8,26.0
8,2021-07-01,0.30,0.30,21.7,25.9
8,2021-07-02,0.00,0.00,25.8,26.4
8,2021-07-03,0.00,0.00,24.9,25.7
8,2021-07-04,1.40,1.40,24.5,25.3
8,2021-07-05,0.00,0.00,22.7,25.9
8,2021-07-06,0.00,0.00,17.8,26.3
8,2021-07-07,0.10,0.10,12.1,25.9
8,2021-07-08,10.10,10.10,14.8,24.9
8,2021-07-09,2.30,2.30,14.2,25.8
8,2021-07-10,0.30,0.30,15.8,25.9
8,2021-07-11,0.00,0.00,18.6,26.1
8,2021-07-12,0.00,0.00,20.8,26.0
8,2021-07-13,0.40,0.40,13.0,26.3
8,2021-07-14,3.40,3.40,14.1,25.7
8,2021-07-15,0.00,0.00,22.0,26.6
8,2021-07-16,0.00,0.00,25.6,26.6
8,2021-07-17,0.00,0.00,17.3,26.5
8,2021-07-18,0.60,0.60,23.2,26.2
8,2021-07-19,0.00,0.00,24.6,26.3
8,2021-07-20,0.00,0.00,26.8,26.4
8,2021-07-21,0.20,0.20,21.9,26.1
8,2021-07-22,0.00,0.00,25.6,26.4
8,2021-07-23,0.00,0.00,24.7,26.4
8,2021-07-24,0.00,0.00,22.3,27.2
8,2021-07-25,0.00,0.00,21.8,27.5
8,2021-07-26,0.00,0.00,19.5,27.2
8,2021-07-27,0.00,0.00,15.5,26.7
8,2021-07-28,0.20,0.20,15.7,26.7
8,2021-07-29,0.10,0.10,16.9,27.0
8,2021-07-30,0.00,0.00,21.4,27.0
8,2021-07-31,0.00,0.00,27.4,26.8
8,2021-08-01,0.00,0.00,29.2,26.6
8,2021-08-02,0.10,0.10,28.3,26.4
8,2021-08-03,0.00,0.00,25.9,26.2
8,2021-08-04,0.00,0.00,22.0,26.3
8,2021-08-05,0.00,0.00,22.8,26.1
8,2021-08-06,0.00,0.00,23.9,27.0
8,2021-08-07,0.00,0.00,20.8,26.8
8,2021-08-08,0.00,0.00,17.7,26.4
8,2021-08-09,0.10,0.10,19.9,26.1
8,2021-08-10,1.80,1.80,17.0,26.5
8,2021-08-11,3.10,3.10,12.2,26.4
8,2021-08-12,0.00,0.00,17.7,26.2
8,2021-08-13,0.00,0.00,16.8,26.8
8,2021-08-14,1.20,1.20,19.3,26.4
8,2021-08-15,0.00,0.00,13.2,26.7
8,2021-08-16,6.10,6.10,13.5,25.5
8,2021-08-17,12.20,12.20,9.9,24.6
8,2021-08-18,4.70,4.70,10.5,25.3
8,2021-08-19,0.70,0.70,17.0,26.2
8,2021-08-20,0.00,0.00,18.3,26.4
8,2021-08-21,0.00,0.00,18.4,26.4
8,2021-08-22,0.00,0.00,13.6,26.5
8,2021-08-23,9.90,9.90,28.4,26.2
8,2021-08-24,0.00,0.00,21.4,26.5
8,2021-08-25,0.00,0.00,19.9,26.1
8,2021-08-26,0.00,0.00,17.5,25.8
8,2021-08-27,0.00,0.00,15.5,26.3
8,2021-08-28,4.10,4.10,14.9,25.7
8,2021-08-29,3.30,3.30,11.8,25.1
8,2021-08-30,6.10,6.10,15.0,24.9
8,2021-08-31,6.80,6.80,11.7,24.4
8,2021-09-01,2.20,2.20,13.0,25.4
8,2021-09-02,0.00,0.00,17.9,26.8
8,2021-09-03,0.00,0.00,25.9,26.3
8,2021-09-04,0.10,0.10,22.4,25.4
8,2021-09-05,6.50,6.50,14.5,25.3
8,2021-09-06,0.90,0.90,9.2,25.5
8,2021-09-07,3.10,3.10,14.3,25.6
8,2021-09-08,0.00,0.00,16.2,26.1
8,2021-09-09,0.00,0.00,15.2,25.9
8,2021-09-10,0.90,0.90,7.2,25.3
8,2021-09-11,3.00,3.00,11.5,25.7
8,2021-09-12,0.00,0.00,16.0,26.2
8,2021-09-13,0.00,0.00,15.2,26.2
8,2021-09-14,2.30,2.30,12.7,25.9
8,2021-09-15,2.40,2.40,9.0,25.1
8,2021-09-16,0.50,0.50,20.7,26.7
8,2021-09-17,0.00,0.00,22.9,26.4
8,2021-09-18,0.00,0.00,21.6,26.1
8,2021-09-19,0.00,0.00,18.7,26.3
8,2021-09-20,0.00,0.00,19.5,26.3
8,2021-09-21,0.00,0.00,21.7,26.3
8,2021-09-22,0.00,0.00,20.6,26.1
8,2021-09-23,0.00,0.00,22.7,26.0
8,2021-09-24,0.40,0.40,18.4,25.8
8,2021-09-25,0.40,0.40,18.0,26.0
8,2021-09-26,0.00,0.00,21.4,27.0
8,2021-09-27,0.00,0.00,13.0,26.2
8,2021-09-28,0.20,0.20,21.7,25.8
8,2021-09-29,2.20,2.20,14.8,25.6
8,2021-09-30,0.10,0.10,16.2,25.9
8,2021-10-01,0.00,0.00,15.8,26.3
8,2021-10-02,2.10,2.10,16.8,25.8
8,2021-10-03,0.30,0.30,14.5,26.0
8,2021-10-04,0.00,0.00,17.4,26.0
8,2021-10-05,0.00,0.00,18.0,26.1
8,2021-10-06,0.00,0.00,20.5,26.0
8,2021-10-07,0.00,0.00,23.3,25.7
8,2021-10-08,0.00,0.00,27.0,25.9
8,2021-10-09,0.00,0.00,31.8,25.5
8,2021-10-10,0.00,0.00,26.8,25.6
8,2021-10-11,0.00,0.00,24.9,25.9
8,2021-10-12,0.00,0.00,30.0,26.8
8,2021-10-13,0.00,0.00,24.0,26.2
8,2021-10-14,0.30,0.30,21.7,25.4
8,2021-10-15,0.80,0.80,17.8,25.0
8,2021-10-16,2.00,2.00,15.5,24.5
8,2021-10-17,0.70,0.70,20.2,25.3
8,2021-10-18,0.00,0.00,15.9,25.5
8,2021-10-19,0.00,0.00,14.0,24.9
8,2021-10-20,0.00,0.00,12.9,24.9
8,2021-10-21,1.80,1.80,10.8,25.0
8,2021-10-22,0.10,0.10,20.3,25.5
8,2021-10-23,0.00,0.00,18.7,25.6
8,2021-10-24,0.00,0.00,20.3,25.5
8,2021-10-25,0.00,0.00,18.1,25.3
8,2021-10-26,0.00,0.00,17.2,24.6
8,2021-10-27,0.10,0.10,9.9,25.4
8,2021-10-28,6.30,6.30,8.2,24.6
8,2021-10-29,3.90,3.90,10.5,24.3
8,2021-10-30,0.60,0.60,14.0,23.9
8,2021-10-31,0.00,0.00,13.4,24.0
8,2021-11-01,0.30,0.30,17.0,24.8
8,2021-11-02,0.70,0.70,16.9,24.7
8,2021-11-03,2.10,2.10,9.7,25.2
8,2021-11-04,0.00,0.00,17.7,25.7
8,2021-11-05,0.10,0.10,23.4,25.7
8,2021-11-06,0.20,0.20,19.6,25.3
8,2021-11-07,0.00,0.00,17.2,25.2
8,2021-11-08,0.00,0.00,16.6,24.8
8,2021-11-09,0.00,0.00,12.8,24.3
8,2021-11-10,0.20,0.20,13.7,24.1
8,2021-11-11,0.30,0.30,12.2,24.3
8,2021-11-12,0.00,0.00,16.6,24.7
8,2021-11-13,0.80,0.80,12.9,24.4
8,2021-11-14,0.80,0.80,14.6,23.7
8,2021-11-15,0.30,0.30,14.5,23.9
8,2021-11-16,4.50,4.50,9.8,24.5
8,2021-11-17,3.00,3.00,11.6,25.1
8,2021-11-18,3.30,3.30,10.0,25.1
8,2021-11-19,0.00,0.00,17.3,25.3
8,2021-11-20,0.00,0.00,14.2,25.2
8,2021-11-21,0.10,0.10,14.1,25.1
8,2021-11-22,0.00,0.00,19.4,24.7
8,2021-11-23,2.00,2.00,15.1,24.8
8,2021-11-24,0.00,0.00,17.0,23.9
8,2021-11-25,0.00,0.00,14.7,24.8
8,2021-11-26,0.00,0.00,13.4,24.0
8,2021-11-27,1.20,1.20,11.8,23.3
8,2021-11-28,0.10,0.10,17.8,23.6
8,2021-11-29,0.70,0.70,22.9,23.7
8,2021-11-30,1.60,1.60,21.4,24.0
8,2021-12-01,0.50,0.50,17.5,24.7
8,2021-12-02,1.70,1.70,11.8,23.9
8,2021-12-03,9.70,9.70,31.8,22.7
8,2021-12-04,2.70,2.70,17.2,20.5
8,2021-12-05,14.30,14.30,22.8,22.2
8,2021-12-06,52.40,52.40,29.6,22.4
8,2021-12-07,23.80,23.80,17.6,22.8
8,2021-12-08,2.20,2.20,21.0,24.4
8,2021-12-09,0.20,0.20,27.4,24.4
8,2021-12-10,0.00,0.00,18.4,24.2
8,2021-12-11,0.00,0.00,20.5,24.1
8,2021-12-12,0.00,0.00,21.8,24.0
8,2021-12-13,0.00,0.00,17.8,24.0
8,2021-12-14,0.00,0.00,21.4,23.3
8,2021-12-15,0.30,0.30,19.4,23.4
8,2021-12-16,0.90,0.90,15.2,23.0
8,2021-12-17,1.80,1.80,14.1,22.7
8,2021-12-18,0.00,0.00,17.7,23.7
8,2021-12-19,0.00,0.00,20.0,23.4
8,2021-12-20,0.00,0.00,21.3,23.3
8,2021-12-21,0.00,0.00,23.6,22.1
8,2021-12-22,0.00,0.00,21.0,22.8
8,2021-12-23,0.00,0.00,23.8,23.1
8,2021-12-24,0.00,0.00,20.2,22.4
8,2021-12-25,0.00,0.00,19.9,22.6
8,2021-12-26,0.30,0.30,20.5,22.6
8,2021-12-27,0.40,0.40,21.3,23.4
8,2021-12-28,0.00,0.00,22.3,23.5
8,2021-12-29,0.10,0.10,21.3,23.6
8,2021-12-30,2.60,2.60,24.1,23.1
8,2021-12-31,20.30,20.30,20.7,22.4
8,2022-01-01,14.90,14.90,19.8,21.9
8,2022-01-02,10.30,10.30,16.3,21.6
8,2022-01-03,9.50,9.50,14.1,21.7
8,2022-01-04,5.70,5.70,15.3,22.1
8,2022-01-05,3.50,3.50,8.0,22.6
8,2022-01-06,3.20,3.20,11.4,21.8
8,2022-01-07,0.00,0.00,17.4,22.2
8,2022-01-08,0.50,0.50,16.1,22.4
8,2022-01-09,0.00,0.00,12.3,21.9
8,2022-01-10,0.60,0.60,17.1,22.8
8,2022-01-11,0.00,0.00,13.9,22.6
8,2022-01-12,0.10,0.10,11.6,22.4
8,2022-01-13,2.80,2.80,12.6,22.2
8,2022-01-14,0.40,0.40,9.2,22.2
8,2022-01-15,0.80,0.80,13.4,22.1
8,2022-01-16,0.70,0.70,9.7,22.0
8,2022-01-17,0.00,0.00,14.3,22.1
8,2022-01-18,0.00,0.00,10.9,22.1
8,2022-01-19,1.20,1.20,14.6,22.3
8,2022-01-20,0.00,0.00,12.6,22.6
8,2022-01-21,0.00,0.00,15.9,22.9
8,2022-01-22,0.50,0.50,11.2,23.0
8,2022-01-23,0.40,0.40,11.6,22.7
8,2022-01-24,0.00,0.00,13.7,22.6
8,2022-01-25,0.00,0.00,18.0,22.7
8,2022-01-26,0.10,0.10,15.0,22.5
8,2022-01-27,0.00,0.00,11.4,22.3
8,2022-01-28,0.00,0.00,14.0,22.4
8,2022-01-29,0.00,0.00,19.8,23.1
8,2022-01-30,0.00,0.00,20.0,22.4
8,2022-01-31,0.00,0.00,18.3,21.8
8,2022-02-01,0.00,0.00,15.0,22.3
8,2022-02-02,0.00,0.00,13.8,22.6
8,2022-02-03,0.00,0.00,17.1,21.8
8,2022-02-04,0.00,0.00,15.9,22.5
8,2022-02-05,1.00,1.00,10.5,22.6
8,2022-02-06,0.00,0.00,16.4,23.4
8,2022-02-07,0.00,0.00,21.4,23.0
8,2022-02-08,0.00,0.00,15.5,22.9
8,2022-02-09,3.60,3.60,15.8,22.3
8,2022-02-10,0.30,0.30,11.3,21.7
8,2022-02-11,0.30,0.30,17.1,21.8
8,2022-02-12,1.70,1.70,10.5,22.7
8,2022-02-13,0.20,0.20,18.0,22.2
8,2022-02-14,1.00,1.00,9.6,21.4
8,2022-02-15,0.90,0.90,11.1,21.3
8,2022-02-16,1.50,1.50,11.2,22.0
8,2022-02-17,0.30,0.30,14.2,22.6
8,2022-02-18,0.10,0.10,8.2,23.3
8,2022-02-19,0.60,0.60,13.0,22.9
8,2022-02-20,0.00,0.00,16.1,23.1
8,2022-02-21,0.40,0.40,13.6,23.2
8,2022-02-22,0.00,0.00,15.8,24.3
8,2022-02-23,0.00,0.00,20.5,24.4
8,2022-02-24,0.00,0.00,17.1,24.2
8,2022-02-25,0.00,0.00,18.7,24.2
8,2022-02-26,0.00,0.00,18.4,24.0
8,2022-02-27,0.50,0.50,15.5,23.9
8,2022-02-28,1.40,1.40,14.7,22.9
8,2022-03-01,4.80,4.80,9.6,22.5
8,2022-03-02,0.10,0.10,13.4,22.7
8,2022-03-03,2.90,2.90,17.7,23.2
8,2022-03-04,0.30,0.30,11.0,22.8
8,2022-03-05,0.00,0.00,19.1,22.2
8,2022-03-06,0.00,0.00,15.7,22.5
8,2022-03-07,0.00,0.00,16.8,22.5
8,2022-03-08,3.40,3.40,10.7,22.9
8,2022-03-09,0.00,0.00,13.7,24.0
8,2022-03-10,3.70,3.70,12.6,24.0
8,2022-03-11,0.00,0.00,15.8,24.9
8,2022-03-12,0.00,0.00,16.3,24.8
8,2022-03-13,0.00,0.00,19.2,24.4
8,2022-03-14,0.00,0.00,20.8,24.6
8,2022-03-15,0.00,0.00,16.7,24.3
8,2022-03-16,5.30,5.30,14.7,24.3
8,2022-03-17,0.00,0.00,14.8,24.7
8,2022-03-18,0.00,0.00,17.3,24.9
8,2022-03-19,1.70,1.70,19.9,24.4
8,2022-03-20,0.70,0.70,13.7,24.1
8,2022-03-21,1.80,1.80,12.1,24.3
8,2022-03-22,0.10,0.10,16.6,24.0
8,2022-03-23,0.10,0.10,22.4,24.5
8,2022-03-24,0.00,0.00,25.0,24.5
8,2022-03-25,0.10,0.10,21.8,23.8
8,2022-03-26,0.00,0.00,16.3,24.1
8,2022-03-27,0.90,0.90,16.1,22.9
8,2022-03-28,2.30,2.30,15.7,22.4
8,2022-03-29,5.70,5.70,11.6,23.8
8,2022-03-30,1.10,1.10,15.9,24.2
8,2022-03-31,1.70,1.70,17.3,24.6
8,2022-04-01,1.30,1.30,18.6,24.0
8,2022-04-02,0.20,0.20,27.4,24.3
8,2022-04-03,0.00,0.00,25.4,24.7
8,2022-04-04,0.00,0.00,19.4,24.2
8,2022-04-05,1.40,1.40,18.5,23.8
8,2022-04-06,6.20,6.20,15.3,23.3
8,2022-04-07,0.00,0.00,24.6,24.6
8,2022-04-08,0.00,0.00,23.9,24.3
8,2022-04-09,0.20,0.20,18.0,24.8
8,2022-04-10,0.00,0.00,18.4,25.4
8,2022-04-11,0.90,0.90,17.6,24.7
8,2022-04-12,0.00,0.00,16.2,25.4
8,2022-04-13,0.80,0.80,18.9,24.7
8,2022-04-14,0.00,0.00,20.3,24.8
8,2022-04-15,0.60,0.60,20.8,24.1
8,2022-04-16,0.60,0.60,25.0,23.8
8,2022-04-17,0.10,0.10,21.2,24.0
8,2022-04-18,0.00,0.00,16.7,24.1
8,2022-04-19,0.80,0.80,20.9,23.5
8,2022-04-20,0.00,0.00,19.0,24.1
8,2022-04-21,0.60,0.60,22.7,24.1
8,2022-04-22,0.60,0.60,19.3,24.6
8,2022-04-23,0.20,0.20,22.6,24.6
8,2022-04-24,0.00,0.00,21.7,24.9
8,2022-04-25,0.40,0.40,22.3,24.8
8,2022-04-26,0.00,0.00,20.9,24.8
8,2022-04-27,4.10,4.10,15.3,24.2
8,2022-04-28,5.60,5.60,15.6,24.7
8,2022-04-29,0.00,0.00,21.1,25.0
8,2022-04-30,0.10,0.10,21.0,24.9
8,2022-05-01,1.20,1.20,23.2,24.3
8,2022-05-02,0.70,0.70,21.0,24.4
8,2022-05-03,2.00,2.00,21.1,24.1
8,2022-05-04,1.00,1.00,22.5,24.5
8,2022-05-05,0.00,0.00,22.0,24.9
8,2022-05-06,0.30,0.30,22.0,24.9
8,2022-05-07,0.00,0.00,24.6,24.8
8,2022-05-08,0.00,0.00,20.5,25.3
8,2022-05-09,0.00,0.00,23.8,25.5
8,2022-05-10,0.00,0.00,20.0,25.2
8,2022-05-11,0.00,0.00,23.1,25.2
8,2022-05-12,0.00,0.00,22.8,25.2
8,2022-05-13,1.20,1.20,19.5,25.1
8,2022-05-14,0.00,0.00,17.0,25.0
8,2022-05-15,1.50,1.50,15.5,24.1
8,2022-05-16,1.90,1.90,12.6,24.2
8,2022-05-17,2.00,2.00,18.9,24.7
8,2022-05-18,15.00,15.00,25.2,24.3
8,2022-05-19,5.00,5.00,18.9,24.9
8,2022-05-20,6.50,6.50,9.8,25.2
8,2022-05-21,4.10,4.10,14.8,25.8
8,2022-05-22,0.00,0.00,17.4,25.6
8,2022-05-23,0.20,0.20,20.8,25.1
8,2022-05-24,0.30,0.30,19.9,24.7
8,2022-05-25,0.20,0.20,13.6,24.2
8,2022-05-26,0.10,0.10,18.3,24.2
8,2022-05-27,0.00,0.00,16.4,24.5
8,2022-05-28,3.50,3.50,13.1,24.4
8,2022-05-29,4.30,4.30,12.5,24.2
8,2022-05-30,0.00,0.00,17.4,25.1
8,2022-05-31,0.70,0.70,17.0,25.1
8,2022-06-01,0.10,0.10,16.4,25.5
8,2022-06-02,0.20,0.20,15.2,25.2
8,2022-06-03,0.90,0.90,15.8,25.3
8,2022-06-04,0.10,0.10,17.7,24.7
8,2022-06-05,0.00,0.00,17.3,25.0
8,2022-06-06,0.40,0.40,12.6,25.6
8,2022-06-07,2.10,2.10,15.3,25.5
8,2022-06-08,0.80,0.80,19.3,25.5
8,2022-06-09,0.40,0.40,19.6,25.6
8,2022-06-10,0.90,0.90,18.3,25.6
8,2022-06-11,0.10,0.10,21.6,26.2
8,2022-06-12,0.30,0.30,25.2,26.3
8,2022-06-13,0.00,0.00,19.9,26.5
8,2022-06-14,0.00,0.00,22.5,26.2
8,2022-06-15,2.20,2.20,15.3,26.2
8,2022-06-16,1.30,1.30,16.7,25.9
8,2022-06-17,2.50,2.50,15.6,25.8
8,2022-06-18,0.00,0.00,19.2,26.3
8,2022-06-19,0.00,0.00,20.6,26.3
8,2022-06-20,0.10,0.10,19.4,26.0
8,2022-06-21,0.90,0.90,14.3,26.0
8,2022-06-22,0.30,0.30,15.8,26.0
8,2022-06-23,0.10,0.10,14.8,25.8
8,2022-06-24,8.70,8.70,9.5,24.7
8,2022-06-25,5.90,5.90,12.0,24.2
8,2022-06-26,0.90,0.90,14.2,25.3
8,2022-06-27,0.10,0.10,16.1,25.6
8,2022-06-28,0.00,0.00,22.1,26.0
8,2022-06-29,0.00,0.00,23.1,25.9
8,2022-06-30,0.00,0.00,22.0,26.6
8,2022-07-01,0.00,0.00,25.9,26.8
8,2022-07-02,0.00,0.00,21.7,26.4
8,2022-07-03,0.60,0.60,24.2,26.0
8,2022-07-04,0.00,0.00,25.1,26.0
8,2022-07-05,0.10,0.10,22.8,25.8
8,2022-07-06,0.00,0.00,20.7,26.0
8,2022-07-07,0.00,0.00,19.5,25.8
8,2022-07-08,0.10,0.10,21.3,25.6
8,2022-07-09,0.30,0.30,22.3,26.5
8,2022-07-10,0.00,0.00,21.4,26.4
8,2022-07-11,0.00,0.00,19.4,26.2
8,2022-07-12,0.10,0.10,22.7,26.1
8,2022-07-13,0.60,0.60,21.6,26.9
8,2022-07-14,0.00,0.00,19.4,26.8
8,2022-07-15,1.00,1.00,17.7,26.8
8,2022-07-16,0.40,0.40,21.6,26.8
8,2022-07-17,0.00,0.00,22.7,27.4
8,2022-07-18,0.00,0.00,23.6,26.8
8,2022-07-19,0.00,0.00,21.1,26.3
8,2022-07-20,0.00,0.00,19.9,26.3
8,2022-07-21,0.00,0.00,18.7,26.2
8,2022-07-22,0.00,0.00,18.6,26.6
8,2022-07-23,0.00,0.00,17.7,26.5
8,2022-07-24,0.00,0.00,18.5,26.6
8,2022-07-25,0.00,0.00,18.7,26.5
8,2022-07-26,0.00,0.00,23.1,26.6
8,2022-07-27,0.00,0.00,16.1,26.7
8,2022-07-28,1.00,1.00,13.4,26.2
8,2022-07-29,0.00,0.00,14.6,26.3
8,2022-07-30,0.00,0.00,18.1,27.5
8,2022-07-31,0.00,0.00,21.7,27.0
8,2022-08-01,0.10,0.10,22.2,26.1
8,2022-08-02,0.00,0.00,17.1,26.5
8,2022-08-03,3.90,3.90,10.9,25.8
8,2022-08-04,1.90,1.90,9.5,25.6
8,2022-08-05,1.40,1.40,9.1,25.7
8,2022-08-06,3.80,3.80,11.6,25.9
8,2022-08-07,0.50,0.50,18.0,26.9
8,2022-08-08,0.20,0.20,18.9,27.0
8,2022-08-09,0.00,0.00,21.6,27.2
8,2022-08-10,0.00,0.00,23.8,27.3
8,2022-08-11,0.00,0.00,21.3,27.1
8,2022-08-12,0.00,0.00,14.0,26.5
8,2022-08-13,2.80,2.80,17.3,25.8
8,2022-08-14,0.40,0.40,14.4,26.6
8,2022-08-15,0.90,0.90,12.9,25.9
8,2022-08-16,0.00,0.00,14.9,25.8
8,2022-08-17,3.20,3.20,11.5,26.3
8,2022-08-18,1.20,1.20,17.1,27.1
8,2022-08-19,0.00,0.00,16.2,27.5
8,2022-08-20,0.00,0.00,15.5,27.0
8,2022-08-21,0.00,0.00,15.5,26.9
8,2022-08-22,0.40,0.40,12.9,26.4
8,2022-08-23,0.90,0.90,13.6,25.7
8,2022-08-24,2.30,2.30,10.7,26.6
8,2022-08-25,2.90,2.90,13.6,26.3
8,2022-08-26,2.20,2.20,13.3,26.7
8,2022-08-27,0.00,0.00,21.3,27.3
8,2022-08-28,0.10,0.10,15.9,26.6
8,2022-08-29,3.10,3.10,12.6,26.3
8,2022-08-30,1.10,1.10,15.7,25.8
8,2022-08-31,0.60,0.60,11.8,25.4
8,2022-09-01,0.20,0.20,18.3,26.6
8,2022-09-02,1.50,1.50,15.5,26.4
8,2022-09-03,0.90,0.90,13.5,26.6
8,2022-09-04,3.20,3.20,14.8,27.0
8,2022-09-05,0.90,0.90,15.8,26.7
8,2022-09-06,1.00,1.00,21.3,27.4
8,2022-09-07,0.00,0.00,17.6,27.8
8,2022-09-08,2.90,2.90,9.7,26.4
8,2022-09-09,3.10,3.10,13.8,26.6
8,2022-09-10,8.40,8.40,12.5,26.1
8,2022-09-11,7.00,7.00,15.2,25.5
8,2022-09-12,3.00,3.00,14.5,26.4
8,2022-09-13,1.10,1.10,13.0,27.0
8,2022-09-14,2.00,2.00,18.1,26.2
8,2022-09-15,2.00,2.00,14.3,26.1
8,2022-09-16,1.30,1.30,13.5,25.8
8,2022-09-17,3.20,3.20,11.7,25.8
8,2022-09-18,0.80,0.80,16.7,26.7
8,2022-09-19,0.00,0.00,19.8,26.7
8,2022-09-20,0.00,0.00,17.3,27.3
8,2022-09-21,0.30,0.30,10.4,26.8
8,2022-09-22,7.10,7.10,11.9,25.4
8,2022-09-23,2.50,2.50,11.2,26.1
8,2022-09-24,0.70,0.70,16.1,26.6
8,2022-09-25,1.70,1.70,13.3,25.6
8,2022-09-26,0.70,0.70,16.3,26.1
8,2022-09-27,0.00,0.00,15.1,26.2
8,2022-09-28,0.10,0.10,15.9,26.5
8,2022-09-29,0.00,0.00,11.2,26.8
8,2022-09-30,1.70,1.70,11.6,26.4
8,2022-10-01,3.30,3.30,13.2,26.5
8,2022-10-02,1.90,1.90,12.4,25.5
8,2022-10-03,0.00,0.00,8.3,26.3
8,2022-10-04,2.90,2.90,9.7,25.4
8,2022-10-05,0.20,0.20,8.9,26.1
8,2022-10-06,1.60,1.60,15.2,25.2
8,2022-10-07,0.00,0.00,11.0,25.7
8,2022-10-08,0.40,0.40,16.6,25.5
8,2022-10-09,0.00,0.00,19.9,25.9
8,2022-10-10,0.00,0.00,12.5,26.3
8,2022-10-11,3.20,3.20,9.8,25.4
8,2022-10-12,6.30,6.30,7.2,25.4
8,2022-10-13,2.40,2.40,15.8,26.2
8,2022-10-14,0.60,0.60,14.1,26.4
8,2022-10-15,0.00,0.00,15.1,26.0
8,2022-10-16,0.70,0.70,12.8,25.4
8,2022-10-17,0.50,0.50,18.2,25.4
8,2022-10-18,0.00,0.00,19.0,25.0
8,2022-10-19,8.70,8.70,16.8,24.4
8,2022-10-20,0.80,0.80,12.5,24.4
8,2022-10-21,0.20,0.20,18.5,26.0
8,2022-10-22,0.00,0.00,22.4,26.7
8,2022-10-23,0.40,0.40,17.3,26.5
8,2022-10-24,0.00,0.00,18.1,26.6
8,2022-10-25,0.00,0.00,20.3,26.9
8,2022-10-26,0.20,0.20,18.8,26.2
8,2022-10-27,0.20,0.20,16.6,25.8
8,2022-10-28,2.60,2.60,11.7,25.0
8,2022-10-29,0.40,0.40,15.1,26.3
8,2022-10-30,0.40,0.40,14.1,26.3
8,2022-10-31,0.80,0.80,15.2,25.9
8,2022-11-01,0.00,0.00,15.7,26.1
8,2022-11-02,1.40,1.40,16.6,25.6
8,2022-11-03,0.40,0.40,20.5,26.2
8,2022-11-04,0.20,0.20,17.8,26.7
8,2022-11-05,0.00,0.00,22.1,26.7
8,2022-11-06,0.60,0.60,17.7,26.3
8,2022-11-07,0.00,0.00,19.2,26.4
8,2022-11-08,0.00,0.00,20.8,25.9
8,2022-11-09,0.00,0.00,18.2,25.3
8,2022-11-10,0.00,0.00,16.0,24.3
8,2022-11-11,0.00,0.00,21.6,24.3
8,2022-11-12,0.40,0.40,18.3,24.2
8,2022-11-13,0.00,0.00,16.4,24.8
8,2022-11-14,0.00,0.00,15.1,24.8
8,2022-11-15,0.40,0.40,13.3,24.6
8,2022-11-16,0.00,0.00,16.2,24.1
8,2022-11-17,2.60,2.60,16.6,24.9
8,2022-11-18,0.10,0.10,13.7,25.3
8,2022-11-19,0.00,0.00,18.9,25.4
8,2022-11-20,0.00,0.00,23.5,25.5
8,2022-11-21,0.00,0.00,26.8,25.3
8,2022-11-22,0.00,0.00,19.7,25.1
8,2022-11-23,0.40,0.40,12.8,24.2
8,2022-11-24,0.30,0.30,29.0,22.8
8,2022-11-25,0.00,0.00,22.8,22.7
8,2022-11-26,0.00,0.00,14.1,22.9
8,2022-11-27,0.00,0.00,14.0,23.1
8,2022-11-28,0.90,0.90,12.5,23.4
8,2022-11-29,0.00,0.00,15.4,24.4
8,2022-11-30,0.00,0.00,13.8,25.0
8,2022-12-01,0.00,0.00,16.5,23.9
8,2022-12-02,1.70,1.70,14.2,23.4
8,2022-12-03,1.80,1.80,14.9,24.3
8,2022-12-04,0.40,0.40,14.9,24.2
8,2022-12-05,0.70,0.70,21.4,23.8
8,2022-12-06,1.40,1.40,16.6,25.1
8,2022-12-07,0.00,0.00,25.7,25.3
8,2022-12-08,0.00,0.00,29.9,25.1
8,2022-12-09,0.00,0.00,29.9,24.8
8,2022-12-10,0.00,0.00,24.9,24.2
8,2022-12-11,0.10,0.10,23.1,24.4
8,2022-12-12,0.00,0.00,23.2,23.9
8,2022-12-13,0.00,0.00,19.9,24.3
8,2022-12-14,0.00,0.00,19.6,24.1
8,2022-12-15,3.80,3.80,11.9,23.9
8,2022-12-16,5.60,5.60,11.9,23.1
8,2022-12-17,0.10,0.10,10.8,23.0
8,2022-12-18,31.80,31.80,24.2,21.3
8,2022-12-19,24.50,24.50,30.4,20.9
8,2022-12-20,2.30,2.30,32.3,23.1
8,2022-12-21,1.80,1.80,14.5,23.5
8,2022-12-22,1.10,1.10,14.3,23.0
8,2022-12-23,0.00,0.00,14.3,23.4
8,2022-12-24,1.40,1.40,17.7,23.7
8,2022-12-25,0.30,0.30,9.1,23.7
8,2022-12-26,0.40,0.40,15.6,23.1
8,2022-12-27,0.00,0.00,19.5,24.2
8,2022-12-28,0.20,0.20,16.3,23.7
8,2022-12-29,0.00,0.00,13.6,22.9
8,2022-12-30,0.00,0.00,13.8,22.8
8,2022-12-31,0.00,0.00,17.4,23.0
8,2023-01-01,0.20,0.20,10.3,22.4
8,2023-01-02,0.00,0.00,14.4,23.1
8,2023-01-03,0.00,0.00,17.7,23.1
8,2023-01-04,3.20,3.20,7.2,22.3
8,2023-01-05,1.00,1.00,15.3,22.8
8,2023-01-06,0.00,0.00,12.4,23.3
8,2023-01-07,0.00,0.00,13.5,22.4
8,2023-01-08,0.00,0.00,19.3,22.5
8,2023-01-09,0.00,0.00,15.0,22.0
8,2023-01-10,0.00,0.00,18.2,23.0
8,2023-01-11,0.00,0.00,17.0,22.4
8,2023-01-12,0.00,0.00,13.6,21.5
8,2023-01-13,0.00,0.00,14.0,21.8
8,2023-01-14,0.80,0.80,17.5,21.9
8,2023-01-15,1.50,1.50,18.9,22.8
8,2023-01-16,0.10,0.10,13.8,22.9
8,2023-01-17,0.00,0.00,12.3,22.7
8,2023-01-18,0.00,0.00,12.3,23.4
8,2023-01-19,1.70,1.70,13.2,23.2
8,2023-01-20,0.70,0.70,25.7,23.8
8,2023-01-21,1.50,1.50,22.0,24.2
8,2023-01-22,2.60,2.60,13.6,23.1
8,2023-01-23,1.20,1.20,11.3,23.0
8,2023-01-24,2.10,2.10,8.7,22.7
8,2023-01-25,2.20,2.20,17.2,22.7
8,2023-01-26,0.00,0.00,24.3,21.9
8,2023-01-27,0.00,0.00,20.9,21.9
8,2023-01-28,0.80,0.80,20.6,22.2
8,2023-01-29,0.80,0.80,24.4,21.3
8,2023-01-30,1.30,1.30,19.6,22.3
8,2023-01-31,1.20,1.20,16.5,23.2
8,2023-02-01,0.00,0.00,17.1,23.4
8,2023-02-02,3.20,3.20,15.2,23.2
8,2023-02-03,1.60,1.60,12.5,22.9
8,2023-02-04,14.60,14.60,22.7,22.7
8,2023-02-05,0.00,0.00,22.8,24.0
8,2023-02-06,0.00,0.00,20.5,24.2
8,2023-02-07,0.20,0.20,21.6,24.5
8,2023-02-08,0.00,0.00,29.0,23.5
8,2023-02-09,0.40,0.40,31.3,23.7
8,2023-02-10,0.00,0.00,31.0,24.0
8,2023-02-11,0.00,0.00,23.7,23.7
8,2023-02-12,1.40,1.40,23.0,22.8
8,2023-02-13,0.50,0.50,18.9,23.2
8,2023-02-14,0.30,0.30,22.3,22.6
8,2023-02-15,1.60,1.60,16.1,22.1
8,2023-02-16,7.00,7.00,27.4,23.0
8,2023-02-17,32.40,32.40,18.6,21.3
8,2023-02-18,15.30,15.30,21.8,22.1
8,2023-02-19,3.90,3.90,19.1,23.2
8,2023-02-20,12.50,12.50,14.3,22.7
8,2023-02-21,1.00,1.00,26.7,23.7
8,2023-02-22,0.60,0.60,23.8,23.8
8,2023-02-23,0.10,0.10,25.5,23.7
8,2023-02-24,0.60,0.60,25.3,22.7
8,2023-02-25,0.00,0.00,25.2,22.7
8,2023-02-26,0.00,0.00,22.9,22.7
8,2023-02-27,0.70,0.70,27.4,22.6
8,2023-02-28,0.50,0.50,27.8,22.4
8,2023-03-01,1.20,1.20,31.5,22.2
8,2023-03-02,0.10,0.10,27.5,22.2
8,2023-03-03,0.90,0.90,19.2,22.2
8,2023-03-04,1.10,1.10,13.3,22.3
8,2023-03-05,0.40,0.40,13.7,22.2
8,2023-03-06,14.30,14.30,19.2,22.7
8,2023-03-07,1.70,1.70,31.4,22.9
8,2023-03-08,6.00,6.00,36.7,22.6
8,2023-03-09,0.00,0.00,23.7,22.1
8,2023-03-10,0.20,0.20,17.0,21.8
8,2023-03-11,0.40,0.40,11.2,21.6
8,2023-03-12,2.30,2.30,23.8,23.6
8,2023-03-13,0.60,0.60,12.8,23.8
8,2023-03-14,8.10,8.10,18.0,23.5
8,2023-03-15,3.30,3.30,17.1,24.3
8,2023-03-16,1.30,1.30,14.7,24.1
8,2023-03-17,0.50,0.50,10.1,24.2
8,2023-03-18,2.70,2.70,17.3,23.4
8,2023-03-19,0.70,0.70,15.5,23.7
8,2023-03-20,0.40,0.40,14.9,24.1
8,2023-03-21,1.10,1.10,24.6,24.5
8,2023-03-22,1.20,1.20,10.9,24.2
8,2023-03-23,3.40,3.40,13.6,23.1
8,2023-03-24,2.70,2.70,11.9,23.6
8,2023-03-25,0.20,0.20,17.8,24.5
8,2023-03-26,0.40,0.40,17.7,24.0
8,2023-03-27,1.10,1.10,9.5,23.4
8,2023-03-28,7.10,7.10,22.6,23.1
8,2023-03-29,6.80,6.80,25.6,23.6
8,2023-03-30,2.50,2.50,16.5,24.3
8,2023-03-31,5.50,5.50,9.4,23.4
8,2023-04-01,6.90,6.90,15.5,23.2
8,2023-04-02,12.60,12.60,22.3,22.9
8,2023-04-03,2.70,2.70,16.3,23.4
8,2023-04-04,2.50,2.50,19.5,23.6
8,2023-04-05,0.00,0.00,22.1,24.4
8,2023-04-06,0.00,0.00,23.8,24.2
8,2023-04-07,0.10,0.10,20.5,23.7
8,2023-04-08,1.10,1.10,17.6,23.5
8,2023-04-09,1.40,1.40,17.4,22.8
8,2023-04-10,0.30,0.30,20.3,23.6
8,2023-04-11,0.00,0.00,22.0,24.0
8,2023-04-12,1.00,1.00,21.5,24.3
8,2023-04-13,1.20,1.20,23.5,23.9
8,2023-04-14,1.70,1.70,15.9,23.8
8,2023-04-15,1.10,1.10,14.6,23.5
8,2023-04-16,0.70,0.70,16.8,24.3
8,2023-04-17,1.70,1.70,15.9,24.0
8,2023-04-18,7.60,7.60,28.7,23.5
8,2023-04-19,23.10,23.10,25.4,23.9
8,2023-04-20,1.00,1.00,10.4,24.1
8,2023-04-21,2.00,2.00,12.6,24.5
8,2023-04-22,5.80,5.80,9.4,24.1
8,2023-04-23,0.20,0.20,12.6,23.8
8,2023-04-24,6.70,6.70,11.3,23.5
8,2023-04-25,2.10,2.10,15.1,23.8
8,2023-04-26,3.90,3.90,8.4,23.9
8,2023-04-27,3.00,3.00,13.4,23.0
8,2023-04-28,3.90,3.90,9.0,23.6
8,2023-04-29,0.90,0.90,14.4,24.1
8,2023-04-30,0.00,0.00,17.3,24.3
8,2023-05-01,5.50,5.50,12.5,24.0
8,2023-05-02,11.80,11.80,11.8,22.7
8,2023-05-03,0.40,0.40,22.7,24.4
8,2023-05-04,0.00,0.00,25.4,24.6
8,2023-05-05,0.40,0.40,22.7,24.5
8,2023-05-06,0.00,0.00,22.9,24.4
8,2023-05-07,0.00,0.00,21.3,24.2
8,2023-05-08,0.00,0.00,25.2,24.7
8,2023-05-09,0.20,0.20,18.7,24.6
8,2023-05-10,0.60,0.60,14.7,23.8
8,2023-05-11,4.30,4.30,12.6,23.3
8,2023-05-12,1.90,1.90,8.8,22.9
8,2023-05-13,1.70,1.70,14.8,23.6
8,2023-05-14,0.90,0.90,15.3,23.3
8,2023-05-15,0.30,0.30,11.7,23.0
8,2023-05-16,2.20,2.20,9.6,22.7
8,2023-05-17,2.80,2.80,13.4,23.7
8,2023-05-18,12.00,12.00,13.8,22.8
8,2023-05-19,4.60,4.60,18.1,24.2
8,2023-05-20,2.70,2.70,12.0,25.1
8,2023-05-21,1.20,1.20,16.2,25.4
8,2023-05-22,0.00,0.00,19.8,25.3
8,2023-05-23,0.00,0.00,19.4,25.2
8,2023-05-24,0.00,0.00,18.3,25.2
8,2023-05-25,1.70,1.70,14.3,24.3
8,2023-05-26,1.60,1.60,17.1,24.4
8,2023-05-27,8.20,8.20,15.5,24.1
8,2023-05-28,5.80,5.80,8.9,23.0
8,2023-05-29,0.20,0.20,15.5,24.7
8,2023-05-30,1.40,1.40,14.7,24.7
8,2023-05-31,1.40,1.40,12.3,24.9
8,2023-06-01,2.90,2.90,13.0,25.1
8,2023-06-02,2.30,2.30,12.1,25.0
8,2023-06-03,0.10,0.10,8.4,24.3
8,2023-06-04,1.60,1.60,8.7,24.4
8,2023-06-05,1.60,1.60,17.8,24.3
8,2023-06-06,0.00,0.00,8.3,24.7
8,2023-06-07,1.60,1.60,16.7,24.6
8,2023-06-08,0.70,0.70,12.6,25.3
8,2023-06-09,0.00,0.00,19.1,26.0
8,2023-06-10,0.00,0.00,22.0,26.1
8,2023-06-11,0.00,0.00,20.1,26.3
8,2023-06-12,0.20,0.20,19.5,26.1
8,2023-06-13,2.10,2.10,19.8,25.6
8,2023-06-14,4.60,4.60,16.9,25.1
8,2023-06-15,1.60,1.60,14.8,24.9
8,2023-06-16,0.90,0.90,16.0,25.4
8,2023-06-17,5.00,5.00,15.5,25.4
8,2023-06-18,1.60,1.60,13.4,25.4
8,2023-06-19,2.10,2.10,11.8,25.5
8,2023-06-20,1.80,1.80,14.0,25.5
8,2023-06-21,3.70,3.70,14.5,25.8
8,2023-06-22,0.30,0.30,22.1,25.9
8,2023-06-23,1.00,1.00,19.6,26.0
8,2023-06-24,0.00,0.00,23.8,25.7
8,2023-06-25,0.00,0.00,24.4,25.7
8,2023-06-26,0.00,0.00,23.0,25.7
8,2023-06-27,0.00,0.00,21.3,26.6
8,2023-06-28,0.10,0.10,14.9,26.0
8,2023-06-29,0.10,0.10,12.1,26.2
8,2023-06-30,8.90,8.90,14.7,24.8
8,2023-07-01,3.10,3.10,9.4,25.3
8,2023-07-02,0.00,0.00,15.2,25.6
8,2023-07-03,0.60,0.60,20.9,26.2
8,2023-07-04,0.10,0.10,15.6,26.7
8,2023-07-05,0.30,0.30,17.7,26.2
8,2023-07-06,1.10,1.10,15.5,26.4
8,2023-07-07,0.40,0.40,19.9,26.3
8,2023-07-08,0.00,0.00,23.4,25.9
8,2023-07-09,0.00,0.00,24.0,26.0
8,2023-07-10,0.20,0.20,18.1,25.7
8,2023-07-11,0.50,0.50,23.2,26.3
8,2023-07-12,2.10,2.10,17.2,26.5
8,2023-07-13,0.00,0.00,22.8,26.5
8,2023-07-14,0.00,0.00,12.9,26.4
8,2023-07-15,0.50,0.50,13.4,26.0
8,2023-07-16,2.10,2.10,15.6,25.5
8,2023-07-17,0.00,0.00,19.1,26.9
8,2023-07-18,0.00,0.00,26.2,27.1
8,2023-07-19,6.60,6.60,26.5,26.7
8,2023-07-20,0.00,0.00,18.7,27.3
8,2023-07-21,0.10,0.10,19.6,27.0
8,2023-07-22,4.10,4.10,24.3,26.7
8,2023-07-23,1.60,1.60,15.2,27.8
8,2023-07-24,0.00,0.00,19.2,27.5
8,2023-07-25,0.00,0.00,20.1,27.4
8,2023-07-26,0.30,0.30,16.9,27.0
8,2023-07-27,0.00,0.00,16.2,27.4
8,2023-07-28,0.00,0.00,21.3,26.8
8,2023-07-29,0.40,0.40,16.9,26.7
8,2023-07-30,0.00,0.00,22.9,26.7
8,2023-07-31,0.00,0.00,23.7,27.2
8,2023-08-01,0.00,0.00,24.5,27.0
8,2023-08-02,0.00,0.00,20.6,26.8
8,2023-08-03,0.00,0.00,14.2,26.6
8,2023-08-04,0.00,0.00,11.6,26.2
8,2023-08-05,1.10,1.10,10.0,26.1
8,2023-08-06,0.70,0.70,21.0,26.6
8,2023-08-07,0.20,0.20,23.1,27.5
8,2023-08-08,0.00,0.00,30.6,27.5
8,2023-08-09,0.00,0.00,25.0,27.1
8,2023-08-10,0.00,0.00,20.1,26.9
8,2023-08-11,0.00,0.00,15.2,26.7
8,2023-08-12,0.00,0.00,14.7,26.5
8,2023-08-13,0.00,0.00,13.3,26.4
8,2023-08-14,0.00,0.00,14.4,26.7
8,2023-08-15,5.40,5.40,15.9,26.0
8,2023-08-16,1.70,1.70,19.1,26.5
8,2023-08-17,0.20,0.20,13.2,27.3
8,2023-08-18,0.00,0.00,9.4,26.7
8,2023-08-19,0.00,0.00,10.2,26.8
8,2023-08-20,0.20,0.20,11.2,26.7
8,2023-08-21,1.90,1.90,11.5,27.3
8,2023-08-22,0.20,0.20,21.6,27.6
8,2023-08-23,0.00,0.00,16.8,27.3
8,2023-08-24,0.00,0.00,18.9,27.0
8,2023-08-25,3.20,3.20,15.2,26.4
8,2023-08-26,0.20,0.20,17.8,26.9
8,2023-08-27,3.30,3.30,15.9,26.4
8,2023-08-28,3.40,3.40,16.3,26.2
8,2023-08-29,0.10,0.10,19.7,26.7
8,2023-08-30,0.50,0.50,22.8,27.4
8,2023-08-31,0.50,0.50,24.9,26.9
8,2023-09-01,3.80,3.80,20.5,26.5
8,2023-09-02,0.40,0.40,19.7,27.1
8,2023-09-03,5.80,5.80,11.2,26.1
8,2023-09-04,1.20,1.20,16.5,25.8
8,2023-09-05,0.50,0.50,17.1,26.2
8,2023-09-06,0.60,0.60,19.2,26.3
8,2023-09-07,1.60,1.60,18.0,26.8
8,2023-09-08,4.90,4.90,16.0,25.8
8,2023-09-09,4.70,4.70,12.3,26.0
8,2023-09-10,0.80,0.80,19.1,26.3
8,2023-09-11,0.00,0.00,20.4,26.6
8,2023-09-12,0.00,0.00,17.0,26.9
8,2023-09-13,4.60,4.60,13.0,25.7
8,2023-09-14,2.80,2.80,14.8,25.9
8,2023-09-15,0.00,0.00,11.3,27.2
8,2023-09-16,0.90,0.90,16.6,26.9
8,2023-09-17,0.80,0.80,16.2,26.5
8,2023-09-18,0.40,0.40,21.0,26.8
8,2023-09-19,0.10,0.10,20.6,26.7
8,2023-09-20,0.00,0.00,17.5,27.0
8,2023-09-21,0.00,0.00,19.2,26.4
8,2023-09-22,0.00,0.00,19.7,26.6
8,2023-09-23,0.00,0.00,18.2,26.5
8,2023-09-24,0.00,0.00,19.9,26.3
8,2023-09-25,0.00,0.00,17.8,26.3
8,2023-09-26,0.20,0.20,21.0,26.4
8,2023-09-27,0.10,0.10,22.1,26.3
8,2023-09-28,0.70,0.70,16.3,26.3
8,2023-09-29,0.90,0.90,16.3,27.3
8,2023-09-30,0.00,0.00,23.1,27.7
8,2023-10-01,0.00,0.00,19.4,27.1
8,2023-10-02,0.90,0.90,14.8,26.2
8,2023-10-03,0.00,0.00,17.8,25.5
8,2023-10-04,0.00,0.00,16.1,25.4
8,2023-10-05,2.90,2.90,12.8,26.2
8,2023-10-06,0.50,0.50,14.8,25.8
8,2023-10-07,0.40,0.40,8.8,26.2
8,2023-10-08,0.00,0.00,12.6,25.8
8,2023-10-09,0.00,0.00,20.2,26.0
8,2023-10-10,0.00,0.00,15.1,26.1
8,2023-10-11,0.00,0.00,12.2,25.7
8,2023-10-12,0.00,0.00,15.0,25.8
8,2023-10-13,1.40,1.40,14.4,25.9
8,2023-10-14,0.70,0.70,20.5,25.6
8,2023-10-15,1.50,1.50,12.0,26.6
8,2023-10-16,1.20,1.20,16.3,26.2
8,2023-10-17,0.00,0.00,14.6,25.3
8,2023-10-18,1.00,1.00,11.1,25.0
8,2023-10-19,5.10,5.10,8.1,24.7
8,2023-10-20,3.40,3.40,10.6,25.1
8,2023-10-21,4.20,4.20,14.8,25.0
8,2023-10-22,0.60,0.60,15.4,25.2
8,2023-10-23,5.40,5.40,22.9,25.3
8,2023-10-24,1.10,1.10,13.8,25.9
8,2023-10-25,0.00,0.00,15.8,25.2
8,2023-10-26,0.00,0.00,12.7,24.8
8,2023-10-27,0.00,0.00,18.6,25.2
8,2023-10-28,2.50,2.50,20.9,24.9
8,2023-10-29,1.40,1.40,15.1,25.2
8,2023-10-30,0.00,0.00,20.1,25.3
8,2023-10-31,0.00,0.00,18.9,24.7
8,2023-11-01,0.00,0.00,14.6,24.7
8,2023-11-02,0.00,0.00,18.7,24.9
8,2023-11-03,0.80,0.80,20.4,25.3
8,2023-11-04,0.40,0.40,18.7,26.0
8,2023-11-05,0.00,0.00,26.0,26.3
8,2023-11-06,0.60,0.60,26.1,26.4
8,2023-11-07,0.30,0.30,23.1,26.1
8,2023-11-08,0.00,0.00,14.5,26.2
8,2023-11-09,0.00,0.00,25.3,26.5
8,2023-11-10,2.80,2.80,22.0,26.1
8,2023-11-11,0.00,0.00,23.2,25.9
8,2023-11-12,0.00,0.00,27.7,25.6
8,2023-11-13,0.10,0.10,25.6,25.7
8,2023-11-14,0.70,0.70,28.7,24.7
8,2023-11-15,0.30,0.30,27.8,24.1
8,2023-11-16,0.00,0.00,21.4,23.8
8,2023-11-17,0.00,0.00,18.1,24.1
8,2023-11-18,0.10,0.10,16.0,23.9
8,2023-11-19,5.30,5.30,25.4,24.1
8,2023-11-20,1.30,1.30,17.8,23.2
8,2023-11-21,2.40,2.40,16.4,24.3
8,2023-11-22,1.60,1.60,8.9,24.3
8,2023-11-23,2.40,2.40,13.9,24.8
8,2023-11-24,0.00,0.00,14.6,24.1
8,2023-11-25,2.60,2.60,10.0,24.3
8,2023-11-26,0.00,0.00,12.0,24.3
8,2023-11-27,0.80,0.80,19.6,24.4
8,2023-11-28,2.60,2.60,17.6,23.3
8,2023-11-29,7.00,7.00,16.8,23.2
8,2023-11-30,3.00,3.00,21.4,24.1
8,2023-12-01,18.00,18.00,10.1,22.7
8,2023-12-02,0.40,0.40,12.9,23.1
8,2023-12-03,2.60,2.60,10.3,23.1
8,2023-12-04,0.50,0.50,14.0,23.3
8,2023-12-05,0.60,0.60,20.7,24.2
8,2023-12-06,0.30,0.30,23.8,24.4
8,2023-12-07,1.10,1.10,15.1,23.3
8,2023-12-08,0.80,0.80,13.2,23.0
8,2023-12-09,0.00,0.00,15.4,22.7
8,2023-12-10,0.10,0.10,15.5,24.5
8,2023-12-11,1.90,1.90,11.2,24.9
8,2023-12-12,0.20,0.20,16.6,24.0
8,2023-12-13,1.00,1.00,20.5,22.9
8,2023-12-14,0.20,0.20,25.1,21.6
8,2023-12-15,0.00,0.00,24.5,21.4
8,2023-12-16,0.00,0.00,20.4,21.3
8,2023-12-17,0.10,0.10,17.8,21.1
8,2023-12-18,0.30,0.30,19.2,21.7
8,2023-12-19,0.30,0.30,25.6,22.8
8,2023-12-20,0.70,0.70,23.9,22.5
8,2023-12-21,0.00,0.00,23.5,23.8
8,2023-12-22,0.60,0.60,17.9,23.4
8,2023-12-23,0.00,0.00,21.7,23.1
8,2023-12-24,0.00,0.00,15.2,22.7
8,2023-12-25,0.00,0.00,14.1,22.3
8,2023-12-26,0.00,0.00,10.0,22.4
8,2023-12-27,0.00,0.00,17.4,21.5
8,2023-12-28,0.80,0.80,13.5,21.4
8,2023-12-29,0.60,0.60,15.6,21.5
8,2023-12-30,0.00,0.00,15.5,22.1
8,2023-12-31,0.00,0.00,15.3,21.7
8,2024-01-01,0.00,0.00,19.2,22.2
8,2024-01-02,0.90,0.90,23.0,23.5
8,2024-01-03,0.50,0.50,21.4,23.1
8,2024-01-04,0.10,0.10,17.8,22.7
8,2024-01-05,0.00,0.00,18.4,23.0
8,2024-01-06,2.20,2.20,11.5,22.2
8,2024-01-07,3.00,3.00,17.0,23.1
8,2024-01-08,40.70,40.70,25.7,22.0
8,2024-01-09,17.40,17.40,24.5,22.6
8,2024-01-10,0.20,0.20,17.3,22.2
8,2024-01-11,3.30,3.30,33.8,20.8
8,2024-01-12,0.50,0.50,26.0,19.7
8,2024-01-13,0.00,0.00,21.3,20.3
8,2024-01-14,0.00,0.00,13.2,19.4
8,2024-01-15,0.00,0.00,15.8,21.0
8,2024-01-16,6.50,6.50,32.3,23.6
8,2024-01-17,0.40,0.40,21.2,23.2
8,2024-01-18,0.80,0.80,13.0,21.7
8,2024-01-19,0.40,0.40,15.4,22.5
8,2024-01-20,0.60,0.60,15.9,23.1
8,2024-01-21,3.00,3.00,16.5,22.5
8,2024-01-22,3.90,3.90,21.4,23.4
8,2024-01-23,3.60,3.60,20.9,23.6
8,2024-01-24,13.60,13.60,28.4,23.8
8,2024-01-25,5.30,5.30,13.8,22.6
8,2024-01-26,3.80,3.80,16.1,22.4
8,2024-01-27,14.70,14.70,23.6,23.0
8,2024-01-28,13.10,13.10,25.5,23.5
8,2024-01-29,13.00,13.00,27.1,23.3
8,2024-01-30,5.60,5.60,14.8,23.0
8,2024-01-31,0.00,0.00,10.3,21.9
8,2024-02-01,1.20,1.20,11.3,22.0
8,2024-02-02,0.90,0.90,25.7,21.3
8,2024-02-03,0.00,0.00,27.0,20.5
8,2024-02-04,0.00,0.00,29.8,21.7
8,2024-02-05,0.00,0.00,32.4,22.3
8,2024-02-06,0.00,0.00,29.9,22.9
8,2024-02-07,0.00,0.00,28.1,22.9
8,2024-02-08,0.00,0.00,22.0,23.2
8,2024-02-09,0.60,0.60,15.8,22.6
8,2024-02-10,2.70,2.70,13.0,21.6
8,2024-02-11,0.30,0.30,13.6,22.0
8,2024-02-12,0.60,0.60,17.7,21.9
8,2024-02-13,0.50,0.50,12.4,21.9
8,2024-02-14,3.70,3.70,21.3,22.8
8,2024-02-15,3.10,3.10,22.9,21.7
8,2024-02-16,0.00,0.00,19.6,20.5
8,2024-02-17,0.00,0.00,19.1,20.5
8,2024-02-18,0.00,0.00,23.0,20.6
8,2024-02-19,0.00,0.00,18.4,21.2
8,2024-02-20,0.10,0.10,13.3,21.4
8,2024-02-21,1.80,1.80,23.0,21.6
8,2024-02-22,1.30,1.30,18.7,22.9
8,2024-02-23,1.20,1.20,23.1,23.0
8,2024-02-24,0.80,0.80,22.7,22.4
8,2024-02-25,0.00,0.00,23.2,22.3
8,2024-02-26,0.10,0.10,26.8,22.2
8,2024-02-27,0.10,0.10,24.7,22.6
8,2024-02-28,0.00,0.00,21.5,22.1
8,2024-02-29,0.10,0.10,22.5,22.8
8,2024-03-01,0.10,0.10,20.7,22.8
8,2024-03-02,0.00,0.00,19.1,23.0
8,2024-03-03,0.00,0.00,12.5,22.9
8,2024-03-04,0.20,0.20,20.6,23.4
8,2024-03-05,0.10,0.10,25.8,22.6
8,2024-03-06,1.30,1.30,25.8,21.8
8,2024-03-07,0.30,0.30,23.1,22.4
8,2024-03-08,0.00,0.00,26.6,22.5
8,2024-03-09,0.00,0.00,25.4,22.8
8,2024-03-10,0.00,0.00,23.9,22.9
8,2024-03-11,0.00,0.00,23.5,23.1
8,2024-03-12,5.30,5.30,18.6,23.3
8,2024-03-13,3.10,3.10,15.2,22.7
8,2024-03-14,0.70,0.70,19.2,22.2
8,2024-03-15,1.10,1.10,15.6,21.3
8,2024-03-16,0.00,0.00,13.3,21.1
8,2024-03-17,0.10,0.10,14.7,21.8
8,2024-03-18,0.00,0.00,19.9,21.9
8,2024-03-19,0.00,0.00,15.6,22.0
8,2024-03-20,0.70,0.70,17.6,22.0
8,2024-03-21,0.00,0.00,20.8,22.1
8,2024-03-22,0.00,0.00,21.2,22.8
8,2024-03-23,0.00,0.00,25.2,23.2
8,2024-03-24,0.00,0.00,23.5,23.6
8,2024-03-25,0.00,0.00,18.1,23.9
8,2024-03-26,0.00,0.00,20.7,24.0
8,2024-03-27,0.30,0.30,21.3,23.8
8,2024-03-28,0.00,0.00,28.8,24.1
8,2024-03-29,0.00,0.00,22.1,24.0
8,2024-03-30,1.10,1.10,20.9,23.2
8,2024-03-31,0.40,0.40,16.9,23.6
8,2024-04-01,2.60,2.60,22.3,23.5
8,2024-04-02,0.40,0.40,25.9,23.9
8,2024-04-03,0.20,0.20,30.7,24.2
8,2024-04-04,0.20,0.20,30.1,23.7
8,2024-04-05,1.30,1.30,29.5,22.6
8,2024-04-06,1.70,1.70,29.3,22.5
8,2024-04-07,1.30,1.30,26.2,22.9
8,2024-04-08,0.10,0.10,19.5,23.6
8,2024-04-09,0.40,0.40,20.8,23.2
8,2024-04-10,0.80,0.80,18.5,23.4
8,2024-04-11,4.60,4.60,19.7,23.9
8,2024-04-12,1.00,1.00,17.7,24.6
8,2024-04-13,4.70,4.70,17.1,24.4
8,2024-04-14,48.90,48.90,24.0,22.5
8,2024-04-15,2.80,2.80,21.4,22.8
8,2024-04-16,0.10,0.10,17.4,22.3
8,2024-04-17,0.10,0.10,7.2,22.4
8,2024-04-18,2.10,2.10,12.8,22.4
8,2024-04-19,1.50,1.50,19.5,23.1
8,2024-04-20,0.70,0.70,16.8,23.2
8,2024-04-21,1.10,1.10,18.8,22.7
8,2024-04-22,0.00,0.00,20.2,23.7
8,2024-04-23,0.00,0.00,22.9,23.9
8,2024-04-24,0.10,0.10,22.1,23.7
8,2024-04-25,0.00,0.00,27.0,24.1
8,2024-04-26,0.50,0.50,21.6,24.2
8,2024-04-27,5.80,5.80,14.1,23.5
8,2024-04-28,0.80,0.80,16.7,24.6
8,2024-04-29,0.00,0.00,13.0,24.9
8,2024-04-30,0.40,0.40,12.6,24.2
8,2024-05-01,1.40,1.40,14.8,24.8
8,2024-05-02,0.00,0.00,20.9,24.7
8,2024-05-03,1.60,1.60,24.5,24.3
8,2024-05-04,0.20,0.20,26.9,24.0
8,2024-05-05,0.00,0.00,24.6,24.3
8,2024-05-06,0.30,0.30,22.1,24.0
8,2024-05-07,0.00,0.00,15.9,24.4
8,2024-05-08,4.50,4.50,12.4,23.4
8,2024-05-09,2.80,2.80,12.0,22.7
8,2024-05-10,7.70,7.70,15.6,22.2
8,2024-05-11,1.00,1.00,11.0,22.9
8,2024-05-12,4.80,4.80,11.5,22.8
8,2024-05-13,9.50,9.50,15.1,23.7
8,2024-05-14,6.90,6.90,11.5,23.6
8,2024-05-15,11.10,11.10,19.5,23.7
8,2024-05-16,96.90,96.90,23.1,22.6
8,2024-05-17,24.10,24.10,21.4,23.9
8,2024-05-18,13.50,13.50,17.6,24.0
8,2024-05-19,4.30,4.30,17.7,24.7
8,2024-05-20,4.40,4.40,17.3,24.2
8,2024-05-21,0.10,0.10,14.4,25.1
8,2024-05-22,4.80,4.80,19.5,24.5
8,2024-05-23,6.10,6.10,16.2,24.9
8,2024-05-24,0.00,0.00,19.1,24.8
8,2024-05-25,2.10,2.10,18.9,24.2
8,2024-05-26,0.60,0.60,18.1,24.4
8,2024-05-27,0.40,0.40,20.0,24.6
8,2024-05-28,0.80,0.80,22.0,25.0
8,2024-05-29,1.00,1.00,19.5,24.8
8,2024-05-30,0.00,0.00,18.7,24.8
8,2024-05-31,0.00,0.00,19.6,24.6
8,2024-06-01,0.00,0.00,21.7,24.6
8,2024-06-02,0.00,0.00,22.2,24.8
8,2024-06-03,0.10,0.10,23.1,25.3
8,2024-06-04,0.00,0.00,20.5,26.0
8,2024-06-05,0.40,0.40,13.6,25.3
8,2024-06-06,0.00,0.00,19.1,25.4
8,2024-06-07,0.00,0.00,19.1,25.1
8,2024-06-08,0.00,0.00,21.2,25.1
8,2024-06-09,0.00,0.00,17.3,25.3
8,2024-06-10,0.00,0.00,21.7,25.6
8,2024-06-11,0.00,0.00,18.4,25.7
8,2024-06-12,0.10,0.10,17.8,26.0
8,2024-06-13,0.10,0.10,20.6,25.6
8,2024-06-14,0.00,0.00,19.9,25.7
8,2024-06-15,0.00,0.00,24.9,25.9
8,2024-06-16,0.00,0.00,19.2,25.6
8,2024-06-17,0.00,0.00,20.5,25.7
8,2024-06-18,0.20,0.20,22.6,25.5
8,2024-06-19,0.00,0.00,23.4,25.6
8,2024-06-20,0.10,0.10,26.7,25.4
8,2024-06-21,0.50,0.50,23.3,26.1
8,2024-06-22,0.00,0.00,22.5,25.8
8,2024-06-23,0.00,0.00,21.2,26.0
8,2024-06-24,0.00,0.00,24.0,25.8
8,2024-06-25,0.80,0.80,21.5,25.8
8,2024-06-26,5.00,5.00,11.7,25.3
8,2024-06-27,0.10,0.10,14.4,25.5
8,2024-06-28,0.20,0.20,13.4,25.8
8,2024-06-29,2.50,2.50,15.1,25.3
8,2024-06-30,1.70,1.70,12.0,25.5
8,2024-07-01,0.00,0.00,14.5,25.8
8,2024-07-02,5.10,5.10,13.1,25.3
8,2024-07-03,0.80,0.80,12.3,25.7
8,2024-07-04,0.40,0.40,17.8,26.2
8,2024-07-05,0.00,0.00,17.8,26.2
8,2024-07-06,0.00,0.00,12.0,25.8
8,2024-07-07,0.80,0.80,16.8,25.3
8,2024-07-08,0.20,0.20,12.5,25.9
8,2024-07-09,0.00,0.00,23.3,26.4
8,2024-07-10,0.00,0.00,25.3,26.2
8,2024-07-11,0.90,0.90,23.0,26.3
8,2024-07-12,0.00,0.00,24.1,26.8
8,2024-07-13,0.00,0.00,22.0,26.7
8,2024-07-14,0.00,0.00,20.3,26.7
8,2024-07-15,0.00,0.00,19.4,26.0
8,2024-07-16,0.00,0.00,21.9,26.0
8,2024-07-17,0.10,0.10,16.0,26.0
8,2024-07-18,0.10,0.10,14.2,25.5
8,2024-07-19,2.20,2.20,15.4,25.2
8,2024-07-20,3.00,3.00,12.0,26.0
8,2024-07-21,4.00,4.00,14.1,26.4
8,2024-07-22,0.20,0.20,17.8,26.9
8,2024-07-23,0.30,0.30,22.3,26.6
8,2024-07-24,0.20,0.20,24.5,27.2
8,2024-07-25,0.00,0.00,24.1,27.0
8,2024-07-26,0.00,0.00,25.9,25.5
8,2024-07-27,0.40,0.40,23.6,25.2
8,2024-07-28,0.70,0.70,19.8,26.2
8,2024-07-29,0.10,0.10,18.4,26.5
8,2024-07-30,0.20,0.20,15.3,26.0
8,2024-07-31,0.10,0.10,15.2,26.2
8,2024-08-01,1.40,1.40,17.3,25.1
8,2024-08-02,2.10,2.10,12.0,25.6
8,2024-08-03,0.50,0.50,15.5,26.3
8,2024-08-04,0.00,0.00,15.8,26.6
8,2024-08-05,0.00,0.00,17.2,26.8
8,2024-08-06,0.00,0.00,15.8,26.6
8,2024-08-07,0.00,0.00,17.1,26.6
8,2024-08-08,0.20,0.20,10.2,26.9
8,2024-08-09,0.00,0.00,12.5,26.7
8,2024-08-10,0.00,0.00,20.4,27.0
8,2024-08-11,0.30,0.30,19.2,27.1
8,2024-08-12,1.30,1.30,17.3,26.9
8,2024-08-13,0.00,0.00,18.1,26.9
8,2024-08-14,0.10,0.10,12.3,26.7
8,2024-08-15,1.00,1.00,14.4,26.5
8,2024-08-16,0.00,0.00,20.5,27.5
8,2024-08-17,0.00,0.00,21.0,27.4
8,2024-08-18,0.00,0.00,13.7,27.5
8,2024-08-19,4.20,4.20,12.2,27.1
8,2024-08-20,3.20,3.20,15.2,27.2
8,2024-08-21,0.00,0.00,21.7,26.8
8,2024-08-22,0.00,0.00,23.8,26.8
8,2024-08-23,0.30,0.30,23.4,27.2
8,2024-08-24,0.00,0.00,27.2,27.4
8,2024-08-25,8.20,8.20,31.9,25.7
8,2024-08-26,2.10,2.10,24.1,25.8
8,2024-08-27,0.20,0.20,17.3,26.4
8,2024-08-28,4.70,4.70,12.1,25.7
8,2024-08-29,2.10,2.10,11.7,26.9
8,2024-08-30,4.00,4.00,12.4,26.7
8,2024-08-31,5.30,5.30,16.4,26.8
8,2024-09-01,1.60,1.60,13.1,27.5
8,2024-09-02,0.00,0.00,23.1,27.4
8,2024-09-03,0.00,0.00,17.1,27.4
8,2024-09-04,0.40,0.40,16.4,26.0
8,2024-09-05,0.00,0.00,14.2,26.4
8,2024-09-06,0.30,0.30,17.4,26.3
8,2024-09-07,0.20,0.20,12.6,26.2
8,2024-09-08,1.30,1.30,19.5,25.5
8,2024-09-09,1.70,1.70,9.1,24.6
8,2024-09-10,2.10,2.10,12.6,25.1
8,2024-09-11,0.00,0.00,14.8,25.9
8,2024-09-12,0.00,0.00,17.6,26.8
8,2024-09-13,0.30,0.30,16.2,27.1
8,2024-09-14,0.00,0.00,19.8,26.8
8,2024-09-15,0.00,0.00,20.6,26.7
8,2024-09-16,0.20,0.20,21.2,27.6
8,2024-09-17,1.80,1.80,9.1,27.1
8,2024-09-18,0.00,0.00,23.9,27.4
8,2024-09-19,0.00,0.00,18.2,27.0
8,2024-09-20,0.00,0.00,17.8,26.4
8,2024-09-21,4.10,4.10,15.9,25.8
8,2024-09-22,2.90,2.90,14.5,26.1
8,2024-09-23,4.00,4.00,16.8,25.8
8,2024-09-24,0.00,0.00,18.8,26.8
8,2024-09-25,0.00,0.00,16.1,26.8
8,2024-09-26,1.20,1.20,13.2,26.2
8,2024-09-27,0.00,0.00,15.8,26.7
8,2024-09-28,0.00,0.00,19.2,26.8
8,2024-09-29,0.60,0.60,11.2,26.1
8,2024-09-30,0.90,0.90,20.4,26.2
8,2024-10-01,0.20,0.20,13.6,26.4
8,2024-10-02,0.50,0.50,15.0,26.9
8,2024-10-03,0.50,0.50,10.2,25.6
8,2024-10-04,0.20,0.20,7.8,25.8
8,2024-10-05,3.30,3.30,9.3,25.4
8,2024-10-06,3.90,3.90,18.7,25.9
8,2024-10-07,0.00,0.00,16.0,26.0
8,2024-10-08,0.00,0.00,17.8,25.9
8,2024-10-09,0.00,0.00,18.5,26.2
8,2024-10-10,4.50,4.50,11.7,26.1
8,2024-10-11,4.70,4.70,14.5,25.8
8,2024-10-12,0.10,0.10,17.5,25.1
8,2024-10-13,0.20,0.20,16.4,25.5
8,2024-10-14,3.20,3.20,24.3,26.3
8,2024-10-15,0.00,0.00,23.0,26.5
8,2024-10-16,0.00,0.00,25.2,26.3
8,2024-10-17,0.00,0.00,21.4,26.5
8,2024-10-18,2.40,2.40,13.0,27.1
8,2024-10-19,1.50,1.50,9.7,26.2
8,2024-10-20,0.00,0.00,20.2,25.9
8,2024-10-21,0.00,0.00,16.6,25.5
8,2024-10-22,2.10,2.10,15.7,24.8
8,2024-10-23,0.40,0.40,11.4,25.7
8,2024-10-24,0.30,0.30,18.1,25.6
8,2024-10-25,2.90,2.90,15.8,25.4
8,2024-10-26,1.80,1.80,14.9,25.7
8,2024-10-27,3.40,3.40,17.5,25.4
8,2024-10-28,0.70,0.70,23.1,26.2
8,2024-10-29,0.10,0.10,23.7,25.9
8,2024-10-30,0.50,0.50,23.7,25.5
8,2024-10-31,0.50,0.50,24.0,26.1
8,2024-11-01,0.00,0.00,20.8,25.8
8,2024-11-02,0.70,0.70,17.0,25.1
8,2024-11-03,1.20,1.20,19.7,25.8
8,2024-11-04,1.60,1.60,17.1,26.0
8,2024-11-05,7.00,7.00,10.1,25.9
8,2024-11-06,1.10,1.10,19.7,25.2
8,2024-11-07,0.70,0.70,23.9,25.2
8,2024-11-08,0.40,0.40,21.7,24.6
8,2024-11-09,0.00,0.00,20.9,25.2
8,2024-11-10,0.00,0.00,24.2,25.6
8,2024-11-11,0.20,0.20,23.6,25.7
8,2024-11-12,0.00,0.00,22.1,25.4
8,2024-11-13,0.70,0.70,23.8,25.1
8,2024-11-14,0.20,0.20,25.7,25.2
8,2024-11-15,0.00,0.00,25.7,25.5
8,2024-11-16,0.10,0.10,23.5,25.3
8,2024-11-17,0.10,0.10,25.1,24.8
8,2024-11-18,0.00,0.00,20.4,25.3
8,2024-11-19,1.50,1.50,18.4,25.1
8,2024-11-20,0.00,0.00,12.6,24.2
8,2024-11-21,0.00,0.00,13.0,23.3
8,2024-11-22,0.00,0.00,19.3,22.5
8,2024-11-23,0.00,0.00,14.5,22.2
8,2024-11-24,0.00,0.00,19.4,22.7
8,2024-11-25,0.00,0.00,14.6,23.9
8,2024-11-26,0.10,0.10,17.5,23.7
8,2024-11-27,0.00,0.00,14.5,23.9
8,2024-11-28,0.00,0.00,16.1,23.8
8,2024-11-29,0.00,0.00,12.7,24.0
8,2024-11-30,0.40,0.40,13.6,23.5
8,2024-12-01,0.00,0.00,14.6,23.0
8,2024-12-02,0.00,0.00,12.1,23.5
8,2024-12-03,0.00,0.00,12.3,23.7
8,2024-12-04,0.40,0.40,14.3,23.6
8,2024-12-05,1.10,1.10,16.5,24.7
8,2024-12-06,10.20,10.20,6.5,23.3
8,2024-12-07,0.00,0.00,12.9,23.1
8,2024-12-08,1.20,1.20,12.4,23.2
8,2024-12-09,0.00,0.00,13.9,23.7
8,2024-12-10,0.00,0.00,22.7,24.4
8,2024-12-11,0.00,0.00,23.7,24.7
8,2024-12-12,0.00,0.00,23.8,25.0
8,2024-12-13,0.00,0.00,20.4,25.1
8,2024-12-14,0.00,0.00,17.4,24.5
8,2024-12-15,0.50,0.50,17.5,24.5
8,2024-12-16,0.00,0.00,14.1,23.0
8,2024-12-17,0.00,0.00,10.4,22.8
8,2024-12-18,0.70,0.70,11.7,24.1
8,2024-12-19,0.40,0.40,14.9,24.0
8,2024-12-20,0.00,0.00,11.5,23.6
8,2024-12-21,0.30,0.30,13.5,23.2
8,2024-12-22,0.00,0.00,19.6,23.7
8,2024-12-23,0.00,0.00,22.3,23.8
8,2024-12-24,0.10,0.10,15.6,24.2
8,2024-12-25,0.00,0.00,22.2,23.8
8,2024-12-26,0.10,0.10,10.2,23.4
8,2024-12-27,0.00,0.00,18.9,23.8
8,2024-12-28,0.40,0.40,13.2,23.3
8,2024-12-29,0.50,0.50,13.9,23.3
8,2024-12-30,0.00,0.00,18.3,23.4
8,2024-12-31,0.00,0.00,16.2,24.6
8,2025-01-01,0.00,0.00,14.5,23.7
8,2025-01-02,0.00,0.00,16.8,24.1
8,2025-01-03,0.00,0.00,14.7,23.6
8,2025-01-04,0.00,0.00,14.1,23.1
8,2025-01-05,3.80,3.80,19.2,23.9
8,2025-01-06,1.20,1.20,15.7,24.1
8,2025-01-07,3.80,3.80,23.4,24.1
8,2025-01-08,4.20,4.20,14.6,24.0
8,2025-01-09,3.30,3.30,10.8,23.7
8,2025-01-10,0.10,0.10,12.1,23.8
8,2025-01-11,0.00,0.00,17.6,23.5
8,2025-01-12,2.40,2.40,14.9,23.5
8,2025-01-13,0.00,0.00,16.0,23.6
8,2025-01-14,0.00,0.00,10.7,23.6
8,2025-01-15,3.70,3.70,18.7,22.6
8,2025-01-16,0.20,0.20,13.8,22.7
8,2025-01-17,0.00,0.00,17.4,23.3
8,2025-01-18,0.00,0.00,14.7,22.0
8,2025-01-19,0.00,0.00,15.2,22.4
8,2025-01-20,0.00,0.00,15.2,22.1
8,2025-01-21,0.00,0.00,14.8,21.3
8,2025-01-22,2.70,2.70,20.6,21.1
8,2025-01-23,0.00,0.00,12.1,20.4
8,2025-01-24,0.00,0.00,15.1,21.0
8,2025-01-25,1.10,1.10,9.6,22.4
8,2025-01-26,16.60,16.60,9.5,22.5
8,2025-01-27,0.70,0.70,23.5,21.6
8,2025-01-28,0.00,0.00,12.3,21.1
8,2025-01-29,0.90,0.90,25.4,21.7
8,2025-01-30,102.00,102.00,35.3,23.1
8,2025-01-31,1.10,1.10,26.1,23.5
8,2025-02-01,0.00,0.00,14.9,21.8
8,2025-02-02,0.00,0.00,13.9,20.5
8,2025-02-03,0.10,0.10,13.9,20.7
8,2025-02-04,0.10,0.10,15.7,20.6
8,2025-02-05,0.00,0.00,8.8,20.5
8,2025-02-06,1.40,1.40,9.8,20.4
8,2025-02-07,0.90,0.90,11.4,21.9
8,2025-02-08,0.00,0.00,14.2,21.5
8,2025-02-09,0.00,0.00,11.2,22.2
8,2025-02-10,0.00,0.00,11.8,22.0
8,2025-02-11,0.00,0.00,15.3,22.3
8,2025-02-12,0.00,0.00,13.5,21.8
8,2025-02-13,1.00,1.00,14.7,22.1
8,2025-02-14,4.20,4.20,11.9,22.8
8,2025-02-15,0.40,0.40,15.7,23.3
8,2025-02-16,1.00,1.00,12.9,24.2
8,2025-02-17,11.40,11.40,13.6,22.8
8,2025-02-18,0.10,0.10,13.3,22.8
8,2025-02-19,2.20,2.20,14.8,23.0
8,2025-02-20,0.00,0.00,10.9,23.0
8,2025-02-21,0.00,0.00,11.2,22.7
8,2025-02-22,0.10,0.10,10.6,22.3
8,2025-02-23,0.00,0.00,11.9,22.9
8,2025-02-24,0.10,0.10,15.4,23.0
8,2025-02-25,0.10,0.10,11.9,23.6
8,2025-02-26,3.80,3.80,17.8,23.1
8,2025-02-27,2.10,2.10,18.4,24.1
8,2025-02-28,1.00,1.00,17.4,24.1
8,2025-03-01,0.00,0.00,16.5,24.0
8,2025-03-02,0.20,0.20,16.5,23.6
8,2025-03-03,0.00,0.00,19.7,24.1
8,2025-03-04,0.50,0.50,25.0,24.2
8,2025-03-05,0.00,0.00,24.6,24.6
8,2025-03-06,0.00,0.00,21.6,24.4
8,2025-03-07,0.60,0.60,22.4,23.5
8,2025-03-08,0.60,0.60,22.5,23.0
8,2025-03-09,0.00,0.00,18.4,23.4
8,2025-03-10,0.50,0.50,22.0,23.4
8,2025-03-11,0.00,0.00,26.1,23.4
8,2025-03-12,0.00,0.00,22.4,23.7
8,2025-03-13,0.00,0.00,24.1,24.4
8,2025-03-14,1.80,1.80,22.0,24.0
8,2025-03-15,1.30,1.30,14.1,23.0
8,2025-03-16,0.90,0.90,14.6,23.5
8,2025-03-17,1.10,1.10,11.8,23.5
8,2025-03-18,7.40,7.40,14.7,23.0
8,2025-03-19,2.30,2.30,20.7,24.0
8,2025-03-20,0.00,0.00,19.3,24.5
8,2025-03-21,0.40,0.40,17.8,24.5
8,2025-03-22,0.00,0.00,14.2,24.4
8,2025-03-23,0.20,0.20,15.9,23.9
8,2025-03-24,0.00,0.00,17.2,23.1
8,2025-03-25,0.00,0.00,18.9,23.4
8,2025-03-26,0.10,0.10,15.9,23.8
8,2025-03-27,0.00,0.00,13.3,24.0
8,2025-03-28,3.00,3.00,12.2,23.9
8,2025-03-29,1.20,1.20,19.0,23.4
8,2025-03-30,0.30,0.30,12.3,23.5
8,2025-03-31,1.20,1.20,20.8,24.2
8,2025-04-01,1.80,1.80,22.7,25.0
8,2025-04-02,0.10,0.10,15.1,23.9
8,2025-04-03,0.90,0.90,14.2,24.2
8,2025-04-04,1.10,1.10,12.3,24.5
8,2025-04-05,0.00,0.00,19.4,25.2
8,2025-04-06,0.00,0.00,19.8,25.5
8,2025-04-07,0.00,0.00,17.8,25.5
8,2025-04-08,0.00,0.00,18.2,24.5
8,2025-04-09,5.30,5.30,12.3,23.6
8,2025-04-10,0.70,0.70,18.9,24.4
8,2025-04-11,1.10,1.10,21.6,24.6
8,2025-04-12,1.80,1.80,16.2,24.5
8,2025-04-13,1.70,1.70,15.3,24.8
8,2025-04-14,0.30,0.30,20.8,25.0
8,2025-04-15,2.90,2.90,18.0,24.3
8,2025-04-16,2.90,2.90,11.0,23.5
8,2025-04-17,0.90,0.90,8.2,23.2
8,2025-04-18,1.00,1.00,11.6,22.7
8,2025-04-19,3.80,3.80,15.1,23.7
8,2025-04-20,0.90,0.90,12.7,24.1
8,2025-04-21,1.30,1.30,10.4,24.0
8,2025-04-22,2.00,2.00,12.1,23.8
8,2025-04-23,3.00,3.00,20.9,24.6
8,2025-04-24,2.80,2.80,17.8,25.0
8,2025-04-25,3.00,3.00,12.5,24.6
8,2025-04-26,3.10,3.10,12.0,24.4
8,2025-04-27,6.60,6.60,9.5,23.5
8,2025-04-28,6.70,6.70,13.6,23.5
8,2025-04-29,2.50,2.50,9.8,23.1
8,2025-04-30,6.00,6.00,11.9,24.0
8,2025-05-01,0.30,0.30,16.6,25.2
8,2025-05-02,0.00,0.00,20.8,25.3
8,2025-05-03,0.50,0.50,17.5,25.2
8,2025-05-04,0.70,0.70,22.0,25.4
8,2025-05-05,0.00,0.00,20.2,25.5
8,2025-05-06,1.50,1.50,18.6,25.2
8,2025-05-07,0.00,0.00,20.3,25.1
8,2025-05-08,5.30,5.30,16.3,25.2
8,2025-05-09,0.00,0.00,19.6,25.7
8,2025-05-10,0.00,0.00,23.5,25.6
8,2025-05-11,0.60,0.60,21.8,25.2
8,2025-05-12,1.90,1.90,19.5,25.2
8,2025-05-13,0.00,0.00,21.4,25.7
8,2025-05-14,3.60,3.60,18.0,25.1
8,2025-05-15,2.30,2.30,19.6,24.7
8,2025-05-16,3.20,3.20,21.2,24.9
8,2025-05-17,2.00,2.00,15.2,25.1
8,2025-05-18,3.10,3.10,16.6,25.2
8,2025-05-19,6.50,6.50,11.2,24.8
8,2025-05-20,0.10,0.10,10.3,25.2
8,2025-05-21,0.70,0.70,15.2,25.2
8,2025-05-22,1.80,1.80,18.6,25.1
8,2025-05-23,1.80,1.80,14.9,25.1
8,2025-05-24,2.30,2.30,16.3,24.9
8,2025-05-25,0.00,0.00,18.0,25.3
8,2025-05-26,0.10,0.10,17.7,25.5
8,2025-05-27,0.20,0.20,17.3,25.2
8,2025-05-28,0.00,0.00,21.0,24.7
8,2025-05-29,5.10,5.10,16.6,24.0
8,2025-05-30,0.00,0.00,13.1,25.3
8,2025-05-31,0.00,0.00,18.5,26.0
8,2025-06-01,7.70,7.70,13.8,24.9
8,2025-06-02,0.80,0.80,16.8,25.7
8,2025-06-03,0.10,0.10,18.2,26.3
8,2025-06-04,0.00,0.00,19.5,26.5
8,2025-06-05,0.20,0.20,19.8,25.5
8,2025-06-06,0.20,0.20,13.1,26.0
8,2025-06-07,0.60,0.60,16.3,25.2
8,2025-06-08,1.20,1.20,20.2,24.8
8,2025-06-09,8.70,8.70,13.2,24.2
8,2025-06-10,0.10,0.10,14.4,26.0
8,2025-06-11,0.00,0.00,18.5,26.5
8,2025-06-12,0.50,0.50,13.6,26.2
8,2025-06-13,0.00,0.00,17.4,26.0
8,2025-06-14,0.50,0.50,20.2,25.5
8,2025-06-15,0.00,0.00,22.1,26.3
8,2025-06-16,0.50,0.50,20.7,26.0
8,2025-06-17,0.00,0.00,19.5,26.0
8,2025-06-18,0.00,0.00,19.4,26.2
8,2025-06-19,0.20,0.20,16.9,26.3
8,2025-06-20,8.40,8.40,15.9,25.1
8,2025-06-21,0.00,0.00,19.2,26.7
8,2025-06-22,0.00,0.00,20.8,26.7
8,2025-06-23,0.00,0.00,22.5,26.1
8,2025-06-24,3.20,3.20,16.3,26.0
8,2025-06-25,0.90,0.90,17.5,26.0
8,2025-06-26,1.20,1.20,18.3,26.6
8,2025-06-27,0.10,0.10,17.0,26.6
8,2025-06-28,0.30,0.30,19.1,26.8
8,2025-06-29,2.90,2.90,16.2,25.7
8,2025-06-30,8.20,8.20,12.5,24.5
8,2025-07-01,0.10,0.10,14.5,25.7
8,2025-07-02,2.10,2.10,12.7,25.7
8,2025-07-03,0.00,0.00,14.8,26.6
8,2025-07-04,0.40,0.40,19.9,25.9
8,2025-07-05,0.20,0.20,22.5,26.3
8,2025-07-06,0.00,0.00,23.8,26.5
8,2025-07-07,0.10,0.10,21.4,26.4
8,2025-07-08,0.00,0.00,21.5,26.0
8,2025-07-09,0.00,0.00,21.8,26.5
8,2025-07-10,0.40,0.40,21.7,26.1
8,2025-07-11,0.20,0.20,18.2,26.1
8,2025-07-12,3.90,3.90,15.0,26.1
8,2025-07-13,1.50,1.50,15.6,26.3
8,2025-07-14,3.80,3.80,14.8,26.5
8,2025-07-15,0.00,0.00,15.4,26.9
8,2025-07-16,0.00,0.00,18.9,26.8
8,2025-07-17,0.00,0.00,14.1,27.0
8,2025-07-18,6.00,6.00,13.2,26.4
8,2025-07-19,2.00,2.00,12.5,26.4
8,2025-07-20,0.70,0.70,15.2,26.9
8,2025-07-21,0.10,0.10,20.6,27.2
8,2025-07-22,0.60,0.60,20.6,26.6
8,2025-07-23,0.00,0.00,19.0,27.3
8,2025-07-24,0.00,0.00,15.0,26.8
8,2025-07-25,0.00,0.00,14.7,26.4
8,2025-07-26,1.90,1.90,17.0,25.3
8,2025-07-27,0.70,0.70,20.3,25.6
8,2025-07-28,6.20,6.20,13.6,25.8
8,2025-07-29,0.60,0.60,14.4,27.0
8,2025-07-30,0.00,0.00,22.5,27.4
8,2025-07-31,0.00,0.00,21.6,27.0
8,2025-08-01,0.00,0.00,22.1,26.9
8,2025-08-02,0.00,0.00,22.6,26.8
8,2025-08-03,0.10,0.10,22.3,26.7
8,2025-08-04,0.00,0.00,15.9,27.3
8,2025-08-05,0.00,0.00,13.4,26.7
8,2025-08-06,1.10,1.10,9.7,26.8
8,2025-08-07,1.00,1.00,12.7,27.0
8,2025-08-08,0.00,0.00,17.3,27.1
8,2025-08-09,2.20,2.20,17.3,26.0
8,2025-08-10,2.70,2.70,10.1,25.2
8,2025-08-11,2.50,2.50,11.7,26.0
8,2025-08-12,0.10,0.10,9.7,26.9
8,2025-08-13,0.00,0.00,13.6,26.9
8,2025-08-14,5.00,5.00,14.9,25.6
8,2025-08-15,0.20,0.20,12.6,26.2
8,2025-08-16,0.20,0.20,17.7,27.1
8,2025-08-17,0.20,0.20,19.9,27.4
8,2025-08-18,3.60,3.60,13.2,26.5
8,2025-08-19,0.00,0.00,14.2,27.5
8,2025-08-20,0.10,0.10,17.7,27.0
8,2025-08-21,0.00,0.00,19.3,27.2
8,2025-08-22,0.00,0.00,17.1,27.4
8,2025-08-23,2.00,2.00,14.7,26.5
8,2025-08-24,0.00,0.00,15.9,27.1
8,2025-08-25,0.10,0.10,17.7,26.6
8,2025-08-26,0.00,0.00,15.9,27.2
8,2025-08-27,0.00,0.00,17.1,27.3
8,2025-08-28,2.00,2.00,13.3,26.5
8,2025-08-29,0.00,0.00,14.1,26.8
8,2025-08-30,1.00,1.00,13.2,25.7
8,2025-08-31,0.70,0.70,16.8,26.3
8,2025-09-01,3.20,3.20,10.2,26.5
8,2025-09-02,1.40,1.40,17.2,25.3
8,2025-09-03,0.00,0.00,17.9,26.0
8,2025-09-04,0.50,0.50,16.5,26.4
8,2025-09-05,1.00,1.00,17.3,26.1
8,2025-09-06,0.80,0.80,15.2,25.5
8,2025-09-07,0.00,0.00,14.3,25.5
8,2025-09-08,0.00,0.00,14.3,26.2
8,2025-09-09,3.60,3.60,13.4,27.1
8,2025-09-10,1.60,1.60,13.7,26.8
8,2025-09-11,6.60,6.60,13.1,26.8
8,2025-09-12,0.10,0.10,18.8,27.2
8,2025-09-13,0.00,0.00,17.0,27.3
8,2025-09-14,0.00,0.00,14.4,27.3
8,2025-09-15,0.00,0.00,14.5,26.9
8,2025-09-16,0.10,0.10,20.8,26.5
8,2025-09-17,0.00,0.00,21.0,26.8
8,2025-09-18,0.10,0.10,24.9,27.1
8,2025-09-19,0.80,0.80,13.2,27.4
8,2025-09-20,0.20,0.20,18.4,26.8
8,2025-09-21,2.60,2.60,17.4,26.8
8,2025-09-22,3.40,3.40,12.8,26.7
8,2025-09-23,0.40,0.40,14.1,26.4
8,2025-09-24,1.20,1.20,7.4,26.4
8,2025-09-25,2.50,2.50,14.0,24.8
8,2025-09-26,2.00,2.00,16.2,26.4
8,2025-09-27,3.50,3.50,16.5,26.0
8,2025-09-28,0.00,0.00,15.5,27.1
8,2025-09-29,0.00,0.00,14.8,27.1
8,2025-09-30,0.00,0.00,15.0,26.7
8,2025-10-01,1.70,1.70,13.4,26.4
8,2025-10-02,2.30,2.30,11.2,26.2
8,2025-10-03,6.90,6.90,9.9,25.9
8,2025-10-04,0.10,0.10,11.5,26.7
8,2025-10-05,0.00,0.00,12.8,26.5
8,2025-10-06,7.30,7.30,7.8,24.2
8,2025-10-07,0.60,0.60,11.3,24.7
8,2025-10-08,2.00,2.00,11.6,25.4
8,2025-10-09,0.80,0.80,13.9,26.1
8,2025-10-10,3.00,3.00,9.7,25.4
8,2025-10-11,1.90,1.90,12.6,25.0
8,2025-10-12,3.30,3.30,20.6,24.5
8,2025-10-13,1.00,1.00,14.1,24.8
8,2025-10-14,1.10,1.10,10.1,26.0
8,2025-10-15,0.00,0.00,16.5,26.2
8,2025-10-16,5.20,5.20,12.5,26.0
8,2025-10-17,1.00,1.00,18.8,25.9
8,2025-10-18,0.30,0.30,18.7,26.4
8,2025-10-19,0.00,0.00,15.4,26.4
8,2025-10-20,2.10,2.10,14.1,26.0
8,2025-10-21,0.30,0.30,15.7,25.5
8,2025-10-22,0.00,0.00,19.9,26.0
8,2025-10-23,0.20,0.20,18.0,26.3
8,2025-10-24,0.40,0.40,21.6,25.6
8,2025-10-25,0.40,0.40,21.0,26.2
8,2025-10-26,0.60,0.60,19.7,26.0
8,2025-10-27,0.40,0.40,10.2,25.6
8,2025-10-28,0.00,0.00,14.6,25.7
8,2025-10-29,0.00,0.00,11.7,25.9
8,2025-10-30,0.00,0.00,17.9,26.2
8,2025-10-31,0.00,0.00,10.3,26.0
8,2025-11-01,0.00,0.00,9.1,25.8
8,2025-11-02,2.70,2.70,14.0,24.6
8,2025-11-03,1.30,1.30,18.5,26.2
8,2025-11-04,0.00,0.00,7.3,26.0
8,2025-11-05,0.00,0.00,15.5,25.9
8,2025-11-06,0.00,0.00,16.8,26.2
8,2025-11-07,0.00,0.00,16.8,25.5
8,2025-11-08,1.20,1.20,9.5,24.5
8,2025-11-09,0.70,0.70,19.0,24.6
8,2025-11-10,0.40,0.40,21.9,24.7
8,2025-11-11,0.70,0.70,23.3,24.5
8,2025-11-12,2.40,2.40,26.4,24.0
8,2025-11-13,0.00,0.00,21.3,25.2
8,2025-11-14,0.40,0.40,19.7,25.6
8,2025-11-15,0.00,0.00,12.6,24.1
8,2025-11-16,0.20,0.20,10.8,24.5
8,2025-11-17,1.30,1.30,14.4,25.2
8,2025-11-18,0.50,0.50,9.0,24.7
8,2025-11-19,0.60,0.60,22.0,25.0
8,2025-11-20,0.70,0.70,24.2,25.5
8,2025-11-21,3.20,3.20,19.4,25.3
8,2025-11-22,2.60,2.60,17.3,25.2
8,2025-11-23,0.10,0.10,14.4,25.2
8,2025-11-24,0.00,0.00,12.0,24.5
8,2025-11-25,0.00,0.00,18.4,24.0
8,2025-11-26,0.00,0.00,15.6,24.1
8,2025-11-27,0.00,0.00,13.6,24.3
8,2025-11-28,0.00,0.00,13.5,24.5
8,2025-11-29,0.00,0.00,16.8,24.3
8,2025-11-30,0.00,0.00,15.8,23.5
8,2025-12-01,0.00,0.00,11.6,23.6
8,2025-12-02,0.00,0.00,14.1,23.6
8,2025-12-03,0.00,0.00,12.1,23.2
8,2025-12-04,0.20,0.20,16.2,23.9
8,2025-12-05,1.70,1.70,19.5,24.8
8,2025-12-06,0.20,0.20,15.5,24.9
8,2025-12-07,0.80,0.80,13.7,24.0
8,2025-12-08,0.10,0.10,11.3,23.8
8,2025-12-09,0.20,0.20,13.1,23.2
8,2025-12-10,1.60,1.60,14.5,23.1
8,2025-12-11,1.00,1.00,17.1,23.1
8,2025-12-12,0.00,0.00,9.7,22.8
8,2025-12-13,4.00,4.00,22.6,24.2
8,2025-12-14,66.70,66.70,16.5,22.8
8,2025-12-15,19.40,19.40,16.5,23.8
8,2025-12-16,7.20,7.20,19.1,24.1
8,2025-12-17,7.30,7.30,21.1,24.0
8,2025-12-18,8.40,8.40,11.7,22.6
8,2025-12-19,8.10,8.10,11.2,22.8
8,2025-12-20,4.20,4.20,10.8,23.5
8,2025-12-21,0.40,0.40,15.3,24.3
8,2025-12-22,0.00,0.00,20.2,24.7
8,2025-12-23,0.00,0.00,20.2,23.8
8,2025-12-24,0.00,0.00,16.6,23.4
8,2025-12-25,0.00,0.00,17.9,22.6
8,2025-12-26,1.50,1.50,13.9,22.5
8,2025-12-27,2.00,2.00,14.2,22.6
8,2025-12-28,1.10,1.10,15.1,23.2
8,2025-12-29,0.00,0.00,12.0,22.9
8,2025-12-30,0.10,0.10,18.2,23.0
8,2025-12-31,0.50,0.50,13.6,22.6
8,2026-01-01,0.20,0.20,16.2,22.4
8,2026-01-02,0.00,0.00,17.2,22.8
8,2026-01-03,1.00,1.00,8.6,22.5
8,2026-01-04,23.50,23.50,10.4,21.2
8,2026-01-05,1.70,1.70,24.4,23.2
8,2026-01-06,0.10,0.10,25.1,24.1
8,2026-01-07,0.00,0.00,18.2,23.6
8,2026-01-08,0.00,0.00,11.1,23.5
8,2026-01-09,1.70,1.70,8.8,22.9
8,2026-01-10,0.60,0.60,13.7,23.4
8,2026-01-11,1.80,1.80,10.6,23.2
8,2026-01-12,1.70,1.70,22.3,23.1
8,2026-01-13,0.00,0.00,17.8,21.3
8,2026-01-14,6.10,6.10,27.7,23.2
8,2026-01-15,9.70,9.70,28.6,21.4
8,2026-01-16,0.00,0.00,15.4,20.2
8,2026-01-17,0.00,0.00,16.7,20.5
8,2026-01-18,0.20,0.20,18.3,21.5
8,2026-01-19,0.00,0.00,14.5,22.7
8,2026-01-20,0.20,0.20,13.7,22.3
8,2026-01-21,4.20,4.20,21.8,21.4
8,2026-01-22,0.00,0.00,11.6,22.4
8,2026-01-23,2.90,2.90,10.8,22.5
8,2026-01-24,0.10,0.10,9.7,22.5
8,2026-01-25,0.10,0.10,10.6,22.9
8,2026-01-26,1.40,1.40,9.4,23.0
8,2026-01-27,0.00,0.00,10.5,23.1
8,2026-01-28,0.10,0.10,10.9,23.4
8,2026-01-29,4.00,4.00,12.9,23.6
8,2026-01-30,2.20,2.20,14.0,23.2
8,2026-01-31,0.00,0.00,10.9,21.9
8,2026-02-01,0.80,0.80,18.7,22.6
8,2026-02-02,9.80,9.80,31.3,24.1
8,2026-02-03,0.10,0.10,19.6,22.5
8,2026-02-04,0.00,0.00,12.8,20.9
8,2026-02-05,6.30,6.30,15.1,21.8
8,2026-02-06,2.70,2.70,12.8,22.3
8,2026-02-07,14.10,14.10,13.0,19.8
8,2026-02-08,10.20,10.20,26.9,19.6
8,2026-02-09,1.50,1.50,26.3,22.1
8,2026-02-10,1.00,1.00,24.6,23.1
8,2026-02-11,0.00,0.00,22.5,23.4
8,2026-02-12,0.10,0.10,21.8,23.1
8,2026-02-13,0.00,0.00,23.5,23.5
8,2026-02-14,0.20,0.20,24.5,23.4
8,2026-02-15,1.20,1.20,28.4,23.0
8,2026-02-16,0.00,0.00,26.6,22.5
8,2026-02-17,0.00,0.00,25.4,22.8
8,2026-02-18,0.00,0.00,27.5,23.3
8,2026-02-19,0.10,0.10,28.4,23.2
8,2026-02-20,11.80,11.80,21.1,22.3
8,2026-02-21,20.80,20.80,15.0,20.6
8,2026-02-22,2.40,2.40,14.6,20.9
8,2026-02-23,0.00,0.00,18.4,20.9
8,2026-02-24,0.60,0.60,15.7,20.1
8,2026-02-25,0.00,0.00,15.8,20.6
8,2026-02-26,0.00,0.00,16.3,21.9
8,2026-02-27,0.40,0.40,10.1,21.7
8,2026-02-28,0.00,0.00,12.6,22.8
8,2026-03-01,1.40,1.40,14.1,23.5
8,2026-03-02,2.80,2.80,9.3,23.6
8,2026-03-03,0.00,0.00,17.5,24.5
8,2026-03-04,1.50,1.50,21.7,24.2
8,2026-03-05,0.30,0.30,12.2,23.6
8,2026-03-06,2.60,2.60,15.8,23.5
8,2026-03-07,0.10,0.10,22.0,24.6
8,2026-03-08,0.30,0.30,19.8,24.3
8,2026-03-09,0.30,0.30,17.0,24.0
8,2026-03-10,12.00,12.00,20.4,23.7
8,2026-03-11,47.30,47.30,22.7,22.5
8,2026-03-12,50.10,50.10,19.8,21.8
8,2026-03-13,112.80,112.80,32.7,21.9
8,2026-03-14,48.70,48.70,27.6,22.9
8,2026-03-15,3.90,3.90,23.9,23.6
8,2026-03-16,0.90,0.90,11.9,23.2
8,2026-03-17,8.30,8.30,4.9,22.1
8,2026-03-18,0.10,0.10,10.6,22.5
8,2026-03-19,12.90,12.90,18.4,22.6
8,2026-03-20,50.20,50.20,22.0,22.6
8,2026-03-21,24.30,24.30,16.4,23.2
8,2026-03-22,16.80,16.80,12.8,22.9
8,2026-03-23,1.30,1.30,13.4,22.4
8,2026-03-24,0.00,0.00,17.9,22.0
8,2026-03-25,0.00,0.00,15.9,22.1
8,2026-03-26,0.00,0.00,15.6,21.9
8,2026-03-27,2.20,2.20,16.5,21.0
8,2026-03-28,0.00,0.00,20.0,20.6
8,2026-03-29,0.00,0.00,18.0,20.6
8,2026-03-30,0.00,0.00,20.5,21.0
8,2026-03-31,0.00,0.00,19.2,21.6
8,2026-04-01,0.00,0.00,19.8,21.5
8,2026-04-02,0.40,0.40,14.7,21.6
8,2026-04-03,0.00,0.00,14.7,21.6
8,2026-04-04,0.00,0.00,13.0,21.6
8,2026-04-05,0.70,0.70,16.1,21.7
8,2026-04-06,1.70,1.70,13.0,22.6
8,2026-04-07,11.60,11.60,11.0,21.7
8,2026-04-08,4.40,4.40,17.1,22.4
8,2026-04-09,15.90,15.90,22.8,22.9
8,2026-04-10,45.20,45.20,31.2,22.4
8,2026-04-11,0.00,0.00,11.1,23.8
8,2026-04-12,23.20,23.20,8.8,22.7
8,2026-04-13,5.90,5.90,14.1,22.8
8,2026-04-14,2.60,2.60,11.5,23.9
8,2026-04-15,0.90,0.90,10.4,24.2
8,2026-04-16,2.00,2.00,15.0,23.9
8,2026-04-17,0.30,0.30,8.7,24.2
8,2026-04-18,1.60,1.60,21.7,24.2
8,2026-04-19,0.00,0.00,11.5,23.7
8,2026-04-20,0.20,0.20,11.0,24.7
8,2026-04-21,0.80,0.80,12.4,24.3
8,2026-04-22,0.40,0.40,12.8,23.6
8,2026-04-23,3.10,3.10,12.5,23.8
8,2026-04-24,0.00,0.00,14.1,24.2
8,2026-04-25,1.30,1.30,15.1,23.9
8,2026-04-26,0.50,0.50,14.3,24.3
8,2026-04-27,3.70,3.70,8.5,23.5
8,2026-04-28,1.70,1.70,11.5,24.5
8,2026-04-29,0.50,0.50,15.9,24.4
8,2026-04-30,0.00,0.00,17.7,24.2
8,2026-05-01,0.00,0.00,21.6,24.2
8,2026-05-02,0.10,0.10,13.2,24.4
8,2026-05-03,0.30,0.30,11.2,24.1
8,2026-05-04,1.10,1.10,18.6,24.2
8,2026-05-05,1.60,1.60,14.7,24.2
8,2026-05-06,0.20,0.20,13.1,24.3
8,2026-05-07,1.90,1.90,6.7,24.2
8,2026-05-08,3.80,3.80,13.6,23.7
8,2026-05-09,4.80,4.80,8.7,23.6
8,2026-05-10,0.00,0.00,17.6,25.3
8,2026-05-11,0.00,0.00,19.4,24.7
8,2026-05-12,0.00,0.00,18.0,24.9
8,2026-05-13,0.40,0.40,18.6,25.2
8,2026-05-14,7.00,7.00,11.8,24.5
8,2026-05-15,19.00,19.00,19.0,23.1
8,2026-05-16,2.30,2.30,16.7,25.1
8,2026-05-17,6.50,6.50,8.9,24.6
8,2026-05-18,2.80,2.80,15.3,25.3
8,2026-05-19,4.10,4.10,13.4,25.4
8,2026-05-20,0.20,0.20,22.9,25.4
8,2026-05-21,0.10,0.10,25.0,24.9
8,2026-05-22,0.30,0.30,22.9,24.6
8,2026-05-23,1.00,1.00,24.1,24.1
8,2026-05-24,0.00,0.00,21.4,24.5
8,2026-05-25,0.00,0.00,19.7,24.9
8,2026-05-26,0.30,0.30,20.5,24.9
8,2026-05-27,0.30,0.30,18.6,24.8
8,2026-05-28,0.20,0.20,15.6,25.4
8,2026-05-29,0.00,0.00,16.2,25.2
8,2026-05-30,7.40,7.40,11.2,23.8
8,2026-05-31,9.60,9.60,6.8,23.9
8,2026-06-01,2.70,2.70,12.8,25.0
8,2026-06-02,3.50,3.50,21.4,25.8
8,2026-06-03,0.00,0.00,16.9,26.3
8,2026-06-04,3.20,3.20,17.8,25.4
8,2026-06-05,0.10,0.10,18.9,25.8
8,2026-06-06,0.00,0.00,18.7,25.4
8,2026-06-07,0.60,0.60,20.7,25.5
8,2026-06-08,0.60,0.60,18.6,25.9
8,2026-06-09,6.60,6.60,15.7,25.5
8,2026-06-10,14.30,14.30,11.5,24.4
8,2026-06-11,5.90,5.90,11.0,24.7
8,2026-06-12,0.00,0.00,14.5,24.6
8,2026-06-13,0.00,0.00,14.0,24.5
8,2026-06-14,19.60,19.60,9.8,23.1
8,2026-06-15,0.90,0.90,10.8,25.0
8,2026-06-16,1.20,1.20,14.5,24.9
8,2026-06-17,0.70,0.70,19.9,25.1
8,2026-06-18,2.30,2.30,12.9,26.3
8,2026-06-19,3.10,3.10,14.7,26.1
8,2026-06-20,1.30,1.30,17.5,26.0
8,2026-06-21,5.10,5.10,11.6,26.1
8,2026-06-22,10.90,10.90,12.3,25.0
8,2026-06-23,10.10,10.10,11.0,25.3
8,2026-06-24,0.00,0.00,18.2,26.3
8,2026-06-25,0.00,0.00,20.1,26.2
8,2026-06-26,0.30,0.30,17.9,26.6
8,2026-06-27,0.20,0.20,20.7,26.4
8,2026-06-28,0.20,0.20,14.6,26.2
8,2026-06-29,2.50,2.50,18.7,26.7
8,2026-06-30,0.60,0.60,11.4,26.8
8,2026-07-01,0.30,0.30,16.8,27.3
8,2026-07-02,0.00,0.00,10.0,26.8
8,2026-07-03,0.10,0.10,14.0,26.9
8,2026-07-04,0.00,0.00,16.6,26.6
8,2026-07-05,0.10,0.10,19.5,26.5
8,2026-07-06,0.40,0.40,19.8,26.1
8,2026-07-07,0.10,0.10,21.9,26.1
8,2026-07-08,0.00,0.00,22.0,26.7
8,2026-07-09,2.10,2.10,16.9,27.0
8,2026-07-10,0.90,0.90,17.7,27.1
8,2026-07-11,0.00,0.00,20.1,27.4
8,2026-07-12,0.70,0.70,19.1,27.0
8,2026-07-13,0.00,0.00,14.5,26.9
8,2026-07-14,8.20,8.20,6.2,24.6
8,2026-07-15,5.40,5.40,9.1,24.7
8,2026-07-16,1.10,1.10,13.9,26.2
8,2026-07-17,2.70,2.70,13.7,27.1
8,2026-07-18,0.00,0.00,19.3,27.2
8,2026-07-19,0.00,0.00,16.8,26.8
8,2026-07-20,2.80,2.80,13.8,26.4
8,2026-07-21,9.80,9.80,10.1,26.1
8,2026-07-22,1.10,1.10,18.0,26.6
8,2026-07-23,0.10,0.10,21.8,26.5
8,2026-07-24,0.10,0.10,20.6,26.4
8,2026-07-25,0.40,0.40,19.9,26.4
8,2026-07-26,0.10,0.10,19.0,25.8
8,2026-07-27,0.00,0.00,12.4,26.5
8,2026-07-28,0.70,0.70,14.3,27.7
8,2026-07-29,0.20,0.20,13.8,27.4
8,2026-07-30,4.40,4.40,16.5,27.4
8,2026-07-31,0.10,0.10,22.2,27.7
8,2026-08-01,0.00,0.00,24.4,27.0
8,2026-08-02,0.40,0.40,19.2,26.5
8,2026-08-03,4.00,4.00,15.2,26.1
8,2026-08-04,10.00,10.00,14.9,25.3
8,2026-08-05,1.50,1.50,16.4,26.2
8,2026-08-06,5.20,5.20,10.0,26.2
8,2026-08-07,3.60,3.60,17.2,26.2
8,2026-08-08,0.00,0.00,16.1,27.3
8,2026-08-09,0.50,0.50,9.4,27.5
8,2026-08-10,6.60,6.60,11.4,26.9
8,2026-08-11,1.40,1.40,18.5,26.4
8,2026-08-12,0.00,0.00,14.7,26.8
8,2026-08-13,0.00,0.00,19.3,27.1
8,2026-08-14,0.00,0.00,19.9,27.1
8,2026-08-15,4.00,4.00,28.2,26.9
8,2026-08-16,44.80,44.80,38.6,25.3
8,2026-08-17,5.60,5.60,14.7,26.8
8,2026-08-18,0.00,0.00,13.0,26.6
8,2026-08-19,0.00,0.00,16.0,25.9
8,2026-08-20,0.80,0.80,15.9,26.3
8,2026-08-21,1.90,1.90,12.9,27.2
8,2026-08-22,0.00,0.00,20.1,28.0
8,2026-08-23,1.40,1.40,18.5,28.0
8,2026-08-24,1.90,1.90,20.6,28.2
8,2026-08-25,0.00,0.00,18.5,27.7
8,2026-08-26,0.00,0.00,20.1,27.0
8,2026-08-27,0.00,0.00,19.0,26.9
8,2026-08-28,0.00,0.00,18.2,26.9
8,2026-08-29,0.00,0.00,21.1,27.1
8,2026-08-30,0.10,0.10,18.6,27.2
8,2026-08-31,0.00,0.00,20.4,27.2
8,2026-09-01,0.00,0.00,17.5,27.5
8,2026-09-02,0.30,0.30,22.2,27.2
8,2026-09-03,0.60,0.60,20.5,26.8
8,2026-09-04,0.10,0.10,18.9,26.7
8,2026-09-05,0.50,0.50,13.8,26.9
8,2026-09-06,6.00,6.00,17.3,26.6
8,2026-09-07,24.00,24.00,40.5,26.0
8,2026-09-08,8.50,8.50,36.3,26.8
8,2026-09-09,2.20,2.20,12.1,27.0
8,2026-09-10,9.70,9.70,14.1,26.3
8,2026-09-11,0.10,0.10,12.5,26.3
8,2026-09-12,1.00,1.00,22.1,25.3
8,2026-09-13,0.40,0.40,18.6,25.4
8,2026-09-14,2.40,2.40,14.6,25.1
